PlayerName,Teams,Span,Matches,Innings,NotOuts,Runs,HighestScore,BattingAverage,BallsFaced,StrikeRate,Hundreds,Fifties,Ducks,Fours,Sixes,BowlInnings,Overs,Maidens,RunsConceded,Wickets,BestBowlingInnings,BowlingAverage,Economy,BowlingStrikeRate,FourWickets,FiveWickets
A Ashish Reddy,"Deccan Chargers, Sunrisers Hyderabad",2012-2016,31,23,8,280,36*,18.66,193,145.07,0,0,0,17,14,20,43.4,0,396,18,3/25,22,9.06,14.5,0,0
A Badoni,Lucknow Super Giants,2022-2026,60,50,10,1038,74,25.95,752,138.03,0,7,3,82,40,7,5.5,0,49,4,2/4,12.25,8.4,8.7,0,0
A Chandila,Rajasthan Royals,2012-2013,12,2,2,4,4*,-,7,57.14,0,0,0,0,0,12,39.0,0,242,11,4/13,22,6.2,21.2,1,0
A Chopra,Kolkata Knight Riders,2008-2009,7,6,0,53,24,8.83,71,74.64,0,0,0,7,0,-,-,-,-,-,-,-,-,-,-,-
A Choudhary,Royal Challengers Bangalore,2017-2017,5,3,2,25,15*,25,20,125,0,0,0,1,1,5,16.5,2,144,5,2/17,28.8,8.55,20.2,0,0
A Dananjaya,Mumbai Indians,2018-2018,1,1,1,4,4*,-,5,80,0,0,0,0,0,1,4.0,0,47,0,-,-,11.75,-,0,0
A Flintoff,Chennai Super Kings,2009-2009,3,3,1,62,24,31,53,116.98,0,0,0,5,2,3,11.0,0,105,2,1/11,52.5,9.54,33,0,0
A Kamboj,"Chennai Super Kings, Mumbai Indians",2024-2026,15,8,5,42,19*,14,36,116.66,0,0,1,4,1,15,46.1,0,443,18,3/13,24.61,9.59,15.3,0,0
A Kumble,Royal Challengers Bangalore,2008-2010,42,17,14,35,8,11.66,47,74.46,0,0,0,3,0,42,160.5,1,1058,45,5/5,23.51,6.57,21.4,2,1
A Madhwal,"Mumbai Indians, Rajasthan Royals",2023-2025,17,2,2,8,4*,-,14,57.14,0,0,0,0,0,17,58.4,0,590,23,5/5,25.65,10.05,15.3,1,1
A Manohar,"Gujarat Titans, Sunrisers Hyderabad",2022-2025,27,20,1,292,43,15.36,235,124.25,0,0,2,23,14,-,-,-,-,-,-,-,-,-,-,-
A Mhatre,Chennai Super Kings,2025-2026,11,11,0,373,94,33.9,210,177.61,0,3,2,40,20,-,-,-,-,-,-,-,-,-,-,-
A Mishra,"Deccan Chargers, Delhi Capitals, Delhi Daredevils, Lucknow Super Giants, Sunrisers Hyderabad",2008-2024,162,57,25,381,31,11.9,419,90.93,0,0,10,31,5,162,561.5,6,4145,174,5/17,23.82,7.37,19.3,4,1
A Mithun,Royal Challengers Bangalore,2009-2013,16,8,3,34,11,6.8,26,130.76,0,0,1,4,1,16,48.0,0,472,7,2/37,67.42,9.83,41.1,0,0
A Mukund,"Chennai Super Kings, Royal Challengers Bangalore",2008-2013,3,2,0,19,19,9.5,22,86.36,0,0,1,1,0,-,-,-,-,-,-,-,-,-,-,-
A Nehra,"Chennai Super Kings, Delhi Daredevils, Mumbai Indians, Pune Warriors, Sunrisers Hyderabad",2008-2017,88,22,15,41,22*,5.85,62,66.12,0,0,5,3,1,88,318.0,2,2495,106,4/10,23.53,7.84,18,1,0
A Nel,Mumbai Indians,2008-2008,1,1,0,0,0,0,0,-,0,0,1,0,0,1,3.0,0,31,1,1/31,31,10.33,18,0,0
A Nortje,"Delhi Capitals, Kolkata Knight Riders, Lucknow Super Giants",2020-2026,49,18,11,49,23*,7,50,98,0,0,3,6,0,49,186.4,1,1696,61,3/33,27.8,9.08,18.3,0,0
A Raghuvanshi,Kolkata Knight Riders,2024-2026,26,22,3,618,54,32.52,418,147.84,0,4,0,63,22,-,-,-,-,-,-,-,-,-,-,-
A Singh,Rajasthan Royals,2009-2012,23,5,1,2,1*,0.5,10,20,0,0,3,0,0,23,78.5,1,620,28,4/19,22.14,7.86,16.8,1,0
A Symonds,"Deccan Chargers, Mumbai Indians",2008-2011,39,36,9,974,117*,36.07,750,129.86,1,5,0,74,41,30,87.5,0,674,20,3/21,33.7,7.67,26.3,0,0
A Taide,"Punjab Kings, Sunrisers Hyderabad",2023-2025,10,10,0,260,66,26,177,146.89,0,2,1,30,8,1,0.1,0,4,0,-,-,24,-,0,0
A Tomar,Kolkata Knight Riders,2022-2022,1,1,0,4,4,4,8,50,0,0,0,1,0,-,-,-,-,-,-,-,-,-,-,-
A Uniyal,Rajasthan Royals,2010-2010,2,2,1,4,4*,4,7,57.14,0,0,1,0,0,2,6.0,0,66,2,2/41,33,11,18,0,0
A Zampa,"Rajasthan Royals, Rising Pune Supergiant, Rising Pune Supergiants, Royal Challengers Bangalore, Sunrisers Hyderabad",2016-2025,22,5,0,15,7,3,24,62.5,0,0,1,1,0,22,77.5,0,652,31,6/19,21.03,8.37,15,0,1
AA Bilakhia,Deccan Chargers,2009-2010,7,7,2,69,22,13.8,85,81.17,0,0,0,5,0,-,-,-,-,-,-,-,-,-,-,-
AA Chavan,Rajasthan Royals,2011-2013,13,3,1,12,7*,6,11,109.09,0,0,0,2,0,13,41.2,0,326,8,2/23,40.75,7.88,31,0,0
AA Jhunjhunwala,"Deccan Chargers, Pune Warriors, Rajasthan Royals",2010-2012,21,16,3,217,53*,16.69,210,103.33,0,1,1,19,5,10,14.1,0,129,1,1/13,129,9.1,85,0,0
AA Kazi,Royal Challengers Bangalore,2011-2011,1,-,-,-,-,-,-,-,-,-,-,-,-,1,2.0,0,21,0,-,-,10.5,-,0,0
AA Kulkarni,Lucknow Super Giants,2024-2024,2,2,0,9,9,4.5,8,112.5,0,0,1,2,0,-,-,-,-,-,-,-,-,-,-,-
AA Noffke,Royal Challengers Bangalore,2008-2008,1,1,0,9,9,9,10,90,0,0,0,1,0,1,4.0,0,40,1,1/40,40,10,24,0,0
AB Agarkar,"Delhi Daredevils, Kolkata Knight Riders",2008-2013,42,22,12,179,39,17.9,154,116.23,0,0,1,13,5,42,130.2,0,1151,29,3/25,39.68,8.83,26.9,0,0
AB Barath,Kings XI Punjab,2010-2010,3,3,1,42,33,21,42,100,0,0,0,5,1,-,-,-,-,-,-,-,-,-,-,-
AB Dinda,"Delhi Daredevils, Kolkata Knight Riders, Pune Warriors, Rising Pune Supergiant, Rising Pune Supergiants, Royal Challengers Bangalore",2008-2017,78,17,7,26,7,2.6,48,54.16,0,0,6,2,0,75,252.4,3,2073,69,4/18,30.04,8.2,21.9,1,0
AB McDonald,"Delhi Daredevils, Royal Challengers Bangalore",2009-2013,11,9,4,123,33*,24.6,100,123,0,0,1,9,4,10,31.0,0,261,11,2/25,23.72,8.41,16.9,0,0
AB de Villiers,"Delhi Daredevils, Royal Challengers Bangalore",2008-2021,184,170,40,5162,133*,39.7,3403,151.68,3,40,10,413,251,-,-,-,-,-,-,-,-,-,-,-
AC Blizzard,Mumbai Indians,2011-2012,7,7,0,120,51,17.14,90,133.33,0,1,1,21,2,-,-,-,-,-,-,-,-,-,-,-
AC Gilchrist,"Deccan Chargers, Kings XI Punjab",2008-2013,80,80,4,2069,109*,27.22,1495,138.39,2,11,7,239,92,1,0.1,0,0,1,1/0,0,0,1,0,0
AC Thomas,Pune Warriors,2011-2012,15,4,2,20,12,10,19,105.26,0,0,0,1,1,15,52.3,2,406,14,3/22,29,7.73,22.5,0,0
AC Voges,Rajasthan Royals,2010-2010,9,7,3,181,45*,45.25,143,126.57,0,0,0,15,3,7,9.0,0,76,0,-,-,8.44,-,0,0
AD Hales,Sunrisers Hyderabad,2018-2018,6,6,0,148,45,24.66,118,125.42,0,0,0,13,6,-,-,-,-,-,-,-,-,-,-,-
AD Mascarenhas,"Kings XI Punjab, Rajasthan Royals",2008-2013,13,11,2,79,27,8.77,78,101.28,0,0,2,5,1,13,51.2,1,356,19,5/25,18.73,6.93,16.2,0,1
AD Mathews,"Delhi Daredevils, Kolkata Knight Riders, Pune Warriors",2009-2017,49,42,11,724,65*,23.35,575,125.91,0,1,3,44,29,44,131.5,0,1079,27,4/19,39.96,8.18,29.2,1,0
AD Nath,"Gujarat Lions, Kings XI Punjab, Royal Challengers Bangalore",2016-2019,14,10,0,90,24,9,98,91.83,0,0,1,7,2,-,-,-,-,-,-,-,-,-,-,-
AD Russell,"Delhi Daredevils, Kolkata Knight Riders",2012-2025,140,115,21,2651,88*,28.2,1522,174.17,0,12,6,186,223,121,301.0,0,2863,123,5/15,23.27,9.51,14.6,2,1
AF Milne,"Chennai Super Kings, Mumbai Indians, Royal Challengers Bangalore",2016-2022,10,6,2,23,15,5.75,29,79.31,0,0,1,0,1,10,34.3,0,327,7,2/21,46.71,9.47,29.5,0,0
AG Murtaza,"Mumbai Indians, Pune Warriors",2010-2013,12,3,2,10,5,10,14,71.42,0,0,0,1,0,12,44.0,0,313,9,3/15,34.77,7.11,29.3,0,0
AG Paunikar,Rajasthan Royals,2010-2011,5,5,0,49,20,9.8,58,84.48,0,0,1,9,0,-,-,-,-,-,-,-,-,-,-,-
AJ Finch,"Delhi Daredevils, Gujarat Lions, Kings XI Punjab, Kolkata Knight Riders, Mumbai Indians, Pune Warriors, Rajasthan Royals, Royal Challengers Bangalore, Sunrisers Hyderabad",2010-2022,92,90,7,2091,88*,25.19,1631,128.2,0,15,8,214,78,5,7.1,0,67,1,1/11,67,9.34,43,0,0
AJ Hosein,"Chennai Super Kings, Sunrisers Hyderabad",2023-2026,2,1,1,16,16*,-,10,160,0,0,0,1,1,2,6.0,0,60,1,1/40,60,10,36,0,0
AJ Turner,"Lucknow Super Giants, Rajasthan Royals",2019-2024,6,6,1,24,16,4.8,28,85.71,0,0,3,0,2,-,-,-,-,-,-,-,-,-,-,-
AJ Tye,"Gujarat Lions, Kings XI Punjab, Lucknow Super Giants, Rajasthan Royals",2017-2022,30,13,4,91,25,10.11,76,119.73,0,0,2,6,5,30,114.0,0,979,42,5/17,23.3,8.58,16.2,3,1
AK Markram,"Lucknow Super Giants, Punjab Kings, Sunrisers Hyderabad",2021-2026,61,59,9,1548,68*,30.96,1137,136.14,0,10,2,125,62,21,33.5,0,302,6,2/30,50.33,8.92,33.8,0,0
AL Menaria,Rajasthan Royals,2011-2013,29,23,2,401,40,19.09,356,112.64,0,0,1,24,18,12,18.2,0,144,3,2/20,48,7.85,36.6,0,0
AM Ghazanfar,Mumbai Indians,2026-2026,2,-,-,-,-,-,-,-,-,-,-,-,-,2,6.0,0,72,2,2/21,36,12,18,0,0
AM Nayar,"Kings XI Punjab, Mumbai Indians, Pune Warriors, Rajasthan Royals",2008-2014,60,50,12,672,45*,17.68,577,116.46,0,0,3,55,20,19,38.1,0,322,9,3/13,35.77,8.43,25.4,0,0
AM Rahane,"Chennai Super Kings, Delhi Capitals, Kolkata Knight Riders, Mumbai Indians, Rajasthan Royals, Rising Pune Supergiant, Rising Pune Supergiants",2008-2026,202,187,19,5156,105*,30.69,4105,125.6,2,34,13,522,130,1,1.0,0,5,1,1/5,5,5,6,0,0
AM Salvi,Delhi Daredevils,2009-2011,7,-,-,-,-,-,-,-,-,-,-,-,-,7,25.0,0,200,7,2/19,28.57,8,21.4,0,0
AN Ahmed,"Mumbai Indians, Royal Challengers Bangalore",2010-2015,17,6,5,36,18*,36,26,138.46,0,0,0,4,1,17,57.2,1,498,12,2/13,41.5,8.68,28.6,0,0
AN Ghosh,Kolkata Knight Riders,2009-2009,2,2,0,7,7,3.5,8,87.5,0,0,1,1,0,-,-,-,-,-,-,-,-,-,-,-
AP Dole,Rajasthan Royals,2010-2010,3,2,0,34,30,17,22,154.54,0,0,0,3,1,3,11.0,0,112,5,2/36,22.4,10.18,13.2,0,0
AP Majumdar,Pune Warriors,2012-2012,4,4,0,87,31,21.75,76,114.47,0,0,0,7,2,-,-,-,-,-,-,-,-,-,-,-
AP Tare,"Delhi Daredevils, Mumbai Indians, Sunrisers Hyderabad",2010-2017,35,28,4,339,59,14.12,273,124.17,0,1,5,40,11,-,-,-,-,-,-,-,-,-,-,-
AR Bawne,Delhi Daredevils,2017-2017,1,1,1,12,12*,-,12,100,0,0,0,1,0,-,-,-,-,-,-,-,-,-,-,-
AR Patel,"Delhi Capitals, Kings XI Punjab",2014-2026,166,127,37,1919,66,21.32,1436,133.63,0,3,8,130,94,163,564.3,2,4156,131,4/21,31.72,7.36,25.8,1,0
AR Sharma,"Delhi Capitals, Punjab Kings",2024-2026,25,19,4,412,66*,27.46,250,164.8,0,2,0,25,30,-,-,-,-,-,-,-,-,-,-,-
AS Joseph,"Gujarat Titans, Mumbai Indians, Royal Challengers Bengaluru",2019-2024,22,7,6,27,15*,27,32,84.37,0,0,1,3,0,22,72.2,1,691,21,6/12,32.9,9.55,20.6,0,1
AS Rajpoot,"Chennai Super Kings, Kings XI Punjab, Kolkata Knight Riders, Rajasthan Royals",2013-2020,29,7,2,26,8,5.2,41,63.41,0,0,0,2,1,29,88.1,1,814,24,5/14,33.91,9.23,22,0,1
AS Raut,Rajasthan Royals,2009-2011,22,16,7,194,36*,21.55,167,116.16,0,0,1,13,7,5,5.0,0,44,0,-,-,8.8,-,0,0
AS Roy,"Kolkata Knight Riders, Mumbai Indians",2019-2026,16,8,3,26,13*,5.2,27,96.29,0,0,4,3,0,13,33.5,0,281,9,2/19,31.22,8.3,22.5,0,0
AS Tendulkar,Mumbai Indians,2023-2024,5,1,0,13,13,13,9,144.44,0,0,0,0,1,5,12.1,0,114,3,1/9,38,9.36,24.3,0,0
AS Yadav,Deccan Chargers,2008-2008,8,6,1,49,16,9.8,39,125.64,0,0,1,5,2,-,-,-,-,-,-,-,-,-,-,-
AT Carey,Delhi Capitals,2020-2020,3,3,1,32,14*,16,29,110.34,0,0,0,0,1,-,-,-,-,-,-,-,-,-,-,-
AT Rayudu,"Chennai Super Kings, Mumbai Indians",2010-2023,204,187,33,4348,100*,28.23,3409,127.54,1,22,14,359,173,-,-,-,-,-,-,-,-,-,-,-
AU Rashid,"Punjab Kings, Sunrisers Hyderabad",2021-2023,3,2,0,22,18,11,16,137.5,0,0,0,2,1,3,10.0,0,91,2,2/23,45.5,9.1,30,0,0
AU Verma,Sunrisers Hyderabad,2025-2026,18,16,4,300,74,25,178,168.53,0,1,0,16,25,-,-,-,-,-,-,-,-,-,-,-
AUK Pathan,Royal Challengers Bangalore,2011-2012,8,7,2,39,14,7.8,23,169.56,0,0,2,5,2,3,6.3,0,63,0,-,-,9.69,-,0,0
Abdul Basith,Rajasthan Royals,2023-2023,1,1,1,1,1*,-,1,100,0,0,0,0,0,-,-,-,-,-,-,-,-,-,-,-
Abdul Samad,"Lucknow Super Giants, Sunrisers Hyderabad",2020-2026,67,56,14,813,45,19.35,551,147.54,0,0,3,52,51,7,9.3,0,125,2,1/9,62.5,13.15,28.5,0,0
Abdur Razzak,Royal Challengers Bangalore,2008-2008,1,1,1,0,0*,-,2,0,0,0,0,0,0,1,2.0,0,29,0,-,-,14.5,-,0,0
Abhinandan Singh,Royal Challengers Bengaluru,2026-2026,3,-,-,-,-,-,-,-,-,-,-,-,-,3,9.4,0,122,3,2/30,40.66,12.62,19.3,0,0
Abhishek Sharma,"Delhi Daredevils, Sunrisers Hyderabad",2018-2026,81,78,7,1945,141,27.39,1173,165.81,1,10,4,183,114,34,57.5,0,523,11,2/4,47.54,9.04,31.5,0,0
Abishek Porel,Delhi Capitals,2023-2025,31,29,3,661,65,25.42,441,149.88,0,3,2,65,27,-,-,-,-,-,-,-,-,-,-,-
Akash Deep,"Lucknow Super Giants, Royal Challengers Bangalore, Royal Challengers Bengaluru",2022-2025,14,5,2,25,17,8.33,14,178.57,0,0,2,2,2,14,46.2,1,548,10,3/45,54.8,11.82,27.8,0,0
Akash Singh,"Chennai Super Kings, Lucknow Super Giants, Rajasthan Royals",2021-2025,10,-,-,-,-,-,-,-,-,-,-,-,-,10,34.1,0,326,9,2/30,36.22,9.54,22.7,0,0
Aman Hakim Khan,"Delhi Capitals, Kolkata Knight Riders",2022-2023,12,10,1,115,51,12.77,104,110.57,0,1,1,8,6,1,1.0,0,13,0,-,-,13,-,0,0
Anand Rajan,"Deccan Chargers, Sunrisers Hyderabad",2011-2013,8,-,-,-,-,-,-,-,-,-,-,-,-,8,24.5,0,201,8,3/27,25.12,8.09,18.6,0,0
Anirudh Singh,Deccan Chargers,2010-2010,5,4,0,63,40,15.75,66,95.45,0,0,1,6,1,-,-,-,-,-,-,-,-,-,-,-
Ankit Sharma,"Deccan Chargers, Rajasthan Royals, Rising Pune Supergiant, Rising Pune Supergiants, Sunrisers Hyderabad",2012-2018,22,10,3,87,30,12.42,67,129.85,0,0,1,7,4,21,61.1,0,450,12,2/20,37.5,7.35,30.5,0,0
Ankit Soni,Gujarat Lions,2017-2017,7,3,1,7,7*,3.5,9,77.77,0,0,2,0,1,6,18.1,0,144,2,1/16,72,7.92,54.5,0,0
Anmolpreet Singh,"Mumbai Indians, Sunrisers Hyderabad",2021-2024,9,9,0,139,36,15.44,115,120.86,0,0,1,19,3,-,-,-,-,-,-,-,-,-,-,-
Anuj Rawat,"Rajasthan Royals, Royal Challengers Bangalore, Royal Challengers Bengaluru",2021-2024,24,21,5,318,66,19.87,267,119.1,0,1,4,26,14,-,-,-,-,-,-,-,-,-,-,-
Anureet Singh,"Kings XI Punjab, Kolkata Knight Riders, Rajasthan Royals",2009-2018,23,8,4,36,15,9,47,76.59,0,0,2,2,1,22,68.4,0,623,18,3/23,34.61,9.07,22.8,0,0
Arshad Khan,"Gujarat Titans, Lucknow Super Giants, Mumbai Indians",2023-2025,19,12,6,124,58*,20.66,88,140.9,0,1,1,6,9,19,45.2,0,521,12,3/39,43.41,11.49,22.6,0,0
Arshdeep Singh,"Kings XI Punjab, Punjab Kings",2019-2026,86,14,8,31,10*,5.16,46,67.39,0,0,3,4,0,85,299.4,2,2719,99,5/32,27.46,9.07,18.1,2,1
Ashok Sharma,Gujarat Titans,2026-2026,4,1,1,0,0*,-,1,0,0,0,0,0,0,4,14.0,0,145,4,2/32,36.25,10.35,21,0,0
Ashwani Kumar,Mumbai Indians,2025-2025,7,-,-,-,-,-,-,-,-,-,-,-,-,7,20.3,0,232,11,4/24,21.09,11.31,11.1,1,0
Auqib Nabi,Delhi Capitals,2026-2026,1,1,0,4,4,4,2,200,0,0,0,1,0,1,2.0,0,17,0,-,-,8.5,-,0,0
Avesh Khan,"Delhi Capitals, Delhi Daredevils, Lucknow Super Giants, Rajasthan Royals, Royal Challengers Bangalore",2017-2026,79,16,13,67,19*,22.33,41,163.41,0,0,1,7,4,78,279.5,1,2565,90,4/24,28.5,9.16,18.6,1,0
Azhar Mahmood,"Kings XI Punjab, Kolkata Knight Riders",2012-2015,23,21,2,388,80,20.42,303,128.05,0,2,2,39,13,23,89.3,0,700,29,3/20,24.13,7.82,18.5,0,0
Azmatullah Omarzai,"Gujarat Titans, Punjab Kings",2024-2025,16,9,1,99,21*,12.37,74,133.78,0,0,0,8,5,15,48.0,0,465,12,2/27,38.75,9.68,24,0,0
B Akhil,"Kochi Tuskers Kerala, Royal Challengers Bangalore",2008-2011,15,11,5,76,27*,12.66,55,138.18,0,0,2,5,5,13,31.2,0,242,6,2/17,40.33,7.72,31.3,0,0
B Chipli,"Deccan Chargers, Delhi Daredevils, Royal Challengers Bangalore",2008-2013,23,21,6,280,61*,18.66,251,111.55,0,1,0,28,7,1,1.0,0,20,0,-,-,20,-,0,0
B Geeves,Delhi Daredevils,2008-2008,2,-,-,-,-,-,-,-,-,-,-,-,-,2,8.0,0,91,1,1/50,91,11.37,48,0,0
B Indrajith,Kolkata Knight Riders,2022-2022,3,3,0,21,15,7,30,70,0,0,1,2,0,-,-,-,-,-,-,-,-,-,-,-
B Kumar,"Pune Warriors, Royal Challengers Bengaluru, Sunrisers Hyderabad",2011-2026,194,75,37,329,27,8.65,358,91.89,0,0,6,32,3,193,715.4,14,5521,202,5/19,27.33,7.71,21.2,2,2
B Laughlin,"Chennai Super Kings, Rajasthan Royals",2013-2018,9,4,2,5,4*,2.5,13,38.46,0,0,2,0,0,9,27.5,0,282,10,2/15,28.2,10.13,16.7,0,0
B Lee,"Kings XI Punjab, Kolkata Knight Riders",2008-2013,38,19,9,124,25,12.4,97,127.83,0,0,1,8,8,38,145.5,3,1095,25,3/15,43.8,7.5,35,0,0
B Muzarabani,Kolkata Knight Riders,2026-2026,2,-,-,-,-,-,-,-,-,-,-,-,-,2,7.0,0,75,4,4/41,18.75,10.71,10.5,1,0
B Sai Sudharsan,Gujarat Titans,2022-2026,44,44,4,1906,108*,47.65,1305,146.05,2,13,0,199,55,-,-,-,-,-,-,-,-,-,-,-
B Stanlake,"Royal Challengers Bangalore, Sunrisers Hyderabad",2017-2018,6,1,1,5,5*,-,2,250,0,0,0,1,0,6,24.0,0,200,7,2/21,28.57,8.33,20.5,0,0
B Sumanth,Deccan Chargers,2010-2010,5,4,3,35,16,35,37,94.59,0,0,0,3,0,-,-,-,-,-,-,-,-,-,-,-
BA Bhatt,Kings XI Punjab,2011-2013,17,2,1,6,6*,6,7,85.71,0,0,1,0,1,15,49.2,0,397,12,4/22,33.08,8.04,24.6,1,0
BA Stokes,"Chennai Super Kings, Rajasthan Royals, Rising Pune Supergiant",2017-2023,45,44,6,935,107*,24.6,698,133.95,2,2,3,81,32,38,114.5,2,992,28,3/15,35.42,8.63,24.6,0,0
BAW Mendis,"Kolkata Knight Riders, Pune Warriors",2008-2013,10,3,1,3,2,1.5,6,50,0,0,1,0,0,10,40.0,0,285,8,2/19,35.62,7.12,30,0,0
BB McCullum,"Chennai Super Kings, Gujarat Lions, Kochi Tuskers Kerala, Kolkata Knight Riders, Royal Challengers Bangalore",2008-2018,109,109,5,2880,158*,27.69,2186,131.74,2,13,6,293,130,-,-,-,-,-,-,-,-,-,-,-
BB Samantray,"Deccan Chargers, Sunrisers Hyderabad",2012-2013,9,8,3,125,55,25,113,110.61,0,1,1,13,2,-,-,-,-,-,-,-,-,-,-,-
BB Sran,"Kings XI Punjab, Mumbai Indians, Rajasthan Royals, Sunrisers Hyderabad",2015-2019,24,9,8,10,3*,10,14,71.42,0,0,0,0,0,24,80.3,0,757,18,3/28,42.05,9.4,26.8,0,0
BCJ Cutting,"Mumbai Indians, Rajasthan Royals, Sunrisers Hyderabad",2014-2019,21,17,6,238,39*,21.63,141,168.79,0,0,1,15,19,17,46.5,0,429,10,2/20,42.9,9.16,28.1,0,0
BE Hendricks,Kings XI Punjab,2014-2015,7,3,2,1,1*,1,3,33.33,0,0,1,0,0,7,25.0,0,235,9,3/36,26.11,9.4,16.6,0,0
BJ Haddin,Kolkata Knight Riders,2011-2011,1,1,0,18,18,18,11,163.63,0,0,0,2,1,-,-,-,-,-,-,-,-,-,-,-
BJ Hodge,"Kochi Tuskers Kerala, Kolkata Knight Riders, Rajasthan Royals",2008-2014,66,63,21,1400,73,33.33,1118,125.22,0,6,3,122,43,20,39.0,0,303,17,4/13,17.82,7.76,13.7,1,0
BJ Rohrer,Delhi Daredevils,2013-2013,8,8,2,193,64*,32.16,140,137.85,0,1,0,21,5,1,1.0,0,12,0,-,-,12,-,0,0
BKG Mendis,Gujarat Titans,2025-2025,1,1,0,20,20,20,10,200,0,0,0,1,2,-,-,-,-,-,-,-,-,-,-,-
BMAJ Mendis,Delhi Daredevils,2013-2013,3,3,0,23,12,7.66,27,85.18,0,0,1,0,0,2,5.0,0,36,1,1/16,36,7.2,30,0,0
BR Dunk,Mumbai Indians,2014-2014,3,3,0,40,20,13.33,35,114.28,0,0,0,7,0,-,-,-,-,-,-,-,-,-,-,-
BR Sharath,Gujarat Titans,2024-2024,1,1,0,2,2,2,5,40,0,0,0,0,0,-,-,-,-,-,-,-,-,-,-,-
BW Hilfenhaus,Chennai Super Kings,2012-2014,17,1,1,0,0*,-,0,-,0,0,0,0,0,17,62.0,2,479,22,3/27,21.77,7.72,16.9,0,0
Basil Thampi,"Gujarat Lions, Mumbai Indians, Sunrisers Hyderabad",2017-2022,25,8,7,32,13*,32,35,91.42,0,0,0,1,1,25,86.5,1,846,22,3/29,38.45,9.74,23.6,0,0
Bipul Sharma,"Kings XI Punjab, Sunrisers Hyderabad",2010-2017,33,17,9,187,35*,23.37,123,152.03,0,0,0,11,9,28,71.0,0,572,17,2/13,33.64,8.05,25,0,0
Brijesh Sharma,Rajasthan Royals,2026-2026,2,-,-,-,-,-,-,-,-,-,-,-,-,2,7.0,0,54,3,2/37,18,7.71,14,0,0
C Bosch,Mumbai Indians,2025-2026,4,3,1,58,27,29,36,161.11,0,0,0,5,3,3,10.1,0,94,2,1/26,47,9.24,30.5,0,0
C Ganapathy,Chennai Super Kings,2010-2010,1,1,1,0,0*,-,0,-,0,0,0,0,0,1,1.0,0,13,0,-,-,13,-,0,0
C Green,"Kolkata Knight Riders, Mumbai Indians, Royal Challengers Bengaluru",2023-2026,33,32,12,763,100*,38.15,498,153.21,1,2,0,67,34,30,75.1,0,692,17,2/12,40.7,9.2,26.5,0,0
C Madan,Mumbai Indians,2010-2010,1,1,0,15,15,15,19,78.94,0,0,0,3,0,-,-,-,-,-,-,-,-,-,-,-
C Munro,"Delhi Capitals, Delhi Daredevils, Kolkata Knight Riders",2016-2019,13,12,0,177,40,14.75,141,125.53,0,0,2,19,8,2,2.0,0,15,0,-,-,7.5,-,0,0
C Nanda,Mumbai Indians,2009-2009,3,1,0,0,0,0,1,0,0,0,1,0,0,3,8.0,0,57,2,1/4,28.5,7.12,24,0,0
C Sakariya,"Delhi Capitals, Kolkata Knight Riders, Rajasthan Royals",2021-2025,20,8,2,20,7,3.33,31,64.51,0,0,1,3,0,20,74.0,1,638,20,3/31,31.9,8.62,22.2,0,0
C de Grandhomme,"Kolkata Knight Riders, Royal Challengers Bangalore",2017-2019,25,21,5,303,40,18.93,225,134.66,0,0,3,18,18,19,36.0,0,319,6,3/4,53.16,8.86,36,0,0
CA Ingram,"Delhi Capitals, Delhi Daredevils",2011-2019,15,15,3,205,47,17.08,180,113.88,0,0,0,22,5,-,-,-,-,-,-,-,-,-,-,-
CA Lynn,"Deccan Chargers, Kolkata Knight Riders, Mumbai Indians",2012-2021,42,42,3,1329,93*,34.07,945,140.63,0,10,3,132,66,-,-,-,-,-,-,-,-,-,-,-
CA Pujara,"Kings XI Punjab, Kolkata Knight Riders, Royal Challengers Bangalore",2010-2014,30,22,3,390,51,20.52,391,99.74,0,1,1,50,4,-,-,-,-,-,-,-,-,-,-,-
CH Gayle,"Kings XI Punjab, Kolkata Knight Riders, Punjab Kings, Royal Challengers Bangalore",2009-2021,142,141,16,4965,175*,39.72,3333,148.96,6,31,8,404,357,38,92.2,0,729,18,3/21,40.5,7.89,30.7,0,0
CH Morris,"Chennai Super Kings, Delhi Capitals, Delhi Daredevils, Rajasthan Royals, Royal Challengers Bangalore",2013-2021,81,51,23,618,82*,22.07,398,155.27,0,2,9,41,35,81,286.4,1,2295,95,4/23,24.15,8,18.1,4,0
CJ Anderson,"Delhi Daredevils, Mumbai Indians, Royal Challengers Bangalore",2014-2018,30,29,7,538,95*,24.45,423,127.18,0,3,2,40,31,22,49.3,0,518,11,2/18,47.09,10.46,27,0,0
CJ Dala,Delhi Daredevils,2018-2018,1,-,-,-,-,-,-,-,-,-,-,-,-,1,3.0,0,34,0,-,-,11.33,-,0,0
CJ Ferguson,Pune Warriors,2011-2012,9,8,2,98,23,16.33,117,83.76,0,0,0,9,0,-,-,-,-,-,-,-,-,-,-,-
CJ Green,Kolkata Knight Riders,2020-2020,1,-,-,-,-,-,-,-,-,-,-,-,-,1,2.5,0,24,0,-,-,8.47,-,0,0
CJ Jordan,"Chennai Super Kings, Kings XI Punjab, Mumbai Indians, Punjab Kings, Royal Challengers Bangalore, Sunrisers Hyderabad",2016-2023,34,13,3,81,30,8.1,77,105.19,0,0,1,3,3,34,111.2,1,1070,30,4/11,35.66,9.61,22.2,1,0
CJ McKay,Mumbai Indians,2012-2012,2,1,0,8,8,8,15,53.33,0,0,0,0,0,2,7.0,0,60,1,1/36,60,8.57,42,0,0
CK Kapugedera,Chennai Super Kings,2008-2008,5,3,0,16,8,5.33,23,69.56,0,0,1,0,0,3,2.5,0,49,0,-,-,17.29,-,0,0
CK Langeveldt,"Kolkata Knight Riders, Royal Challengers Bangalore",2009-2011,7,2,0,8,8,4,9,88.88,0,0,1,0,1,7,26.0,0,187,13,3/15,14.38,7.19,12,0,0
CL White,"Deccan Chargers, Royal Challengers Bangalore, Sunrisers Hyderabad",2008-2013,47,45,9,954,78,26.5,755,126.35,0,6,4,76,36,6,7.0,0,86,1,1/14,86,12.28,42,0,0
CM Gautam,"Delhi Daredevils, Mumbai Indians",2013-2015,13,13,3,169,33,16.9,150,112.66,0,0,0,17,6,-,-,-,-,-,-,-,-,-,-,-
CPL Connolly,Punjab Kings,2026-2026,4,3,1,119,72*,59.5,78,152.56,0,1,0,12,5,-,-,-,-,-,-,-,-,-,-,-
CR Brathwaite,"Delhi Daredevils, Kolkata Knight Riders, Sunrisers Hyderabad",2016-2019,16,14,1,181,43*,13.92,111,163.06,0,0,0,10,16,16,42.2,0,379,13,3/47,29.15,8.95,19.5,0,0
CR Woakes,"Delhi Capitals, Kolkata Knight Riders, Royal Challengers Bangalore",2017-2021,21,12,6,78,18,13,77,101.29,0,0,0,7,2,21,73.2,0,658,30,3/6,21.93,8.97,14.6,0,0
CRD Fernando,Mumbai Indians,2008-2010,10,2,2,4,2*,-,3,133.33,0,0,0,0,0,10,39.0,0,294,17,4/18,17.29,7.53,13.7,1,0
CV Varun,"Kings XI Punjab, Kolkata Knight Riders",2019-2026,86,14,9,26,10*,5.2,48,54.16,0,0,2,2,0,85,320.4,1,2464,100,5/20,24.64,7.68,19.2,1,1
D Brevis,"Chennai Super Kings, Mumbai Indians",2022-2026,17,16,0,455,57,28.43,297,153.19,0,2,2,30,33,1,0.3,0,8,1,1/8,8,16,3,0,0
D Ferreira,"Delhi Capitals, Rajasthan Royals",2024-2026,6,4,0,10,7,2.5,17,58.82,0,0,0,0,0,-,-,-,-,-,-,-,-,-,-,-
D Jansen,Mumbai Indians,2023-2023,1,-,-,-,-,-,-,-,-,-,-,-,-,1,4.0,0,53,1,1/53,53,13.25,24,0,0
D Kalyankrishna,Deccan Chargers,2008-2008,3,1,0,3,3,3,8,37.5,0,0,0,0,0,3,8.0,0,87,2,1/30,43.5,10.87,24,0,0
D Padikkal,"Lucknow Super Giants, Rajasthan Royals, Royal Challengers Bangalore, Royal Challengers Bengaluru",2020-2026,78,77,3,1931,101*,26.09,1492,129.42,1,13,6,205,62,-,-,-,-,-,-,-,-,-,-,-
D Pretorius,Chennai Super Kings,2022-2023,7,5,1,44,22,11,28,157.14,0,0,1,3,3,7,25.0,0,238,6,2/30,39.66,9.52,25,0,0
D Salunkhe,Rajasthan Royals,2008-2008,6,3,1,33,26*,16.5,24,137.5,0,0,0,5,0,5,8.0,0,78,1,1/21,78,9.75,48,0,0
D Wiese,"Kolkata Knight Riders, Royal Challengers Bangalore",2015-2023,18,11,6,148,47*,29.6,101,146.53,0,0,0,12,7,15,49.2,0,440,16,4/33,27.5,8.91,18.5,1,0
D du Preez,Royal Challengers Bangalore,2009-2009,2,1,0,10,10,10,13,76.92,0,0,0,0,0,2,7.0,1,56,4,3/32,14,8,10.5,0,0
DA Miller,"Delhi Capitals, Gujarat Titans, Kings XI Punjab, Lucknow Super Giants, Rajasthan Royals",2012-2026,145,138,51,3156,101*,36.27,2272,138.9,1,13,4,228,142,-,-,-,-,-,-,-,-,-,-,-
DA Payne,Sunrisers Hyderabad,2026-2026,2,1,1,6,6*,-,5,120,0,0,0,0,0,2,5.0,0,70,2,2/35,35,14,15,0,0
DA Warner,"Delhi Capitals, Delhi Daredevils, Sunrisers Hyderabad",2009-2024,184,184,22,6565,126,40.52,4697,139.77,4,62,11,663,236,1,0.1,0,2,0,-,-,12,-,0,0
DAJ Bracewell,Delhi Daredevils,2012-2012,1,1,1,12,12*,-,9,133.33,0,0,0,1,0,1,4.0,0,32,3,3/32,10.66,8,8,0,0
DB Das,Kolkata Knight Riders,2008-2013,31,22,8,304,35*,21.71,261,116.47,0,0,1,23,16,-,-,-,-,-,-,-,-,-,-,-
DB Ravi Teja,"Deccan Chargers, Sunrisers Hyderabad",2008-2013,32,25,6,375,60,19.73,317,118.29,0,1,1,35,9,2,3.0,0,28,1,1/19,28,9.33,18,0,0
DC Jurel,Rajasthan Royals,2023-2026,46,39,12,856,81*,31.7,539,158.81,0,6,3,68,46,-,-,-,-,-,-,-,-,-,-,-
DE Bollinger,Chennai Super Kings,2010-2012,27,4,3,21,16*,21,23,91.3,0,0,0,1,1,27,96.0,3,693,37,4/13,18.72,7.21,15.5,1,0
DG Nalkande,Gujarat Titans,2022-2024,6,2,0,12,12,6,12,100,0,0,1,0,1,6,14.0,0,148,6,2/21,24.66,10.57,14,0,0
DH Yagnik,Rajasthan Royals,2011-2014,25,17,7,170,34,17,137,124.08,0,0,1,23,2,-,-,-,-,-,-,-,-,-,-,-
DJ Bravo,"Chennai Super Kings, Gujarat Lions, Mumbai Indians",2008-2022,161,113,44,1560,70*,22.6,1204,129.56,0,5,5,120,66,158,519.5,3,4360,183,4/22,23.82,8.38,17,2,0
DJ Harris,Deccan Chargers,2012-2012,4,4,0,111,47,27.75,101,109.9,0,0,0,11,5,2,3.0,0,26,0,-,-,8.66,-,0,0
DJ Hooda,"Chennai Super Kings, Kings XI Punjab, Lucknow Super Giants, Punjab Kings, Rajasthan Royals, Sunrisers Hyderabad",2015-2025,125,101,16,1496,64,17.6,1172,127.64,0,8,5,98,62,34,63.1,0,546,10,2/16,54.6,8.64,37.9,0,0
DJ Hussey,"Chennai Super Kings, Kings XI Punjab, Kolkata Knight Riders",2008-2014,64,61,12,1322,71,26.97,1075,122.97,0,5,4,90,60,26,52.5,0,474,8,2/2,59.25,8.97,39.6,0,0
DJ Jacobs,Mumbai Indians,2011-2012,7,7,0,92,32,13.14,98,93.87,0,0,1,10,4,-,-,-,-,-,-,-,-,-,-,-
DJ Malan,Punjab Kings,2021-2021,1,1,0,26,26,26,26,100,0,0,0,1,1,-,-,-,-,-,-,-,-,-,-,-
DJ Mitchell,"Chennai Super Kings, Rajasthan Royals",2022-2024,15,15,2,351,63,27,267,131.46,0,2,0,28,10,4,8.0,0,97,1,1/18,97,12.12,48,0,0
DJ Muthuswami,Delhi Daredevils,2015-2015,6,2,1,1,1,1,3,33.33,0,0,0,0,0,6,14.0,0,101,4,2/18,25.25,7.21,21,0,0
DJ Thornely,Mumbai Indians,2008-2008,6,4,2,39,30,19.5,53,73.58,0,0,0,2,2,4,7.0,0,40,3,2/7,13.33,5.71,14,0,0
DJ Willey,"Chennai Super Kings, Royal Challengers Bangalore",2018-2023,11,5,3,53,20*,26.5,62,85.48,0,0,1,7,0,11,36.0,1,272,6,2/16,45.33,7.55,36,0,0
DJG Sammy,"Royal Challengers Bangalore, Sunrisers Hyderabad",2013-2015,22,20,5,295,60,19.66,241,122.4,0,1,2,15,18,19,39.2,0,350,11,4/22,31.81,8.89,21.4,1,0
DJM Short,Rajasthan Royals,2018-2018,7,7,0,115,44,16.42,99,116.16,0,0,0,11,5,2,3.0,0,19,1,1/10,19,6.33,18,0,0
DL Chahar,"Chennai Super Kings, Mumbai Indians, Rising Pune Supergiant, Rising Pune Supergiants",2016-2026,97,18,10,123,39,15.37,89,138.2,0,0,4,6,8,97,323.1,7,2639,89,4/13,29.65,8.16,21.7,2,0
DL Vettori,"Delhi Daredevils, Royal Challengers Bangalore",2008-2012,34,17,9,121,29,15.12,113,107.07,0,0,1,11,2,34,129.3,0,879,28,3/15,31.39,6.78,27.7,0,0
DM Bravo,Kolkata Knight Riders,2017-2017,1,1,1,6,6*,-,5,120,0,0,0,1,0,-,-,-,-,-,-,-,-,-,-,-
DNT Zoysa,Deccan Chargers,2008-2008,3,2,1,11,10*,11,9,122.22,0,0,0,1,0,3,11.0,0,99,2,1/30,49.5,9,33,0,0
DP Conway,Chennai Super Kings,2022-2025,29,28,3,1080,92*,43.2,773,139.71,0,11,3,116,34,-,-,-,-,-,-,-,-,-,-,-
DP Nannes,"Chennai Super Kings, Delhi Daredevils, Royal Challengers Bangalore",2009-2013,29,3,2,4,3,4,13,30.76,0,0,0,0,0,29,107.3,1,785,28,3/27,28.03,7.3,23,0,0
DP Vijaykumar,Deccan Chargers,2008-2008,9,2,2,1,1*,-,1,100,0,0,0,0,0,9,25.2,0,199,4,1/17,49.75,7.85,38,0,0
DPMD Jayawardene,"Delhi Daredevils, Kings XI Punjab, Kochi Tuskers Kerala",2008-2013,80,78,15,1802,110*,28.6,1462,123.25,1,10,2,200,39,-,-,-,-,-,-,-,-,-,-,-
DR Martyn,Rajasthan Royals,2010-2010,1,1,0,19,19,19,24,79.16,0,0,0,1,0,-,-,-,-,-,-,-,-,-,-,-
DR Sams,"Delhi Capitals, Mumbai Indians, Royal Challengers Bangalore",2020-2022,16,13,4,44,15,4.88,44,100,0,0,3,1,3,16,60.0,0,523,14,4/30,37.35,8.71,25.7,1,0
DR Shorey,Chennai Super Kings,2018-2019,2,2,0,13,8,6.5,17,76.47,0,0,0,0,1,-,-,-,-,-,-,-,-,-,-,-
DR Smith,"Chennai Super Kings, Deccan Chargers, Gujarat Lions, Mumbai Indians",2008-2017,91,89,5,2385,87*,28.39,1764,135.2,0,17,8,245,117,46,89.5,0,810,26,4/8,31.15,9.01,20.7,1,0
DS Kulkarni,"Gujarat Lions, Mumbai Indians, Rajasthan Royals",2008-2021,92,23,14,104,28*,11.55,108,96.29,0,0,0,7,2,92,297.5,8,2474,86,4/14,28.76,8.3,20.7,1,0
DS Lehmann,Rajasthan Royals,2008-2008,2,2,0,18,17,9,18,100,0,0,0,3,0,-,-,-,-,-,-,-,-,-,-,-
DS Rathi,Lucknow Super Giants,2025-2026,16,2,1,1,1,1,3,33.33,0,0,0,0,0,16,64.0,0,531,17,2/30,31.23,8.29,22.5,0,0
DT Christian,"Deccan Chargers, Delhi Daredevils, Rising Pune Supergiant, Royal Challengers Bangalore",2011-2021,49,41,10,460,39,14.83,398,115.57,0,0,2,23,19,49,147.1,0,1192,38,2/10,31.36,8.09,23.2,0,0
DT Patil,Royal Challengers Bangalore,2008-2008,2,2,0,13,9,6.5,13,100,0,0,0,1,0,-,-,-,-,-,-,-,-,-,-,-
DW Steyn,"Deccan Chargers, Gujarat Lions, Royal Challengers Bangalore, Sunrisers Hyderabad",2008-2020,95,37,15,167,19*,7.59,160,104.37,0,0,5,14,3,95,362.4,7,2508,97,3/8,25.85,6.91,22.4,0,0
E Lewis,"Lucknow Super Giants, Mumbai Indians, Rajasthan Royals",2018-2022,27,26,2,654,65,27.25,477,137.1,0,4,2,62,36,-,-,-,-,-,-,-,-,-,-,-
E Malinga,Sunrisers Hyderabad,2025-2026,11,-,-,-,-,-,-,-,-,-,-,-,-,11,37.4,0,363,16,3/31,22.68,9.63,14.1,0,0
EJG Morgan,"Kings XI Punjab, Kolkata Knight Riders, Royal Challengers Bangalore, Sunrisers Hyderabad",2010-2021,83,75,13,1405,68*,22.66,1146,122.6,0,5,6,112,64,-,-,-,-,-,-,-,-,-,-,-
ER Dwivedi,Gujarat Lions,2016-2016,4,2,0,24,19,12,14,171.42,0,0,0,2,2,-,-,-,-,-,-,-,-,-,-,-
F Behardien,Kings XI Punjab,2016-2016,3,3,1,14,9*,7,13,107.69,0,0,1,2,0,-,-,-,-,-,-,-,-,-,-,-
F du Plessis,"Chennai Super Kings, Delhi Capitals, Rising Pune Supergiant, Rising Pune Supergiants, Royal Challengers Bangalore, Royal Challengers Bengaluru",2012-2025,154,147,11,4773,96,35.09,3515,135.78,0,39,7,439,174,1,1.0,0,16,0,-,-,16,-,0,0
FA Allen,"Mumbai Indians, Punjab Kings",2021-2022,5,4,2,14,8,7,19,73.68,0,0,0,1,0,4,15.0,1,136,2,1/22,68,9.06,45,0,0
FH Allen,Kolkata Knight Riders,2026-2026,4,4,0,80,37,20,39,205.12,0,0,0,13,4,-,-,-,-,-,-,-,-,-,-,-
FH Edwards,Deccan Chargers,2009-2009,6,2,1,4,3*,4,5,80,0,0,0,0,0,6,23.2,1,154,5,2/27,30.8,6.6,28,0,0
FY Fazal,Rajasthan Royals,2010-2011,12,11,1,183,45,18.3,173,105.78,0,0,1,22,1,2,2.0,0,20,0,-,-,10,-,0,0
Fazalhaq Farooqi,"Rajasthan Royals, Sunrisers Hyderabad",2022-2025,12,3,3,5,2*,-,15,33.33,0,0,0,0,0,12,42.2,0,437,6,2/32,72.83,10.32,42.3,0,0
G Coetzee,"Gujarat Titans, Mumbai Indians",2024-2025,14,7,1,31,12,5.16,33,93.93,0,0,1,2,2,14,45.3,0,472,15,4/34,31.46,10.37,18.2,1,0
G Gambhir,"Delhi Daredevils, Kolkata Knight Riders",2008-2018,154,152,16,4217,93,31,3404,123.88,0,36,12,492,59,-,-,-,-,-,-,-,-,-,-,-
GB Hogg,"Kolkata Knight Riders, Rajasthan Royals",2012-2016,21,6,3,22,13,7.33,22,100,0,0,0,1,0,21,76.2,1,570,23,4/29,24.78,7.46,19.9,1,0
GC Smith,"Pune Warriors, Rajasthan Royals",2008-2011,29,29,3,739,91,28.42,668,110.62,0,4,3,94,9,-,-,-,-,-,-,-,-,-,-,-
GC Viljoen,Kings XI Punjab,2019-2019,6,3,1,3,2*,1.5,7,42.85,0,0,1,0,0,6,23.0,0,222,7,2/39,31.71,9.65,19.7,0,0
GD McGrath,Delhi Daredevils,2008-2008,14,3,2,4,4*,4,5,80,0,0,1,1,0,14,54.0,2,357,12,4/29,29.75,6.61,27,1,0
GD Phillips,"Gujarat Titans, Rajasthan Royals, Sunrisers Hyderabad",2021-2026,12,11,2,107,25,11.88,85,125.88,0,0,1,5,8,4,5.0,0,40,2,1/10,20,8,15,0,0
GF Linde,Lucknow Super Giants,2026-2026,1,1,0,16,16,16,10,160,0,0,0,3,0,1,3.0,0,28,0,-,-,9.33,-,0,0
GH Vihari,"Delhi Capitals, Sunrisers Hyderabad",2013-2019,24,23,3,284,46,14.2,321,88.47,0,0,0,23,1,6,7.0,0,47,1,1/5,47,6.71,42,0,0
GHS Garton,Royal Challengers Bangalore,2021-2021,5,3,2,2,2*,2,4,50,0,0,1,0,0,5,15.0,0,135,3,1/27,45,9,30,0,0
GJ Bailey,"Chennai Super Kings, Kings XI Punjab, Rising Pune Supergiants",2009-2016,40,37,10,663,61*,24.55,544,121.87,0,2,1,59,19,-,-,-,-,-,-,-,-,-,-,-
GJ Maxwell,"Delhi Daredevils, Kings XI Punjab, Mumbai Indians, Punjab Kings, Royal Challengers Bangalore, Royal Challengers Bengaluru",2012-2025,141,135,17,2819,95,23.88,1817,155.14,0,18,19,237,161,85,170.2,1,1413,41,2/15,34.46,8.29,24.9,0,0
GR Napier,Mumbai Indians,2009-2009,1,1,0,15,15,15,16,93.75,0,0,0,1,0,1,4.0,0,27,1,1/27,27,6.75,24,0,0
GS Sandhu,Delhi Daredevils,2015-2015,3,-,-,-,-,-,-,-,-,-,-,-,-,2,8.0,0,82,1,1/33,82,10.25,48,0,0
Gagandeep Singh,Kings XI Punjab,2008-2008,4,-,-,-,-,-,-,-,-,-,-,-,-,4,14.0,0,141,3,1/33,47,10.07,28,0,0
Gulbadin Naib,Delhi Capitals,2024-2024,2,1,0,19,19,19,15,126.66,0,0,0,1,1,1,1.0,0,12,0,-,-,12,-,0,0
Gurjapneet Singh,Chennai Super Kings,2026-2026,1,-,-,-,-,-,-,-,-,-,-,-,-,1,4.0,0,39,1,1/39,39,9.75,24,0,0
Gurkeerat Singh,"Kings XI Punjab, Royal Challengers Bangalore",2012-2020,41,32,8,511,65,21.29,422,121.09,0,2,4,55,11,6,13.0,0,97,5,2/15,19.4,7.46,15.6,0,0
Gurnoor Brar,Punjab Kings,2023-2023,1,-,-,-,-,-,-,-,-,-,-,-,-,1,3.0,0,42,0,-,-,14,-,0,0
H Das,Deccan Chargers,2008-2008,1,1,0,2,2,2,5,40,0,0,0,0,0,-,-,-,-,-,-,-,-,-,-,-
H Klaasen,"Rajasthan Royals, Royal Challengers Bangalore, Sunrisers Hyderabad",2018-2026,53,49,8,1664,105*,40.58,1003,165.9,2,9,1,110,94,-,-,-,-,-,-,-,-,-,-,-
H Sharma,"Royal Challengers Bangalore, Royal Challengers Bengaluru",2023-2024,2,-,-,-,-,-,-,-,-,-,-,-,-,2,5.0,0,57,0,-,-,11.4,-,0,0
HC Brook,Sunrisers Hyderabad,2023-2023,11,11,2,190,100*,21.11,154,123.37,1,0,3,23,4,-,-,-,-,-,-,-,-,-,-,-
HE van der Dussen,Rajasthan Royals,2022-2022,3,3,1,22,12*,11,24,91.66,0,0,0,2,0,-,-,-,-,-,-,-,-,-,-,-
HF Gurney,Kolkata Knight Riders,2019-2019,8,1,1,1,1*,-,5,20,0,0,0,0,0,8,27.0,0,238,7,2/25,34,8.81,23.1,0,0
HH Gibbs,"Deccan Chargers, Mumbai Indians",2008-2012,36,36,4,886,69*,27.68,807,109.78,0,6,4,83,31,-,-,-,-,-,-,-,-,-,-,-
HH Pandya,"Gujarat Titans, Mumbai Indians",2015-2026,155,142,44,2776,91,28.32,1888,147.03,0,10,6,212,148,110,280.2,0,2587,80,5/36,32.33,9.22,21,0,1
HM Amla,Kings XI Punjab,2016-2017,16,16,3,577,104*,44.38,407,141.76,2,3,2,60,21,-,-,-,-,-,-,-,-,-,-,-
HR Shokeen,Mumbai Indians,2022-2023,13,6,3,66,25,22,65,101.53,0,0,0,9,0,13,34.0,0,314,5,2/34,62.8,9.23,40.8,0,0
HS Dubey,Sunrisers Hyderabad,2025-2026,7,4,2,13,9*,6.5,9,144.44,0,0,1,2,0,7,23.0,0,206,10,3/34,20.6,8.95,13.8,0,0
HV Patel,"Delhi Capitals, Delhi Daredevils, Punjab Kings, Royal Challengers Bangalore, Sunrisers Hyderabad",2012-2026,122,48,17,274,36*,8.83,233,117.59,0,0,10,17,15,119,411.4,2,3673,151,5/27,24.32,8.92,16.3,4,1
Harbhajan Singh,"Chennai Super Kings, Kolkata Knight Riders, Mumbai Indians",2008-2021,163,90,37,833,64,15.71,604,137.91,0,1,13,79,42,160,569.2,6,4030,150,5/18,26.86,7.07,22.7,1,1
Harmeet Singh,"Deccan Chargers, Kings XI Punjab",2009-2013,27,6,2,18,14,4.5,12,150,0,0,2,3,0,27,87.3,0,697,26,3/24,26.8,7.96,20.1,0,0
Harmeet Singh,"Deccan Chargers, Kings XI Punjab",2009-2013,27,6,2,18,14,4.5,12,150,0,0,2,3,0,1,4.0,0,34,1,1/34,34,8.5,24,0,0
Harmeet Singh,Rajasthan Royals,2013-2013,1,-,-,-,-,-,-,-,-,-,-,-,-,27,87.3,0,697,26,3/24,26.8,7.96,20.1,0,0
Harmeet Singh,Rajasthan Royals,2013-2013,1,-,-,-,-,-,-,-,-,-,-,-,-,1,4.0,0,34,1,1/34,34,8.5,24,0,0
Harpreet Brar,"Kings XI Punjab, Punjab Kings",2019-2025,49,26,14,244,29,20.33,203,120.19,0,0,1,19,10,46,135.1,1,1085,35,4/30,31,8.02,23.1,1,0
Harpreet Singh,"Kolkata Knight Riders, Pune Warriors, Punjab Kings",2010-2024,9,8,1,123,41,17.57,119,103.36,0,0,0,10,3,-,-,-,-,-,-,-,-,-,-,-
Harshit Rana,Kolkata Knight Riders,2022-2025,34,10,4,59,34,9.83,56,105.35,0,0,1,5,3,32,108.1,1,1029,40,3/24,25.72,9.51,16.2,0,0
Himmat Singh,Lucknow Super Giants,2025-2025,3,-,-,-,-,-,-,-,-,-,-,-,-,-,-,-,-,-,-,-,-,-,-,-
I Malhotra,Deccan Chargers,2011-2011,1,1,1,7,7*,-,4,175,0,0,0,1,0,1,1.0,0,23,0,-,-,23,-,0,0
I Sharma,"Deccan Chargers, Delhi Capitals, Gujarat Titans, Kings XI Punjab, Kolkata Knight Riders, Rising Pune Supergiants, Sunrisers Hyderabad",2008-2025,117,28,22,57,10*,9.5,69,82.6,0,0,1,4,2,117,403.1,6,3377,96,5/12,35.17,8.37,25.1,0,1
I Udana,Royal Challengers Bangalore,2020-2020,10,4,1,15,10*,5,11,136.36,0,0,1,1,1,10,29.0,0,282,8,2/41,35.25,9.72,21.7,0,0
IC Pandey,"Chennai Super Kings, Pune Warriors",2013-2015,25,1,0,0,0,0,2,0,0,0,1,0,0,24,77.0,4,591,18,2/23,32.83,7.67,25.6,0,0
IC Porel,Punjab Kings,2021-2021,1,-,-,-,-,-,-,-,-,-,-,-,-,1,4.0,0,39,1,1/39,39,9.75,24,0,0
IK Pathan,"Delhi Daredevils, Gujarat Lions, Kings XI Punjab, Rising Pune Supergiants, Sunrisers Hyderabad",2008-2017,103,82,29,1139,60,21.49,946,120.4,0,1,3,87,37,101,340.3,10,2649,80,3/24,33.11,7.77,25.5,0,0
IR Jaggi,"Deccan Chargers, Kolkata Knight Riders",2011-2017,7,7,2,76,28,15.2,97,78.35,0,0,0,6,0,-,-,-,-,-,-,-,-,-,-,-
IS Sodhi,Rajasthan Royals,2018-2019,8,2,0,7,6,3.5,17,41.17,0,0,0,0,0,8,30.1,1,202,9,3/26,22.44,6.69,20.1,0,0
Imran Tahir,"Chennai Super Kings, Delhi Daredevils, Rising Pune Supergiant",2014-2021,59,9,5,33,13*,8.25,37,89.18,0,0,0,5,0,59,219.2,1,1703,82,4/12,20.76,7.76,16,3,0
Iqbal Abdulla,"Kolkata Knight Riders, Rajasthan Royals, Royal Challengers Bangalore",2008-2017,49,13,11,88,33*,44,84,104.76,0,0,1,9,1,48,153.2,1,1109,40,3/24,27.72,7.23,23,0,0
Ishan Kishan,"Gujarat Lions, Mumbai Indians, Sunrisers Hyderabad",2016-2026,123,116,9,3120,106*,29.15,2246,138.91,1,18,9,302,140,1,0.1,0,4,0,-,-,24,-,0,0
J Arunkumar,Royal Challengers Bangalore,2008-2008,3,3,0,23,22,7.66,23,100,0,0,1,5,0,-,-,-,-,-,-,-,-,-,-,-
J Botha,"Delhi Daredevils, Kolkata Knight Riders, Rajasthan Royals",2009-2015,34,28,8,409,67*,20.45,359,113.92,0,1,0,39,5,34,115.4,0,800,25,3/6,32,6.91,27.7,0,0
J Fraser-McGurk,Delhi Capitals,2024-2025,15,15,0,385,84,25.66,193,199.48,0,4,3,39,30,-,-,-,-,-,-,-,-,-,-,-
J Overton,Chennai Super Kings,2025-2026,6,4,3,95,43*,95,59,161.01,0,0,0,7,5,6,14.0,0,157,5,4/18,31.4,11.21,16.8,1,0
J Suchith,"Delhi Capitals, Mumbai Indians, Sunrisers Hyderabad",2015-2022,22,10,6,70,34*,17.5,61,114.75,0,0,1,6,3,21,70.0,0,602,19,2/12,31.68,8.6,22.1,0,0
J Syed Mohammad,Royal Challengers Bangalore,2011-2013,11,5,3,29,13*,14.5,26,111.53,0,0,0,4,0,11,32.0,0,283,8,2/15,35.37,8.84,24,0,0
J Theron,"Deccan Chargers, Kings XI Punjab, Rajasthan Royals",2010-2015,10,4,2,10,7*,5,12,83.33,0,0,1,1,0,10,36.0,0,293,9,2/17,32.55,8.13,24,0,0
J Yadav,"Delhi Daredevils, Gujarat Titans, Mumbai Indians",2015-2023,20,5,1,40,23,10,36,111.11,0,0,0,2,1,20,65.0,0,445,8,1/8,55.62,6.84,48.7,0,0
JA Duffy,Royal Challengers Bengaluru,2026-2026,3,-,-,-,-,-,-,-,-,-,-,-,-,2,8.0,0,80,5,3/22,16,10,9.6,0,0
JA Morkel,"Chennai Super Kings, Delhi Daredevils, Rising Pune Supergiants, Royal Challengers Bangalore",2008-2016,91,68,28,974,73*,24.35,686,141.98,0,3,3,61,55,87,287.1,3,2355,85,4/32,27.7,8.2,20.2,1,0
JA Richardson,"Delhi Capitals, Punjab Kings",2021-2024,4,3,0,17,15,5.66,26,65.38,0,0,1,2,0,4,15.0,0,157,3,2/41,52.33,10.46,30,0,0
JB Little,Gujarat Titans,2023-2024,11,-,-,-,-,-,-,-,-,-,-,-,-,11,38.0,0,339,11,4/45,30.81,8.92,20.7,1,0
JC Archer,"Mumbai Indians, Rajasthan Royals",2018-2026,56,33,14,263,30,13.84,180,146.11,0,0,5,14,18,56,216.0,3,1709,64,3/15,26.7,7.91,20.2,0,0
JC Buttler,"Gujarat Titans, Mumbai Indians, Rajasthan Royals",2016-2026,125,123,16,4296,124,40.14,2869,149.73,7,26,8,429,192,-,-,-,-,-,-,-,-,-,-,-
JD Ryder,"Pune Warriors, Royal Challengers Bangalore",2009-2012,29,29,1,604,86,21.57,458,131.87,0,4,4,69,19,16,39.2,1,303,8,2/14,37.87,7.7,29.5,0,0
JD Unadkat,"Delhi Daredevils, Kolkata Knight Riders, Lucknow Super Giants, Mumbai Indians, Rajasthan Royals, Rising Pune Supergiant, Royal Challengers Bangalore, Sunrisers Hyderabad",2010-2026,116,33,17,201,26,12.56,169,118.93,0,0,2,16,7,115,391.5,3,3504,114,5/25,30.73,8.94,20.6,0,2
JDP Oram,"Chennai Super Kings, Mumbai Indians, Rajasthan Royals",2008-2013,18,12,4,106,41*,13.25,108,98.14,0,0,1,6,5,14,39.3,0,349,9,3/32,38.77,8.83,26.3,0,0
JDS Neesham,"Delhi Daredevils, Kings XI Punjab, Mumbai Indians, Rajasthan Royals",2014-2022,14,10,1,92,22,10.22,93,98.92,0,0,2,6,2,13,36.0,0,334,8,3/12,41.75,9.27,27,0,0
JE Root,Rajasthan Royals,2023-2023,3,1,0,10,10,10,15,66.66,0,0,0,1,0,1,2.0,0,14,0,-,-,7,-,0,0
JE Taylor,Pune Warriors,2011-2011,5,2,1,3,2,3,3,100,0,0,0,0,0,5,19.3,0,157,6,3/30,26.16,8.05,19.5,0,0
JEC Franklin,Mumbai Indians,2011-2012,20,16,5,327,79,29.72,301,108.63,0,1,0,25,8,15,25.1,0,220,9,2/18,24.44,8.74,16.7,0,0
JG Bethell,Royal Challengers Bengaluru,2025-2025,2,2,0,67,55,33.5,39,171.79,0,1,0,9,3,-,-,-,-,-,-,-,-,-,-,-
JH Kallis,"Kolkata Knight Riders, Royal Challengers Bangalore",2008-2014,98,96,11,2427,89*,28.55,2222,109.22,0,17,9,255,44,89,290.2,3,2293,65,3/13,35.27,7.89,26.8,0,0
JJ Bumrah,Mumbai Indians,2013-2026,149,32,25,73,16*,10.42,81,90.12,0,0,5,6,1,149,571.1,8,4154,183,5/10,22.69,7.27,18.7,3,2
JJ Roy,"Delhi Daredevils, Gujarat Lions, Kolkata Knight Riders, Sunrisers Hyderabad",2017-2023,21,21,2,614,91*,32.31,443,138.6,0,4,0,75,21,-,-,-,-,-,-,-,-,-,-,-
JJ van der Wath,Royal Challengers Bangalore,2011-2011,3,3,1,18,14*,9,16,112.5,0,0,1,1,1,3,12.0,0,129,3,2/49,43,10.75,24,0,0
JL Denly,Kolkata Knight Riders,2019-2019,1,1,0,0,0,0,1,0,0,0,1,0,0,-,-,-,-,-,-,-,-,-,-,-
JL Pattinson,Mumbai Indians,2020-2020,10,2,1,15,11,15,13,115.38,0,0,0,2,0,10,35.3,0,320,11,2/19,29.09,9.01,19.3,0,0
JM Bairstow,"Mumbai Indians, Punjab Kings, Sunrisers Hyderabad",2019-2025,52,52,4,1674,114,34.87,1146,146.07,2,9,3,173,74,-,-,-,-,-,-,-,-,-,-,-
JM Kemp,Chennai Super Kings,2010-2010,5,2,0,26,22,13,24,108.33,0,0,0,1,1,5,7.2,0,54,3,3/12,18,7.36,14.6,0,0
JM Sharma,"Punjab Kings, Royal Challengers Bengaluru",2022-2026,59,50,8,1006,85*,23.95,649,155,0,1,3,78,62,-,-,-,-,-,-,-,-,-,-,-
JO Holder,"Chennai Super Kings, Kolkata Knight Riders, Lucknow Super Giants, Rajasthan Royals, Sunrisers Hyderabad",2013-2023,46,27,6,259,47*,12.33,211,122.74,0,0,2,13,18,46,165.5,0,1461,53,4/52,27.56,8.81,18.7,1,0
JP Behrendorff,Mumbai Indians,2019-2023,17,2,2,6,3*,-,9,66.66,0,0,0,0,0,17,61.0,0,552,19,3/23,29.05,9.04,19.2,0,0
JP Duminy,"Deccan Chargers, Delhi Daredevils, Mumbai Indians",2009-2018,83,77,26,2029,78*,39.78,1636,124.02,0,14,1,126,79,49,113.0,0,834,23,4/17,36.26,7.38,29.4,1,0
JP Faulkner,"Gujarat Lions, Kings XI Punjab, Pune Warriors, Rajasthan Royals",2011-2017,60,45,20,527,46,21.08,389,135.47,0,0,0,36,23,60,204.3,4,1778,59,5/16,30.13,8.69,20.7,0,2
JP Inglis,Punjab Kings,2025-2025,11,11,2,278,73,30.88,171,162.57,0,1,0,26,16,-,-,-,-,-,-,-,-,-,-,-
JPR Scantlebury-Searles,Kolkata Knight Riders,2018-2018,4,2,1,8,6*,8,6,133.33,0,0,0,0,1,3,7.0,0,89,2,1/24,44.5,12.71,21,0,0
JR Hazlewood,"Chennai Super Kings, Royal Challengers Bangalore, Royal Challengers Bengaluru",2020-2026,40,7,7,19,7*,-,29,65.51,0,0,0,1,0,40,148.3,1,1240,59,4/25,21.01,8.35,15.1,2,0
JR Hopes,"Delhi Daredevils, Kings XI Punjab",2008-2011,21,19,3,417,71,26.06,306,136.27,0,4,1,49,11,20,60.0,0,548,14,2/2,39.14,9.13,25.7,0,0
JR Philippe,Royal Challengers Bangalore,2020-2020,5,5,1,78,33,19.5,77,101.29,0,0,1,9,1,-,-,-,-,-,-,-,-,-,-,-
JW Hastings,"Chennai Super Kings, Kolkata Knight Riders",2014-2016,3,-,-,-,-,-,-,-,-,-,-,-,-,3,9.4,1,66,3,2/6,22,6.82,19.3,0,0
Jalaj S Saxena,Punjab Kings,2021-2021,1,-,-,-,-,-,-,-,-,-,-,-,-,1,3.0,0,27,0,-,-,9,-,0,0
Jaskaran Singh,Deccan Chargers,2009-2010,8,5,4,8,4*,8,11,72.72,0,0,0,0,0,7,17.0,0,171,6,2/18,28.5,10.05,17,0,0
Joginder Sharma,Chennai Super Kings,2008-2011,16,6,2,36,16*,9,30,120,0,0,2,1,2,15,42.4,0,419,12,2/27,34.91,9.82,21.3,0,0
K Goel,Kings XI Punjab,2008-2010,22,17,2,218,38,14.53,231,94.37,0,0,2,17,9,6,11.0,0,93,0,-,-,8.45,-,0,0
K Gowtham,"Kings XI Punjab, Lucknow Super Giants, Rajasthan Royals",2018-2024,36,27,9,247,33*,13.72,148,166.89,0,0,2,15,17,35,98.0,1,808,21,2/12,38.47,8.24,28,0,0
K Kartikeya,"Mumbai Indians, Rajasthan Royals",2022-2025,16,4,0,12,6,3,17,70.58,0,0,0,1,0,16,47.0,0,407,12,2/22,33.91,8.65,23.5,0,0
K Khejroliya,"Gujarat Titans, Kolkata Knight Riders, Royal Challengers Bangalore",2018-2025,8,-,-,-,-,-,-,-,-,-,-,-,-,8,23.1,0,246,6,2/33,41,10.61,23.1,0,0
K Kushagra,"Delhi Capitals, Gujarat Titans",2024-2026,5,4,0,21,18,5.25,21,100,0,0,1,3,0,-,-,-,-,-,-,-,-,-,-,-
K Nitish Kumar Reddy,Sunrisers Hyderabad,2023-2026,32,26,6,581,76*,29.05,429,135.43,0,3,1,38,31,16,30.1,0,324,7,2/17,46.28,10.74,25.8,0,0
K Rabada,"Delhi Capitals, Delhi Daredevils, Gujarat Titans, Punjab Kings",2017-2026,88,34,16,238,44,13.22,217,109.67,0,0,4,17,11,88,332.0,2,2894,123,4/21,23.52,8.71,16.1,6,0
K Santokie,Mumbai Indians,2014-2014,2,-,-,-,-,-,-,-,-,-,-,-,-,2,8.0,0,90,3,2/50,30,11.25,16,0,0
K Upadhyay,Pune Warriors,2012-2013,3,2,2,12,11*,-,9,133.33,0,0,0,0,1,3,9.0,0,81,0,-,-,9,-,0,0
K Yadav,Rajasthan Royals,2021-2023,3,1,1,0,0*,-,4,0,0,0,0,0,0,3,9.0,0,84,2,1/18,42,9.33,27,0,0
KA Jamieson,"Punjab Kings, Royal Challengers Bangalore",2021-2025,13,9,5,65,16*,16.25,60,108.33,0,0,0,5,3,13,43.0,1,416,14,3/41,29.71,9.67,18.4,0,0
KA Maharaj,Rajasthan Royals,2024-2024,2,1,0,1,1,1,2,50,0,0,0,0,0,2,6.0,0,39,2,2/23,19.5,6.5,18,0,0
KA Pollard,Mumbai Indians,2010-2022,189,171,52,3412,87*,28.67,2316,147.32,0,16,5,218,223,107,248.0,0,2180,69,4/44,31.59,8.79,21.5,1,0
KAJ Roach,Deccan Chargers,2010-2010,2,1,0,10,10,10,9,111.11,0,0,0,1,0,2,8.0,0,80,0,-,-,10,-,0,0
KB Arun Karthik,"Chennai Super Kings, Royal Challengers Bangalore",2010-2013,17,8,3,51,19*,10.2,51,100,0,0,1,4,1,-,-,-,-,-,-,-,-,-,-,-
KC Cariappa,"Kings XI Punjab, Kolkata Knight Riders",2015-2019,11,5,2,24,12*,8,21,114.28,0,0,0,0,2,11,36.0,0,348,8,2/16,43.5,9.66,27,0,0
KC Sangakkara,"Deccan Chargers, Kings XI Punjab, Sunrisers Hyderabad",2008-2013,71,68,3,1687,94,25.95,1392,121.19,0,10,4,195,27,-,-,-,-,-,-,-,-,-,-,-
KD Karthik,"Delhi Daredevils, Gujarat Lions, Kings XI Punjab, Kolkata Knight Riders, Mumbai Indians, Royal Challengers Bangalore, Royal Challengers Bengaluru",2008-2024,257,234,50,4842,97*,26.31,3577,135.36,0,22,18,466,161,-,-,-,-,-,-,-,-,-,-,-
KH Devdhar,Deccan Chargers,2011-2011,1,-,-,-,-,-,-,-,-,-,-,-,-,-,-,-,-,-,-,-,-,-,-,-
KH Pandya,"Lucknow Super Giants, Mumbai Indians, Royal Challengers Bengaluru",2016-2026,146,119,39,1757,86,21.96,1332,131.9,0,2,7,153,65,135,408.4,1,3077,97,4/45,31.72,7.52,25.2,1,0
KJ Abbott,Kings XI Punjab,2016-2016,5,3,2,13,12*,13,8,162.5,0,0,1,0,1,5,16.0,0,177,2,1/38,88.5,11.06,48,0,0
KK Ahmed,"Chennai Super Kings, Delhi Capitals, Sunrisers Hyderabad",2018-2026,75,7,2,2,1*,0.4,9,22.22,0,0,4,0,0,75,272.2,4,2450,90,3/21,27.22,8.99,18.1,0,0
KK Cooper,Rajasthan Royals,2012-2014,25,14,5,116,32,12.88,68,170.58,0,0,1,9,8,25,96.0,1,757,33,4/26,22.93,7.88,17.4,1,0
KK Nair,"Delhi Capitals, Delhi Daredevils, Kings XI Punjab, Rajasthan Royals, Royal Challengers Bangalore",2013-2025,84,76,5,1694,89,23.85,1286,131.72,0,11,5,185,49,-,-,-,-,-,-,-,-,-,-,-
KL Nagarkoti,"Delhi Capitals, Kolkata Knight Riders",2020-2022,12,7,3,22,8*,5.5,33,66.66,0,0,2,1,0,11,30.0,0,285,5,2/13,57,9.5,36,0,0
KL Rahul,"Delhi Capitals, Kings XI Punjab, Lucknow Super Giants, Punjab Kings, Royal Challengers Bangalore, Sunrisers Hyderabad",2013-2026,149,140,23,5333,132*,45.58,3905,136.56,5,41,5,465,213,-,-,-,-,-,-,-,-,-,-,-
KM Asif,"Chennai Super Kings, Rajasthan Royals",2018-2023,7,1,0,0,0,0,2,0,0,0,1,0,0,7,22.1,0,231,7,2/42,33,10.42,19,0,0
KM Jadhav,"Chennai Super Kings, Delhi Daredevils, Kochi Tuskers Kerala, Royal Challengers Bangalore, Sunrisers Hyderabad",2010-2023,95,81,27,1208,69,22.37,981,123.13,0,4,6,102,40,-,-,-,-,-,-,-,-,-,-,-
KMA Paul,Delhi Capitals,2019-2019,8,6,1,18,7,3.6,24,75,0,0,2,1,1,8,27.1,0,237,9,3/17,26.33,8.72,18.1,0,0
KMDN Kulasekara,Chennai Super Kings,2011-2012,6,1,1,5,5*,-,3,166.66,0,0,0,1,0,5,17.0,0,120,5,2/10,24,7.05,20.4,0,0
KP Appanna,Royal Challengers Bangalore,2009-2012,14,3,2,2,1*,2,4,50,0,0,0,0,0,13,36.0,0,286,9,4/19,31.77,7.94,24,1,0
KP Pietersen,"Delhi Daredevils, Rising Pune Supergiants, Royal Challengers Bangalore",2009-2016,36,36,9,1001,103*,37.07,743,134.72,1,4,3,91,40,13,29.0,0,215,7,2/31,30.71,7.41,24.8,0,0
KR Mayers,Lucknow Super Giants,2023-2023,13,13,0,379,73,29.15,263,144.1,0,4,2,38,22,6,7.0,0,59,0,-,-,8.42,-,0,0
KR Sen,Rajasthan Royals,2022-2024,12,1,1,0,0*,-,3,0,0,0,0,0,0,12,40.1,0,387,14,4/20,27.64,9.63,17.2,1,0
KS Bharat,"Delhi Capitals, Royal Challengers Bangalore",2021-2022,10,9,2,199,78*,28.42,163,122.08,0,1,1,12,8,-,-,-,-,-,-,-,-,-,-,-
KS Rathore,Rajasthan Royals,2025-2025,1,1,0,0,0,0,5,0,0,0,1,0,0,-,-,-,-,-,-,-,-,-,-,-
KS Sharma,Lucknow Super Giants,2022-2023,3,3,0,16,9,5.33,25,64,0,0,0,1,0,-,-,-,-,-,-,-,-,-,-,-
KS Williamson,"Gujarat Titans, Sunrisers Hyderabad",2015-2024,79,77,17,2128,89,35.46,1694,125.61,0,18,2,185,64,2,3.0,0,31,0,-,-,10.33,-,0,0
KT Maphaka,"Mumbai Indians, Rajasthan Royals",2024-2025,4,1,1,8,8*,-,2,400,0,0,0,2,0,4,11.0,0,143,2,1/23,71.5,13,33,0,0
KV Sharma,"Chennai Super Kings, Mumbai Indians, Royal Challengers Bangalore, Royal Challengers Bengaluru, Sunrisers Hyderabad",2009-2025,90,41,15,352,39*,13.53,295,119.32,0,0,1,20,17,87,264.1,1,2215,83,4/16,26.68,8.38,19,2,0
KW Richardson,"Pune Warriors, Rajasthan Royals, Royal Challengers Bangalore",2013-2021,15,4,1,36,26,12,39,92.3,0,0,0,2,1,15,55.5,0,472,19,3/13,24.84,8.45,17.6,0,0
Kamran Akmal,Rajasthan Royals,2008-2008,6,6,1,128,53*,25.6,78,164.1,0,1,0,13,8,-,-,-,-,-,-,-,-,-,-,-
Kamran Khan,"Pune Warriors, Rajasthan Royals",2009-2011,9,2,1,3,3,3,5,60,0,0,0,0,0,9,26.4,0,224,9,3/18,24.88,8.4,17.7,0,0
Karanveer Singh,Kings XI Punjab,2014-2015,9,4,3,12,5*,12,17,70.58,0,0,0,1,0,9,34.0,0,321,12,4/54,26.75,9.44,17,1,0
Karim Janat,Gujarat Titans,2025-2025,1,-,-,-,-,-,-,-,-,-,-,-,-,1,1.0,0,30,0,-,-,30,-,0,0
Kartik Sharma,Chennai Super Kings,2026-2026,3,3,0,25,18,8.33,21,119.04,0,0,0,0,2,-,-,-,-,-,-,-,-,-,-,-
Kartik Tyagi,"Gujarat Titans, Kolkata Knight Riders, Rajasthan Royals, Sunrisers Hyderabad",2020-2026,24,8,3,18,7,3.6,21,85.71,0,0,1,2,0,23,81.2,0,835,18,2/29,46.38,10.26,27.1,0,0
Kuldeep Yadav,"Delhi Capitals, Kolkata Knight Riders",2016-2026,102,40,23,206,35*,12.11,240,85.83,0,0,5,18,3,99,355.0,1,2877,105,4/14,27.4,8.1,20.2,4,0
L Ablish,Kings XI Punjab,2010-2011,3,1,1,0,0*,-,2,0,0,0,0,0,0,3,7.0,0,75,3,2/17,25,10.71,14,0,0
L Balaji,"Chennai Super Kings, Kings XI Punjab, Kolkata Knight Riders",2008-2014,73,15,7,36,15,4.5,49,73.46,0,0,5,2,1,73,252.1,2,2028,76,5/24,26.68,8.04,19.9,3,1
L Ngidi,"Chennai Super Kings, Delhi Capitals, Royal Challengers Bengaluru",2018-2026,20,2,1,3,3,3,7,42.85,0,0,0,0,0,20,77.4,2,655,34,4/10,19.26,8.43,13.7,1,0
L Ronchi,Mumbai Indians,2008-2009,5,5,0,34,13,6.8,34,100,0,0,1,6,1,-,-,-,-,-,-,-,-,-,-,-
L Wood,Mumbai Indians,2024-2024,2,1,1,9,9*,-,3,300,0,0,0,0,1,2,6.0,0,93,1,1/68,93,15.5,36,0,0
LA Carseldine,Rajasthan Royals,2009-2009,5,5,1,81,39,20.25,68,119.11,0,0,0,11,0,1,1.0,0,6,1,1/6,6,6,6,0,0
LA Pomersbach,"Kings XI Punjab, Royal Challengers Bangalore",2008-2013,17,16,5,302,79*,27.45,246,122.76,0,1,0,25,13,-,-,-,-,-,-,-,-,-,-,-
LB Williams,Delhi Capitals,2024-2024,2,1,1,1,1*,-,2,50,0,0,0,0,0,2,6.0,0,72,1,1/38,72,12,36,0,0
LE Plunkett,Delhi Daredevils,2018-2018,7,2,1,1,1*,1,3,33.33,0,0,1,0,0,7,25.0,0,225,4,3/17,56.25,9,37.5,0,0
LG Pretorius,Rajasthan Royals,2025-2025,1,-,-,-,-,-,-,-,-,-,-,-,-,-,-,-,-,-,-,-,-,-,-,-
LH Ferguson,"Gujarat Titans, Kolkata Knight Riders, Punjab Kings, Rising Pune Supergiant, Royal Challengers Bengaluru",2017-2025,49,11,8,72,24*,24,47,153.19,0,0,1,7,2,49,170.3,1,1530,51,4/28,30,8.97,20,1,0
LI Meriwala,Delhi Capitals,2021-2021,1,-,-,-,-,-,-,-,-,-,-,-,-,1,3.0,0,32,1,1/32,32,10.66,18,0,0
LJ Wright,Pune Warriors,2012-2013,7,6,1,106,44,21.2,60,176.66,0,0,0,16,3,6,11.5,0,124,2,1/12,62,10.47,35.5,0,0
LMP Simmons,Mumbai Indians,2014-2017,29,29,2,1079,100*,39.96,852,126.64,1,11,2,109,44,1,3.0,0,34,1,1/34,34,11.33,18,0,0
LPC Silva,Deccan Chargers,2008-2008,3,3,1,40,23*,20,26,153.84,0,0,1,5,1,1,1.0,0,21,0,-,-,21,-,0,0
LR Shukla,"Delhi Daredevils, Kolkata Knight Riders",2008-2014,47,34,7,405,48*,15,350,115.71,0,0,3,33,15,27,52.2,0,447,15,3/6,29.8,8.54,20.9,0,0
LRPL Taylor,"Delhi Daredevils, Pune Warriors, Rajasthan Royals, Royal Challengers Bangalore",2008-2014,55,54,14,1017,81*,25.42,822,123.72,0,3,3,66,46,2,2.0,0,24,0,-,-,12,-,0,0
LS Livingstone,"Punjab Kings, Rajasthan Royals, Royal Challengers Bengaluru, Sunrisers Hyderabad",2019-2026,50,48,7,1065,94,25.97,682,156.15,0,7,3,70,76,27,52.0,0,469,13,3/27,36.07,9.01,24,0,0
Lalit Yadav,Delhi Capitals,2021-2024,27,21,5,305,48*,19.06,290,105.17,0,0,1,27,7,19,48.0,0,425,10,2/11,42.5,8.85,28.8,0,0
Litton Das,Kolkata Knight Riders,2023-2023,1,1,0,4,4,4,4,100,0,0,0,1,0,-,-,-,-,-,-,-,-,-,-,-
M Ashwin,"Kings XI Punjab, Mumbai Indians, Punjab Kings, Rajasthan Royals, Rising Pune Supergiants, Royal Challengers Bangalore",2016-2023,44,13,4,35,9,3.88,50,70,0,0,2,2,1,44,145.0,0,1162,35,3/21,33.2,8.01,24.8,0,0
M Jansen,"Mumbai Indians, Punjab Kings, Sunrisers Hyderabad",2021-2026,39,22,10,150,34*,12.5,139,107.91,0,0,3,8,7,38,134.1,1,1252,38,3/17,32.94,9.33,21.1,0,0
M Kaif,"Kings XI Punjab, Rajasthan Royals, Royal Challengers Bangalore",2008-2012,29,22,4,259,34*,14.38,250,103.6,0,0,0,22,6,-,-,-,-,-,-,-,-,-,-,-
M Kartik,"Kings XI Punjab, Kolkata Knight Riders, Pune Warriors, Royal Challengers Bangalore",2008-2014,56,16,9,113,21,16.14,108,104.62,0,0,1,7,1,55,191.4,1,1388,31,3/17,44.77,7.24,37,0,0
M Klinger,Kochi Tuskers Kerala,2011-2011,4,4,0,73,29,18.25,77,94.8,0,0,0,9,0,-,-,-,-,-,-,-,-,-,-,-
M Manhas,"Chennai Super Kings, Delhi Daredevils, Pune Warriors",2008-2014,55,38,15,514,42*,22.34,470,109.36,0,0,6,43,10,3,7.0,0,42,0,-,-,6,-,0,0
M Markande,"Mumbai Indians, Rajasthan Royals, Sunrisers Hyderabad",2018-2026,40,11,8,48,18*,16,42,114.28,0,0,0,5,1,40,125.0,0,1145,37,4/15,30.94,9.16,20.2,2,0
M Morkel,"Delhi Daredevils, Kolkata Knight Riders, Rajasthan Royals",2009-2016,70,23,12,126,23*,11.45,90,140,0,0,5,11,4,70,271.3,3,2089,77,4/20,27.12,7.69,21.1,1,0
M Muralidaran,"Chennai Super Kings, Kochi Tuskers Kerala, Royal Challengers Bangalore",2008-2014,66,9,3,20,6,3.33,30,66.66,0,0,2,1,0,66,254.0,1,1696,63,3/11,26.92,6.67,24.1,0,0
M Ntini,Chennai Super Kings,2008-2008,9,2,1,11,11,11,18,61.11,0,0,0,2,0,9,35.0,2,242,7,4/21,34.57,6.91,30,1,0
M Pathirana,Chennai Super Kings,2022-2025,32,-,-,-,-,-,-,-,-,-,-,-,-,32,117.0,0,1016,47,4/28,21.61,8.68,14.9,1,0
M Prasidh Krishna,"Gujarat Titans, Kolkata Knight Riders, Rajasthan Royals",2018-2026,70,10,7,9,4*,3,24,37.5,0,0,2,0,0,70,265.5,3,2343,84,4/28,27.89,8.81,18.9,3,0
M Rawat,"Pune Warriors, Rajasthan Royals",2008-2013,18,12,7,55,23*,11,69,79.71,0,0,1,4,1,-,-,-,-,-,-,-,-,-,-,-
M Shahrukh Khan,"Gujarat Titans, Punjab Kings",2021-2026,59,51,15,747,58,20.75,501,149.1,0,2,3,47,51,3,3.0,0,28,1,1/13,28,9.33,18,0,0
M Siddharth,Lucknow Super Giants,2024-2026,7,-,-,-,-,-,-,-,-,-,-,-,-,7,24.0,0,201,5,2/39,40.2,8.37,28.8,0,0
M Theekshana,"Chennai Super Kings, Rajasthan Royals",2022-2025,38,6,3,17,7*,5.66,34,50,0,0,1,0,1,38,146.0,1,1207,36,4/33,33.52,8.26,24.3,1,0
M Tiwari,Delhi Capitals,2025-2025,1,1,0,3,3,3,4,75,0,0,0,0,0,-,-,-,-,-,-,-,-,-,-,-
M Vijay,"Chennai Super Kings, Delhi Daredevils, Kings XI Punjab",2009-2020,106,106,5,2619,127,25.93,2149,121.87,2,13,5,247,91,4,6.0,0,49,0,-,-,8.16,-,0,0
M Vohra,"Kings XI Punjab, Lucknow Super Giants, Rajasthan Royals, Royal Challengers Bangalore",2013-2023,56,51,2,1083,95,22.1,829,130.63,0,3,3,104,43,-,-,-,-,-,-,-,-,-,-,-
M de Lange,"Kolkata Knight Riders, Mumbai Indians",2012-2015,5,1,0,1,1,1,2,50,0,0,0,0,0,5,18.0,1,169,5,3/34,33.8,9.38,21.6,0,0
MA Agarwal,"Delhi Daredevils, Kings XI Punjab, Punjab Kings, Rising Pune Supergiant, Royal Challengers Bangalore, Royal Challengers Bengaluru, Sunrisers Hyderabad",2011-2025,131,125,5,2756,106,22.96,2064,133.52,1,13,7,273,100,-,-,-,-,-,-,-,-,-,-,-
MA Khote,Mumbai Indians,2008-2008,4,3,1,24,9,12,22,109.09,0,0,0,2,1,2,5.0,0,51,2,2/29,25.5,10.2,15,0,0
MA Starc,"Delhi Capitals, Kolkata Knight Riders, Royal Challengers Bangalore",2014-2025,52,23,12,111,29,10.09,119,93.27,0,0,3,11,0,49,174.3,1,1503,65,5/35,23.12,8.61,16.1,2,1
MA Wood,"Chennai Super Kings, Lucknow Super Giants",2018-2023,5,3,1,12,10*,6,8,150,0,0,0,1,1,5,20.0,1,179,11,5/14,16.27,8.95,10.9,0,1
MB Parmar,Kolkata Knight Riders,2010-2010,1,-,-,-,-,-,-,-,-,-,-,-,-,1,3.0,0,33,0,-,-,11,-,0,0
MC Henriques,"Delhi Daredevils, Kolkata Knight Riders, Punjab Kings, Royal Challengers Bangalore, Sunrisers Hyderabad",2009-2021,62,54,18,1000,74*,27.77,788,126.9,0,5,2,87,28,60,158.2,0,1289,42,3/12,30.69,8.14,22.6,0,0
MC Juneja,Delhi Daredevils,2013-2013,7,7,0,125,49,17.85,128,97.65,0,0,0,11,1,-,-,-,-,-,-,-,-,-,-,-
MD Choudhary,Lucknow Super Giants,2026-2026,4,4,2,88,54*,44,57,154.38,0,1,0,5,8,-,-,-,-,-,-,-,-,-,-,-
MD Mishra,"Deccan Chargers, Pune Warriors",2010-2012,18,17,1,237,41,14.81,208,113.94,0,0,1,24,8,-,-,-,-,-,-,-,-,-,-,-
MD Shanaka,Gujarat Titans,2023-2023,3,3,1,26,17,13,26,100,0,0,1,2,1,-,-,-,-,-,-,-,-,-,-,-
MDKJ Perera,Rajasthan Royals,2013-2013,2,2,0,14,14,7,13,107.69,0,0,1,3,0,-,-,-,-,-,-,-,-,-,-,-
MEK Hussey,"Chennai Super Kings, Mumbai Indians",2008-2015,59,58,7,1977,116*,38.76,1612,122.64,1,15,1,198,52,-,-,-,-,-,-,-,-,-,-,-
MF Maharoof,Delhi Daredevils,2008-2010,20,14,4,177,39,17.7,123,143.9,0,0,2,12,9,20,70.0,0,520,27,3/34,19.25,7.42,15.5,0,0
MG Bracewell,Royal Challengers Bangalore,2023-2023,5,4,2,58,26,29,47,123.4,0,0,0,6,1,5,11.0,0,95,6,2/13,15.83,8.63,11,0,0
MG Johnson,"Kings XI Punjab, Kolkata Knight Riders, Mumbai Indians",2013-2018,54,30,17,167,16*,12.84,164,101.82,0,0,2,10,7,54,205.2,2,1702,61,3/26,27.9,8.28,20.1,0,0
MG Neser,Kings XI Punjab,2013-2013,1,-,-,-,-,-,-,-,-,-,-,-,-,1,4.0,0,62,0,-,-,15.5,-,0,0
MJ Clarke,Pune Warriors,2012-2012,6,6,0,98,41,16.33,94,104.25,0,0,0,12,0,5,11.0,0,67,2,1/12,33.5,6.09,33,0,0
MJ Dagar,"Royal Challengers Bengaluru, Sunrisers Hyderabad",2023-2024,8,1,0,0,0,0,1,0,0,0,1,0,0,8,22.5,0,203,2,1/23,101.5,8.89,68.5,0,0
MJ Guptill,"Kings XI Punjab, Mumbai Indians, Sunrisers Hyderabad",2016-2019,13,13,1,270,50*,22.5,196,137.75,0,1,1,24,15,-,-,-,-,-,-,-,-,-,-,-
MJ Henry,"Chennai Super Kings, Kings XI Punjab, Lucknow Super Giants",2017-2026,9,2,0,7,5,3.5,10,70,0,0,0,1,0,9,27.0,0,311,4,2/54,77.75,11.51,40.5,0,0
MJ Lumb,"Deccan Chargers, Rajasthan Royals",2010-2011,12,12,0,278,83,23.16,194,143.29,0,1,3,45,6,-,-,-,-,-,-,-,-,-,-,-
MJ McClenaghan,Mumbai Indians,2015-2019,56,24,11,85,20,6.53,70,121.42,0,0,6,5,7,56,212.2,1,1803,71,4/21,25.39,8.49,17.9,1,0
MJ Owen,Punjab Kings,2025-2025,1,1,0,0,0,0,2,0,0,0,1,0,0,-,-,-,-,-,-,-,-,-,-,-
MJ Santner,"Chennai Super Kings, Mumbai Indians",2019-2026,33,20,12,128,22,16,117,109.4,0,0,1,8,6,33,107.3,0,800,27,3/11,29.62,7.44,23.8,0,0
MJ Suthar,Gujarat Titans,2024-2024,1,1,0,1,1,1,2,50,0,0,0,0,0,1,2.0,0,26,0,-,-,13,-,0,0
MK Lomror,"Rajasthan Royals, Royal Challengers Bangalore, Royal Challengers Bengaluru",2018-2024,40,35,6,527,54*,18.17,373,141.28,0,1,3,33,30,11,15.0,0,127,1,1/22,127,8.46,90,0,0
MK Pandey,"Delhi Capitals, Kolkata Knight Riders, Lucknow Super Giants, Mumbai Indians, Pune Warriors, Royal Challengers Bangalore, Sunrisers Hyderabad",2008-2025,174,162,28,3942,114*,29.41,3244,121.51,1,22,14,340,115,-,-,-,-,-,-,-,-,-,-,-
MK Tiwary,"Delhi Daredevils, Kings XI Punjab, Kolkata Knight Riders, Rising Pune Supergiant",2008-2018,98,85,26,1695,75*,28.72,1449,116.97,0,7,8,156,40,6,7.0,0,83,1,1/11,83,11.85,42,0,0
ML Hayden,Chennai Super Kings,2008-2010,32,32,2,1107,93,36.9,805,137.51,0,8,1,121,44,-,-,-,-,-,-,-,-,-,-,-
MM Ali,"Chennai Super Kings, Kolkata Knight Riders, Royal Challengers Bangalore",2018-2025,73,59,6,1167,93,22.01,835,139.76,0,6,6,95,67,57,142.2,1,1029,41,4/26,25.09,7.22,20.8,1,0
MM Patel,"Gujarat Lions, Mumbai Indians, Rajasthan Royals",2008-2017,63,15,9,39,23*,6.5,41,95.12,0,0,5,5,0,63,225.5,5,1698,74,5/21,22.94,7.51,18.3,2,1
MM Sharma,"Chennai Super Kings, Delhi Capitals, Gujarat Titans, Kings XI Punjab",2013-2025,120,33,15,125,21*,6.94,136,91.91,0,0,5,8,4,119,400.3,0,3513,134,5/10,26.21,8.77,17.9,3,1
MN Samuels,"Delhi Daredevils, Pune Warriors",2012-2017,15,14,1,161,46,12.38,172,93.6,0,0,1,9,7,11,35.4,0,284,9,3/39,31.55,7.96,23.7,0,0
MN van Wyk,Kolkata Knight Riders,2009-2009,5,5,2,167,74,55.66,132,126.51,0,1,1,19,1,-,-,-,-,-,-,-,-,-,-,-
MP Breetzke,Lucknow Super Giants,2025-2025,1,1,0,14,14,14,12,116.66,0,0,0,1,1,-,-,-,-,-,-,-,-,-,-,-
MP Stoinis,"Delhi Capitals, Kings XI Punjab, Lucknow Super Giants, Punjab Kings, Royal Challengers Bangalore",2016-2026,113,101,28,2035,124*,27.87,1405,144.83,1,9,10,160,106,72,149.0,0,1466,44,4/15,33.31,9.83,20.3,1,0
MP Yadav,Lucknow Super Giants,2024-2025,6,-,-,-,-,-,-,-,-,-,-,-,-,6,20.1,0,185,9,3/14,20.55,9.17,13.4,0,0
MR Marsh,"Deccan Chargers, Delhi Capitals, Lucknow Super Giants, Pune Warriors, Rising Pune Supergiants, Sunrisers Hyderabad",2010-2026,59,53,2,1367,117,26.8,959,142.54,1,9,7,110,80,34,93.2,1,795,37,4/25,21.48,8.51,15.1,2,0
MS Bhandage,Royal Challengers Bengaluru,2025-2025,1,1,0,1,1,1,4,25,0,0,0,0,0,-,-,-,-,-,-,-,-,-,-,-
MS Bisla,"Kings XI Punjab, Kolkata Knight Riders, Royal Challengers Bangalore",2010-2015,39,39,1,798,92,21,702,113.67,0,4,3,93,23,-,-,-,-,-,-,-,-,-,-,-
MS Dhoni,"Chennai Super Kings, Rising Pune Supergiant, Rising Pune Supergiants",2008-2025,278,242,100,5439,84*,38.3,3957,137.45,0,24,6,375,264,-,-,-,-,-,-,-,-,-,-,-
MS Gony,"Chennai Super Kings, Deccan Chargers, Gujarat Lions, Kings XI Punjab",2008-2017,44,17,7,99,42,9.9,71,139.43,0,0,3,6,8,44,148.0,3,1287,37,3/31,34.78,8.69,24,0,0
MS Wade,"Delhi Daredevils, Gujarat Titans",2011-2024,15,14,0,183,35,13.07,177,103.38,0,0,0,23,2,-,-,-,-,-,-,-,-,-,-,-
MV Boucher,"Kolkata Knight Riders, Royal Challengers Bangalore",2008-2011,31,24,10,394,50*,28.14,309,127.5,0,1,0,32,13,-,-,-,-,-,-,-,-,-,-,-
MW Short,"Chennai Super Kings, Punjab Kings",2023-2026,7,7,0,119,36,17,99,120.2,0,0,0,15,4,4,4.1,0,26,0,-,-,6.24,-,0,0
Mandeep Singh,"Delhi Capitals, Kings XI Punjab, Kolkata Knight Riders, Punjab Kings, Royal Challengers Bangalore",2010-2023,111,98,16,1706,77*,20.8,1388,122.91,0,6,15,176,38,2,2.0,0,26,0,-,-,13,-,0,0
Mashrafe Mortaza,Kolkata Knight Riders,2009-2009,1,1,1,2,2*,-,2,100,0,0,0,0,0,1,4.0,0,58,0,-,-,14.5,-,0,0
Misbah-ul-Haq,Royal Challengers Bangalore,2008-2008,8,8,1,117,47*,16.71,81,144.44,0,0,2,10,6,-,-,-,-,-,-,-,-,-,-,-
Mohammad Ashraful,Mumbai Indians,2009-2009,1,1,0,2,2,2,10,20,0,0,0,0,0,-,-,-,-,-,-,-,-,-,-,-
Mohammad Asif,Delhi Daredevils,2008-2008,8,2,0,3,3,1.5,6,50,0,0,1,0,0,8,32.0,0,296,8,2/19,37,9.25,24,0,0
Mohammad Hafeez,Kolkata Knight Riders,2008-2008,8,8,1,64,16,9.14,83,77.1,0,0,0,7,2,4,10.0,0,68,2,1/8,34,6.8,30,0,0
Mohammad Nabi,"Mumbai Indians, Sunrisers Hyderabad",2017-2024,24,19,3,215,31,13.43,150,143.33,0,0,1,18,11,23,69.3,0,517,15,4/11,34.46,7.43,27.8,1,0
Mohammed Shami,"Delhi Daredevils, Gujarat Titans, Kings XI Punjab, Kolkata Knight Riders, Lucknow Super Giants, Punjab Kings, Sunrisers Hyderabad",2013-2026,123,32,16,98,21,6.12,99,98.98,0,0,4,8,3,123,450.2,3,3849,137,4/11,28.09,8.54,19.7,2,0
Mohammed Siraj,"Gujarat Titans, Royal Challengers Bangalore, Royal Challengers Bengaluru, Sunrisers Hyderabad",2017-2026,112,26,16,112,14*,11.2,123,91.05,0,0,2,10,4,112,397.2,4,3483,112,4/17,31.09,8.76,21.2,3,0
Mohit Rathee,Punjab Kings,2023-2023,1,1,1,1,1*,-,2,50,0,0,0,0,0,1,2.0,0,29,0,-,-,14.5,-,0,0
Mohsin Khan,Lucknow Super Giants,2022-2026,25,6,2,25,13*,6.25,25,100,0,0,2,2,1,24,85.0,3,708,28,4/16,25.28,8.32,18.2,1,0
Monu Kumar,Chennai Super Kings,2020-2020,1,-,-,-,-,-,-,-,-,-,-,-,-,1,2.0,0,20,0,-,-,10,-,0,0
Mujeeb Ur Rahman,"Kings XI Punjab, Mumbai Indians, Sunrisers Hyderabad",2018-2025,20,7,4,12,10*,4,15,80,0,0,2,2,0,20,74.2,0,620,20,3/27,31,8.34,22.3,0,0
Mukesh Choudhary,Chennai Super Kings,2022-2025,16,2,1,6,4,6,6,100,0,0,0,1,0,16,52.3,0,522,17,4/46,30.7,9.94,18.5,1,0
Mukesh Kumar,Delhi Capitals,2023-2026,36,5,4,10,6*,10,18,55.55,0,0,0,0,0,36,120.0,1,1237,40,4/33,30.92,10.3,18,1,0
Musheer Khan,Punjab Kings,2025-2025,1,1,0,0,0,0,3,0,0,0,1,0,0,1,2.0,0,27,1,1/27,27,13.5,12,0,0
Mustafizur Rahman,"Chennai Super Kings, Delhi Capitals, Mumbai Indians, Rajasthan Royals, Sunrisers Hyderabad",2016-2025,60,10,8,13,8*,6.5,24,54.16,0,0,1,0,1,60,227.2,2,1849,65,4/29,28.44,8.13,20.9,1,0
N Burger,Rajasthan Royals,2024-2026,10,-,-,-,-,-,-,-,-,-,-,-,-,9,29.0,0,253,12,2/21,21.08,8.72,14.5,0,0
N Jagadeesan,"Chennai Super Kings, Kolkata Knight Riders",2020-2023,13,10,1,162,39*,18,147,110.2,0,0,2,21,2,-,-,-,-,-,-,-,-,-,-,-
N Pooran,"Kings XI Punjab, Lucknow Super Giants, Punjab Kings, Sunrisers Hyderabad",2019-2026,94,91,20,2334,87*,32.87,1405,166.12,0,14,9,158,170,-,-,-,-,-,-,-,-,-,-,-
N Rana,"Delhi Capitals, Kolkata Knight Riders, Mumbai Indians, Rajasthan Royals",2016-2026,121,115,10,2873,87,27.36,2112,136.03,0,20,8,264,142,26,32.0,0,270,10,2/11,27,8.43,19.2,0,0
N Saini,Kings XI Punjab,2012-2012,10,10,0,140,50,14,141,99.29,0,1,0,16,0,-,-,-,-,-,-,-,-,-,-,-
N Thushara,"Mumbai Indians, Royal Challengers Bengaluru",2024-2025,8,-,-,-,-,-,-,-,-,-,-,-,-,8,30.0,0,283,9,3/28,31.44,9.43,20,0,0
N Wadhera,"Mumbai Indians, Punjab Kings",2023-2026,40,34,4,746,70,24.86,532,140.22,0,4,1,60,41,2,2.5,0,22,0,-,-,7.76,-,0,0
NA Saini,"Kolkata Knight Riders, Rajasthan Royals, Royal Challengers Bangalore",2019-2026,34,7,3,33,12*,8.25,37,89.18,0,0,0,3,0,33,112.4,1,1011,23,3/40,43.95,8.97,29.3,0,0
NB Singh,Gujarat Lions,2017-2017,2,-,-,-,-,-,-,-,-,-,-,-,-,2,4.0,0,15,1,1/7,15,3.75,24,0,0
ND Doshi,"Rajasthan Royals, Royal Challengers Bangalore",2010-2011,4,1,0,0,0,0,13,0,0,0,1,0,0,4,9.2,0,79,2,1/15,39.5,8.46,28,0,0
NJ Maddinson,Royal Challengers Bangalore,2014-2015,3,3,0,20,12,6.66,21,95.23,0,0,0,4,0,-,-,-,-,-,-,-,-,-,-,-
NJ Rimmington,Kings XI Punjab,2011-2011,1,1,1,1,1*,-,1,100,0,0,0,0,0,1,3.0,0,19,0,-,-,6.33,-,0,0
NK Patel,Rajasthan Royals,2008-2009,9,6,2,121,57,30.25,119,101.68,0,1,0,14,1,-,-,-,-,-,-,-,-,-,-,-
NL McCullum,Pune Warriors,2011-2011,2,2,1,26,15,26,22,118.18,0,0,0,0,1,2,5.0,0,34,0,-,-,6.8,-,0,0
NLTC Perera,"Chennai Super Kings, Kings XI Punjab, Kochi Tuskers Kerala, Mumbai Indians, Rising Pune Supergiants, Sunrisers Hyderabad",2010-2016,37,30,8,422,40,19.18,307,137.45,0,0,1,23,26,36,116.2,0,1016,31,3/20,32.77,8.73,22.5,0,0
NM Coulter-Nile,"Delhi Daredevils, Kolkata Knight Riders, Mumbai Indians, Rajasthan Royals",2013-2022,39,17,6,82,24*,7.45,72,113.88,0,0,0,7,4,38,142.5,1,1100,48,4/14,22.91,7.7,17.8,2,0
NS Naik,"Kings XI Punjab, Kolkata Knight Riders",2016-2020,4,4,0,31,22,7.75,50,62,0,0,0,2,0,-,-,-,-,-,-,-,-,-,-,-
NT Ellis,"Chennai Super Kings, Punjab Kings",2021-2025,17,5,1,19,12,4.75,25,76,0,0,2,0,1,17,63.0,0,546,19,4/30,28.73,8.66,19.8,1,0
NT Tilak Varma,Mumbai Indians,2022-2026,58,54,11,1533,84*,35.65,1064,144.07,0,8,2,119,74,4,3.4,0,28,0,-,-,7.63,-,0,0
NV Ojha,"Delhi Daredevils, Rajasthan Royals, Sunrisers Hyderabad",2009-2018,113,94,19,1554,94*,20.72,1313,118.35,0,6,8,121,79,-,-,-,-,-,-,-,-,-,-,-
Naman Dhir,Mumbai Indians,2024-2026,27,22,6,450,62*,28.12,253,177.86,0,1,3,42,25,5,8.4,0,76,0,-,-,8.76,-,0,0
Naveen-ul-Haq,Lucknow Super Giants,2023-2024,18,6,5,18,13,18,25,72,0,0,0,2,0,17,64.3,0,591,25,4/38,23.64,9.16,15.4,1,0
Noor Ahmad,"Chennai Super Kings, Gujarat Titans",2023-2026,41,15,5,29,8,2.9,52,55.76,0,0,2,2,1,41,145.0,0,1214,49,4/18,24.77,8.37,17.7,2,0
O Thomas,Rajasthan Royals,2019-2019,4,-,-,-,-,-,-,-,-,-,-,-,-,4,10.0,0,79,5,2/6,15.8,7.9,12,0,0
OA Shah,"Kochi Tuskers Kerala, Kolkata Knight Riders, Rajasthan Royals",2010-2013,23,22,7,506,76,33.73,389,130.07,0,4,0,34,23,-,-,-,-,-,-,-,-,-,-,-
OC McCoy,Rajasthan Royals,2022-2023,8,1,0,8,8,8,5,160,0,0,0,0,1,8,26.5,0,250,11,3/23,22.72,9.31,14.6,0,0
OF Smith,Punjab Kings,2022-2022,6,6,3,51,25*,17,44,115.9,0,0,1,1,5,6,15.0,0,178,6,4/30,29.66,11.86,15,1,0
P Amarnath,Chennai Super Kings,2008-2008,6,-,-,-,-,-,-,-,-,-,-,-,-,6,22.0,0,236,7,2/29,33.71,10.72,18.8,0,0
P Arya,Punjab Kings,2025-2026,20,20,0,578,103,28.9,304,190.13,1,3,1,63,35,-,-,-,-,-,-,-,-,-,-,-
P Awana,Kings XI Punjab,2012-2014,33,7,5,5,4*,2.5,14,35.71,0,0,2,0,0,33,124.3,2,1029,39,4/34,26.38,8.26,19.1,1,0
P Chopra,Rajasthan Royals,2018-2019,2,1,0,8,8,8,6,133.33,0,0,0,2,0,-,-,-,-,-,-,-,-,-,-,-
P Dharmani,Kings XI Punjab,2008-2008,1,-,-,-,-,-,-,-,-,-,-,-,-,-,-,-,-,-,-,-,-,-,-,-
P Dogra,"Kings XI Punjab, Kolkata Knight Riders, Rajasthan Royals",2010-2013,13,12,1,127,41,11.54,138,92.02,0,0,1,4,5,-,-,-,-,-,-,-,-,-,-,-
P Dubey,"Delhi Capitals, Punjab Kings",2020-2025,5,2,1,23,16,23,33,69.69,0,0,0,2,0,5,13.0,0,111,2,1/19,55.5,8.53,39,0,0
P Kumar,"Gujarat Lions, Kings XI Punjab, Mumbai Indians, Royal Challengers Bangalore, Sunrisers Hyderabad",2008-2017,119,59,21,340,34,8.94,314,108.28,0,0,9,22,17,119,420.4,14,3251,90,3/18,36.12,7.72,28,0,0
P Negi,"Chennai Super Kings, Delhi Daredevils, Royal Challengers Bangalore",2012-2019,50,35,9,365,36,14.03,289,126.29,0,0,3,27,16,42,119.2,0,939,34,4/18,27.61,7.86,21,1,0
P Nissanka,Delhi Capitals,2026-2026,4,4,0,127,44,31.75,83,153.01,0,0,0,17,4,-,-,-,-,-,-,-,-,-,-,-
P Parameswaran,"Kochi Tuskers Kerala, Royal Challengers Bangalore",2011-2012,8,2,2,1,1*,-,2,50,0,0,0,0,0,8,25.4,0,224,9,3/30,24.88,8.72,17.1,0,0
P Prasanth,Kochi Tuskers Kerala,2011-2011,1,-,-,-,-,-,-,-,-,-,-,-,-,1,1.0,0,18,0,-,-,18,-,0,0
P Ray Barman,Royal Challengers Bangalore,2019-2019,1,1,0,19,19,19,24,79.16,0,0,0,2,0,1,4.0,0,56,0,-,-,14,-,0,0
P Sahu,Kings XI Punjab,2016-2016,5,2,1,19,18*,19,13,146.15,0,0,0,1,1,5,17.3,0,146,3,2/18,48.66,8.34,35,0,0
P Suyal,Mumbai Indians,2013-2015,5,-,-,-,-,-,-,-,-,-,-,-,-,5,16.0,0,151,2,1/21,75.5,9.43,48,0,0
PA Patel,"Chennai Super Kings, Deccan Chargers, Kochi Tuskers Kerala, Mumbai Indians, Royal Challengers Bangalore, Sunrisers Hyderabad",2008-2019,139,137,11,2848,81,22.6,2358,120.78,0,13,13,365,49,-,-,-,-,-,-,-,-,-,-,-
PA Reddy,"Deccan Chargers, Sunrisers Hyderabad",2012-2013,12,11,1,164,42,16.4,160,102.5,0,0,0,15,2,-,-,-,-,-,-,-,-,-,-,-
PBB Rajapaksa,Punjab Kings,2022-2023,13,13,1,277,50,23.08,191,145.02,0,1,1,22,15,-,-,-,-,-,-,-,-,-,-,-
PC Valthaty,"Kings XI Punjab, Rajasthan Royals",2009-2013,23,23,1,505,120*,22.95,418,120.81,1,2,1,60,20,10,25.1,0,205,7,4/29,29.28,8.14,21.5,1,0
PD Collingwood,Delhi Daredevils,2010-2010,8,7,2,203,75*,40.6,156,130.12,0,3,0,9,13,6,14.5,0,101,5,2/19,20.2,6.8,17.8,0,0
PD Salt,"Delhi Capitals, Kolkata Knight Riders, Royal Challengers Bengaluru",2023-2026,38,38,3,1188,89*,33.94,675,176,0,11,4,133,64,-,-,-,-,-,-,-,-,-,-,-
PH Solanki,Chennai Super Kings,2022-2022,2,-,-,-,-,-,-,-,-,-,-,-,-,2,6.0,0,38,2,2/20,19,6.33,18,0,0
PHKD Mendis,Sunrisers Hyderabad,2025-2025,5,5,2,92,32*,30.66,69,133.33,0,0,1,7,2,4,7.0,0,60,2,1/4,30,8.57,21,0,0
PJ Cummins,"Delhi Daredevils, Kolkata Knight Riders, Sunrisers Hyderabad",2014-2025,72,50,20,612,66*,20.4,402,152.23,0,3,4,39,41,72,269.3,2,2373,79,4/34,30.03,8.8,20.4,1,0
PJ Sangwan,"Delhi Daredevils, Gujarat Lions, Gujarat Titans, Kolkata Knight Riders, Mumbai Indians",2008-2022,42,15,7,26,6*,3.25,44,59.09,0,0,4,1,0,42,142.4,1,1240,38,3/18,32.63,8.69,22.5,0,0
PK Garg,"Delhi Capitals, Sunrisers Hyderabad",2020-2023,23,19,1,273,51*,15.16,241,113.27,0,1,2,16,9,-,-,-,-,-,-,-,-,-,-,-
PM Sarvesh Kumar,Deccan Chargers,2008-2008,2,1,1,1,1*,-,2,50,0,0,0,0,0,2,5.0,0,42,1,1/18,42,8.4,30,0,0
PN Mankad,"Lucknow Super Giants, Punjab Kings",2022-2023,6,6,3,97,64*,32.33,73,132.87,0,1,1,13,2,-,-,-,-,-,-,-,-,-,-,-
PP Chawla,"Chennai Super Kings, Kings XI Punjab, Kolkata Knight Riders, Mumbai Indians",2008-2024,192,92,36,624,24*,11.14,563,110.83,0,0,16,56,20,191,641.4,2,5108,192,4/17,26.6,7.96,20,2,0
PP Ojha,"Deccan Chargers, Mumbai Indians",2008-2015,92,23,11,16,3,1.33,45,35.55,0,0,6,0,0,90,316.3,1,2332,89,3/11,26.2,7.36,21.3,0,0
PP Shaw,"Delhi Capitals, Delhi Daredevils",2018-2024,79,79,0,1892,99,23.94,1283,147.46,0,14,7,238,61,-,-,-,-,-,-,-,-,-,-,-
PR Shah,"Mumbai Indians, Rajasthan Royals",2008-2011,16,10,2,92,29,11.5,91,101.09,0,0,1,9,2,-,-,-,-,-,-,-,-,-,-,-
PR Veer,Chennai Super Kings,2026-2026,2,2,1,49,43,49,36,136.11,0,0,0,7,1,-,-,-,-,-,-,-,-,-,-,-
PSP Handscomb,Rising Pune Supergiants,2016-2016,2,1,0,6,6,6,12,50,0,0,0,0,0,-,-,-,-,-,-,-,-,-,-,-
PV Tambe,"Gujarat Lions, Rajasthan Royals",2013-2016,33,6,4,18,7*,9,39,46.15,0,0,0,1,0,33,110.0,0,853,28,4/20,30.46,7.75,23.5,1,0
PVD Chameera,"Delhi Capitals, Kolkata Knight Riders, Lucknow Super Giants",2022-2025,19,11,7,53,17,13.25,42,126.19,0,0,2,3,3,18,62.0,0,603,13,2/17,46.38,9.72,28.6,0,0
PVSN Raju,Mumbai Indians,2025-2025,2,1,1,1,1*,-,1,100,0,0,0,0,0,2,4.0,0,53,1,1/40,53,13.25,24,0,0
PW Hasaranga,"Rajasthan Royals, Royal Challengers Bangalore",2021-2025,37,19,4,81,18,5.4,88,92.04,0,0,5,7,1,37,133.0,1,1119,46,5/18,24.32,8.41,17.3,2,1
PWA Mulder,Sunrisers Hyderabad,2025-2025,1,1,0,9,9,9,11,81.81,0,0,0,1,0,1,1.0,0,16,0,-,-,16,-,0,0
Pankaj Singh,"Rajasthan Royals, Royal Challengers Bangalore",2008-2012,17,5,3,7,4*,3.5,12,58.33,0,0,1,0,0,17,50.0,1,468,11,2/18,42.54,9.36,27.2,0,0
Parvez Rasool,"Pune Warriors, Royal Challengers Bangalore, Sunrisers Hyderabad",2013-2016,11,5,3,17,10,8.5,20,85,0,0,0,1,0,11,33.0,0,271,4,1/20,67.75,8.21,49.5,0,0
Prabhsimran Singh,"Kings XI Punjab, Punjab Kings",2019-2026,55,54,0,1436,103,26.59,942,152.44,1,8,4,145,80,-,-,-,-,-,-,-,-,-,-,-
Prince Yadav,Lucknow Super Giants,2025-2026,10,2,2,5,4*,-,10,50,0,0,0,0,0,10,37.5,0,357,9,2/20,39.66,9.43,25.2,0,0
Q de Kock,"Delhi Daredevils, Kolkata Knight Riders, Lucknow Super Giants, Mumbai Indians, Royal Challengers Bangalore, Sunrisers Hyderabad",2013-2025,115,115,7,3309,140*,30.63,2469,134.02,2,24,4,325,134,-,-,-,-,-,-,-,-,-,-,-
R Ashwin,"Chennai Super Kings, Delhi Capitals, Kings XI Punjab, Rajasthan Royals, Rising Pune Supergiants",2009-2025,221,98,34,833,50,13.01,705,118.15,0,1,12,64,29,217,785.0,4,5652,187,4/34,30.22,7.2,25.1,1,0
R Bhatia,"Delhi Daredevils, Kolkata Knight Riders, Rajasthan Royals, Rising Pune Supergiant, Rising Pune Supergiants",2008-2017,95,49,19,342,26*,11.4,284,120.42,0,0,3,24,13,91,272.4,1,2020,71,4/15,28.45,7.4,23,1,0
R Bishnoi,Royal Challengers Bangalore,2009-2009,3,3,0,19,18,6.33,17,111.76,0,0,1,1,2,-,-,-,-,-,-,-,-,-,-,-
R Dhawan,"Kings XI Punjab, Mumbai Indians, Punjab Kings",2013-2024,39,24,13,210,25*,19.09,187,112.29,0,0,1,18,7,36,110.2,1,891,25,2/14,35.64,8.07,26.4,0,0
R Dravid,"Rajasthan Royals, Royal Challengers Bangalore",2008-2013,89,82,5,2174,75*,28.23,1882,115.51,0,11,3,268,28,-,-,-,-,-,-,-,-,-,-,-
R Goyal,Mumbai Indians,2023-2023,1,-,-,-,-,-,-,-,-,-,-,-,-,1,4.0,0,33,0,-,-,8.25,-,0,0
R McLaren,"Kings XI Punjab, Kolkata Knight Riders, Mumbai Indians",2010-2013,18,13,5,159,51*,19.87,171,92.98,0,1,1,14,1,18,59.0,0,542,12,2/28,45.16,9.18,29.5,0,0
R Minz,Mumbai Indians,2025-2025,2,2,0,6,3,3,15,40,0,0,0,0,0,-,-,-,-,-,-,-,-,-,-,-
R Ninan,Royal Challengers Bangalore,2011-2011,2,1,0,3,3,3,6,50,0,0,0,0,0,2,6.0,0,65,3,2/31,21.66,10.83,12,0,0
R Parag,Rajasthan Royals,2019-2026,88,76,13,1611,95,25.57,1134,142.06,0,7,3,113,91,31,50.1,0,488,8,1/7,61,9.72,37.6,0,0
R Powell,"Delhi Capitals, Kolkata Knight Riders, Rajasthan Royals",2022-2026,31,24,4,404,67*,20.2,273,147.98,0,1,2,26,30,2,3.0,0,35,1,1/18,35,11.66,18,0,0
R Rampaul,Royal Challengers Bangalore,2013-2014,12,7,2,51,23*,10.2,50,102,0,0,3,3,2,12,43.4,4,298,14,3/31,21.28,6.82,18.7,0,0
R Ravindra,Chennai Super Kings,2024-2025,18,18,1,413,65*,24.29,287,143.9,0,2,2,40,16,2,2.0,0,7,0,-,-,3.5,-,0,0
R Sai Kishore,Gujarat Titans,2022-2025,25,5,1,18,13,4.5,16,112.5,0,0,0,0,2,25,73.3,0,651,32,4/33,20.34,8.85,13.7,1,0
R Sanjay Yadav,Mumbai Indians,2022-2022,1,1,0,0,0,0,2,0,0,0,1,0,0,1,2.0,0,23,0,-,-,11.5,-,0,0
R Sathish,"Kings XI Punjab, Kolkata Knight Riders, Mumbai Indians",2010-2016,34,25,8,270,27*,15.88,231,116.88,0,0,2,22,6,14,23.1,0,232,3,1/11,77.33,10.01,46.3,0,0
R Sharma,"Deccan Chargers, Delhi Daredevils, Pune Warriors",2010-2014,44,20,6,66,14*,4.71,75,88,0,0,8,5,3,44,154.4,1,1086,40,3/13,27.15,7.02,23.2,0,0
R Shepherd,"Lucknow Super Giants, Mumbai Indians, Royal Challengers Bengaluru, Sunrisers Hyderabad",2022-2026,22,14,6,209,53*,26.12,100,209,0,1,2,14,18,18,42.0,0,499,13,3/54,38.38,11.88,19.3,0,0
R Shukla,"Delhi Daredevils, Mumbai Indians, Rajasthan Royals",2012-2014,7,4,3,19,14,19,23,82.6,0,0,0,2,0,7,20.0,0,208,5,2/28,41.6,10.4,24,0,0
R Tewatia,"Delhi Capitals, Delhi Daredevils, Gujarat Titans, Kings XI Punjab, Rajasthan Royals",2014-2026,112,81,32,1146,53,23.38,836,137.08,0,1,3,93,55,52,140.3,0,1111,32,3/18,34.71,7.9,26.3,0,0
R Vinay Kumar,"Kochi Tuskers Kerala, Kolkata Knight Riders, Mumbai Indians, Royal Challengers Bangalore",2008-2018,105,46,18,310,26*,11.07,274,113.13,0,0,4,21,9,104,353.4,1,2966,105,4/40,28.24,8.38,20.2,1,0
RA Bawa,"Mumbai Indians, Punjab Kings",2022-2025,5,3,1,19,11,9.5,18,105.55,0,0,1,1,0,-,-,-,-,-,-,-,-,-,-,-
RA Jadeja,"Chennai Super Kings, Gujarat Lions, Kochi Tuskers Kerala, Rajasthan Royals",2008-2026,258,200,83,3291,77*,28.12,2534,129.87,0,5,9,242,117,228,683.0,2,5245,173,5/16,30.31,7.67,23.6,3,1
RA Shaikh,Mumbai Indians,2009-2009,1,-,-,-,-,-,-,-,-,-,-,-,-,1,1.0,0,11,0,-,-,11,-,0,0
RA Tripathi,"Chennai Super Kings, Kolkata Knight Riders, Rajasthan Royals, Rising Pune Supergiant, Sunrisers Hyderabad",2017-2025,100,98,11,2291,93,26.33,1662,137.84,0,12,4,229,85,1,1.0,0,12,0,-,-,12,-,0,0
RD Chahar,"Chennai Super Kings, Mumbai Indians, Punjab Kings, Rising Pune Supergiant, Sunrisers Hyderabad",2017-2026,80,24,8,129,25*,8.06,124,104.03,0,0,8,13,5,79,282.2,1,2196,75,4/27,29.28,7.77,22.5,1,0
RD Gaikwad,Chennai Super Kings,2020-2026,75,74,8,2558,108*,38.75,1874,136.49,2,20,7,235,96,-,-,-,-,-,-,-,-,-,-,-
RD Rickelton,Mumbai Indians,2025-2026,18,17,1,486,81,30.37,315,154.28,0,4,0,53,26,-,-,-,-,-,-,-,-,-,-,-
RE Levi,Mumbai Indians,2012-2012,6,6,0,83,50,13.83,73,113.69,0,1,2,10,4,-,-,-,-,-,-,-,-,-,-,-
RE van der Merwe,"Delhi Daredevils, Royal Challengers Bangalore",2009-2013,21,15,4,159,35,14.45,141,112.76,0,0,0,11,8,21,73.5,1,498,21,3/20,23.71,6.74,21,0,0
RG More,Chennai Super Kings,2015-2015,2,1,1,2,2*,-,2,100,0,0,0,0,0,2,5.5,0,59,1,1/31,59,10.11,35,0,0
RG Sharma,"Deccan Chargers, Mumbai Indians",2008-2026,276,270,30,7164,109*,29.85,5404,132.56,2,48,18,651,309,32,56.3,0,453,15,4/6,30.2,8.01,22.6,1,0
RJ Gleeson,"Chennai Super Kings, Mumbai Indians",2024-2025,3,1,1,2,2*,-,2,100,0,0,0,0,0,3,11.2,0,110,2,1/30,55,9.7,34,0,0
RJ Harris,"Deccan Chargers, Kings XI Punjab",2009-2013,37,21,9,117,17,9.75,112,104.46,0,0,2,6,3,37,138.4,3,1047,45,4/34,23.26,7.55,18.4,1,0
RJ Peterson,Mumbai Indians,2012-2012,5,5,2,32,16*,10.66,30,106.66,0,0,1,3,1,4,8.0,0,70,3,3/37,23.33,8.75,16,0,0
RJ Quiney,Rajasthan Royals,2009-2009,7,7,0,103,51,14.71,102,100.98,0,1,0,12,3,-,-,-,-,-,-,-,-,-,-,-
RJW Topley,"Mumbai Indians, Royal Challengers Bangalore, Royal Challengers Bengaluru",2023-2025,6,1,1,3,3*,-,6,50,0,0,0,0,0,6,20.0,0,222,5,2/27,44.4,11.1,24,0,0
RK Bhui,"Delhi Capitals, Sunrisers Hyderabad",2018-2024,4,4,0,10,7,2.5,26,38.46,0,0,2,0,0,-,-,-,-,-,-,-,-,-,-,-
RK Singh,Kolkata Knight Riders,2018-2026,63,54,16,1171,67*,30.81,810,144.56,0,4,0,95,57,-,-,-,-,-,-,-,-,-,-,-
RM Patidar,"Royal Challengers Bangalore, Royal Challengers Bengaluru",2021-2026,46,42,3,1306,112*,33.48,811,161.03,1,11,1,87,86,-,-,-,-,-,-,-,-,-,-,-
RN ten Doeschate,Kolkata Knight Riders,2011-2015,29,22,8,326,70*,23.28,235,138.72,0,1,3,26,15,10,13.0,0,94,2,1/7,47,7.23,39,0,0
RP Meredith,"Mumbai Indians, Punjab Kings",2021-2023,18,3,3,0,0*,-,3,0,0,0,0,0,0,18,64.4,0,612,19,2/24,32.21,9.46,20.4,0,0
RP Singh,"Deccan Chargers, Kochi Tuskers Kerala, Mumbai Indians, Rising Pune Supergiants, Royal Challengers Bangalore",2008-2016,82,30,15,52,10,3.46,76,68.42,0,0,5,2,1,82,295.5,2,2338,90,4/22,25.97,7.9,19.7,2,0
RR Bhatkal,Royal Challengers Bangalore,2012-2012,1,1,0,0,0,0,2,0,0,0,1,0,0,1,2.0,0,35,0,-,-,17.5,-,0,0
RR Bose,Kings XI Punjab,2009-2009,1,-,-,-,-,-,-,-,-,-,-,-,-,1,2.0,0,24,0,-,-,12,-,0,0
RR Pant,"Delhi Capitals, Delhi Daredevils, Lucknow Super Giants",2016-2026,129,127,20,3656,128*,34.16,2486,147.06,2,20,6,332,171,-,-,-,-,-,-,-,-,-,-,-
RR Powar,"Kings XI Punjab, Kochi Tuskers Kerala",2008-2012,27,10,7,67,28*,22.33,64,104.68,0,0,1,6,1,26,71.0,0,527,13,2/11,40.53,7.42,32.7,0,0
RR Raje,Mumbai Indians,2008-2009,10,5,4,20,11*,20,18,111.11,0,0,0,1,1,10,23.1,0,209,6,2/16,34.83,9.02,23.1,0,0
RR Rossouw,"Delhi Capitals, Punjab Kings, Royal Challengers Bangalore",2014-2024,22,22,2,473,82*,23.65,308,153.57,0,2,4,45,25,-,-,-,-,-,-,-,-,-,-,-
RR Sarwan,Kings XI Punjab,2008-2008,4,4,0,73,31,18.25,75,97.33,0,0,0,6,1,-,-,-,-,-,-,-,-,-,-,-
RS Bopara,"Kings XI Punjab, Sunrisers Hyderabad",2009-2015,24,22,4,531,84,29.5,453,117.21,0,3,2,39,16,14,34.2,0,292,11,3/31,26.54,8.5,18.7,0,0
RS Gavaskar,Kolkata Knight Riders,2010-2010,2,1,0,2,2,2,8,25,0,0,0,0,0,1,1.0,0,8,0,-,-,8,-,0,0
RS Hangargekar,Chennai Super Kings,2023-2023,2,-,-,-,-,-,-,-,-,-,-,-,-,2,6.0,0,60,3,3/36,20,10,12,0,0
RS Sodhi,Kings XI Punjab,2010-2010,3,1,1,4,4*,-,2,200,0,0,0,1,0,-,-,-,-,-,-,-,-,-,-,-
RT Ponting,"Kolkata Knight Riders, Mumbai Indians",2008-2013,10,9,0,91,28,10.11,128,71.09,0,0,3,5,2,-,-,-,-,-,-,-,-,-,-,-
RV Gomez,"Kochi Tuskers Kerala, Pune Warriors",2011-2013,13,9,4,50,26*,10,51,98.03,0,0,3,5,1,9,16.0,1,129,5,2/14,25.8,8.06,19.2,0,0
RV Patel,Delhi Capitals,2021-2023,9,7,2,80,23,16,73,109.58,0,0,0,6,2,1,3.0,0,22,0,-,-,7.33,-,0,0
RV Pawar,Mumbai Indians,2008-2008,1,-,-,-,-,-,-,-,-,-,-,-,-,-,-,-,-,-,-,-,-,-,-,-
RV Uthappa,"Chennai Super Kings, Kolkata Knight Riders, Mumbai Indians, Pune Warriors, Rajasthan Royals, Royal Challengers Bangalore",2008-2022,205,197,17,4952,88,27.51,3799,130.35,0,27,8,481,182,-,-,-,-,-,-,-,-,-,-,-
RW Price,Mumbai Indians,2011-2011,1,-,-,-,-,-,-,-,-,-,-,-,-,1,3.0,0,33,0,-,-,11,-,0,0
Rahmanullah Gurbaz,Kolkata Knight Riders,2023-2025,19,18,1,363,81,21.35,269,134.94,0,2,2,34,22,-,-,-,-,-,-,-,-,-,-,-
Ramandeep Singh,"Kolkata Knight Riders, Mumbai Indians",2022-2026,35,22,10,231,35,19.25,150,154,0,0,1,10,17,4,6.4,0,63,6,3/20,10.5,9.45,6.6,0,0
Rashid Khan,"Gujarat Titans, Sunrisers Hyderabad",2017-2026,140,70,27,609,79*,14.16,382,159.42,0,1,16,44,41,140,547.3,4,3876,163,4/24,23.77,7.07,20.1,2,0
Rasikh Salam,"Delhi Capitals, Kolkata Knight Riders, Mumbai Indians, Royal Challengers Bengaluru",2019-2025,13,6,1,40,10,8,40,100,0,0,0,5,0,13,38.3,0,409,10,3/34,40.9,10.62,23.1,0,0
Ravi Bishnoi,"Kings XI Punjab, Lucknow Super Giants, Punjab Kings, Rajasthan Royals",2020-2026,81,18,8,45,13,4.5,66,68.18,0,0,2,2,2,80,285.1,1,2351,81,4/41,29.02,8.24,21.1,1,0
S Anirudha,"Chennai Super Kings, Sunrisers Hyderabad",2008-2014,20,13,5,136,64,17,113,120.35,0,1,2,9,7,-,-,-,-,-,-,-,-,-,-,-
S Aravind,Royal Challengers Bangalore,2011-2017,38,12,8,59,14*,14.75,57,103.5,0,0,2,7,0,38,126.4,0,1039,45,4/14,23.08,8.2,16.8,2,0
S Arora,Sunrisers Hyderabad,2026-2026,3,3,0,18,9,6,15,120,0,0,1,0,2,-,-,-,-,-,-,-,-,-,-,-
S Badree,"Chennai Super Kings, Rajasthan Royals, Royal Challengers Bangalore",2013-2017,12,5,0,13,8,2.6,23,56.52,0,0,2,0,0,12,43.0,1,319,11,4/9,29,7.41,23.4,1,0
S Badrinath,Chennai Super Kings,2008-2013,95,67,20,1441,71*,30.65,1212,118.89,0,11,6,154,28,-,-,-,-,-,-,-,-,-,-,-
S Chanderpaul,Royal Challengers Bangalore,2008-2008,3,3,0,25,16,8.33,31,80.64,0,0,0,4,0,-,-,-,-,-,-,-,-,-,-,-
S Dhawan,"Deccan Chargers, Delhi Capitals, Delhi Daredevils, Mumbai Indians, Punjab Kings, Sunrisers Hyderabad",2008-2024,222,221,29,6769,106*,35.25,5324,127.14,2,51,11,768,152,6,8.0,0,66,4,1/7,16.5,8.25,12,0,0
S Dube,"Chennai Super Kings, Rajasthan Royals, Royal Challengers Bangalore",2019-2026,83,79,16,1948,95*,30.92,1348,144.51,0,10,3,117,126,16,22.4,0,243,6,2/15,40.5,10.72,22.6,0,0
S Gopal,"Mumbai Indians, Rajasthan Royals, Sunrisers Hyderabad",2014-2024,52,22,8,180,24,12.85,169,106.5,0,0,4,19,2,51,165.1,1,1349,52,4/16,25.94,8.16,19,1,0
S Joseph,Lucknow Super Giants,2024-2024,1,-,-,-,-,-,-,-,-,-,-,-,-,1,4.0,0,47,0,-,-,11.75,-,0,0
S Kaul,"Delhi Daredevils, Royal Challengers Bangalore, Sunrisers Hyderabad",2013-2022,55,12,8,20,7*,5,36,55.55,0,0,2,1,0,55,201.3,3,1739,58,4/29,29.98,8.63,20.8,1,0
S Kaushik,Gujarat Lions,2016-2017,10,2,1,0,0*,0,1,0,0,0,1,0,0,10,34.0,0,297,6,3/20,49.5,8.73,34,0,0
S Ladda,"Delhi Daredevils, Gujarat Lions, Kolkata Knight Riders",2010-2016,9,2,1,0,0*,0,9,0,0,0,1,0,0,9,23.0,0,224,5,2/44,44.8,9.73,27.6,0,0
S Lamichhane,"Delhi Capitals, Delhi Daredevils",2018-2019,9,1,0,0,0,0,1,0,0,0,1,0,0,9,35.0,0,292,13,3/36,22.46,8.34,16.1,0,0
S Midhun,Rajasthan Royals,2019-2019,1,-,-,-,-,-,-,-,-,-,-,-,-,1,2.0,0,27,0,-,-,13.5,-,0,0
S Nadeem,"Delhi Daredevils, Sunrisers Hyderabad",2011-2021,72,22,8,39,6*,2.78,87,44.82,0,0,6,2,0,70,235.5,2,1784,48,3/16,37.16,7.56,29.4,0,0
S Narwal,"Kolkata Knight Riders, Rajasthan Royals",2010-2013,7,4,1,37,23,12.33,27,137.03,0,0,1,6,0,6,17.4,0,202,5,3/36,40.4,11.43,21.2,0,0
S Rana,"Pune Warriors, Royal Challengers Bangalore",2011-2014,11,8,4,91,19*,22.75,81,112.34,0,0,0,9,1,3,2.4,0,18,0,-,-,6.75,-,0,0
S Randiv,Chennai Super Kings,2011-2011,8,1,0,2,2,2,4,50,0,0,0,0,0,8,29.0,0,223,6,2/24,37.16,7.68,29,0,0
S Sandeep Warrier,"Gujarat Titans, Kolkata Knight Riders",2019-2024,10,-,-,-,-,-,-,-,-,-,-,-,-,10,28.0,0,253,8,3/15,31.62,9.03,21,0,0
S Sohal,"Deccan Chargers, Kings XI Punjab",2008-2011,22,20,0,368,62,18.4,292,126.02,0,2,3,34,18,-,-,-,-,-,-,-,-,-,-,-
S Sreesanth,"Kings XI Punjab, Kochi Tuskers Kerala, Rajasthan Royals",2008-2013,44,14,10,34,15*,8.5,55,61.81,0,0,3,6,0,44,146.4,4,1190,40,3/29,29.75,8.11,22,0,0
S Sriram,"Delhi Daredevils, Royal Challengers Bangalore",2010-2011,2,2,0,31,27,15.5,36,86.11,0,0,0,3,0,2,3.0,0,49,0,-,-,16.33,-,0,0
S Tyagi,Chennai Super Kings,2009-2010,14,3,2,3,3*,3,4,75,0,0,1,0,0,14,34.5,0,295,6,2/18,49.16,8.46,34.8,0,0
S Vidyut,Chennai Super Kings,2008-2008,9,8,0,145,54,18.12,109,133.02,0,1,1,21,3,1,2.0,0,22,1,1/22,22,11,12,0,0
SA Abbott,"Royal Challengers Bangalore, Sunrisers Hyderabad",2015-2022,3,3,0,22,14,7.33,18,122.22,0,0,0,1,2,3,9.0,0,104,1,1/47,104,11.55,54,0,0
SA Asnodkar,Rajasthan Royals,2008-2011,20,20,0,423,60,21.15,339,124.77,0,2,3,56,10,-,-,-,-,-,-,-,-,-,-,-
SA Yadav,"Kolkata Knight Riders, Mumbai Indians",2012-2026,170,154,28,4384,103*,34.79,2947,148.76,2,30,10,460,171,1,1.0,0,8,0,-,-,8,-,0,0
SB Bangar,"Deccan Chargers, Kolkata Knight Riders",2008-2009,12,8,1,49,17*,7,58,84.48,0,0,1,1,3,9,25.0,0,219,4,2/34,54.75,8.76,37.5,0,0
SB Dubey,Rajasthan Royals,2024-2025,13,11,5,139,34*,23.16,85,163.52,0,0,1,9,10,-,-,-,-,-,-,-,-,-,-,-
SB Jakati,"Chennai Super Kings, Gujarat Lions, Royal Challengers Bangalore",2009-2017,59,8,7,28,13,28,29,96.55,0,0,0,3,0,57,180.5,1,1451,47,4/22,30.87,8.02,23,2,0
SB Joshi,Royal Challengers Bangalore,2008-2008,4,2,0,6,3,3,14,42.85,0,0,0,0,0,4,9.1,0,82,1,1/27,82,8.94,55,0,0
SB Styris,"Chennai Super Kings, Deccan Chargers",2008-2011,12,10,3,131,36*,18.71,133,98.49,0,0,0,10,3,11,36.0,0,276,8,3/32,34.5,7.66,27,0,0
SB Wagh,"Pune Warriors, Rajasthan Royals",2010-2011,8,2,0,2,2,1,3,66.66,0,0,1,0,0,8,17.0,0,137,5,3/16,27.4,8.05,20.4,0,0
SC Ganguly,"Kolkata Knight Riders, Pune Warriors",2008-2012,59,56,3,1349,91,25.45,1263,106.8,0,7,4,137,42,20,46.0,0,363,10,2/21,36.3,7.89,27.6,0,0
SC Kuggeleijn,Chennai Super Kings,2019-2019,2,-,-,-,-,-,-,-,-,-,-,-,-,2,8.0,0,71,2,2/37,35.5,8.87,24,0,0
SD Chauhan,Royal Challengers Bengaluru,2024-2024,3,3,0,18,9,6,15,120,0,0,1,1,1,-,-,-,-,-,-,-,-,-,-,-
SD Chitnis,"Kings XI Punjab, Mumbai Indians, Rajasthan Royals",2008-2012,11,8,1,99,38,14.14,89,111.23,0,0,0,10,2,2,6.0,0,60,2,2/40,30,10,18,0,0
SD Hope,Delhi Capitals,2024-2024,9,9,1,183,41,22.87,122,150,0,0,0,12,12,-,-,-,-,-,-,-,-,-,-,-
SD Lad,Mumbai Indians,2019-2019,1,1,0,15,15,15,13,115.38,0,0,0,1,1,-,-,-,-,-,-,-,-,-,-,-
SE Bond,Kolkata Knight Riders,2010-2010,8,1,0,1,1,1,2,50,0,0,0,0,0,8,31.0,1,224,9,2/24,24.88,7.22,20.6,0,0
SE Marsh,Kings XI Punjab,2008-2017,71,69,7,2477,115,39.95,1866,132.74,1,20,1,266,78,-,-,-,-,-,-,-,-,-,-,-
SE Rutherford,"Delhi Capitals, Gujarat Titans, Mumbai Indians, Royal Challengers Bangalore",2019-2026,26,22,4,427,46,23.72,304,140.46,0,0,1,28,28,6,6.5,0,59,1,1/6,59,8.63,41,0,0
SH Johnson,"Gujarat Titans, Kolkata Knight Riders",2024-2025,9,5,5,8,5*,-,11,72.72,0,0,0,1,0,9,27.2,0,284,5,2/25,56.8,10.39,32.8,0,0
SJ Srivastava,Kings XI Punjab,2010-2011,14,4,3,5,3*,5,5,100,0,0,1,0,0,14,47.0,0,441,14,2/20,31.5,9.38,20.1,0,0
SK Raina,"Chennai Super Kings, Gujarat Lions",2008-2021,205,200,30,5528,100*,32.51,4043,136.73,1,39,8,506,203,69,151.2,0,1118,25,2/0,44.72,7.38,36.3,0,0
SK Rasheed,Chennai Super Kings,2025-2025,5,5,0,71,27,14.2,63,112.69,0,0,1,9,2,-,-,-,-,-,-,-,-,-,-,-
SK Trivedi,Rajasthan Royals,2008-2013,76,15,8,42,9,6,59,71.18,0,0,1,3,1,75,251.0,2,1904,65,4/25,29.29,7.58,23.1,1,0
SK Warne,Rajasthan Royals,2008-2011,55,29,9,198,34*,9.9,214,92.52,0,0,7,14,6,54,199.0,1,1447,57,4/21,25.38,7.27,20.9,1,0
SL Malinga,Mumbai Indians,2009-2019,122,25,9,88,17,5.5,99,88.88,0,0,6,6,5,122,471.1,8,3365,170,5/13,19.79,7.14,16.6,6,1
SM Boland,Rising Pune Supergiants,2016-2016,2,-,-,-,-,-,-,-,-,-,-,-,-,2,7.0,0,54,2,2/31,27,7.71,21,0,0
SM Curran,"Chennai Super Kings, Kings XI Punjab, Punjab Kings",2019-2025,64,53,13,997,88,24.92,731,136.38,0,6,4,85,41,63,208.5,0,2033,59,4/11,34.45,9.73,21.2,1,0
SM Harwood,Rajasthan Royals,2009-2009,3,2,2,9,6*,-,14,64.28,0,0,0,0,0,3,10.0,0,73,3,2/25,24.33,7.3,20,0,0
SM Katich,Kings XI Punjab,2008-2009,11,11,1,241,75,24.1,186,129.56,0,2,1,25,8,-,-,-,-,-,-,-,-,-,-,-
SM Pollock,Mumbai Indians,2008-2008,13,8,0,147,33,18.37,111,132.43,0,0,2,12,8,13,46.0,1,301,11,3/12,27.36,6.54,25,0,0
SMSM Senanayake,Kolkata Knight Riders,2013-2013,8,4,3,10,7*,10,17,58.82,0,0,0,0,0,8,32.0,1,209,9,2/26,23.22,6.53,21.3,0,0
SN Khan,"Chennai Super Kings, Delhi Capitals, Kings XI Punjab, Punjab Kings, Royal Challengers Bangalore",2015-2026,54,40,11,684,67,23.58,497,137.62,0,2,3,79,18,1,0.2,0,6,0,-,-,18,-,0,0
SN Thakur,"Chennai Super Kings, Delhi Capitals, Kings XI Punjab, Kolkata Knight Riders, Lucknow Super Giants, Mumbai Indians, Rising Pune Supergiant",2015-2026,109,43,14,333,68,11.48,240,138.75,0,1,8,31,13,106,356.0,3,3392,112,4/34,30.28,9.52,19,2,0
SO Hetmyer,"Delhi Capitals, Rajasthan Royals, Royal Challengers Bangalore",2019-2026,90,82,29,1506,75,28.41,992,151.81,0,5,4,94,95,-,-,-,-,-,-,-,-,-,-,-
SP Fleming,Chennai Super Kings,2008-2008,10,10,1,196,45,21.77,165,118.78,0,0,1,27,3,-,-,-,-,-,-,-,-,-,-,-
SP Goswami,"Kolkata Knight Riders, Rajasthan Royals, Royal Challengers Bangalore, Sunrisers Hyderabad",2008-2020,31,21,1,293,52,14.65,295,99.32,0,1,4,32,3,-,-,-,-,-,-,-,-,-,-,-
SP Jackson,Kolkata Knight Riders,2017-2022,9,8,2,61,16,10.16,57,107.01,0,0,1,5,1,-,-,-,-,-,-,-,-,-,-,-
SP Narine,Kolkata Knight Riders,2012-2026,192,123,21,1792,109,17.56,1073,167,1,7,17,189,118,190,735.1,3,5004,194,5/19,25.79,6.8,22.7,7,1
SPD Smith,"Delhi Capitals, Pune Warriors, Rajasthan Royals, Rising Pune Supergiant, Rising Pune Supergiants",2012-2021,103,93,21,2485,101,34.51,1940,128.09,1,11,1,225,60,1,0.2,0,5,0,-,-,15,-,0,0
SR Tendulkar,Mumbai Indians,2008-2013,78,78,11,2334,100*,34.83,1948,119.81,1,13,4,295,29,4,6.0,0,58,0,-,-,9.66,-,0,0
SR Watson,"Chennai Super Kings, Rajasthan Royals, Royal Challengers Bangalore",2008-2020,145,141,16,3874,117*,30.99,2809,137.91,4,21,7,375,190,105,338.1,3,2682,92,4/29,29.15,7.93,22,1,0
SS Agarwal,Gujarat Lions,2017-2017,1,-,-,-,-,-,-,-,-,-,-,-,-,1,4.0,0,42,1,1/42,42,10.5,24,0,0
SS Cottrell,Kings XI Punjab,2020-2020,6,1,0,0,0,0,2,0,0,0,1,0,0,6,20.0,1,176,6,2/17,29.33,8.8,20,0,0
SS Iyer,"Delhi Capitals, Delhi Daredevils, Kolkata Knight Riders, Punjab Kings",2015-2026,137,135,24,3868,97*,34.84,2871,134.72,0,29,7,323,162,1,1.0,0,7,0,-,-,7,-,0,0
SS Mundhe,Pune Warriors,2011-2011,1,-,-,-,-,-,-,-,-,-,-,-,-,1,1.0,0,6,1,1/6,6,6,6,0,0
SS Prabhudessai,"Royal Challengers Bangalore, Royal Challengers Bengaluru",2022-2024,11,10,0,126,34,12.6,106,118.86,0,0,1,11,4,-,-,-,-,-,-,-,-,-,-,-
SS Sarkar,Kolkata Knight Riders,2009-2009,2,-,-,-,-,-,-,-,-,-,-,-,-,2,4.1,0,34,1,1/15,34,8.16,25,0,0
SS Shaikh,Kolkata Knight Riders,2009-2009,2,1,0,6,6,6,7,85.71,0,0,0,1,0,-,-,-,-,-,-,-,-,-,-,-
SS Tiwary,"Delhi Daredevils, Mumbai Indians, Rising Pune Supergiants, Royal Challengers Bangalore",2008-2021,93,74,22,1494,61,28.73,1244,120.09,0,8,1,111,50,-,-,-,-,-,-,-,-,-,-,-
SSB Magala,Chennai Super Kings,2023-2023,2,-,-,-,-,-,-,-,-,-,-,-,-,2,6.0,0,51,1,1/37,51,8.5,36,0,0
ST Jayasuriya,Mumbai Indians,2008-2010,30,30,2,768,114*,27.42,532,144.36,1,4,2,84,39,21,49.0,1,390,13,3/14,30,7.95,22.6,0,0
STR Binny,"Mumbai Indians, Rajasthan Royals, Royal Challengers Bangalore",2010-2019,95,68,22,880,48*,19.13,683,128.84,0,0,7,66,35,63,99.0,0,758,22,2/14,34.45,7.65,27,0,0
SV Samson,"Chennai Super Kings, Delhi Daredevils, Rajasthan Royals",2013-2026,181,176,21,4841,119,31.23,3458,139.99,4,26,11,396,224,-,-,-,-,-,-,-,-,-,-,-
SW Billings,"Chennai Super Kings, Delhi Daredevils, Kolkata Knight Riders",2016-2022,30,27,1,503,56,19.34,388,129.63,0,3,3,40,20,-,-,-,-,-,-,-,-,-,-,-
SW Tait,Rajasthan Royals,2010-2013,21,5,2,23,11,7.66,26,88.46,0,0,1,1,1,21,78.5,1,635,23,3/13,27.6,8.05,20.5,0,0
SZ Mulani,Mumbai Indians,2024-2024,2,1,1,1,1*,-,1,100,0,0,0,0,0,2,5.0,0,57,0,-,-,11.4,-,0,0
Sachin Baby,"Rajasthan Royals, Royal Challengers Bangalore, Sunrisers Hyderabad",2013-2025,20,11,2,144,33,16,118,122.03,0,0,1,11,5,2,1.4,0,8,2,2/4,4,4.8,5,0,0
Salman Butt,Kolkata Knight Riders,2008-2008,7,7,0,193,73,27.57,161,119.87,0,1,0,30,2,-,-,-,-,-,-,-,-,-,-,-
Sameer Rizvi,"Chennai Super Kings, Delhi Capitals",2024-2026,17,13,3,338,90,33.8,230,146.95,0,3,2,28,20,-,-,-,-,-,-,-,-,-,-,-
Sandeep Sharma,"Kings XI Punjab, Punjab Kings, Rajasthan Royals, Sunrisers Hyderabad",2013-2026,141,28,22,60,9,10,75,80,0,0,4,4,0,140,519.3,8,4199,150,5/18,27.99,8.08,20.7,2,1
Sanvir Singh,Sunrisers Hyderabad,2023-2024,6,5,3,25,8*,12.5,21,119.04,0,0,1,2,1,-,-,-,-,-,-,-,-,-,-,-
Sediqullah Atal,Delhi Capitals,2025-2025,1,1,0,22,22,22,16,137.5,0,0,0,0,2,-,-,-,-,-,-,-,-,-,-,-
Shahbaz Ahmed,"Lucknow Super Giants, Royal Challengers Bangalore, Sunrisers Hyderabad",2020-2026,59,39,10,560,59*,19.31,464,120.68,0,1,1,30,25,46,99.0,0,955,22,3/7,43.4,9.64,27,0,0
Shahid Afridi,Deccan Chargers,2008-2008,10,9,1,81,33,10.12,46,176.08,0,0,1,7,6,10,30.0,0,225,9,3/28,25,7.5,20,0,0
Shakib Al Hasan,"Kolkata Knight Riders, Sunrisers Hyderabad",2011-2021,71,52,12,793,66*,19.82,637,124.48,0,2,4,73,21,70,247.2,1,1839,63,3/17,29.19,7.43,23.5,0,0
Shashank Singh,"Punjab Kings, Sunrisers Hyderabad",2022-2026,45,36,16,807,68*,40.35,510,158.23,0,5,2,59,44,5,8.0,0,72,3,2/20,24,9,16,0,0
Shivam Mavi,Kolkata Knight Riders,2018-2022,32,12,3,51,20,5.66,56,91.07,0,0,3,4,2,32,108.1,2,942,30,4/21,31.4,8.7,21.6,1,0
Shivam Sharma,Kings XI Punjab,2014-2015,5,2,1,5,4,5,3,166.66,0,0,0,1,0,5,19.0,0,165,4,2/26,41.25,8.68,28.5,0,0
Shivam Singh,Punjab Kings,2024-2024,1,1,1,2,2*,-,3,66.66,0,0,0,0,0,-,-,-,-,-,-,-,-,-,-,-
Shivang Kumar,Sunrisers Hyderabad,2026-2026,3,2,0,9,5,4.5,6,150,0,0,0,2,0,3,12.0,0,104,4,3/33,26,8.66,18,0,0
Shoaib Ahmed,Deccan Chargers,2009-2009,8,3,1,1,1*,0.5,6,16.66,0,0,2,0,0,7,17.0,0,152,5,2/20,30.4,8.94,20.4,0,0
Shoaib Akhtar,Kolkata Knight Riders,2008-2008,3,1,0,2,2,2,7,28.57,0,0,0,0,0,3,7.0,0,54,5,4/11,10.8,7.71,8.4,1,0
Shoaib Malik,Delhi Daredevils,2008-2008,7,5,1,52,24,13,47,110.63,0,0,0,5,0,5,8.3,0,85,2,1/6,42.5,10,25.5,0,0
Shubman Gill,"Gujarat Titans, Kolkata Knight Riders",2018-2026,121,118,17,4031,129,39.91,2899,139.04,4,28,4,388,125,-,-,-,-,-,-,-,-,-,-,-
Sikandar Raza,Punjab Kings,2023-2024,9,9,2,182,57,26,136,133.82,0,1,0,12,8,7,14.0,0,141,3,1/19,47,10.07,28,0,0
Simarjeet Singh,"Chennai Super Kings, Sunrisers Hyderabad",2022-2025,14,6,3,10,3*,3.33,15,66.66,0,0,2,0,0,14,40.0,0,400,11,3/26,36.36,10,21.8,0,0
Sohail Tanvir,Rajasthan Royals,2008-2008,11,5,2,36,13,12,29,124.13,0,0,0,3,1,11,41.1,0,266,22,6/14,12.09,6.46,11.2,1,1
Sumit Kumar,Delhi Capitals,2024-2024,4,3,1,18,9*,9,24,75,0,0,0,2,1,2,3.2,0,38,0,-,-,11.4,-,0,0
Sunny Gupta,Delhi Daredevils,2012-2012,1,1,0,0,0,0,1,0,0,0,1,0,0,1,3.0,0,47,0,-,-,15.66,-,0,0
Sunny Singh,Kings XI Punjab,2011-2011,6,5,1,43,20,10.75,31,138.7,0,0,0,6,1,-,-,-,-,-,-,-,-,-,-,-
Suryansh Shedge,Punjab Kings,2025-2025,5,3,0,7,4,2.33,11,63.63,0,0,0,0,0,1,3.0,0,40,0,-,-,13.33,-,0,0
Suyash Sharma,"Kolkata Knight Riders, Royal Challengers Bengaluru",2023-2026,30,-,-,-,-,-,-,-,-,-,-,-,-,29,100.0,0,863,20,3/17,43.15,8.63,30,0,0
Swapnil Singh,"Kings XI Punjab, Lucknow Super Giants, Royal Challengers Bengaluru",2016-2024,14,9,4,51,15*,10.2,45,113.33,0,0,2,3,3,14,27.0,0,241,7,2/28,34.42,8.92,23.1,0,0
T Banton,Kolkata Knight Riders,2020-2020,2,2,0,18,10,9,20,90,0,0,0,1,1,-,-,-,-,-,-,-,-,-,-,-
T Henderson,Rajasthan Royals,2009-2009,2,2,0,11,11,5.5,16,68.75,0,0,1,0,1,2,6.0,0,40,1,1/30,40,6.66,36,0,0
T Kohler-Cadmore,Rajasthan Royals,2024-2024,4,3,0,48,20,16,54,88.88,0,0,0,7,1,-,-,-,-,-,-,-,-,-,-,-
T Kohli,"Kings XI Punjab, Rajasthan Royals",2008-2009,4,4,1,11,7,3.66,19,57.89,0,0,0,0,1,-,-,-,-,-,-,-,-,-,-,-
T Mishra,Deccan Chargers,2012-2012,1,-,-,-,-,-,-,-,-,-,-,-,-,-,-,-,-,-,-,-,-,-,-,-
T Natarajan,"Delhi Capitals, Kings XI Punjab, Sunrisers Hyderabad",2017-2026,67,5,5,4,3*,-,7,57.14,0,0,0,0,0,66,240.5,2,2159,71,4/19,30.4,8.96,20.3,1,0
T Shamsi,"Rajasthan Royals, Royal Challengers Bangalore",2016-2021,5,1,1,2,2*,-,4,50,0,0,0,0,0,5,20.0,0,181,3,1/21,60.33,9.05,40,0,0
T Stubbs,"Delhi Capitals, Mumbai Indians",2022-2026,36,34,15,814,71*,42.84,512,158.98,0,4,2,58,41,5,6.0,0,69,4,2/11,17.25,11.5,9,0,0
T Taibu,Kolkata Knight Riders,2008-2008,3,3,0,31,15,10.33,26,119.23,0,0,0,3,0,-,-,-,-,-,-,-,-,-,-,-
T Thushara,Chennai Super Kings,2009-2010,6,4,2,12,8,6,18,66.66,0,0,0,0,0,6,22.3,0,161,8,2/16,20.12,7.15,16.8,0,0
TA Boult,"Delhi Capitals, Delhi Daredevils, Kolkata Knight Riders, Mumbai Indians, Rajasthan Royals, Sunrisers Hyderabad",2015-2026,123,30,20,86,17*,8.6,83,103.61,0,0,3,5,3,122,456.1,11,3857,144,4/18,26.78,8.45,19,2,0
TD Paine,Pune Warriors,2011-2011,2,2,0,10,8,5,26,38.46,0,0,0,0,0,-,-,-,-,-,-,-,-,-,-,-
TG Southee,"Chennai Super Kings, Kolkata Knight Riders, Mumbai Indians, Rajasthan Royals, Royal Challengers Bangalore",2011-2023,54,20,7,120,36*,9.23,107,112.14,0,0,3,8,4,54,201.0,2,1742,47,3/20,37.06,8.66,25.6,0,0
TH David,"Mumbai Indians, Royal Challengers Bangalore, Royal Challengers Bengaluru",2021-2026,54,48,21,979,70*,36.25,548,178.64,0,2,3,62,72,1,1.0,0,18,0,-,-,18,-,0,0
TK Curran,"Delhi Capitals, Kolkata Knight Riders, Rajasthan Royals",2018-2021,13,10,5,127,54*,25.4,107,118.69,0,1,0,10,3,13,39.4,0,430,13,3/29,33.07,10.84,18.3,0,0
TK Kotian,Rajasthan Royals,2024-2024,1,1,0,24,24,24,31,77.41,0,0,0,3,0,-,-,-,-,-,-,-,-,-,-,-
TL Seifert,"Delhi Capitals, Kolkata Knight Riders",2021-2022,3,3,0,26,21,8.66,23,113.04,0,0,0,4,0,-,-,-,-,-,-,-,-,-,-,-
TL Suman,"Deccan Chargers, Mumbai Indians, Pune Warriors",2009-2013,43,40,8,676,78*,21.12,575,117.56,0,2,3,55,26,11,25.0,0,197,6,2/14,32.83,7.88,25,0,0
TM Dilshan,"Delhi Daredevils, Royal Challengers Bangalore",2008-2013,52,50,7,1153,76*,26.81,1007,114.49,0,9,6,140,24,25,45.1,0,366,5,1/3,73.2,8.1,54.2,0,0
TM Head,"Royal Challengers Bangalore, Sunrisers Hyderabad",2016-2026,42,41,4,1248,102,33.72,735,169.79,1,8,5,140,59,6,9.4,0,113,2,2/30,56.5,11.68,29,0,0
TM Srivastava,Kings XI Punjab,2008-2009,7,3,2,8,7,8,11,72.72,0,0,0,0,0,-,-,-,-,-,-,-,-,-,-,-
TP Sudhindra,Deccan Chargers,2012-2012,3,1,1,0,0*,-,0,-,0,0,0,0,0,3,11.4,0,136,1,1/46,136,11.65,70,0,0
TR Birt,Delhi Daredevils,2011-2011,5,5,0,75,27,15,58,129.31,0,0,0,9,2,-,-,-,-,-,-,-,-,-,-,-
TS Mills,"Mumbai Indians, Royal Challengers Bangalore",2017-2022,10,5,1,8,6,2,14,57.14,0,0,2,0,1,10,34.5,0,343,11,3/35,31.18,9.84,19,0,0
TU Deshpande,"Chennai Super Kings, Delhi Capitals, Rajasthan Royals",2020-2026,48,8,6,28,20*,14,22,127.27,0,0,0,2,1,48,165.5,0,1636,53,4/27,30.86,9.86,18.7,1,0
Tejas Baroka,Gujarat Lions,2017-2017,1,-,-,-,-,-,-,-,-,-,-,-,-,1,3.3,0,33,0,-,-,9.42,-,0,0
U Kaul,Kings XI Punjab,2008-2008,5,1,1,0,0*,-,1,0,0,0,0,0,0,-,-,-,-,-,-,-,-,-,-,-
UA Birla,Pune Warriors,2013-2013,2,1,0,7,7,7,14,50,0,0,0,1,0,-,-,-,-,-,-,-,-,-,-,-
UBT Chand,"Delhi Daredevils, Mumbai Indians, Rajasthan Royals",2011-2016,21,20,0,300,58,15,300,100,0,1,4,32,9,-,-,-,-,-,-,-,-,-,-,-
UM Patel,Chennai Super Kings,2025-2025,3,3,0,68,37,22.66,32,212.5,0,0,1,5,6,-,-,-,-,-,-,-,-,-,-,-
UT Khawaja,Rising Pune Supergiants,2016-2016,6,6,0,127,30,21.16,100,127,0,0,0,14,3,-,-,-,-,-,-,-,-,-,-,-
UT Yadav,"Delhi Daredevils, Gujarat Titans, Kolkata Knight Riders, Royal Challengers Bangalore",2010-2024,148,52,31,208,24*,9.9,201,103.48,0,0,8,16,9,147,508.2,5,4317,144,4/23,29.97,8.49,21.1,3,0
Umar Gul,Kolkata Knight Riders,2008-2008,6,4,1,39,24,13,19,205.26,0,0,0,1,5,6,22.3,1,184,12,4/23,15.33,8.17,11.2,1,0
Umran Malik,Sunrisers Hyderabad,2021-2024,26,6,4,23,19*,11.5,16,143.75,0,0,2,1,2,26,82.1,1,772,29,5/25,26.62,9.39,17,1,1
V Kaverappa,Punjab Kings,2024-2024,1,-,-,-,-,-,-,-,-,-,-,-,-,1,4.0,0,36,2,2/36,18,9,12,0,0
V Kohli,"Royal Challengers Bangalore, Royal Challengers Bengaluru",2008-2026,271,263,41,8840,113*,39.81,6629,133.35,8,65,10,790,298,26,41.5,0,368,4,2/25,92,8.79,62.7,0,0
V Nigam,Delhi Capitals,2025-2026,17,9,1,154,39,19.25,86,179.06,0,0,1,17,8,16,44.0,0,411,12,2/18,34.25,9.34,22,0,0
V Pratap Singh,Deccan Chargers,2012-2012,9,1,0,0,0,0,1,0,0,0,1,0,0,9,34.0,0,296,10,2/31,29.6,8.7,20.4,0,0
V Puthur,Mumbai Indians,2025-2025,5,-,-,-,-,-,-,-,-,-,-,-,-,5,12.0,0,109,6,3/32,18.16,9.08,12,0,0
V Sehwag,"Delhi Daredevils, Kings XI Punjab",2008-2015,104,104,5,2728,122,27.55,1755,155.44,2,16,7,334,106,15,22.4,0,235,6,2/18,39.16,10.36,22.6,0,0
V Shankar,"Chennai Super Kings, Delhi Daredevils, Gujarat Titans, Sunrisers Hyderabad",2014-2025,78,65,18,1233,69*,26.23,950,129.78,0,7,2,88,48,22,39.4,0,344,9,2/19,38.22,8.67,26.4,0,0
V Sooryavanshi,Rajasthan Royals,2025-2026,11,11,0,452,101,41.09,197,229.44,1,3,1,36,42,-,-,-,-,-,-,-,-,-,-,-
V Viyaskanth,Sunrisers Hyderabad,2024-2024,3,1,1,7,7*,-,5,140,0,0,0,0,0,3,10.0,0,86,1,1/37,86,8.6,60,0,0
V Vyshak,"Punjab Kings, Royal Challengers Bangalore, Royal Challengers Bengaluru",2023-2026,20,4,2,14,13*,7,12,116.66,0,0,2,0,1,19,65.3,0,681,22,3/20,30.95,10.39,17.8,0,0
VG Arora,"Kolkata Knight Riders, Punjab Kings",2022-2026,36,11,7,10,2*,2.5,26,38.46,0,0,3,0,0,35,118.2,1,1153,41,3/27,28.12,9.74,17.3,0,0
VH Zol,Royal Challengers Bangalore,2014-2014,3,2,0,29,16,14.5,26,111.53,0,0,0,3,1,-,-,-,-,-,-,-,-,-,-,-
VR Aaron,"Delhi Daredevils, Gujarat Titans, Kings XI Punjab, Rajasthan Royals, Royal Challengers Bangalore",2011-2022,52,13,8,50,17*,10,72,69.44,0,0,1,2,2,50,165.4,2,1481,44,3/16,33.65,8.93,22.5,0,0
VR Iyer,"Kolkata Knight Riders, Royal Challengers Bengaluru",2021-2026,63,57,8,1497,104,30.55,1084,138.09,1,12,2,137,67,9,13.3,0,143,3,2/29,47.66,10.59,27,0,0
VRV Singh,Kings XI Punjab,2008-2010,19,2,0,4,4,2,3,133.33,0,0,1,1,0,18,60.0,0,542,12,3/29,45.16,9.03,30,0,0
VS Malik,"Kings XI Punjab, Rajasthan Royals",2009-2014,13,2,1,7,6,7,7,100,0,0,0,1,0,13,34.1,0,261,6,2/14,43.5,7.63,34.1,0,0
VS Yeligati,Mumbai Indians,2008-2008,2,1,0,2,2,2,2,100,0,0,0,0,0,2,5.0,0,59,0,-,-,11.8,-,0,0
VVS Laxman,"Deccan Chargers, Kochi Tuskers Kerala",2008-2011,20,20,2,282,52,15.66,267,105.61,0,1,4,33,5,-,-,-,-,-,-,-,-,-,-,-
VY Mahesh,"Chennai Super Kings, Delhi Daredevils",2008-2012,18,5,3,15,6*,7.5,27,55.55,0,0,0,0,0,17,56.3,0,499,21,4/36,23.76,8.83,16.1,1,0
Virat Singh,Sunrisers Hyderabad,2021-2021,3,2,0,15,11,7.5,26,57.69,0,0,0,1,0,-,-,-,-,-,-,-,-,-,-,-
Vishnu Vinod,"Mumbai Indians, Royal Challengers Bangalore",2017-2023,6,6,0,56,30,9.33,57,98.24,0,0,0,3,3,-,-,-,-,-,-,-,-,-,-,-
Vivrant Sharma,Sunrisers Hyderabad,2023-2023,3,1,0,69,69,69,47,146.8,0,1,0,9,2,2,3.0,0,37,0,-,-,12.33,-,0,0
W Jaffer,Royal Challengers Bangalore,2008-2009,8,8,0,130,50,16.25,121,107.43,0,1,1,14,3,-,-,-,-,-,-,-,-,-,-,-
W O'Rourke,Lucknow Super Giants,2025-2025,3,-,-,-,-,-,-,-,-,-,-,-,-,3,10.2,0,132,6,3/27,22,12.77,10.3,0,0
WA Mota,Kings XI Punjab,2008-2009,12,8,2,56,25,9.33,75,74.66,0,0,0,2,0,7,12.0,0,97,4,1/6,24.25,8.08,18,0,0
WD Parnell,"Delhi Daredevils, Pune Warriors, Royal Challengers Bangalore",2011-2023,33,14,4,65,16,6.5,80,81.25,0,0,0,4,1,33,120.3,1,937,35,3/10,26.77,7.77,20.6,0,0
WG Jacks,"Mumbai Indians, Royal Challengers Bengaluru",2024-2025,21,19,2,463,100*,27.23,303,152.8,1,2,0,38,29,13,23.0,0,220,8,2/14,27.5,9.56,17.2,0,0
WP Saha,"Chennai Super Kings, Gujarat Titans, Kings XI Punjab, Kolkata Knight Riders, Sunrisers Hyderabad",2008-2024,170,145,24,2934,115*,24.24,2300,127.56,1,13,7,296,87,-,-,-,-,-,-,-,-,-,-,-
WPUJC Vaas,Deccan Chargers,2008-2010,13,11,3,81,20,10.12,73,110.95,0,0,3,2,3,13,47.0,2,355,18,3/21,19.72,7.55,15.6,0,0
Washington Sundar,"Gujarat Titans, Rising Pune Supergiant, Royal Challengers Bangalore, Sunrisers Hyderabad",2017-2026,70,49,13,609,55,16.91,468,130.12,0,1,3,53,19,65,190.4,1,1474,40,3/16,36.85,7.73,28.6,0,0
X Thalaivan Sargunam,Sunrisers Hyderabad,2013-2013,1,1,0,10,10,10,17,58.82,0,0,0,0,0,-,-,-,-,-,-,-,-,-,-,-
XC Bartlett,Punjab Kings,2025-2026,8,2,1,22,11*,22,20,110,0,0,0,1,1,8,23.4,0,231,6,2/9,38.5,9.76,23.6,0,0
Y Gnaneswara Rao,Kochi Tuskers Kerala,2011-2011,2,1,0,19,19,19,17,111.76,0,0,0,3,0,1,1.0,0,7,0,-,-,7,-,0,0
Y Nagar,Delhi Daredevils,2009-2012,26,20,6,285,44*,20.35,259,110.03,0,0,2,20,9,8,11.0,0,125,4,2/20,31.25,11.36,16.5,0,0
Y Prithvi Raj,Kolkata Knight Riders,2019-2019,2,1,1,0,0*,-,1,0,0,0,0,0,0,2,5.0,0,57,1,1/29,57,11.4,30,0,0
Y Venugopal Rao,"Deccan Chargers, Delhi Daredevils, Sunrisers Hyderabad",2008-2014,65,54,10,985,71*,22.38,836,117.82,0,3,2,77,37,20,36.0,0,337,6,2/23,56.16,9.36,36,0,0
YA Abdulla,Kings XI Punjab,2009-2010,11,1,1,0,0*,-,1,0,0,0,0,0,0,11,34.5,1,307,15,4/31,20.46,8.81,13.9,2,0
YBK Jaiswal,Rajasthan Royals,2020-2026,71,70,5,2349,124,36.13,1529,153.62,2,17,4,277,102,1,0.1,0,6,0,-,-,36,-,0,0
YK Pathan,"Kolkata Knight Riders, Rajasthan Royals, Sunrisers Hyderabad",2008-2019,174,154,44,3204,100,29.12,2241,142.97,1,13,9,262,158,82,191.1,1,1415,42,3/20,33.69,7.4,27.3,0,0
YS Chahal,"Mumbai Indians, Punjab Kings, Rajasthan Royals, Royal Challengers Bangalore",2013-2026,178,20,13,37,8*,5.28,86,43.02,0,0,1,0,0,175,641.5,4,5114,224,5/40,22.83,7.96,17.1,8,1
YV Dhull,Delhi Capitals,2023-2023,4,3,0,16,13,5.33,23,69.56,0,0,0,1,0,-,-,-,-,-,-,-,-,-,-,-
YV Takawale,"Mumbai Indians, Royal Challengers Bangalore",2008-2014,16,10,2,192,45,24,178,107.86,0,0,2,26,3,-,-,-,-,-,-,-,-,-,-,-
Yash Dayal,"Gujarat Titans, Royal Challengers Bengaluru",2022-2025,43,4,1,4,3,1.33,9,44.44,0,0,2,0,0,43,145.1,0,1390,41,3/20,33.9,9.57,21.2,0,0
Yash Thakur,"Lucknow Super Giants, Punjab Kings",2023-2025,21,-,-,-,-,-,-,-,-,-,-,-,-,21,73.5,1,770,25,5/30,30.8,10.42,17.7,1,1
Yashpal Singh,Kolkata Knight Riders,2009-2009,8,4,0,47,20,11.75,66,71.21,0,0,0,5,0,-,-,-,-,-,-,-,-,-,-,-
Younis Khan,Rajasthan Royals,2008-2008,1,1,0,3,3,3,7,42.85,0,0,0,0,0,-,-,-,-,-,-,-,-,-,-,-
Yudhvir Singh,"Lucknow Super Giants, Rajasthan Royals",2023-2025,9,4,0,22,14,5.5,16,137.5,0,0,1,1,2,9,23.0,0,253,8,3/47,31.62,11,17.2,0,0
Yuvraj Singh,"Delhi Daredevils, Kings XI Punjab, Mumbai Indians, Pune Warriors, Royal Challengers Bangalore, Sunrisers Hyderabad",2008-2019,132,126,15,2750,83,24.77,2120,129.71,0,13,4,217,149,73,144.5,0,1077,36,4/29,29.91,7.43,24.1,2,0
Z Khan,"Delhi Daredevils, Mumbai Indians, Royal Challengers Bangalore",2008-2017,100,32,18,117,23*,8.35,141,82.97,0,0,5,11,2,99,366.4,5,2782,102,4/17,27.27,7.58,21.5,1,0
Zeeshan Ansari,Sunrisers Hyderabad,2025-2025,10,-,-,-,-,-,-,-,-,-,-,-,-,10,33.5,0,333,6,3/42,55.5,9.84,33.8,0,0
