season,player_name,team_name,matches,innings,runs,batting_avg,strike_rate,fours,sixes,fifties,hundreds,wickets,economy,bowling_avg
2012,A Ashish Reddy,Deccan Chargers,5,4,44,19.45,126.16,2,3,0,0,1,9.3,25.64
2013,A Ashish Reddy,Sunrisers Hyderabad,8,6,66,13.07,148.04,4,2,1,0,3,9.69,22.0
2014,A Ashish Reddy,Sunrisers Hyderabad,5,4,86,25.55,147.47,4,3,0,0,1,9.63,26.06
2015,A Ashish Reddy,Sunrisers Hyderabad,9,7,41,14.94,152.9,5,2,0,0,6,9.68,19.47
2016,A Ashish Reddy,Sunrisers Hyderabad,4,3,28,21.62,159.45,2,3,0,0,5,9.96,25.33
2022,A Badoni,Lucknow Super Giants,16,13,241,35.91,146.63,12,12,1,0,1,8.67,11.38
2023,A Badoni,Lucknow Super Giants,16,13,235,15.66,117.72,16,7,0,0,0,8.49,13.21
2024,A Badoni,Lucknow Super Giants,12,10,305,32.51,135.76,18,7,4,0,0,9.19,11.64
2025,A Badoni,Lucknow Super Giants,7,6,175,19.58,117.71,20,6,2,0,1,8.83,13.13
2026,A Badoni,Lucknow Super Giants,9,8,327,35.65,118.85,8,12,3,0,1,8.74,12.77
2012,A Chandila,Rajasthan Royals,6,1,1,15.1,61.23,0,0,0,0,7,6.33,19.14
2013,A Chandila,Rajasthan Royals,8,1,3,23.66,53.27,0,0,0,0,8,5.61,26.13
2008,A Chopra,Kolkata Knight Riders,2,2,24,10.05,78.0,3,0,0,0,0,8.2,34.13
2009,A Chopra,Kolkata Knight Riders,4,3,12,10.39,64.5,3,0,0,0,0,8.56,27.79
2017,A Choudhary,Royal Challengers Bangalore,7,4,17,28.79,142.17,1,1,0,0,8,8.03,26.83
2018,A Dananjaya,Mumbai Indians,1,1,5,26.96,88.17,0,0,0,0,0,11.69,35.51
2009,A Flintoff,Chennai Super Kings,2,2,69,29.48,102.79,7,2,1,0,2,8.82,62.47
2024,A Kamboj,Chennai Super Kings,6,3,7,17.39,101.08,1,0,0,0,7,9.46,20.69
2025,A Kamboj,Mumbai Indians,6,3,13,18.08,126.72,1,0,0,0,7,9.5,24.26
2026,A Kamboj,Mumbai Indians,6,3,6,14.19,119.73,1,0,0,0,3,8.65,26.71
2008,A Kumble,Royal Challengers Bangalore,14,6,10,11.49,77.16,1,0,0,0,8,6.09,19.22
2009,A Kumble,Royal Challengers Bangalore,12,5,13,12.04,66.54,1,0,0,0,14,6.71,21.55
2010,A Kumble,Royal Challengers Bangalore,10,4,16,12.21,64.51,1,0,0,0,12,7.2,24.83
2023,A Madhwal,Mumbai Indians,7,1,3,23.08,63.17,0,0,0,0,8,9.72,23.59
2024,A Madhwal,Rajasthan Royals,6,1,4,22.22,60.45,0,0,0,0,7,9.47,25.45
2025,A Madhwal,Rajasthan Royals,5,1,4,12.11,48.74,0,0,0,0,6,10.16,21.98
2022,A Manohar,Gujarat Titans,10,7,47,12.71,113.77,4,2,0,0,0,7.95,34.17
2023,A Manohar,Sunrisers Hyderabad,4,3,102,10.9,130.02,5,3,1,0,0,8.23,26.52
2024,A Manohar,Sunrisers Hyderabad,9,7,84,14.55,132.11,4,4,1,0,0,9.15,25.57
2025,A Manohar,Sunrisers Hyderabad,6,4,85,20.53,134.06,4,3,1,0,0,9.1,27.53
2025,A Mhatre,Chennai Super Kings,3,3,188,36.18,177.02,22,7,1,0,0,8.98,33.49
2026,A Mhatre,Chennai Super Kings,5,5,191,25.19,188.93,19,11,2,0,0,8.47,35.47
2008,A Mishra,Deccan Chargers,7,2,33,11.44,83.68,1,0,0,0,6,7.26,22.65
2009,A Mishra,Delhi Capitals,12,4,17,12.08,83.57,2,0,0,0,4,7.39,22.26
2010,A Mishra,Delhi Daredevils,7,2,10,11.34,84.54,2,0,0,0,4,7.96,21.86
2011,A Mishra,Lucknow Super Giants,7,2,12,10.57,92.19,2,0,0,0,8,7.63,21.44
2012,A Mishra,Sunrisers Hyderabad,11,4,13,15.28,96.83,1,0,0,0,11,7.02,26.39
2013,A Mishra,Sunrisers Hyderabad,13,5,29,7.25,95.13,1,0,0,0,17,8.04,27.3
2014,A Mishra,Sunrisers Hyderabad,10,4,24,11.6,99.51,2,0,0,0,8,6.76,27.11
2015,A Mishra,Sunrisers Hyderabad,13,5,10,8.46,101.13,2,0,0,0,7,7.72,23.82
2016,A Mishra,Sunrisers Hyderabad,12,4,29,13.71,85.46,1,0,0,0,11,7.47,19.36
2017,A Mishra,Sunrisers Hyderabad,12,4,34,12.6,87.95,2,0,0,0,9,8.03,19.66
2018,A Mishra,Sunrisers Hyderabad,11,4,17,8.77,95.7,1,0,0,0,6,7.85,24.8
2019,A Mishra,Sunrisers Hyderabad,7,2,17,12.13,89.69,3,0,0,0,8,6.65,22.17
2020/21,A Mishra,Sunrisers Hyderabad,9,3,29,10.84,101.94,2,0,0,0,6,7.92,22.01
2021,A Mishra,Sunrisers Hyderabad,8,3,14,13.96,89.81,2,0,0,0,6,8.09,23.3
2022,A Mishra,Sunrisers Hyderabad,10,4,22,11.54,78.36,2,0,0,0,4,7.59,27.81
2023,A Mishra,Sunrisers Hyderabad,13,5,32,11.09,82.19,2,0,0,0,12,7.27,22.72
2024,A Mishra,Sunrisers Hyderabad,5,2,33,8.64,101.37,2,0,0,0,11,7.62,19.69
2009,A Mithun,Royal Challengers Bangalore,4,2,4,6.09,140.78,1,0,0,0,1,10.38,65.0
2010,A Mithun,Royal Challengers Bangalore,4,2,8,6.59,124.63,1,0,0,0,1,9.23,54.95
2011,A Mithun,Royal Challengers Bangalore,3,2,6,4.53,136.92,1,0,0,0,2,9.71,66.63
2012,A Mithun,Royal Challengers Bangalore,2,1,4,8.11,117.75,1,0,0,0,2,8.87,61.31
2013,A Mithun,Royal Challengers Bangalore,3,2,6,4.34,136.05,0,0,0,0,1,10.15,71.74
2008,A Mukund,Chennai Super Kings,1,1,3,7.23,79.88,0,0,0,0,0,7.99,24.19
2009,A Mukund,Royal Challengers Bangalore,1,1,5,6.43,95.05,0,0,0,0,0,8.88,24.53
2010,A Mukund,Royal Challengers Bangalore,1,1,5,8.7,84.49,0,0,0,0,0,7.83,27.88
2011,A Mukund,Royal Challengers Bangalore,1,1,4,7.82,89.57,0,0,0,0,0,9.16,28.93
2012,A Mukund,Royal Challengers Bangalore,1,1,5,10.03,79.93,0,0,0,0,0,8.2,31.57
2013,A Mukund,Royal Challengers Bangalore,1,1,4,10.93,98.74,0,0,0,0,0,7.76,24.21
2008,A Nehra,Chennai Super Kings,9,2,5,3.57,56.62,0,0,0,0,14,7.25,21.05
2009,A Nehra,Delhi Daredevils,9,2,3,5.27,68.94,0,0,0,0,7,8.19,28.13
2010,A Nehra,Mumbai Indians,11,3,2,7.22,64.43,0,0,0,0,15,8.23,20.98
2011,A Nehra,Pune Warriors,12,3,7,7.26,70.01,0,0,0,0,6,8.42,23.73
2012,A Nehra,Sunrisers Hyderabad,13,3,2,8.15,74.81,0,0,0,0,5,7.33,23.99
2013,A Nehra,Sunrisers Hyderabad,9,2,2,4.43,64.61,0,0,0,0,12,7.53,24.25
2014,A Nehra,Sunrisers Hyderabad,13,3,3,5.28,65.54,0,0,0,0,9,8.01,22.9
2015,A Nehra,Sunrisers Hyderabad,8,2,2,7.75,62.16,0,0,0,0,11,7.92,20.48
2016,A Nehra,Sunrisers Hyderabad,9,2,3,6.86,60.08,0,0,0,0,17,7.06,26.93
2017,A Nehra,Sunrisers Hyderabad,8,2,5,5.31,62.31,0,0,0,0,18,7.17,27.15
2008,A Nel,Mumbai Indians,1,1,0,0,129.06,0,0,0,0,1,10.76,32.67
2020/21,A Nortje,Delhi Capitals,5,2,7,9.36,93.93,1,0,0,0,11,8.22,29.64
2021,A Nortje,Kolkata Knight Riders,5,2,8,7.91,88.05,1,0,0,0,4,8.34,30.15
2022,A Nortje,Lucknow Super Giants,10,4,10,5.13,95.85,1,0,0,0,11,9.08,28.17
2023,A Nortje,Lucknow Super Giants,10,4,10,4.81,100.13,1,0,0,0,12,9.65,25.23
2024,A Nortje,Lucknow Super Giants,5,2,7,4.74,106.05,1,0,0,0,8,8.93,25.45
2025,A Nortje,Lucknow Super Giants,7,3,7,4.82,99.97,1,0,0,0,5,8.54,30.58
2026,A Nortje,Lucknow Super Giants,7,3,10,4.81,102.01,0,0,0,0,4,8.33,23.63
2024,A Raghuvanshi,Kolkata Knight Riders,11,9,85,26.43,168.03,15,9,1,0,0,8.99,24.5
2025,A Raghuvanshi,Kolkata Knight Riders,13,11,148,32.15,159.23,18,6,1,0,0,8.22,32.18
2026,A Raghuvanshi,Kolkata Knight Riders,10,8,323,42.23,161.42,28,10,0,0,0,9.13,28.82
2009,A Singh,Rajasthan Royals,8,2,1,0.4,19.71,0,0,0,0,9,8.44,22.27
2010,A Singh,Rajasthan Royals,5,1,1,0.65,22.82,0,0,0,0,9,8.14,19.78
2011,A Singh,Rajasthan Royals,8,2,1,0.49,20.95,0,0,0,0,9,7.23,21.12
2012,A Singh,Rajasthan Royals,7,2,1,0.31,19.99,0,0,0,0,3,8.38,26.54
2008,A Symonds,Deccan Chargers,10,9,255,28.66,117.02,28,5,4,0,8,7.98,28.38
2009,A Symonds,Mumbai Indians,8,7,308,40.86,147.45,21,10,4,0,6,7.92,39.4
2010,A Symonds,Mumbai Indians,10,9,367,23.51,123.75,21,13,6,0,8,8.04,36.73
2011,A Symonds,Mumbai Indians,7,6,182,24.86,123.64,20,6,1,0,6,7.19,39.66
2023,A Taide,Punjab Kings,3,3,96,19.55,141.96,14,2,1,0,0,25.3,33.57
2024,A Taide,Sunrisers Hyderabad,2,2,36,33.33,138.78,12,2,0,0,0,23.02,26.63
2025,A Taide,Sunrisers Hyderabad,4,4,121,16.31,138.96,13,3,1,0,0,24.91,27.28
2022,A Tomar,Kolkata Knight Riders,1,1,2,4.99,44.79,1,0,0,0,0,9.09,35.21
2010,A Uniyal,Rajasthan Royals,3,3,5,3.36,62.54,0,0,0,0,3,10.25,26.68
2016,A Zampa,Rajasthan Royals,2,1,1,3.54,58.42,0,0,0,0,5,8.71,21.43
2017,A Zampa,Rising Pune Supergiant,1,1,2,2.53,65.4,0,0,0,0,3,8.27,20.88
2018,A Zampa,Rising Pune Supergiants,3,1,1,3.85,55.04,0,0,0,0,4,8.97,19.99
2019,A Zampa,Royal Challengers Bangalore,2,1,1,4.07,55.33,0,0,0,0,3,8.1,20.47
2020/21,A Zampa,Sunrisers Hyderabad,2,1,1,3.23,56.36,0,0,0,0,4,8.83,25.16
2021,A Zampa,Sunrisers Hyderabad,2,1,2,2.87,53.34,0,0,0,0,1,7.74,22.22
2022,A Zampa,Sunrisers Hyderabad,2,1,2,2.03,64.24,0,0,0,0,3,9.21,22.74
2023,A Zampa,Sunrisers Hyderabad,3,1,2,2.77,66.26,0,0,0,0,3,8.9,23.41
2024,A Zampa,Sunrisers Hyderabad,3,1,2,3.61,57.01,0,0,0,0,4,7.73,24.08
2025,A Zampa,Sunrisers Hyderabad,1,1,2,3.37,54.77,0,0,0,0,2,8.79,17.54
2009,AA Bilakhia,Deccan Chargers,5,5,41,11.02,70.12,3,0,0,0,0,9.19,27.52
2010,AA Bilakhia,Deccan Chargers,5,5,55,14.97,81.43,1,0,1,0,0,8.78,24.54
2011,AA Chavan,Rajasthan Royals,3,1,4,6.44,101.8,1,0,0,0,4,7.76,41.56
2012,AA Chavan,Rajasthan Royals,6,1,5,8.11,97.41,1,0,0,0,2,8.08,36.99
2013,AA Chavan,Rajasthan Royals,5,1,4,4.39,119.61,1,0,0,0,2,8.33,38.78
2010,AA Jhunjhunwala,Deccan Chargers,8,6,64,14.41,90.59,8,1,0,0,1,9.61,110.75
2011,AA Jhunjhunwala,Pune Warriors,5,4,112,20.47,91.66,8,1,1,0,0,9.78,133.58
2012,AA Jhunjhunwala,Rajasthan Royals,5,4,38,10.65,97.69,7,2,0,0,0,8.52,144.79
2011,AA Kazi,Royal Challengers Bangalore,1,1,0,16.14,126.72,0,0,0,0,0,10.83,25.71
2024,AA Kulkarni,Lucknow Super Giants,2,2,12,5.14,109.74,2,0,0,0,0,8.4,28.25
2008,AA Noffke,Royal Challengers Bangalore,1,1,14,7.05,93.66,1,0,0,0,0,9.61,44.33
2008,AB Agarkar,Delhi Daredevils,4,2,33,11.95,108.76,3,1,0,0,8,9.37,31.91
2009,AB Agarkar,Kolkata Knight Riders,7,4,36,20.43,117.36,3,0,0,0,2,7.97,34.76
2010,AB Agarkar,Kolkata Knight Riders,6,3,48,20.21,130.89,1,1,0,0,8,9.62,42.6
2011,AB Agarkar,Kolkata Knight Riders,9,5,44,13.24,111.59,2,1,1,0,2,8.57,32.55
2012,AB Agarkar,Kolkata Knight Riders,8,4,42,22.92,128.71,1,1,0,0,3,8.8,35.95
2013,AB Agarkar,Kolkata Knight Riders,10,5,46,18.12,129.95,1,0,0,0,8,9.52,45.21
2010,AB Barath,Kings XI Punjab,2,2,34,24.74,97.06,5,1,0,0,0,8.38,26.37
2008,AB Dinda,Delhi Daredevils,4,1,3,2.08,53.68,0,0,0,0,6,7.98,34.75
2009,AB Dinda,Kolkata Knight Riders,7,2,1,3.11,46.13,0,0,0,0,11,8.54,25.36
2010,AB Dinda,Pune Warriors,4,1,3,3.53,61.63,0,0,0,0,12,7.57,29.91
2011,AB Dinda,Rising Pune Supergiant,10,2,2,3.07,58.09,0,0,0,0,10,7.6,35.54
2012,AB Dinda,Rising Pune Supergiants,9,2,1,3.29,53.02,0,0,0,0,8,7.39,29.8
2013,AB Dinda,Royal Challengers Bangalore,10,2,2,2.14,47.9,0,0,0,0,5,8.53,32.04
2014,AB Dinda,Royal Challengers Bangalore,10,2,3,1.95,59.93,0,0,0,0,8,7.62,25.48
2015,AB Dinda,Royal Challengers Bangalore,4,1,2,3.36,52.22,0,0,0,0,7,8.53,35.81
2016,AB Dinda,Royal Challengers Bangalore,4,1,1,2.32,61.36,0,0,0,0,9,7.79,34.79
2017,AB Dinda,Royal Challengers Bangalore,6,1,2,2.82,53.04,0,0,0,0,5,8.19,28.05
2009,AB McDonald,Delhi Daredevils,1,1,20,30.7,131.96,1,1,0,0,2,8.59,21.24
2010,AB McDonald,Royal Challengers Bangalore,2,2,28,15.57,140.28,2,0,0,0,3,8.94,20.81
2011,AB McDonald,Royal Challengers Bangalore,2,2,24,29.74,124.24,2,1,0,0,1,7.78,22.94
2012,AB McDonald,Royal Challengers Bangalore,2,2,20,21.96,127.79,2,1,0,0,1,8.3,23.56
2013,AB McDonald,Royal Challengers Bangalore,2,2,38,20.46,139.82,2,1,0,0,1,9.2,20.78
2008,AB de Villiers,Delhi Daredevils,8,7,341,39.99,154.52,15,19,3,1,0,8.68,26.48
2009,AB de Villiers,Royal Challengers Bangalore,13,12,370,46.71,140.71,18,13,3,0,0,8.15,27.22
2010,AB de Villiers,Royal Challengers Bangalore,16,15,270,28.04,168.67,21,11,3,0,0,9.32,35.87
2011,AB de Villiers,Royal Challengers Bangalore,11,10,566,51.9,140.94,44,20,0,0,0,9.18,27.54
2012,AB de Villiers,Royal Challengers Bangalore,10,9,261,24.32,158.84,36,21,4,0,0,9.25,31.0
2013,AB de Villiers,Royal Challengers Bangalore,15,14,239,37.86,143.68,26,17,3,0,0,8.72,34.3
2014,AB de Villiers,Royal Challengers Bangalore,13,12,367,38.41,166.04,20,14,2,0,0,8.62,35.32
2015,AB de Villiers,Royal Challengers Bangalore,16,15,231,28.38,148.33,36,11,3,1,0,8.75,28.83
2016,AB de Villiers,Royal Challengers Bangalore,12,11,196,24.25,166.72,23,26,2,0,0,7.87,33.24
2017,AB de Villiers,Royal Challengers Bangalore,16,15,387,49.81,167.73,41,24,2,0,0,7.89,33.12
2018,AB de Villiers,Royal Challengers Bangalore,14,13,266,41.09,129.89,41,16,0,0,0,8.58,25.23
2019,AB de Villiers,Royal Challengers Bangalore,12,11,304,32.93,170.87,41,18,5,0,0,8.82,32.58
2020/21,AB de Villiers,Royal Challengers Bangalore,10,9,181,34.42,145.33,19,17,1,0,0,7.79,24.52
2021,AB de Villiers,Royal Challengers Bangalore,16,15,452,43.66,141.99,26,14,7,0,0,8.11,29.99
2011,AC Blizzard,Mumbai Indians,5,5,94,20.95,119.19,16,1,0,0,0,8.41,33.56
2012,AC Blizzard,Mumbai Indians,4,4,34,14.71,118.43,10,1,0,0,0,8.25,29.93
2008,AC Gilchrist,Deccan Chargers,9,9,529,36.4,133.54,41,11,1,0,0,0,0
2009,AC Gilchrist,Kings XI Punjab,16,16,474,21.11,121.25,34,15,1,0,0,0,0
2010,AC Gilchrist,Kings XI Punjab,11,11,489,33.29,123.42,57,14,2,0,0,0,0
2011,AC Gilchrist,Kings XI Punjab,8,8,426,19.45,148.07,24,17,3,0,0,0,0
2012,AC Gilchrist,Kings XI Punjab,9,9,196,21.67,118.15,39,10,2,0,0,0,0
2013,AC Gilchrist,Kings XI Punjab,16,16,322,30.37,118.18,44,10,1,0,0,0,0
2011,AC Thomas,Pune Warriors,11,3,9,11.69,97.62,1,0,0,0,8,7.43,25.84
2012,AC Thomas,Pune Warriors,11,3,13,9.2,91.24,1,0,0,0,6,8.23,34.52
2010,AC Voges,Rajasthan Royals,10,8,160,40.92,109.66,9,3,2,0,0,8.31,27.24
2018,AD Hales,Sunrisers Hyderabad,4,4,78,18.98,107.02,19,4,0,0,0,7.97,26.42
2008,AD Mascarenhas,Kings XI Punjab,1,1,21,8.66,87.55,1,0,0,0,1,6.66,22.33
2009,AD Mascarenhas,Rajasthan Royals,2,2,11,6.17,106.59,1,0,0,0,2,7.48,18.76
2010,AD Mascarenhas,Rajasthan Royals,2,2,19,5.52,90.99,1,0,0,0,4,6.35,19.67
2011,AD Mascarenhas,Rajasthan Royals,1,1,17,12.23,101.33,1,0,0,0,5,7.08,18.9
2012,AD Mascarenhas,Rajasthan Royals,2,2,20,5.54,107.74,1,0,0,0,4,6.57,22.45
2013,AD Mascarenhas,Rajasthan Royals,1,1,6,10.64,95.49,1,0,0,0,5,7.34,21.69
2009,AD Mathews,Delhi Daredevils,3,3,88,20.61,109.71,7,4,1,0,4,8.12,47.73
2010,AD Mathews,Kolkata Knight Riders,8,7,126,23.13,120.75,6,3,1,0,2,8.03,41.87
2011,AD Mathews,Pune Warriors,3,3,72,22.42,140.17,3,4,1,0,5,7.43,47.59
2012,AD Mathews,Pune Warriors,4,3,42,21.03,128.56,6,3,0,0,4,7.73,45.94
2013,AD Mathews,Pune Warriors,7,6,43,17.38,111.12,4,2,0,0,5,8.01,38.89
2014,AD Mathews,Pune Warriors,4,3,104,16.15,124.19,3,3,2,0,3,8.91,34.29
2015,AD Mathews,Pune Warriors,7,6,108,32.29,115.09,5,2,0,0,2,7.4,44.09
2016,AD Mathews,Pune Warriors,3,3,117,22.44,122.88,3,4,1,0,2,8.82,34.91
2017,AD Mathews,Pune Warriors,4,3,123,23.01,127.25,7,3,2,0,4,8.94,38.95
2016,AD Nath,Gujarat Lions,2,1,29,9.57,82.04,2,1,0,0,0,9.05,32.81
2017,AD Nath,Kings XI Punjab,5,4,22,7.68,99.87,3,1,0,0,0,8.1,32.67
2018,AD Nath,Royal Challengers Bangalore,4,3,25,5.66,98.6,2,0,0,0,0,8.83,33.29
2019,AD Nath,Royal Challengers Bangalore,4,3,35,8.07,88.08,1,0,1,0,0,8.17,33.83
2012,AD Russell,Delhi Daredevils,9,7,264,26.53,198.94,12,17,1,0,7,10.32,22.89
2013,AD Russell,Kolkata Knight Riders,12,10,230,31.23,184.73,8,21,0,1,14,10.28,19.54
2014,AD Russell,Kolkata Knight Riders,6,5,246,30.99,176.51,16,22,1,0,10,9.52,26.12
2015,AD Russell,Kolkata Knight Riders,6,5,270,38.36,166.36,15,20,2,0,12,9.44,27.07
2016,AD Russell,Kolkata Knight Riders,10,8,137,31.78,164.11,7,22,0,1,14,10.29,24.88
2017,AD Russell,Kolkata Knight Riders,13,11,194,33.64,164.63,14,14,2,0,5,9.65,22.62
2018,AD Russell,Kolkata Knight Riders,14,12,173,38.11,168.44,9,12,2,0,12,9.33,21.58
2019,AD Russell,Kolkata Knight Riders,11,9,165,34.11,195.94,8,8,0,0,13,8.86,21.62
2020/21,AD Russell,Kolkata Knight Riders,11,9,199,38.86,177.92,15,20,1,0,3,9.96,27.77
2021,AD Russell,Kolkata Knight Riders,7,6,267,33.31,190.22,8,10,0,0,7,9.05,19.1
2022,AD Russell,Kolkata Knight Riders,6,5,286,19.69,155.46,18,23,1,0,6,8.9,19.34
2023,AD Russell,Kolkata Knight Riders,9,7,186,31.04,159.03,13,11,1,0,8,10.25,24.51
2024,AD Russell,Kolkata Knight Riders,11,9,270,19.56,165.96,7,16,1,0,7,10.45,24.2
2025,AD Russell,Kolkata Knight Riders,10,8,193,34.09,159.35,8,9,2,0,7,10.27,18.89
2016,AF Milne,Chennai Super Kings,1,1,2,6.71,82.92,0,0,0,0,1,10.06,45.52
2017,AF Milne,Mumbai Indians,2,1,4,7.87,69.86,0,0,0,0,1,9.64,40.46
2018,AF Milne,Royal Challengers Bangalore,2,1,2,4.92,69.97,0,0,0,0,1,8.9,43.96
2019,AF Milne,Royal Challengers Bangalore,2,1,2,5.34,81.78,0,0,0,0,2,10.32,47.28
2020/21,AF Milne,Royal Challengers Bangalore,1,1,2,4.44,76.26,0,0,0,0,1,9.12,37.55
2021,AF Milne,Royal Challengers Bangalore,1,1,2,3.75,74.16,0,0,0,0,1,8.93,47.85
2022,AF Milne,Royal Challengers Bangalore,2,1,4,6.59,77.77,0,0,0,0,1,8.9,38.3
2010,AG Murtaza,Mumbai Indians,3,1,3,10.73,65.77,0,0,0,0,1,6.42,38.71
2011,AG Murtaza,Pune Warriors,4,1,1,10.27,72.01,0,0,0,0,2,6.42,34.35
2012,AG Murtaza,Pune Warriors,3,1,1,12.2,71.29,0,0,0,0,1,6.82,41.5
2013,AG Murtaza,Pune Warriors,4,1,1,7.79,78.39,0,0,0,0,1,7.81,39.8
2010,AG Paunikar,Rajasthan Royals,3,3,34,10.09,71.93,2,0,0,0,0,7.74,34.6
2011,AG Paunikar,Rajasthan Royals,3,3,33,8.86,89.51,4,0,0,0,0,8.64,25.44
2010,AJ Finch,Delhi Daredevils,10,10,187,28.58,129.04,13,8,1,1,0,9.3,66.73
2011,AJ Finch,Gujarat Lions,9,9,132,31.95,118.29,9,6,0,0,0,10.0,72.23
2012,AJ Finch,Kings XI Punjab,6,6,158,21.97,140.28,24,7,2,0,0,9.37,62.0
2013,AJ Finch,Kolkata Knight Riders,4,4,241,22.88,126.37,9,6,3,0,0,8.79,64.33
2014,AJ Finch,Mumbai Indians,4,4,153,17.27,113.21,16,6,1,0,0,9.27,60.75
2015,AJ Finch,Pune Warriors,6,6,105,23.11,125.54,9,5,2,0,0,9.23,63.51
2016,AJ Finch,Rajasthan Royals,5,5,118,27.36,128.92,10,4,2,0,0,8.5,60.27
2017,AJ Finch,Royal Challengers Bangalore,7,7,118,32.9,135.87,22,7,1,0,0,9.14,59.49
2018,AJ Finch,Sunrisers Hyderabad,8,8,201,20.92,109.09,20,8,2,0,0,10.1,70.27
2019,AJ Finch,Sunrisers Hyderabad,5,5,128,24.29,145.98,24,8,0,0,0,9.21,54.16
2020/21,AJ Finch,Sunrisers Hyderabad,6,6,156,15.13,142.55,19,5,1,0,0,8.49,54.07
2021,AJ Finch,Sunrisers Hyderabad,9,9,84,31.31,121.88,19,5,1,0,0,9.06,68.23
2022,AJ Finch,Sunrisers Hyderabad,6,6,129,25.55,134.51,13,6,1,0,0,9.98,66.58
2023,AJ Hosein,Chennai Super Kings,1,1,6,17.72,137.48,0,0,0,0,0,10.39,58.34
2024,AJ Hosein,Sunrisers Hyderabad,1,1,3,22.03,162.16,0,0,0,0,0,10.97,69.03
2025,AJ Hosein,Sunrisers Hyderabad,1,1,6,16.42,145.15,0,0,0,0,0,10.4,68.02
2026,AJ Hosein,Sunrisers Hyderabad,1,1,2,12.13,180.51,0,0,0,0,0,10.36,60.56
2019,AJ Turner,Lucknow Super Giants,1,1,3,4.62,78.44,0,0,0,0,0,7.86,29.86
2020/21,AJ Turner,Rajasthan Royals,1,1,6,5.9,85.76,0,0,0,0,0,8.6,35.44
2021,AJ Turner,Rajasthan Royals,1,1,3,3.0,96.84,0,0,0,0,0,8.8,28.63
2022,AJ Turner,Rajasthan Royals,1,1,2,4.55,95.38,0,0,0,0,0,7.89,33.21
2023,AJ Turner,Rajasthan Royals,1,1,6,4.65,77.57,0,0,0,0,0,9.07,25.15
2024,AJ Turner,Rajasthan Royals,1,1,3,4.67,97.58,0,0,0,0,0,9.2,24.32
2017,AJ Tye,Gujarat Lions,6,3,17,9.08,124.07,1,1,0,0,11,9.23,19.14
2018,AJ Tye,Kings XI Punjab,6,3,15,12.85,104.81,1,1,0,0,5,9.41,19.64
2019,AJ Tye,Lucknow Super Giants,7,3,8,10.79,120.12,1,1,0,0,9,8.93,23.45
2020/21,AJ Tye,Rajasthan Royals,6,3,9,11.15,127.6,1,0,0,0,11,9.1,24.45
2021,AJ Tye,Rajasthan Royals,5,2,11,6.9,102.66,1,1,0,0,7,8.39,27.27
2022,AJ Tye,Rajasthan Royals,7,3,11,11.02,117.54,1,1,0,0,9,7.93,20.0
2021,AK Markram,Lucknow Super Giants,10,10,320,23.54,135.34,18,8,2,0,1,8.21,52.12
2022,AK Markram,Punjab Kings,13,13,149,25.6,120.63,24,12,1,0,1,9.06,40.95
2023,AK Markram,Sunrisers Hyderabad,6,6,376,29.93,116.09,15,14,3,0,1,8.92,57.6
2024,AK Markram,Sunrisers Hyderabad,7,7,306,32.52,134.49,24,15,0,0,2,8.28,56.07
2025,AK Markram,Sunrisers Hyderabad,15,15,291,23.04,144.66,25,11,3,0,1,9.2,45.48
2026,AK Markram,Sunrisers Hyderabad,6,6,112,36.73,125.18,17,8,1,0,1,8.92,53.94
2011,AL Menaria,Rajasthan Royals,6,5,195,22.57,108.72,6,3,2,0,2,8.51,39.59
2012,AL Menaria,Rajasthan Royals,11,9,58,14.11,99.38,8,4,0,0,1,7.27,50.64
2013,AL Menaria,Rajasthan Royals,7,6,173,18.08,113.6,12,4,0,0,1,7.2,38.87
2026,AM Ghazanfar,Mumbai Indians,3,1,0,25.83,114.27,0,0,0,0,3,13.1,39.29
2008,AM Nayar,Kings XI Punjab,9,8,79,23.33,128.81,11,3,0,0,2,8.33,37.57
2009,AM Nayar,Mumbai Indians,5,4,96,11.34,117.88,10,3,1,0,0,8.97,32.76
2010,AM Nayar,Pune Warriors,6,5,72,18.17,107.42,9,3,1,0,1,8.62,33.08
2011,AM Nayar,Rajasthan Royals,12,10,152,19.85,100.12,4,2,2,0,1,7.93,41.32
2012,AM Nayar,Rajasthan Royals,12,10,46,17.59,127.14,10,2,0,0,1,8.62,40.56
2013,AM Nayar,Rajasthan Royals,11,9,145,23.16,115.72,8,2,1,0,1,8.81,30.1
2014,AM Nayar,Rajasthan Royals,12,10,65,23.78,99.91,7,3,0,0,2,7.92,37.32
2008,AM Rahane,Chennai Super Kings,9,8,231,21.49,133.19,31,10,1,0,0,4.62,4.24
2009,AM Rahane,Delhi Capitals,8,7,139,18.66,122.32,15,9,2,0,0,5.31,5.07
2010,AM Rahane,Kolkata Knight Riders,6,6,251,25.35,118.6,17,6,3,0,0,5.39,6.0
2011,AM Rahane,Mumbai Indians,15,14,176,35.73,137.41,22,6,2,0,0,5.36,4.89
2012,AM Rahane,Rajasthan Royals,15,14,212,31.71,110.69,27,4,3,0,0,4.91,5.9
2013,AM Rahane,Rising Pune Supergiant,9,8,289,21.43,134.07,26,9,4,1,0,4.54,4.47
2014,AM Rahane,Rising Pune Supergiants,8,7,300,25.79,143.12,14,6,2,0,0,5.35,4.77
2015,AM Rahane,Rising Pune Supergiants,12,11,282,34.63,107.94,34,6,4,0,0,5.44,5.82
2016,AM Rahane,Rising Pune Supergiants,8,7,117,36.23,130.18,34,9,1,0,0,5.28,5.86
2017,AM Rahane,Rising Pune Supergiants,8,7,431,31.54,122.73,40,7,7,0,0,5.27,4.52
2018,AM Rahane,Rising Pune Supergiants,8,7,331,25.15,144.4,15,5,1,0,0,4.8,5.14
2019,AM Rahane,Rising Pune Supergiants,14,13,113,25.95,131.66,14,3,0,0,0,5.35,4.89
2020/21,AM Rahane,Rising Pune Supergiants,11,10,242,32.64,109.76,26,5,3,0,0,5.05,5.91
2021,AM Rahane,Rising Pune Supergiants,8,7,165,39.8,131.48,28,6,1,0,0,5.15,4.37
2022,AM Rahane,Rising Pune Supergiants,15,14,432,42.36,107.37,15,5,1,0,0,5.35,5.08
2023,AM Rahane,Rising Pune Supergiants,6,6,175,32.42,138.0,22,4,2,0,0,4.57,4.85
2024,AM Rahane,Rising Pune Supergiants,15,14,231,41.55,117.84,18,7,0,0,0,4.87,4.58
2025,AM Rahane,Rising Pune Supergiants,13,12,350,37.65,133.62,32,4,4,0,0,4.88,5.17
2026,AM Rahane,Rising Pune Supergiants,16,15,432,32.3,144.36,17,9,6,0,0,5.23,5.08
2009,AM Salvi,Delhi Daredevils,2,1,0,15.12,122.71,0,0,0,0,4,7.73,31.99
2010,AM Salvi,Delhi Daredevils,3,1,0,27.32,116.76,0,0,0,0,1,8.1,23.73
2011,AM Salvi,Delhi Daredevils,2,1,0,27.79,135.33,0,0,0,0,2,8.65,30.56
2010,AN Ahmed,Mumbai Indians,2,1,5,36.14,123.86,0,0,0,0,2,9.34,36.49
2011,AN Ahmed,Royal Challengers Bangalore,4,1,8,35.13,121.89,0,0,0,0,3,9.26,33.6
2012,AN Ahmed,Royal Challengers Bangalore,3,1,5,25.27,146.64,1,0,0,0,1,8.32,38.79
2013,AN Ahmed,Royal Challengers Bangalore,3,1,3,48.12,157.15,1,0,0,0,3,8.91,45.5
2014,AN Ahmed,Royal Challengers Bangalore,3,1,7,45.22,138.85,1,0,0,0,1,7.83,43.04
2015,AN Ahmed,Royal Challengers Bangalore,3,1,4,43.86,127.34,1,0,0,0,2,7.9,41.79
2009,AN Ghosh,Kolkata Knight Riders,2,2,9,4.77,75.48,1,0,0,0,0,9.15,32.77
2010,AP Dole,Rajasthan Royals,3,2,20,14.11,153.92,2,1,0,0,3,9.51,26.34
2012,AP Majumdar,Pune Warriors,3,3,45,22.66,114.77,10,2,0,0,0,8.67,24.48
2010,AP Tare,Delhi Daredevils,6,5,36,11.66,140.85,5,2,0,0,0,8.41,25.51
2011,AP Tare,Mumbai Indians,3,2,62,14.04,108.78,7,2,1,0,0,8.12,32.02
2012,AP Tare,Sunrisers Hyderabad,3,2,25,12.26,122.44,6,2,0,0,0,8.79,24.89
2013,AP Tare,Sunrisers Hyderabad,5,4,43,10.62,126.34,6,1,0,0,0,8.71,35.39
2014,AP Tare,Sunrisers Hyderabad,3,2,27,13.78,123.59,6,1,0,0,0,8.49,25.58
2015,AP Tare,Sunrisers Hyderabad,3,2,39,14.01,128.31,6,2,0,0,0,7.72,32.26
2016,AP Tare,Sunrisers Hyderabad,5,4,65,18.39,136.86,6,2,1,0,0,8.79,29.88
2017,AP Tare,Sunrisers Hyderabad,3,2,66,18.6,134.0,5,1,1,0,0,8.41,26.97
2017,AR Bawne,Delhi Daredevils,1,1,11,14.05,111.47,1,0,0,0,0,9.12,31.21
2014,AR Patel,Delhi Capitals,16,12,131,22.38,126.54,9,6,0,0,13,7.23,35.64
2015,AR Patel,Kings XI Punjab,15,11,67,20.43,122.46,6,11,1,0,15,7.41,35.27
2016,AR Patel,Kings XI Punjab,13,10,227,13.15,128.79,13,4,0,0,14,7.11,29.85
2017,AR Patel,Kings XI Punjab,16,12,208,19.54,142.36,9,8,1,1,7,6.86,30.12
2018,AR Patel,Kings XI Punjab,16,12,152,21.35,145.31,11,9,0,0,4,7.04,25.68
2019,AR Patel,Kings XI Punjab,11,8,130,26.75,148.73,12,9,0,0,15,6.74,31.78
2020/21,AR Patel,Kings XI Punjab,16,12,76,22.82,129.27,9,9,0,0,15,7.89,35.33
2021,AR Patel,Kings XI Punjab,8,6,231,22.62,128.68,8,6,3,0,9,6.95,30.53
2022,AR Patel,Kings XI Punjab,16,12,188,29.02,144.16,5,9,1,0,13,7.29,32.71
2023,AR Patel,Kings XI Punjab,10,8,85,23.54,116.94,11,4,1,0,11,6.93,37.33
2024,AR Patel,Kings XI Punjab,13,10,208,25.76,115.95,13,4,2,0,10,7.23,34.77
2025,AR Patel,Kings XI Punjab,10,8,96,22.38,133.18,10,7,1,0,10,8.04,28.37
2026,AR Patel,Kings XI Punjab,16,12,222,20.05,116.69,6,5,3,0,5,6.64,31.97
2024,AR Sharma,Delhi Capitals,8,6,158,28.0,146.99,5,15,2,0,0,8.36,24.11
2025,AR Sharma,Punjab Kings,7,5,202,28.86,148.28,12,9,2,0,0,8.81,33.63
2026,AR Sharma,Punjab Kings,7,5,178,38.36,185.95,7,7,1,0,0,8.87,29.69
2019,AS Joseph,Gujarat Titans,4,1,3,18.23,83.32,0,0,0,0,2,9.79,34.14
2020/21,AS Joseph,Mumbai Indians,2,1,3,22.34,94.79,1,0,0,0,3,9.99,31.15
2021,AS Joseph,Royal Challengers Bengaluru,3,1,5,18.42,77.19,1,0,0,0,2,9.67,27.99
2022,AS Joseph,Royal Challengers Bengaluru,5,2,5,37.08,90.38,0,0,0,0,4,10.33,29.07
2023,AS Joseph,Royal Challengers Bengaluru,4,1,3,26.47,71.72,1,0,0,0,1,10.45,28.12
2024,AS Joseph,Royal Challengers Bengaluru,5,2,3,24.69,91.3,0,0,0,0,5,9.27,37.36
2013,AS Rajpoot,Chennai Super Kings,2,1,4,4.28,56.62,0,0,0,0,3,9.12,36.56
2014,AS Rajpoot,Kings XI Punjab,2,1,5,6.68,68.56,0,0,0,0,2,9.09,35.5
2015,AS Rajpoot,Kolkata Knight Riders,5,1,5,3.93,60.77,0,0,0,0,2,9.39,31.58
2016,AS Rajpoot,Rajasthan Royals,3,1,4,5.79,61.48,0,0,0,0,5,9.61,30.85
2017,AS Rajpoot,Rajasthan Royals,4,1,4,5.01,57.2,0,0,0,0,4,9.5,34.53
2018,AS Rajpoot,Rajasthan Royals,4,1,2,6.66,55.47,0,0,0,0,4,8.53,33.14
2019,AS Rajpoot,Rajasthan Royals,5,1,4,6.19,60.23,0,0,0,0,4,9.97,39.3
2020/21,AS Rajpoot,Rajasthan Royals,2,1,4,4.85,66.6,0,0,0,0,1,8.66,37.45
2009,AS Raut,Rajasthan Royals,8,6,79,19.99,120.87,5,1,1,0,0,9.58,27.73
2010,AS Raut,Rajasthan Royals,4,3,98,14.45,130.73,5,1,0,0,0,8.07,27.81
2011,AS Raut,Rajasthan Royals,8,6,62,28.05,131.61,6,3,1,0,0,9.12,35.31
2019,AS Roy,Kolkata Knight Riders,2,1,2,4.28,98.17,0,0,0,0,1,8.86,28.38
2020/21,AS Roy,Mumbai Indians,1,1,3,4.63,104.16,0,0,0,0,1,8.85,33.56
2021,AS Roy,Mumbai Indians,2,1,5,4.92,100.51,1,0,0,0,1,7.95,29.25
2022,AS Roy,Mumbai Indians,2,1,2,4.03,89.38,0,0,0,0,2,8.33,32.86
2023,AS Roy,Mumbai Indians,2,1,5,4.46,84.87,0,0,0,0,1,8.97,26.96
2024,AS Roy,Mumbai Indians,2,1,2,5.39,103.57,0,0,0,0,1,8.49,32.39
2025,AS Roy,Mumbai Indians,2,1,4,5.13,93.43,1,0,0,0,0,9.01,27.9
2026,AS Roy,Mumbai Indians,2,1,4,5.59,86.58,0,0,0,0,1,7.97,32.43
2023,AS Tendulkar,Mumbai Indians,2,1,8,16.0,125.11,0,0,0,0,1,9.91,32.55
2024,AS Tendulkar,Mumbai Indians,2,1,4,11.0,130.77,0,1,0,0,2,9.24,41.41
2008,AS Yadav,Deccan Chargers,5,4,25,10.19,121.65,5,1,0,0,0,8.45,28.52
2020/21,AT Carey,Delhi Capitals,2,2,49,14.72,104.62,0,1,0,0,0,8.8,34.47
2010,AT Rayudu,Chennai Super Kings,16,15,134,36.94,115.23,13,14,1,1,0,8.27,30.02
2011,AT Rayudu,Mumbai Indians,15,14,141,23.76,111.96,21,15,1,0,0,7.96,25.81
2012,AT Rayudu,Mumbai Indians,10,9,273,28.62,112.48,30,11,4,0,0,8.24,32.79
2013,AT Rayudu,Mumbai Indians,15,14,380,17.2,133.43,24,15,1,0,0,8.37,24.65
2014,AT Rayudu,Mumbai Indians,15,14,415,33.02,140.71,24,16,6,1,0,7.84,26.15
2015,AT Rayudu,Mumbai Indians,16,15,388,22.76,128.11,25,7,5,0,0,9.13,29.22
2016,AT Rayudu,Mumbai Indians,16,15,262,26.55,134.24,20,11,2,0,0,7.69,27.21
2017,AT Rayudu,Mumbai Indians,9,8,397,28.94,123.57,17,12,6,0,0,8.56,25.51
2018,AT Rayudu,Mumbai Indians,16,15,467,37.34,144.08,21,7,5,0,0,8.62,24.49
2019,AT Rayudu,Mumbai Indians,9,8,315,33.32,121.33,18,15,4,0,0,8.16,28.81
2020/21,AT Rayudu,Mumbai Indians,16,15,484,34.86,130.25,33,15,0,0,0,8.7,30.47
2021,AT Rayudu,Mumbai Indians,16,15,227,32.5,115.51,17,10,0,0,0,7.73,28.78
2022,AT Rayudu,Mumbai Indians,16,15,227,27.38,138.65,31,9,2,0,0,7.82,26.7
2023,AT Rayudu,Mumbai Indians,14,13,281,30.38,129.13,21,16,1,0,0,8.6,28.12
2021,AU Rashid,Punjab Kings,1,1,4,10.03,133.5,1,0,0,0,1,9.23,37.83
2022,AU Rashid,Sunrisers Hyderabad,1,1,6,13.21,135.5,1,0,0,0,1,8.47,47.05
2023,AU Rashid,Sunrisers Hyderabad,1,1,5,13.15,157.7,1,0,0,0,1,9.17,43.29
2025,AU Verma,Sunrisers Hyderabad,5,4,112,32.3,182.02,7,9,2,0,0,9.31,30.6
2026,AU Verma,Sunrisers Hyderabad,10,9,180,28.74,175.26,6,11,2,0,0,8.5,30.39
2011,AUK Pathan,Royal Challengers Bangalore,3,3,28,7.18,144.3,3,1,0,0,0,10.2,31.87
2012,AUK Pathan,Royal Challengers Bangalore,4,4,12,4.86,155.53,3,1,0,0,0,9.7,24.97
2023,Abdul Basith,Rajasthan Royals,1,1,1,22.95,113.56,0,0,0,0,0,8.67,33.48
2020/21,Abdul Samad,Lucknow Super Giants,9,8,147,15.31,146.31,4,4,1,0,0,12.36,53.32
2021,Abdul Samad,Sunrisers Hyderabad,9,8,80,14.35,145.83,10,10,0,0,0,13.95,70.95
2022,Abdul Samad,Sunrisers Hyderabad,5,4,151,22.17,143.39,10,11,2,0,0,13.07,59.63
2023,Abdul Samad,Sunrisers Hyderabad,11,9,184,22.67,144.82,10,9,0,0,0,11.99,70.29
2024,Abdul Samad,Sunrisers Hyderabad,11,9,108,23.8,130.0,10,9,1,0,0,13.83,64.5
2025,Abdul Samad,Sunrisers Hyderabad,7,6,114,15.7,140.02,9,9,1,0,0,13.04,67.73
2026,Abdul Samad,Sunrisers Hyderabad,9,8,82,15.87,126.99,10,8,1,0,0,13.21,50.65
2008,Abdur Razzak,Royal Challengers Bangalore,1,1,0,16.88,0,0,0,0,0,0,13.5,33.66
2026,Abhinandan Singh,Royal Challengers Bengaluru,2,1,0,21.33,107.34,0,0,0,0,1,12.28,40.8
2018,Abhishek Sharma,Delhi Daredevils,13,13,253,29.3,165.86,23,17,2,0,1,8.82,55.64
2019,Abhishek Sharma,Sunrisers Hyderabad,11,11,103,21.36,151.21,13,9,1,0,1,9.24,51.89
2020/21,Abhishek Sharma,Sunrisers Hyderabad,5,5,280,34.38,180.12,11,14,4,0,2,9.48,44.95
2021,Abhishek Sharma,Sunrisers Hyderabad,13,13,306,28.22,144.89,15,16,1,0,2,8.94,47.98
2022,Abhishek Sharma,Sunrisers Hyderabad,7,7,272,20.32,189.66,25,18,4,0,1,8.64,52.16
2023,Abhishek Sharma,Sunrisers Hyderabad,6,6,150,33.12,164.68,26,7,1,0,1,9.73,39.0
2024,Abhishek Sharma,Sunrisers Hyderabad,5,5,239,29.54,155.86,25,12,2,0,0,8.91,55.24
2025,Abhishek Sharma,Sunrisers Hyderabad,11,11,344,21.95,161.19,20,10,4,0,1,9.28,44.28
2026,Abhishek Sharma,Sunrisers Hyderabad,8,8,262,27.46,172.07,10,18,2,0,1,9.5,41.5
2023,Abishek Porel,Delhi Capitals,13,12,266,17.18,166.16,15,5,1,0,0,8.82,33.87
2024,Abishek Porel,Delhi Capitals,13,12,213,29.18,169.1,15,8,1,0,0,8.79,27.89
2025,Abishek Porel,Delhi Capitals,9,8,225,24.89,154.16,17,13,3,0,0,8.88,26.74
2022,Akash Deep,Lucknow Super Giants,4,1,9,7.1,168.29,1,0,0,0,3,12.44,43.96
2023,Akash Deep,Royal Challengers Bangalore,2,1,6,6.83,195.63,1,0,0,0,1,12.2,49.45
2024,Akash Deep,Royal Challengers Bengaluru,4,1,8,10.31,184.87,0,1,0,0,2,11.29,45.47
2025,Akash Deep,Royal Challengers Bengaluru,5,2,10,10.2,172.68,1,1,0,0,4,12.31,49.32
2021,Akash Singh,Chennai Super Kings,2,1,0,19.01,112.23,0,0,0,0,2,10.27,30.05
2022,Akash Singh,Lucknow Super Giants,2,1,0,20.99,117.78,0,0,0,0,1,9.63,38.55
2023,Akash Singh,Rajasthan Royals,3,1,0,23.19,128.61,0,0,0,0,3,9.28,40.17
2024,Akash Singh,Rajasthan Royals,2,1,0,27.54,111.32,0,0,0,0,2,10.37,31.01
2025,Akash Singh,Rajasthan Royals,3,1,0,27.83,115.45,0,0,0,0,2,10.49,42.88
2022,Aman Hakim Khan,Delhi Capitals,5,4,28,8.43,97.04,4,4,0,0,0,11.99,25.9
2023,Aman Hakim Khan,Kolkata Knight Riders,7,6,36,8.41,116.67,6,2,0,0,0,12.91,34.67
2011,Anand Rajan,Deccan Chargers,3,1,0,24.5,128.62,0,0,0,0,4,8.72,24.13
2012,Anand Rajan,Sunrisers Hyderabad,2,1,0,25.69,123.04,0,0,0,0,4,8.14,26.66
2013,Anand Rajan,Sunrisers Hyderabad,3,1,0,15.02,107.34,0,0,0,0,2,7.44,25.46
2010,Anirudh Singh,Deccan Chargers,3,2,91,21.15,99.98,4,1,1,0,0,7.93,35.89
2012,Ankit Sharma,Deccan Chargers,4,2,19,8.68,147.3,1,0,0,0,1,7.89,42.81
2013,Ankit Sharma,Rajasthan Royals,4,2,14,8.69,148.13,1,0,0,0,2,7.47,37.75
2014,Ankit Sharma,Rising Pune Supergiant,3,1,20,11.58,118.57,1,1,0,0,1,7.36,37.17
2015,Ankit Sharma,Rising Pune Supergiants,3,1,19,8.45,124.41,1,0,0,0,1,6.71,44.19
2016,Ankit Sharma,Sunrisers Hyderabad,4,2,18,7.61,147.93,1,0,0,0,2,7.93,30.68
2017,Ankit Sharma,Sunrisers Hyderabad,2,1,12,7.84,133.6,1,1,0,0,1,7.7,34.4
2018,Ankit Sharma,Sunrisers Hyderabad,3,1,7,15.49,136.42,1,0,0,0,1,7.97,41.8
2017,Ankit Soni,Gujarat Lions,9,4,8,2.18,66.71,0,1,0,0,1,7.87,78.77
2021,Anmolpreet Singh,Mumbai Indians,3,3,21,10.5,115.37,7,1,0,0,0,8.36,24.8
2022,Anmolpreet Singh,Sunrisers Hyderabad,2,2,50,19.26,102.76,4,1,1,0,0,9.18,27.08
2023,Anmolpreet Singh,Sunrisers Hyderabad,1,1,34,19.53,123.44,3,1,0,0,0,8.53,33.67
2024,Anmolpreet Singh,Sunrisers Hyderabad,2,2,40,12.35,111.82,5,1,0,0,0,8.16,32.53
2021,Anuj Rawat,Rajasthan Royals,5,4,118,17.13,114.63,8,5,1,0,0,8.9,34.21
2022,Anuj Rawat,Royal Challengers Bangalore,3,3,92,25.2,109.73,9,2,1,0,0,7.67,29.77
2023,Anuj Rawat,Royal Challengers Bengaluru,5,4,127,19.13,110.63,7,3,2,0,0,8.92,31.87
2024,Anuj Rawat,Royal Challengers Bengaluru,8,7,105,19.18,104.68,8,3,0,0,0,8.95,27.15
2009,Anureet Singh,Kings XI Punjab,3,1,5,6.27,81.48,0,0,0,0,1,8.79,33.95
2010,Anureet Singh,Kolkata Knight Riders,2,1,5,11.78,76.84,0,0,0,0,1,9.4,38.43
2011,Anureet Singh,Rajasthan Royals,2,1,4,5.74,77.35,0,0,0,0,2,9.42,41.49
2012,Anureet Singh,Rajasthan Royals,3,1,2,12.1,81.56,0,0,0,0,2,9.9,33.56
2013,Anureet Singh,Rajasthan Royals,2,1,4,8.43,76.05,0,0,0,0,1,9.47,31.84
2014,Anureet Singh,Rajasthan Royals,3,1,4,5.88,82.45,0,0,0,0,1,9.04,29.91
2015,Anureet Singh,Rajasthan Royals,2,1,3,9.66,70.81,0,0,0,0,1,8.57,40.83
2016,Anureet Singh,Rajasthan Royals,3,1,2,6.43,71.43,0,0,0,0,1,9.32,34.9
2017,Anureet Singh,Rajasthan Royals,2,1,5,9.3,79.12,0,0,0,0,1,9.76,38.13
2018,Anureet Singh,Rajasthan Royals,3,1,3,9.91,74.89,0,0,0,0,1,9.45,39.67
2023,Arshad Khan,Gujarat Titans,8,5,64,26.69,129.96,2,2,0,0,6,11.48,46.91
2024,Arshad Khan,Lucknow Super Giants,9,6,53,27.35,146.83,2,2,1,0,3,11.87,39.09
2025,Arshad Khan,Mumbai Indians,7,4,28,19.57,131.0,2,3,0,0,7,12.24,43.2
2019,Arshdeep Singh,Kings XI Punjab,13,2,2,3.54,74.23,1,0,0,0,15,8.34,23.01
2020/21,Arshdeep Singh,Punjab Kings,12,2,5,6.06,58.09,1,0,0,0,15,8.96,27.03
2021,Arshdeep Singh,Punjab Kings,13,2,4,6.84,61.65,0,0,0,0,7,9.31,25.58
2022,Arshdeep Singh,Punjab Kings,15,2,3,5.92,64.41,0,0,0,0,20,8.66,30.58
2023,Arshdeep Singh,Punjab Kings,7,1,4,6.66,70.39,0,0,0,0,17,9.53,30.55
2024,Arshdeep Singh,Punjab Kings,11,2,5,7.08,63.68,0,0,0,0,9,9.82,22.96
2025,Arshdeep Singh,Punjab Kings,8,1,6,5.1,64.09,0,0,0,0,11,8.82,23.72
2026,Arshdeep Singh,Punjab Kings,11,2,5,4.32,68.6,0,0,0,0,7,9.28,22.8
2026,Ashok Sharma,Gujarat Titans,5,1,0,17.44,0,0,0,0,0,2,10.11,41.25
2025,Ashwani Kumar,Mumbai Indians,10,1,0,15.6,131.74,0,0,0,0,7,10.53,25.25
2026,Auqib Nabi,Delhi Capitals,1,1,4,5.0,178.72,1,0,0,0,0,9.29,34.29
2017,Avesh Khan,Delhi Capitals,5,1,4,22.66,158.49,1,1,0,0,10,9.9,27.21
2018,Avesh Khan,Delhi Daredevils,7,1,6,29.93,150.4,1,1,0,0,10,8.39,30.7
2019,Avesh Khan,Lucknow Super Giants,9,2,3,29.79,187.21,1,0,0,0,12,9.22,23.99
2020/21,Avesh Khan,Rajasthan Royals,12,2,9,17.4,152.09,1,0,0,0,13,9.09,27.79
2021,Avesh Khan,Royal Challengers Bangalore,7,1,8,29.4,162.26,1,0,0,0,12,8.36,26.84
2022,Avesh Khan,Royal Challengers Bangalore,4,1,7,21.09,176.37,1,0,0,0,4,8.97,30.34
2023,Avesh Khan,Royal Challengers Bangalore,10,2,7,20.67,176.46,1,0,0,0,15,9.32,32.64
2024,Avesh Khan,Royal Challengers Bangalore,10,2,3,14.53,159.18,1,1,0,0,5,8.6,33.97
2025,Avesh Khan,Royal Challengers Bangalore,11,2,9,19.33,143.51,1,0,0,0,8,9.53,30.61
2026,Avesh Khan,Royal Challengers Bangalore,5,1,5,16.57,160.0,0,0,0,0,6,8.41,25.77
2012,Azhar Mahmood,Kings XI Punjab,5,5,50,16.46,142.62,6,2,1,0,3,7.91,25.89
2013,Azhar Mahmood,Kolkata Knight Riders,5,5,74,25.32,130.67,11,3,1,0,6,7.15,20.97
2014,Azhar Mahmood,Kolkata Knight Riders,3,3,118,14.78,123.22,12,3,2,0,4,7.73,27.47
2015,Azhar Mahmood,Kolkata Knight Riders,8,7,142,25.22,113.46,12,4,0,1,12,8.5,20.34
2024,Azmatullah Omarzai,Gujarat Titans,5,3,56,10.76,131.96,6,3,0,0,7,10.32,43.15
2025,Azmatullah Omarzai,Punjab Kings,5,3,77,12.28,145.58,4,3,1,0,2,8.83,46.23
2008,B Akhil,Kochi Tuskers Kerala,4,3,27,8.52,144.6,1,2,0,0,2,7.82,43.59
2009,B Akhil,Royal Challengers Bangalore,2,1,25,10.56,143.42,1,1,0,0,1,7.53,40.18
2010,B Akhil,Royal Challengers Bangalore,4,3,26,10.5,145.81,1,2,0,0,1,8.23,35.3
2011,B Akhil,Royal Challengers Bangalore,3,2,15,8.08,118.61,1,2,0,0,2,7.54,37.94
2008,B Chipli,Deccan Chargers,4,4,66,18.79,117.61,3,1,0,0,0,18.86,29.49
2009,B Chipli,Delhi Daredevils,4,4,51,20.35,96.33,4,2,1,0,0,21.6,25.4
2010,B Chipli,Royal Challengers Bangalore,3,3,29,17.02,102.46,5,1,0,0,0,19.61,25.87
2011,B Chipli,Royal Challengers Bangalore,5,5,58,24.66,105.18,4,1,1,0,0,20.61,34.96
2012,B Chipli,Royal Challengers Bangalore,5,5,29,22.83,103.3,6,1,0,0,0,20.77,24.5
2013,B Chipli,Royal Challengers Bangalore,2,2,28,23.01,97.04,7,1,0,0,0,18.67,32.88
2008,B Geeves,Delhi Daredevils,2,1,0,16.18,129.4,0,0,0,0,1,12.25,80.16
2022,B Indrajith,Kolkata Knight Riders,2,2,20,4.82,60.3,1,0,0,0,0,7.79,32.32
2011,B Kumar,Pune Warriors,11,4,27,9.78,91.99,1,0,0,0,21,8.12,29.79
2012,B Kumar,Royal Challengers Bengaluru,9,3,13,8.39,102.96,2,0,0,0,5,7.53,32.21
2013,B Kumar,Sunrisers Hyderabad,15,6,9,8.24,101.36,2,0,0,0,14,7.38,23.63
2014,B Kumar,Sunrisers Hyderabad,12,5,9,10.18,98.07,2,0,0,0,9,7.0,31.72
2015,B Kumar,Sunrisers Hyderabad,11,4,22,11.12,99.12,3,0,0,0,4,7.78,22.08
2016,B Kumar,Sunrisers Hyderabad,14,5,18,11.49,84.66,2,0,0,0,12,7.32,32.58
2017,B Kumar,Sunrisers Hyderabad,16,6,14,7.18,98.26,1,0,0,0,21,7.54,24.68
2018,B Kumar,Sunrisers Hyderabad,7,3,18,11.28,101.58,1,0,0,0,21,7.13,28.71
2019,B Kumar,Sunrisers Hyderabad,12,5,32,8.4,87.42,1,0,0,0,16,7.14,27.66
2020/21,B Kumar,Sunrisers Hyderabad,15,6,28,7.7,90.88,2,0,0,0,19,8.16,25.96
2021,B Kumar,Sunrisers Hyderabad,12,5,31,11.8,102.09,3,0,0,0,11,7.25,25.56
2022,B Kumar,Sunrisers Hyderabad,16,6,9,6.62,93.75,3,0,0,0,7,8.46,29.3
2023,B Kumar,Sunrisers Hyderabad,8,3,16,6.89,98.46,3,0,0,0,17,7.69,28.54
2024,B Kumar,Sunrisers Hyderabad,7,3,10,5.34,103.47,3,0,0,0,19,7.45,22.85
2025,B Kumar,Sunrisers Hyderabad,10,4,10,9.5,86.8,1,0,0,0,20,7.63,25.57
2026,B Kumar,Sunrisers Hyderabad,16,6,12,6.01,103.2,2,0,0,0,11,7.81,28.74
2013,B Laughlin,Chennai Super Kings,1,1,1,3.32,33.81,0,0,0,0,1,10.9,27.89
2014,B Laughlin,Rajasthan Royals,1,1,1,2.64,37.85,0,0,0,0,1,10.11,30.14
2015,B Laughlin,Rajasthan Royals,1,1,1,2.85,43.27,0,0,0,0,1,11.01,33.39
2016,B Laughlin,Rajasthan Royals,2,1,1,3.47,38.4,0,0,0,0,2,10.31,33.75
2017,B Laughlin,Rajasthan Royals,2,1,0,2.14,34.62,0,0,0,0,2,10.54,25.53
2018,B Laughlin,Rajasthan Royals,2,1,1,2.17,33.05,0,0,0,0,3,10.99,22.68
2008,B Lee,Kings XI Punjab,6,3,26,10.12,123.04,1,2,0,0,3,7.52,52.45
2009,B Lee,Kolkata Knight Riders,5,2,13,10.23,111.85,2,2,0,0,4,7.76,49.15
2010,B Lee,Kolkata Knight Riders,4,2,27,9.85,115.45,1,1,0,0,2,7.61,39.19
2011,B Lee,Kolkata Knight Riders,5,2,31,8.14,131.0,1,2,0,0,7,8.2,46.1
2012,B Lee,Kolkata Knight Riders,4,2,31,16.63,115.77,2,1,0,0,5,6.89,42.63
2013,B Lee,Kolkata Knight Riders,7,4,13,15.55,135.82,2,1,0,0,4,7.81,43.26
2026,B Muzarabani,Kolkata Knight Riders,2,1,0,27.59,111.48,0,0,0,0,6,10.87,16.42
2022,B Sai Sudharsan,Gujarat Titans,11,11,257,43.63,160.77,29,8,1,0,0,8.35,31.69
2023,B Sai Sudharsan,Gujarat Titans,12,12,465,39.32,131.21,22,14,3,0,0,8.49,34.83
2024,B Sai Sudharsan,Gujarat Titans,8,8,599,54.3,138.09,44,16,5,0,0,9.2,32.38
2025,B Sai Sudharsan,Gujarat Titans,8,8,523,42.71,137.3,29,7,6,0,0,8.58,32.94
2026,B Sai Sudharsan,Gujarat Titans,7,7,517,64.62,141.81,49,10,8,0,0,8.44,25.83
2017,B Stanlake,Royal Challengers Bangalore,3,1,4,14.39,239.93,0,0,0,0,3,8.86,33.2
2018,B Stanlake,Sunrisers Hyderabad,3,1,2,15.16,249.8,0,0,0,0,2,8.88,32.61
2010,B Sumanth,Deccan Chargers,5,4,50,34.65,99.29,4,0,0,0,0,7.83,35.44
2011,BA Bhatt,Kings XI Punjab,6,1,1,5.95,97.46,0,0,0,0,5,7.78,30.57
2012,BA Bhatt,Kings XI Punjab,5,1,2,6.9,76.15,0,0,0,0,4,8.0,26.7
2013,BA Bhatt,Kings XI Punjab,8,1,3,6.64,96.04,0,0,0,0,4,7.69,30.97
2017,BA Stokes,Chennai Super Kings,8,8,145,32.7,142.31,12,6,1,0,5,9.17,31.87
2018,BA Stokes,Rajasthan Royals,4,4,105,25.18,132.45,7,4,0,0,6,9.4,38.65
2019,BA Stokes,Rising Pune Supergiant,6,6,178,24.08,122.83,12,6,3,0,1,8.38,37.13
2020/21,BA Stokes,Rising Pune Supergiant,9,9,85,30.72,121.42,6,6,1,0,6,8.81,32.52
2021,BA Stokes,Rising Pune Supergiant,5,5,114,28.55,148.12,6,5,1,0,3,8.12,32.53
2022,BA Stokes,Rising Pune Supergiant,10,10,125,22.28,120.17,11,3,1,0,4,8.31,41.61
2023,BA Stokes,Rising Pune Supergiant,5,5,56,15.79,126.98,10,2,0,0,4,8.01,40.12
2008,BAW Mendis,Kolkata Knight Riders,1,1,1,1.81,52.15,0,0,0,0,1,7.49,29.06
2009,BAW Mendis,Pune Warriors,2,1,0,1.02,44.95,0,0,0,0,2,6.54,33.63
2010,BAW Mendis,Pune Warriors,2,1,0,1.4,54.35,0,0,0,0,2,7.19,29.77
2011,BAW Mendis,Pune Warriors,1,1,0,1.72,42.86,0,0,0,0,2,7.4,35.32
2012,BAW Mendis,Pune Warriors,1,1,0,1.37,52.01,0,0,0,0,1,7.13,32.62
2013,BAW Mendis,Pune Warriors,1,1,0,1.18,49.87,0,0,0,0,1,6.52,41.06
2008,BB McCullum,Chennai Super Kings,5,5,302,30.41,122.48,33,9,1,0,0,8.31,34.02
2009,BB McCullum,Gujarat Lions,11,11,247,26.48,150.23,16,10,0,0,0,8.96,26.46
2010,BB McCullum,Kochi Tuskers Kerala,12,12,336,23.23,139.24,26,14,1,0,0,8.66,27.64
2011,BB McCullum,Kolkata Knight Riders,7,7,112,16.89,144.77,24,10,2,0,0,8.0,35.36
2012,BB McCullum,Royal Challengers Bangalore,10,10,281,22.93,150.98,37,16,3,0,0,8.07,31.4
2013,BB McCullum,Royal Challengers Bangalore,14,14,200,25.06,134.43,18,11,3,1,0,7.74,26.58
2014,BB McCullum,Royal Challengers Bangalore,5,5,347,36.52,123.92,35,8,5,0,0,9.23,34.65
2015,BB McCullum,Royal Challengers Bangalore,5,5,397,27.17,112.55,29,12,2,0,0,8.05,34.44
2016,BB McCullum,Royal Challengers Bangalore,12,12,153,18.06,138.78,24,17,1,1,0,8.5,33.97
2017,BB McCullum,Royal Challengers Bangalore,13,13,193,22.85,130.92,37,9,1,1,0,7.69,27.26
2018,BB McCullum,Royal Challengers Bangalore,14,14,367,26.26,149.61,15,10,4,0,0,8.04,34.18
2012,BB Samantray,Deccan Chargers,3,3,74,22.43,112.3,4,1,1,0,0,8.9,28.16
2013,BB Samantray,Sunrisers Hyderabad,4,4,86,30.03,110.43,7,1,0,0,0,8.26,29.18
2015,BB Sran,Kings XI Punjab,5,2,3,12.89,64.23,0,0,0,0,1,9.41,48.1
2016,BB Sran,Mumbai Indians,3,1,3,7.12,78.2,0,0,0,0,2,9.76,35.01
2017,BB Sran,Rajasthan Royals,3,1,1,13.48,74.95,0,0,0,0,2,8.89,45.58
2018,BB Sran,Sunrisers Hyderabad,5,2,2,11.26,69.12,0,0,0,0,4,9.87,45.21
2019,BB Sran,Sunrisers Hyderabad,6,2,3,11.73,79.84,0,0,0,0,6,9.96,41.97
2014,BCJ Cutting,Mumbai Indians,3,2,26,24.02,191.66,2,4,0,0,1,8.27,39.4
2015,BCJ Cutting,Rajasthan Royals,3,2,22,29.33,176.97,2,3,0,0,1,9.34,40.21
2016,BCJ Cutting,Sunrisers Hyderabad,4,3,44,24.73,192.94,2,4,1,0,2,8.89,38.71
2017,BCJ Cutting,Sunrisers Hyderabad,3,2,44,28.22,191.53,4,4,0,0,2,10.07,40.84
2018,BCJ Cutting,Sunrisers Hyderabad,2,2,28,27.35,175.44,3,3,0,0,1,8.94,40.11
2019,BCJ Cutting,Sunrisers Hyderabad,4,3,37,23.6,148.28,1,3,0,0,2,9.33,45.91
2014,BE Hendricks,Kings XI Punjab,3,1,1,1.24,33.69,0,0,0,0,6,8.94,22.12
2015,BE Hendricks,Kings XI Punjab,2,1,1,0.94,35.2,0,0,0,0,7,8.6,25.92
2011,BJ Haddin,Kolkata Knight Riders,1,1,15,15.15,150.05,2,1,0,0,0,8.64,29.92
2008,BJ Hodge,Kochi Tuskers Kerala,6,6,112,46.1,129.17,16,7,2,0,1,7.75,19.92
2009,BJ Hodge,Kolkata Knight Riders,9,9,88,31.63,132.81,20,6,1,0,1,7.12,20.51
2010,BJ Hodge,Rajasthan Royals,13,12,113,20.64,109.68,18,6,1,0,1,7.29,18.96
2011,BJ Hodge,Rajasthan Royals,10,10,108,21.06,114.04,15,6,0,0,2,8.14,17.04
2012,BJ Hodge,Rajasthan Royals,10,10,153,41.63,118.44,20,6,1,0,2,7.73,15.78
2013,BJ Hodge,Rajasthan Royals,11,10,286,21.89,131.5,17,9,0,0,4,7.21,19.68
2014,BJ Hodge,Rajasthan Royals,9,9,230,45.0,137.54,14,5,1,0,2,8.15,14.56
2013,BJ Rohrer,Delhi Daredevils,8,8,271,25.08,154.7,19,7,3,0,0,13.08,30.11
2025,BKG Mendis,Gujarat Titans,1,1,10,21.6,195.04,1,1,0,0,0,8.85,33.32
2013,BMAJ Mendis,Delhi Daredevils,3,3,36,6.69,93.77,0,0,0,0,1,7.8,41.12
2014,BR Dunk,Mumbai Indians,3,3,43,15.27,117.69,8,0,0,0,0,7.88,28.04
2024,BR Sharath,Gujarat Titans,1,1,2,2.69,44.5,0,0,0,0,0,8.04,35.12
2012,BW Hilfenhaus,Chennai Super Kings,4,1,0,22.82,112.03,0,0,0,0,8,7.98,19.06
2013,BW Hilfenhaus,Chennai Super Kings,4,1,0,23.4,121.9,0,0,0,0,4,7.66,21.95
2014,BW Hilfenhaus,Chennai Super Kings,6,1,0,17.4,133.94,0,0,0,0,11,7.53,20.83
2017,Basil Thampi,Gujarat Lions,3,1,3,22.39,88.03,0,0,0,0,4,9.53,31.78
2018,Basil Thampi,Mumbai Indians,4,1,7,32.28,89.24,0,0,0,0,2,10.68,40.42
2019,Basil Thampi,Sunrisers Hyderabad,3,1,3,38.66,104.97,0,0,0,0,1,8.9,32.41
2020/21,Basil Thampi,Sunrisers Hyderabad,4,1,2,36.1,79.35,0,0,0,0,2,10.67,41.83
2021,Basil Thampi,Sunrisers Hyderabad,5,2,8,28.25,84.19,0,0,0,0,1,9.9,42.48
2022,Basil Thampi,Sunrisers Hyderabad,2,1,3,33.82,94.55,0,0,0,0,6,10.34,32.68
2010,Bipul Sharma,Kings XI Punjab,6,3,35,19.25,129.37,2,1,0,0,3,7.95,38.5
2011,Bipul Sharma,Sunrisers Hyderabad,4,2,22,16.83,169.73,2,1,0,0,3,8.45,27.22
2012,Bipul Sharma,Sunrisers Hyderabad,6,3,19,14.41,152.37,1,1,0,0,2,7.96,29.68
2013,Bipul Sharma,Sunrisers Hyderabad,3,2,21,18.1,145.34,1,2,0,0,1,8.4,39.0
2014,Bipul Sharma,Sunrisers Hyderabad,4,2,27,15.23,161.75,1,1,0,0,1,8.17,31.75
2015,Bipul Sharma,Sunrisers Hyderabad,4,2,19,19.05,170.8,1,1,0,0,1,7.5,29.86
2016,Bipul Sharma,Sunrisers Hyderabad,2,1,20,14.92,139.65,1,1,0,0,3,7.5,35.19
2017,Bipul Sharma,Sunrisers Hyderabad,3,2,13,22.17,168.95,1,2,0,0,1,7.9,29.15
2026,Brijesh Sharma,Rajasthan Royals,3,1,0,25.87,128.68,0,0,0,0,2,7.66,17.45
2025,C Bosch,Mumbai Indians,1,1,38,23.64,174.8,2,1,0,0,1,9.76,48.0
2026,C Bosch,Mumbai Indians,3,2,23,21.39,150.11,2,1,0,0,1,9.24,54.42
2010,C Ganapathy,Chennai Super Kings,1,1,0,17.88,130.19,0,0,0,0,0,12.88,32.52
2023,C Green,Kolkata Knight Riders,12,12,107,31.66,154.54,21,12,1,0,4,9.67,41.52
2024,C Green,Mumbai Indians,11,11,208,48.45,148.85,23,5,0,1,3,10.0,35.28
2025,C Green,Royal Challengers Bengaluru,11,11,103,50.49,147.81,21,6,1,0,3,8.32,40.49
2026,C Green,Royal Challengers Bengaluru,9,9,250,27.16,166.71,24,6,2,0,4,8.54,47.22
2010,C Madan,Mumbai Indians,1,1,8,20.52,72.91,3,0,0,0,0,8.74,25.22
2016,C Munro,Delhi Capitals,4,4,22,12.32,137.62,6,1,0,0,0,6.81,35.78
2017,C Munro,Delhi Daredevils,3,3,18,10.05,134.73,5,2,0,0,0,6.84,30.11
2018,C Munro,Kolkata Knight Riders,4,4,36,12.7,120.56,6,2,0,0,0,7.63,34.6
2019,C Munro,Kolkata Knight Riders,3,3,57,14.82,144.31,6,2,1,0,0,7.99,27.96
2009,C Nanda,Mumbai Indians,4,1,0,0,0,0,0,0,0,1,6.47,22.94
2021,C Sakariya,Delhi Capitals,6,2,4,3.51,74.0,0,0,0,0,2,9.47,27.6
2022,C Sakariya,Kolkata Knight Riders,6,2,2,3.79,57.04,1,0,0,0,5,9.16,29.89
2023,C Sakariya,Rajasthan Royals,4,2,4,4.4,69.2,1,0,0,0,5,8.32,27.51
2024,C Sakariya,Rajasthan Royals,4,2,6,2.6,55.26,1,0,0,0,4,8.32,32.01
2025,C Sakariya,Rajasthan Royals,3,1,6,2.28,57.7,0,0,0,0,2,9.11,36.76
2017,C de Grandhomme,Kolkata Knight Riders,8,7,90,17.41,137.35,9,7,1,0,1,8.4,55.78
2018,C de Grandhomme,Royal Challengers Bangalore,5,4,90,17.9,131.19,5,6,1,0,3,8.57,50.4
2019,C de Grandhomme,Royal Challengers Bangalore,7,6,66,17.87,123.96,7,7,1,0,1,9.4,49.68
2011,CA Ingram,Delhi Capitals,1,1,29,12.3,111.44,3,0,0,0,0,9.24,33.52
2012,CA Ingram,Delhi Daredevils,1,1,17,21.77,119.99,1,0,0,0,0,8.84,31.99
2013,CA Ingram,Delhi Daredevils,2,2,11,10.79,96.81,3,1,0,0,0,8.99,34.76
2014,CA Ingram,Delhi Daredevils,2,2,11,18.62,101.53,3,1,0,0,0,9.1,25.89
2015,CA Ingram,Delhi Daredevils,1,1,20,14.88,102.36,2,1,0,0,0,8.42,35.42
2016,CA Ingram,Delhi Daredevils,2,2,31,21.82,119.56,1,0,0,0,0,8.43,32.44
2017,CA Ingram,Delhi Daredevils,2,2,13,20.12,106.45,2,1,0,0,0,8.19,26.87
2018,CA Ingram,Delhi Daredevils,2,2,29,14.38,121.02,2,0,0,0,0,8.77,28.37
2019,CA Ingram,Delhi Daredevils,2,2,20,21.35,112.63,2,1,0,0,0,8.98,34.35
2012,CA Lynn,Deccan Chargers,5,5,206,40.93,156.16,10,4,3,0,0,9.13,25.97
2013,CA Lynn,Kolkata Knight Riders,3,3,135,33.94,131.26,7,6,1,0,0,7.96,24.46
2014,CA Lynn,Mumbai Indians,3,3,176,46.86,128.05,16,5,1,0,0,8.81,34.29
2015,CA Lynn,Mumbai Indians,6,6,85,41.42,150.39,10,10,1,0,0,9.29,31.09
2016,CA Lynn,Mumbai Indians,2,2,147,46.75,122.18,18,7,2,0,0,8.36,29.56
2017,CA Lynn,Mumbai Indians,3,3,195,43.67,153.99,7,5,1,0,0,8.64,28.74
2018,CA Lynn,Mumbai Indians,2,2,61,22.52,153.43,7,9,1,0,0,9.18,35.28
2019,CA Lynn,Mumbai Indians,5,5,176,38.52,140.49,17,9,3,0,0,8.56,30.63
2020/21,CA Lynn,Mumbai Indians,3,3,158,20.83,137.66,8,9,2,0,0,8.07,29.76
2021,CA Lynn,Mumbai Indians,3,3,79,32.07,150.3,20,8,1,0,0,8.95,27.47
2010,CA Pujara,Kings XI Punjab,4,3,43,27.7,113.31,8,1,1,0,0,8.96,33.1
2011,CA Pujara,Kolkata Knight Riders,6,4,109,21.09,100.06,9,0,0,0,0,8.69,33.43
2012,CA Pujara,Royal Challengers Bangalore,5,4,33,27.31,108.85,6,1,0,0,0,7.8,24.76
2013,CA Pujara,Royal Challengers Bangalore,6,4,118,22.68,85.67,13,1,1,0,0,9.0,29.19
2014,CA Pujara,Royal Challengers Bangalore,6,4,86,23.76,113.99,13,1,1,0,0,9.07,35.21
2009,CH Gayle,Kings XI Punjab,9,9,565,24.99,135.02,27,23,7,1,2,7.13,43.17
2010,CH Gayle,Kolkata Knight Riders,11,11,214,26.88,149.88,33,29,3,0,2,8.04,40.07
2011,CH Gayle,Punjab Kings,14,14,445,31.65,150.62,45,32,7,0,1,7.16,34.13
2012,CH Gayle,Royal Challengers Bangalore,16,16,281,50.83,170.47,38,25,0,0,2,7.68,40.47
2013,CH Gayle,Royal Challengers Bangalore,6,6,216,40.51,153.41,39,22,0,0,1,7.28,48.19
2014,CH Gayle,Royal Challengers Bangalore,6,6,175,33.73,160.61,38,39,2,0,2,8.54,33.69
2015,CH Gayle,Royal Challengers Bangalore,13,13,199,36.66,168.21,26,34,0,1,1,8.49,33.91
2016,CH Gayle,Royal Challengers Bangalore,6,6,561,25.18,162.79,45,38,2,0,1,7.27,34.97
2017,CH Gayle,Royal Challengers Bangalore,15,15,474,27.13,162.91,38,36,5,0,1,8.25,34.45
2018,CH Gayle,Royal Challengers Bangalore,13,13,554,42.16,159.23,29,31,3,0,2,7.88,36.25
2019,CH Gayle,Royal Challengers Bangalore,7,7,599,36.91,152.46,38,21,6,1,1,8.07,46.81
2020/21,CH Gayle,Royal Challengers Bangalore,12,12,495,45.8,152.38,23,33,2,0,2,8.02,48.07
2021,CH Gayle,Royal Challengers Bangalore,6,6,334,54.5,138.97,19,33,2,0,1,7.11,35.81
2013,CH Morris,Chennai Super Kings,6,4,81,15.42,149.16,4,5,1,0,18,7.81,24.33
2014,CH Morris,Delhi Capitals,8,5,43,25.0,176.08,3,2,0,0,7,7.98,21.97
2015,CH Morris,Delhi Daredevils,13,8,32,21.34,145.44,4,4,0,0,9,8.61,20.68
2016,CH Morris,Rajasthan Royals,9,6,76,19.38,161.99,4,3,0,0,10,8.3,21.98
2017,CH Morris,Royal Challengers Bangalore,13,8,29,17.38,154.61,7,2,0,0,6,8.72,24.24
2018,CH Morris,Royal Challengers Bangalore,11,7,50,24.86,169.22,6,3,0,0,14,7.23,24.8
2019,CH Morris,Royal Challengers Bangalore,11,7,83,23.06,160.56,5,4,0,0,15,8.05,21.09
2020/21,CH Morris,Royal Challengers Bangalore,11,7,91,20.65,147.88,6,4,1,0,10,7.5,26.4
2021,CH Morris,Royal Challengers Bangalore,6,4,61,28.11,160.0,3,3,0,0,12,7.35,23.88
2014,CJ Anderson,Delhi Daredevils,6,6,74,21.19,116.79,9,4,0,0,4,9.45,39.11
2015,CJ Anderson,Mumbai Indians,6,6,112,29.12,112.02,6,4,1,1,4,10.56,51.2
2016,CJ Anderson,Royal Challengers Bangalore,7,7,59,20.15,130.56,6,4,1,0,2,9.85,44.09
2017,CJ Anderson,Royal Challengers Bangalore,6,6,124,29.55,109.79,10,3,2,0,3,10.55,50.05
2018,CJ Anderson,Royal Challengers Bangalore,5,5,86,16.41,130.34,7,5,1,0,4,9.99,45.72
2018,CJ Dala,Delhi Daredevils,1,1,0,22.04,102.77,0,0,0,0,0,10.59,25.88
2011,CJ Ferguson,Pune Warriors,3,3,47,18.44,76.87,3,0,1,0,0,7.85,34.95
2012,CJ Ferguson,Pune Warriors,5,4,29,10.62,93.84,5,0,0,0,0,7.66,28.49
2020/21,CJ Green,Kolkata Knight Riders,1,1,0,14.46,105.9,0,0,0,0,0,9.0,27.19
2016,CJ Jordan,Chennai Super Kings,6,2,15,10.8,120.48,0,0,0,0,6,8.95,42.75
2017,CJ Jordan,Kings XI Punjab,5,2,14,6.67,97.62,0,0,0,0,2,10.06,39.54
2018,CJ Jordan,Mumbai Indians,6,2,15,5.61,111.33,1,0,0,0,6,9.09,38.52
2019,CJ Jordan,Punjab Kings,5,2,13,5.74,105.76,1,0,0,0,4,9.09,30.33
2020/21,CJ Jordan,Royal Challengers Bangalore,3,1,11,7.06,106.38,0,0,0,0,2,9.29,30.47
2021,CJ Jordan,Sunrisers Hyderabad,6,2,7,8.98,105.76,0,0,0,0,4,8.79,38.81
2022,CJ Jordan,Sunrisers Hyderabad,3,1,14,5.05,113.57,1,0,0,0,5,10.14,38.38
2023,CJ Jordan,Sunrisers Hyderabad,5,2,12,5.39,111.12,1,0,0,0,4,10.2,34.79
2012,CJ McKay,Mumbai Indians,3,2,3,5.76,50.98,0,0,0,0,1,7.91,69.94
2008,CK Kapugedera,Chennai Super Kings,7,4,18,5.66,69.08,0,0,0,0,0,18.71,24.92
2009,CK Langeveldt,Kolkata Knight Riders,2,1,3,4.02,88.01,0,0,0,0,2,6.54,15.31
2010,CK Langeveldt,Royal Challengers Bangalore,3,1,2,2.88,85.62,0,0,0,0,2,7.06,16.09
2011,CK Langeveldt,Royal Challengers Bangalore,2,1,2,4.25,95.0,0,0,0,0,5,6.53,14.21
2008,CL White,Deccan Chargers,8,8,131,37.07,136.67,13,4,0,0,0,13.39,98.25
2009,CL White,Royal Challengers Bangalore,11,11,112,27.11,141.14,16,9,1,0,0,12.87,77.8
2010,CL White,Sunrisers Hyderabad,11,11,111,20.01,134.62,9,7,0,0,0,12.64,82.55
2011,CL White,Sunrisers Hyderabad,10,10,163,29.58,132.68,17,8,0,0,0,11.78,69.51
2012,CL White,Sunrisers Hyderabad,7,7,83,36.27,116.94,18,7,0,0,0,11.15,82.22
2013,CL White,Sunrisers Hyderabad,7,7,119,34.42,114.47,13,4,0,0,0,12.82,81.5
2013,CM Gautam,Delhi Daredevils,5,5,54,14.3,122.53,6,3,0,0,0,8.52,35.52
2014,CM Gautam,Mumbai Indians,3,3,39,19.57,113.29,4,2,0,0,0,8.12,32.71
2015,CM Gautam,Mumbai Indians,4,4,42,18.78,129.33,8,3,0,0,0,8.0,26.59
2026,CPL Connolly,Punjab Kings,4,3,174,41.52,163.02,15,5,1,0,0,9.02,25.08
2016,CR Brathwaite,Delhi Daredevils,2,2,71,11.04,143.07,3,6,0,0,4,8.94,24.89
2017,CR Brathwaite,Kolkata Knight Riders,2,2,22,9.29,175.29,4,2,0,0,4,8.94,34.53
2018,CR Brathwaite,Sunrisers Hyderabad,5,4,57,14.19,139.01,3,4,0,0,5,8.43,23.63
2019,CR Brathwaite,Sunrisers Hyderabad,4,4,64,14.19,139.24,2,5,1,0,4,8.65,30.75
2017,CR Woakes,Delhi Capitals,6,3,23,17.33,112.91,1,1,0,0,8,8.78,22.89
2018,CR Woakes,Kolkata Knight Riders,5,3,23,14.45,103.57,1,0,0,0,3,8.6,19.57
2019,CR Woakes,Royal Challengers Bangalore,6,3,10,16.28,90.89,1,0,0,0,4,9.15,18.84
2020/21,CR Woakes,Royal Challengers Bangalore,3,2,7,15.56,108.3,1,0,0,0,3,9.03,25.8
2021,CR Woakes,Royal Challengers Bangalore,3,2,24,12.26,115.46,2,0,0,0,8,9.0,18.39
2008,CRD Fernando,Mumbai Indians,5,1,2,12.89,148.73,0,0,0,0,5,7.38,18.03
2009,CRD Fernando,Mumbai Indians,2,1,2,15.41,151.44,0,0,0,0,8,7.16,16.19
2010,CRD Fernando,Mumbai Indians,2,1,2,19.76,143.85,0,0,0,0,7,6.99,15.29
2019,CV Varun,Kings XI Punjab,8,1,5,3.14,54.61,0,0,0,0,12,7.21,22.65
2020/21,CV Varun,Kolkata Knight Riders,7,1,1,4.09,52.12,0,0,0,0,16,6.99,26.29
2021,CV Varun,Kolkata Knight Riders,9,1,4,6.06,59.09,0,0,0,0,9,7.19,19.87
2022,CV Varun,Kolkata Knight Riders,14,2,4,5.71,56.21,0,0,0,0,17,7.79,23.42
2023,CV Varun,Kolkata Knight Riders,12,2,4,5.94,61.98,0,0,0,0,12,8.28,22.62
2024,CV Varun,Kolkata Knight Riders,8,1,3,3.55,46.38,0,0,0,0,13,7.39,25.81
2025,CV Varun,Kolkata Knight Riders,7,1,4,6.53,50.82,0,0,0,0,6,8.4,23.7
2026,CV Varun,Kolkata Knight Riders,16,3,3,4.78,47.95,0,0,0,0,17,8.41,20.01
2022,D Brevis,Chennai Super Kings,4,4,93,22.07,161.01,9,4,1,0,0,15.56,7.18
2023,D Brevis,Mumbai Indians,5,5,144,35.89,171.45,4,8,1,0,0,17.24,6.78
2024,D Brevis,Mumbai Indians,5,5,52,30.49,146.7,8,6,0,0,0,15.79,7.25
2025,D Brevis,Mumbai Indians,2,2,127,17.4,152.36,4,5,1,0,0,16.55,8.59
2026,D Brevis,Mumbai Indians,4,4,64,21.43,142.48,5,7,1,0,0,15.17,8.95
2024,D Ferreira,Delhi Capitals,1,1,5,2.46,53.95,0,0,0,0,0,9.1,29.21
2025,D Ferreira,Rajasthan Royals,3,2,4,2.51,51.32,0,0,0,0,0,9.03,28.02
2026,D Ferreira,Rajasthan Royals,2,1,4,2.06,55.17,0,0,0,0,0,9.11,27.86
2023,D Jansen,Mumbai Indians,1,1,0,22.27,124.57,0,0,0,0,0,12.9,55.92
2008,D Kalyankrishna,Deccan Chargers,3,1,1,4.06,41.84,0,0,0,0,3,11.44,41.96
2020/21,D Padikkal,Lucknow Super Giants,14,14,273,28.71,128.42,35,10,3,0,0,7.73,25.93
2021,D Padikkal,Rajasthan Royals,11,11,287,17.06,117.59,43,7,3,0,0,8.04,35.25
2022,D Padikkal,Royal Challengers Bangalore,16,16,146,27.02,113.08,19,5,1,1,0,9.09,34.79
2023,D Padikkal,Royal Challengers Bengaluru,14,14,189,26.37,136.01,25,6,1,1,0,8.49,30.88
2024,D Padikkal,Royal Challengers Bengaluru,9,9,198,16.68,147.33,26,9,3,1,0,8.2,25.69
2025,D Padikkal,Royal Challengers Bengaluru,16,16,189,19.93,119.72,19,9,2,0,0,8.45,25.3
2026,D Padikkal,Royal Challengers Bengaluru,8,8,115,19.02,113.59,20,10,0,0,0,9.05,30.43
2022,D Pretorius,Chennai Super Kings,4,3,18,13.9,170.55,2,1,0,0,4,9.4,43.75
2023,D Pretorius,Chennai Super Kings,2,1,22,11.38,180.52,1,2,0,0,3,9.21,40.81
2008,D Salunkhe,Rajasthan Royals,6,3,38,15.22,155.12,7,0,1,0,0,9.71,64.31
2015,D Wiese,Kolkata Knight Riders,3,2,24,18.13,158.16,1,1,0,0,1,8.27,29.25
2016,D Wiese,Royal Challengers Bangalore,1,1,14,38.44,140.64,1,1,0,0,2,8.98,26.92
2017,D Wiese,Royal Challengers Bangalore,2,1,22,21.89,167.71,2,1,0,0,1,9.03,32.66
2018,D Wiese,Royal Challengers Bangalore,2,1,11,32.52,148.37,1,1,0,0,2,9.57,32.48
2019,D Wiese,Royal Challengers Bangalore,3,2,20,23.2,161.55,1,1,0,0,2,9.3,29.88
2020/21,D Wiese,Royal Challengers Bangalore,2,1,23,32.2,148.88,2,1,0,0,1,8.17,25.81
2021,D Wiese,Royal Challengers Bangalore,1,1,19,19.93,165.15,1,1,0,0,1,8.99,26.92
2022,D Wiese,Royal Challengers Bangalore,3,2,15,26.77,127.98,1,1,0,0,2,9.3,29.3
2023,D Wiese,Royal Challengers Bangalore,3,2,18,28.1,146.41,1,1,0,0,3,9.51,23.42
2009,D du Preez,Royal Challengers Bangalore,2,1,8,10.2,74.58,0,0,0,0,2,8.2,12.53
2012,DA Miller,Delhi Capitals,8,8,335,32.82,143.88,9,7,3,0,0,8.62,24.37
2013,DA Miller,Gujarat Titans,8,8,148,48.87,134.45,20,8,2,0,0,7.98,28.24
2014,DA Miller,Kings XI Punjab,10,10,230,29.57,134.37,22,13,3,0,0,9.12,26.33
2015,DA Miller,Lucknow Super Giants,6,6,256,31.28,140.28,21,8,1,0,0,9.33,29.8
2016,DA Miller,Rajasthan Royals,11,10,303,28.21,140.14,23,10,3,0,0,8.28,26.68
2017,DA Miller,Rajasthan Royals,14,13,208,29.39,134.16,19,12,1,0,0,8.2,31.32
2018,DA Miller,Rajasthan Royals,8,8,242,47.23,155.31,21,10,1,0,0,7.78,33.99
2019,DA Miller,Rajasthan Royals,8,8,144,44.78,121.65,12,6,2,0,0,8.32,25.06
2020/21,DA Miller,Rajasthan Royals,7,7,241,27.98,135.54,20,9,1,1,0,9.27,25.17
2021,DA Miller,Rajasthan Royals,14,13,122,46.84,151.5,19,6,1,0,0,8.96,25.05
2022,DA Miller,Rajasthan Royals,12,11,216,38.05,143.28,13,7,2,0,0,8.94,24.08
2023,DA Miller,Rajasthan Royals,9,9,309,48.9,141.29,22,13,3,0,0,8.97,28.99
2024,DA Miller,Rajasthan Royals,10,10,155,46.79,123.82,21,7,2,0,0,8.52,35.8
2025,DA Miller,Rajasthan Royals,8,8,303,44.62,153.13,17,6,0,0,0,8.5,27.65
2026,DA Miller,Rajasthan Royals,5,5,320,21.94,119.71,17,13,0,0,0,8.17,31.67
2026,DA Payne,Sunrisers Hyderabad,3,2,10,13.85,113.74,0,0,0,0,1,13.18,32.54
2009,DA Warner,Delhi Capitals,14,14,500,33.52,130.73,46,18,1,0,0,12.28,28.63
2010,DA Warner,Delhi Daredevils,16,16,372,53.45,151.88,52,9,5,0,0,11.5,28.96
2011,DA Warner,Sunrisers Hyderabad,16,16,306,55.1,121.72,54,9,1,0,0,12.75,32.49
2012,DA Warner,Sunrisers Hyderabad,13,13,597,45.23,145.09,57,15,4,0,0,10.94,32.86
2013,DA Warner,Sunrisers Hyderabad,12,12,334,41.57,150.96,28,10,2,0,0,12.49,31.98
2014,DA Warner,Sunrisers Hyderabad,16,16,441,32.92,124.49,27,9,6,0,0,12.17,24.39
2015,DA Warner,Sunrisers Hyderabad,10,10,488,32.13,123.09,61,17,1,0,0,12.89,32.62
2016,DA Warner,Sunrisers Hyderabad,11,11,517,31.36,142.47,22,10,1,0,0,11.25,34.05
2017,DA Warner,Sunrisers Hyderabad,8,8,367,29.86,123.03,24,12,3,0,0,11.58,34.25
2018,DA Warner,Sunrisers Hyderabad,9,9,343,55.57,151.9,60,11,1,0,0,12.1,27.84
2019,DA Warner,Sunrisers Hyderabad,14,14,407,29.55,135.29,57,16,6,0,0,10.85,27.99
2020/21,DA Warner,Sunrisers Hyderabad,7,7,604,43.88,154.36,39,10,3,0,0,10.81,30.85
2021,DA Warner,Sunrisers Hyderabad,14,14,613,47.61,127.79,60,21,5,0,0,12.76,25.66
2022,DA Warner,Sunrisers Hyderabad,14,14,643,28.68,134.08,29,8,0,0,0,12.54,24.65
2023,DA Warner,Sunrisers Hyderabad,15,15,502,39.4,139.92,49,18,7,0,0,11.85,32.2
2024,DA Warner,Sunrisers Hyderabad,8,8,428,54.27,152.29,22,8,7,0,0,12.7,33.76
2012,DAJ Bracewell,Delhi Daredevils,1,1,13,24.71,126.16,1,0,0,0,3,7.76,12.25
2008,DB Das,Kolkata Knight Riders,3,2,68,24.19,104.85,4,2,0,0,0,9.25,32.99
2009,DB Das,Kolkata Knight Riders,7,5,51,14.01,127.76,2,3,0,0,0,8.63,35.91
2010,DB Das,Kolkata Knight Riders,3,2,44,24.02,124.57,5,4,0,0,0,7.92,34.4
2011,DB Das,Kolkata Knight Riders,3,2,27,26.42,122.53,5,1,0,0,0,8.3,25.25
2012,DB Das,Kolkata Knight Riders,3,2,41,25.92,117.49,5,2,0,0,0,8.07,35.11
2013,DB Das,Kolkata Knight Riders,5,4,33,13.26,105.25,4,2,0,0,0,8.78,27.62
2008,DB Ravi Teja,Deccan Chargers,3,2,27,20.65,114.56,6,1,0,0,0,10.12,32.03
2009,DB Ravi Teja,Sunrisers Hyderabad,5,4,26,24.83,107.42,5,2,0,0,0,10.25,26.32
2010,DB Ravi Teja,Sunrisers Hyderabad,3,2,95,23.13,120.73,8,2,0,0,0,9.85,28.93
2011,DB Ravi Teja,Sunrisers Hyderabad,3,2,39,26.6,120.05,4,2,0,0,0,9.12,30.94
2012,DB Ravi Teja,Sunrisers Hyderabad,7,5,37,14.06,117.65,6,2,0,0,0,8.63,29.28
2013,DB Ravi Teja,Sunrisers Hyderabad,6,5,58,23.23,103.58,4,2,0,0,0,9.5,27.02
2023,DC Jurel,Rajasthan Royals,7,6,168,43.19,142.54,20,16,0,1,0,8.72,24.09
2024,DC Jurel,Rajasthan Royals,10,8,318,43.28,161.88,22,13,2,0,0,8.42,29.08
2025,DC Jurel,Rajasthan Royals,10,8,159,40.41,180.05,22,11,0,1,0,9.08,25.64
2026,DC Jurel,Rajasthan Royals,7,6,287,22.13,144.86,12,11,1,0,0,8.9,28.95
2010,DE Bollinger,Chennai Super Kings,8,1,3,12.82,80.27,0,0,0,0,16,7.02,15.78
2011,DE Bollinger,Chennai Super Kings,5,1,4,21.14,88.8,0,0,0,0,5,6.57,20.31
2012,DE Bollinger,Chennai Super Kings,13,2,11,20.87,83.07,0,0,0,0,11,6.65,16.45
2022,DG Nalkande,Gujarat Titans,2,1,4,6.98,102.88,0,0,0,0,2,9.95,25.26
2023,DG Nalkande,Gujarat Titans,2,1,2,7.49,113.16,0,0,0,0,3,11.29,28.5
2024,DG Nalkande,Gujarat Titans,1,1,2,7.7,85.57,0,0,0,0,1,10.08,23.82
2011,DH Yagnik,Rajasthan Royals,4,3,23,16.28,123.55,7,0,0,0,0,9.2,24.45
2012,DH Yagnik,Rajasthan Royals,7,5,59,17.86,131.52,5,1,1,0,0,8.83,30.89
2013,DH Yagnik,Rajasthan Royals,4,3,30,18.48,106.88,6,1,0,0,0,8.75,31.18
2014,DH Yagnik,Rajasthan Royals,6,4,28,11.09,122.71,6,1,0,0,0,7.85,28.97
2008,DJ Bravo,Chennai Super Kings,16,11,60,22.33,147.15,11,6,0,0,12,8.5,21.42
2009,DJ Bravo,Gujarat Lions,13,9,106,24.24,121.36,10,2,1,0,13,7.73,24.87
2010,DJ Bravo,Mumbai Indians,14,10,161,16.08,118.46,11,3,1,0,5,8.31,27.67
2011,DJ Bravo,Mumbai Indians,12,8,120,25.5,120.21,12,3,1,0,18,9.05,24.26
2012,DJ Bravo,Mumbai Indians,11,8,105,31.51,132.85,8,2,1,0,19,9.05,19.85
2013,DJ Bravo,Mumbai Indians,8,6,124,14.11,142.01,6,5,0,0,5,8.46,22.86
2014,DJ Bravo,Mumbai Indians,15,11,107,26.89,119.19,11,5,0,1,20,9.17,22.62
2015,DJ Bravo,Mumbai Indians,10,7,82,25.61,142.34,6,4,1,0,7,7.86,24.42
2016,DJ Bravo,Mumbai Indians,15,11,105,22.59,141.89,8,4,1,0,8,7.82,25.44
2017,DJ Bravo,Mumbai Indians,16,11,158,22.19,134.82,5,6,0,0,8,8.53,21.24
2018,DJ Bravo,Mumbai Indians,10,7,103,23.54,119.77,8,3,1,0,12,8.67,26.76
2019,DJ Bravo,Mumbai Indians,10,7,141,28.11,136.17,9,4,1,0,10,8.03,19.49
2020/21,DJ Bravo,Mumbai Indians,11,8,132,30.47,126.81,8,3,1,0,8,8.4,20.5
2021,DJ Bravo,Mumbai Indians,15,11,114,17.96,134.63,12,6,1,0,8,8.46,19.06
2022,DJ Bravo,Mumbai Indians,13,9,70,14.3,127.07,12,5,1,0,20,8.2,20.5
2012,DJ Harris,Deccan Chargers,2,2,155,18.63,95.85,16,4,2,0,0,7.99,34.75
2015,DJ Hooda,Chennai Super Kings,8,6,188,13.44,124.09,4,4,1,0,1,8.6,52.58
2016,DJ Hooda,Kings XI Punjab,11,9,120,21.54,135.31,11,6,1,0,1,8.4,64.56
2017,DJ Hooda,Lucknow Super Giants,13,11,197,20.37,118.97,9,7,3,0,1,8.5,62.14
2018,DJ Hooda,Punjab Kings,12,10,169,18.93,130.44,13,3,1,0,1,7.85,55.5
2019,DJ Hooda,Rajasthan Royals,9,7,127,16.38,140.96,6,5,1,0,0,8.17,50.81
2020/21,DJ Hooda,Sunrisers Hyderabad,13,11,155,23.45,135.26,7,6,1,0,1,8.98,55.68
2021,DJ Hooda,Sunrisers Hyderabad,9,7,150,24.34,139.26,10,4,2,0,0,7.99,46.62
2022,DJ Hooda,Sunrisers Hyderabad,8,6,206,23.08,110.2,11,4,2,0,0,8.6,52.91
2023,DJ Hooda,Sunrisers Hyderabad,10,8,123,14.06,145.86,7,6,1,1,1,7.95,56.33
2024,DJ Hooda,Sunrisers Hyderabad,13,11,148,21.92,119.93,13,8,2,0,2,8.21,44.71
2025,DJ Hooda,Sunrisers Hyderabad,15,12,155,16.63,124.21,12,8,1,0,1,8.53,47.21
2008,DJ Hussey,Chennai Super Kings,9,9,197,16.81,121.15,9,9,2,0,2,9.45,70.26
2009,DJ Hussey,Kings XI Punjab,12,11,134,24.91,118.59,11,7,0,0,1,9.21,65.66
2010,DJ Hussey,Kolkata Knight Riders,8,8,285,16.38,138.9,8,6,3,0,1,9.61,50.21
2011,DJ Hussey,Kolkata Knight Riders,9,9,224,22.88,109.48,7,7,4,1,1,8.19,48.06
2012,DJ Hussey,Kolkata Knight Riders,12,11,260,21.6,133.92,18,9,0,0,1,9.86,47.55
2013,DJ Hussey,Kolkata Knight Riders,9,9,188,28.24,111.75,11,12,3,0,0,9.11,68.31
2014,DJ Hussey,Kolkata Knight Riders,6,6,238,33.28,135.98,8,6,1,0,1,8.84,50.89
2011,DJ Jacobs,Mumbai Indians,5,5,37,12.41,99.4,5,2,0,0,0,9.12,30.39
2012,DJ Jacobs,Mumbai Indians,5,5,71,9.72,83.39,4,2,1,0,0,8.83,26.79
2021,DJ Malan,Punjab Kings,1,1,11,35.25,92.63,1,1,0,0,0,8.13,29.61
2022,DJ Mitchell,Chennai Super Kings,3,3,74,36.39,150.58,11,3,1,0,0,12.21,107.3
2023,DJ Mitchell,Rajasthan Royals,7,7,110,35.67,127.44,11,2,0,0,0,12.52,102.63
2024,DJ Mitchell,Rajasthan Royals,5,5,143,33.9,147.15,12,2,2,0,0,10.94,98.66
2015,DJ Muthuswami,Delhi Daredevils,5,2,1,0.76,32.2,0,0,0,0,7,7.9,23.48
2008,DJ Thornely,Mumbai Indians,5,3,26,16.47,63.33,1,1,0,0,5,5.94,14.05
2018,DJ Willey,Chennai Super Kings,2,1,9,17.32,83.56,1,0,0,0,2,7.22,40.88
2019,DJ Willey,Royal Challengers Bangalore,2,1,12,34.53,90.31,1,0,0,0,1,7.73,44.43
2020/21,DJ Willey,Royal Challengers Bangalore,3,1,11,22.69,89.16,1,0,0,0,0,7.61,53.68
2021,DJ Willey,Royal Challengers Bangalore,2,1,10,36.85,86.19,1,0,0,0,1,8.13,50.12
2022,DJ Willey,Royal Challengers Bangalore,2,1,12,18.12,94.19,2,0,0,0,1,7.18,40.48
2023,DJ Willey,Royal Challengers Bangalore,3,1,11,19.61,76.05,1,0,0,0,1,7.64,40.37
2013,DJG Sammy,Royal Challengers Bangalore,5,5,53,21.96,124.23,7,4,0,0,1,9.64,27.45
2014,DJG Sammy,Sunrisers Hyderabad,10,9,123,20.56,111.83,3,4,0,1,2,8.08,26.94
2015,DJG Sammy,Sunrisers Hyderabad,7,6,84,12.51,105.13,7,7,1,0,5,9.06,36.49
2018,DJM Short,Rajasthan Royals,7,7,159,12.34,112.11,15,4,1,0,0,5.78,20.71
2016,DL Chahar,Chennai Super Kings,10,2,15,18.89,128.93,0,1,0,0,11,8.59,30.25
2017,DL Chahar,Mumbai Indians,7,1,14,10.42,117.62,1,1,0,0,11,8.97,29.14
2018,DL Chahar,Rising Pune Supergiant,7,1,9,18.35,133.19,0,1,0,0,12,7.88,34.43
2019,DL Chahar,Rising Pune Supergiants,7,1,5,20.35,133.76,1,1,0,0,7,8.76,32.13
2020/21,DL Chahar,Rising Pune Supergiants,4,1,10,13.21,134.01,1,0,0,0,12,8.84,26.91
2021,DL Chahar,Rising Pune Supergiants,9,2,7,14.38,125.86,1,1,0,0,9,7.96,32.33
2022,DL Chahar,Rising Pune Supergiants,5,1,8,14.55,140.5,1,1,0,0,13,8.27,29.32
2023,DL Chahar,Rising Pune Supergiants,8,1,9,16.49,124.96,0,1,0,0,8,7.47,29.11
2024,DL Chahar,Rising Pune Supergiants,5,1,10,17.85,158.44,1,1,0,0,8,8.92,29.91
2025,DL Chahar,Rising Pune Supergiants,5,1,16,18.58,158.12,1,1,0,0,9,8.87,34.88
2026,DL Chahar,Rising Pune Supergiants,5,1,11,12.8,121.21,0,0,0,0,11,8.14,28.29
2008,DL Vettori,Delhi Daredevils,8,4,14,10.18,113.9,1,0,0,0,5,6.29,28.46
2009,DL Vettori,Royal Challengers Bangalore,4,2,11,17.63,122.99,3,0,0,0,9,7.08,29.71
2010,DL Vettori,Royal Challengers Bangalore,6,3,34,9.62,104.99,1,1,0,0,6,6.11,32.37
2011,DL Vettori,Royal Challengers Bangalore,7,4,37,9.67,111.31,2,0,0,0,3,7.06,29.41
2012,DL Vettori,Royal Challengers Bangalore,5,2,35,21.07,107.17,3,0,0,0,9,6.93,36.25
2017,DM Bravo,Kolkata Knight Riders,1,1,9,20.27,107.79,1,0,0,0,0,8.42,25.08
2008,DNT Zoysa,Deccan Chargers,4,3,15,6.65,106.3,1,0,0,0,3,9.8,52.3
2022,DP Conway,Chennai Super Kings,4,4,166,41.95,152.59,27,11,0,0,0,8.77,27.78
2023,DP Conway,Chennai Super Kings,10,10,251,54.29,124.46,32,10,0,0,0,8.44,33.72
2024,DP Conway,Chennai Super Kings,10,10,320,56.24,142.81,21,10,4,0,0,8.86,32.39
2025,DP Conway,Chennai Super Kings,8,8,177,55.55,133.2,18,11,0,0,0,8.12,29.67
2009,DP Nannes,Chennai Super Kings,8,1,1,3.05,29.01,0,0,0,0,6,6.88,31.06
2010,DP Nannes,Delhi Daredevils,7,1,1,3.69,32.46,0,0,0,0,2,7.87,24.82
2011,DP Nannes,Royal Challengers Bangalore,7,1,1,3.48,34.62,0,0,0,0,5,6.66,32.09
2012,DP Nannes,Royal Challengers Bangalore,6,1,1,4.7,28.47,0,0,0,0,4,7.36,24.61
2013,DP Nannes,Royal Challengers Bangalore,9,1,1,5.5,28.9,0,0,0,0,9,7.36,26.13
2008,DP Vijaykumar,Deccan Chargers,8,2,1,17.37,87.4,0,0,0,0,7,7.32,51.03
2008,DPMD Jayawardene,Delhi Daredevils,16,16,237,18.13,128.02,20,5,4,0,0,7.7,35.88
2009,DPMD Jayawardene,Kings XI Punjab,13,13,260,30.91,130.15,32,6,3,0,0,9.02,32.45
2010,DPMD Jayawardene,Kochi Tuskers Kerala,12,12,344,38.2,116.41,39,10,5,0,0,8.11,35.29
2011,DPMD Jayawardene,Kochi Tuskers Kerala,16,16,403,37.75,117.98,42,8,0,0,0,7.67,34.32
2012,DPMD Jayawardene,Kochi Tuskers Kerala,16,16,455,37.9,117.59,31,9,2,0,0,8.82,31.06
2013,DPMD Jayawardene,Kochi Tuskers Kerala,16,16,156,27.29,111.83,28,8,2,0,0,8.66,24.59
2010,DR Martyn,Rajasthan Royals,1,1,27,12.13,90.62,1,0,0,0,0,8.8,26.59
2020/21,DR Sams,Delhi Capitals,3,2,11,3.42,85.94,0,1,0,0,3,7.92,39.02
2021,DR Sams,Mumbai Indians,6,5,8,3.79,104.62,0,1,0,0,7,8.91,32.48
2022,DR Sams,Royal Challengers Bangalore,6,5,12,3.11,96.64,0,1,0,0,2,8.55,37.15
2018,DR Shorey,Chennai Super Kings,1,1,10,6.75,66.69,0,1,0,0,0,8.4,27.15
2019,DR Shorey,Chennai Super Kings,1,1,4,8.53,70.0,0,1,0,0,0,9.09,27.68
2008,DR Smith,Chennai Super Kings,8,8,227,34.27,149.25,21,6,2,0,2,8.12,26.92
2009,DR Smith,Deccan Chargers,6,6,207,23.53,133.55,28,13,3,0,2,9.16,32.74
2010,DR Smith,Gujarat Lions,8,8,123,17.38,146.86,33,6,0,0,3,9.27,36.04
2011,DR Smith,Mumbai Indians,10,10,214,22.79,115.49,23,15,2,1,4,8.32,29.7
2012,DR Smith,Mumbai Indians,8,8,375,37.75,128.47,26,10,3,0,4,9.12,34.76
2013,DR Smith,Mumbai Indians,11,11,316,24.11,130.95,32,8,0,0,2,9.63,30.14
2014,DR Smith,Mumbai Indians,8,8,149,22.84,154.8,34,7,2,0,4,9.36,26.49
2015,DR Smith,Mumbai Indians,11,11,97,21.33,143.33,28,7,1,0,1,9.27,32.5
2016,DR Smith,Mumbai Indians,6,6,259,28.14,115.09,15,11,2,0,2,8.28,26.25
2017,DR Smith,Mumbai Indians,11,11,347,29.96,133.73,22,12,4,0,4,8.41,33.53
2008,DS Kulkarni,Gujarat Lions,9,2,7,14.0,102.05,1,0,0,0,9,7.58,34.27
2009,DS Kulkarni,Mumbai Indians,4,1,8,9.99,107.33,0,0,0,0,9,8.56,34.46
2010,DS Kulkarni,Rajasthan Royals,4,1,5,9.65,85.53,1,0,0,0,10,9.1,24.56
2011,DS Kulkarni,Rajasthan Royals,10,2,9,13.69,108.55,1,0,0,0,9,8.71,23.77
2012,DS Kulkarni,Rajasthan Royals,8,2,9,13.73,103.07,0,0,0,0,3,8.52,34.27
2013,DS Kulkarni,Rajasthan Royals,4,1,7,10.25,108.72,0,0,0,0,8,7.64,27.3
2014,DS Kulkarni,Rajasthan Royals,6,2,11,10.69,93.28,1,0,0,0,2,9.1,23.67
2015,DS Kulkarni,Rajasthan Royals,6,2,7,12.33,99.5,1,0,0,0,4,8.74,30.87
2016,DS Kulkarni,Rajasthan Royals,9,2,12,7.61,90.47,1,0,0,0,9,7.54,33.88
2017,DS Kulkarni,Rajasthan Royals,3,1,5,15.85,97.48,0,0,0,0,4,8.5,27.52
2018,DS Kulkarni,Rajasthan Royals,6,2,3,7.45,93.57,1,0,0,0,9,9.08,27.81
2019,DS Kulkarni,Rajasthan Royals,4,1,5,10.57,86.27,0,0,0,0,7,8.8,27.17
2020/21,DS Kulkarni,Rajasthan Royals,5,1,3,15.85,93.16,1,0,0,0,4,7.98,31.87
2021,DS Kulkarni,Rajasthan Royals,7,2,4,8.68,106.3,0,0,0,0,5,8.19,32.6
2008,DS Lehmann,Rajasthan Royals,2,2,27,10.72,113.23,2,0,0,0,0,8.19,32.08
2025,DS Rathi,Lucknow Super Giants,4,1,1,1.36,34.27,0,0,0,0,11,7.62,32.76
2026,DS Rathi,Lucknow Super Giants,10,1,1,1.06,32.13,0,0,0,0,5,8.39,35.04
2011,DT Christian,Deccan Chargers,4,3,65,19.44,121.35,3,3,0,0,3,7.66,28.17
2012,DT Christian,Delhi Daredevils,3,3,52,13.24,121.41,2,2,1,0,3,7.33,37.38
2013,DT Christian,Rising Pune Supergiant,5,4,51,14.82,125.83,3,2,1,0,3,8.43,34.13
2014,DT Christian,Royal Challengers Bangalore,4,3,27,20.37,113.37,2,2,0,0,4,8.88,28.49
2015,DT Christian,Royal Challengers Bangalore,6,5,38,19.65,102.62,3,1,0,0,2,7.74,25.37
2016,DT Christian,Royal Challengers Bangalore,5,4,64,14.93,126.48,3,2,0,0,2,7.93,26.88
2017,DT Christian,Royal Challengers Bangalore,4,3,22,19.84,98.7,3,2,0,0,5,7.73,28.09
2018,DT Christian,Royal Challengers Bangalore,3,3,58,9.52,121.38,3,1,0,0,2,8.16,27.54
2019,DT Christian,Royal Challengers Bangalore,6,5,61,11.43,126.3,2,1,1,0,3,7.95,33.34
2020/21,DT Christian,Royal Challengers Bangalore,2,2,49,17.57,115.42,3,1,1,0,4,7.86,27.18
2021,DT Christian,Royal Challengers Bangalore,6,5,45,12.67,105.48,1,2,0,0,5,8.35,34.36
2008,DT Patil,Royal Challengers Bangalore,2,2,16,8.53,99.94,1,0,0,0,0,7.98,35.58
2008,DW Steyn,Deccan Chargers,7,3,10,9.06,93.34,1,0,0,0,12,6.86,22.05
2009,DW Steyn,Gujarat Lions,4,2,9,4.93,114.62,1,0,0,0,12,7.09,24.37
2010,DW Steyn,Royal Challengers Bangalore,10,4,10,7.71,119.53,1,0,0,0,3,7.49,25.68
2011,DW Steyn,Sunrisers Hyderabad,7,3,18,5.74,102.03,1,0,0,0,9,6.53,26.61
2012,DW Steyn,Sunrisers Hyderabad,10,4,16,7.56,93.86,1,0,0,0,3,6.39,24.59
2013,DW Steyn,Sunrisers Hyderabad,10,4,6,8.47,106.74,1,0,0,0,9,6.89,23.22
2014,DW Steyn,Sunrisers Hyderabad,10,4,16,10.08,93.36,1,0,0,0,4,7.18,29.1
2015,DW Steyn,Sunrisers Hyderabad,5,2,10,9.73,110.36,1,0,0,0,11,7.3,22.98
2016,DW Steyn,Sunrisers Hyderabad,6,2,6,6.97,117.13,1,0,0,0,8,6.85,25.97
2017,DW Steyn,Sunrisers Hyderabad,10,4,18,5.77,89.92,1,0,0,0,2,6.39,24.78
2018,DW Steyn,Sunrisers Hyderabad,10,4,14,7.96,118.83,1,0,0,0,10,7.55,25.78
2019,DW Steyn,Sunrisers Hyderabad,8,3,9,7.0,94.99,2,0,0,0,7,6.58,22.18
2020/21,DW Steyn,Sunrisers Hyderabad,5,2,8,8.88,89.24,1,0,0,0,3,7.06,23.3
2018,E Lewis,Lucknow Super Giants,4,4,180,37.95,142.5,7,5,3,0,0,8.9,28.24
2019,E Lewis,Mumbai Indians,5,5,60,24.84,150.8,9,10,0,0,0,8.88,34.37
2020/21,E Lewis,Rajasthan Royals,5,5,177,22.36,150.58,13,6,0,0,0,8.79,26.75
2021,E Lewis,Rajasthan Royals,7,7,64,33.24,123.71,11,8,1,0,0,8.51,27.44
2022,E Lewis,Rajasthan Royals,5,5,102,22.39,136.12,8,8,0,1,0,8.08,24.87
2025,E Malinga,Sunrisers Hyderabad,4,1,0,24.26,126.24,0,0,0,0,6,9.19,23.31
2026,E Malinga,Sunrisers Hyderabad,6,1,0,19.95,130.97,0,0,0,0,3,10.21,25.5
2010,EJG Morgan,Kings XI Punjab,4,4,169,22.59,109.21,7,4,2,0,0,7.9,24.88
2011,EJG Morgan,Kolkata Knight Riders,7,6,126,21.82,105.55,9,7,0,0,0,8.46,24.89
2012,EJG Morgan,Royal Challengers Bangalore,5,5,108,20.66,132.33,10,6,1,0,0,8.23,30.92
2013,EJG Morgan,Sunrisers Hyderabad,8,7,76,25.03,125.24,10,6,0,0,0,8.83,26.44
2014,EJG Morgan,Sunrisers Hyderabad,4,4,119,26.74,125.48,6,6,1,1,0,8.05,25.74
2015,EJG Morgan,Sunrisers Hyderabad,9,8,85,18.72,127.75,5,3,1,0,0,8.13,24.08
2016,EJG Morgan,Sunrisers Hyderabad,6,5,123,27.42,122.47,8,8,1,0,0,8.41,29.4
2017,EJG Morgan,Sunrisers Hyderabad,6,5,186,18.25,116.37,7,4,2,0,0,8.07,27.78
2018,EJG Morgan,Sunrisers Hyderabad,6,5,73,22.01,107.12,10,5,0,0,0,8.61,28.3
2019,EJG Morgan,Sunrisers Hyderabad,6,5,112,13.74,117.75,11,5,0,1,0,8.55,29.55
2020/21,EJG Morgan,Sunrisers Hyderabad,5,5,121,29.0,135.12,7,6,0,0,0,8.69,28.18
2021,EJG Morgan,Sunrisers Hyderabad,10,9,179,18.89,112.35,8,3,2,0,0,8.99,33.5
2016,ER Dwivedi,Gujarat Lions,4,2,34,16.27,159.0,2,2,0,0,0,8.13,30.9
2016,F Behardien,Kings XI Punjab,4,4,17,5.16,98.79,2,0,0,0,0,8.5,25.54
2012,F du Plessis,Chennai Super Kings,14,13,399,45.82,139.15,46,19,5,0,0,14.72,25.89
2013,F du Plessis,Delhi Capitals,7,7,488,42.44,134.92,25,15,3,0,0,17.13,28.17
2014,F du Plessis,Rising Pune Supergiant,7,7,455,22.1,115.83,28,7,5,0,0,16.21,34.18
2015,F du Plessis,Rising Pune Supergiants,6,6,503,45.61,119.76,26,11,3,0,0,15.05,34.37
2016,F du Plessis,Royal Challengers Bangalore,9,9,274,40.07,134.61,18,13,1,1,0,17.41,35.65
2017,F du Plessis,Royal Challengers Bengaluru,12,11,214,40.59,131.57,33,7,1,0,0,14.63,35.21
2018,F du Plessis,Royal Challengers Bengaluru,10,10,518,41.85,116.78,24,9,1,0,0,15.39,27.51
2019,F du Plessis,Royal Challengers Bengaluru,13,12,306,41.87,142.9,17,13,4,0,0,16.9,30.48
2020/21,F du Plessis,Royal Challengers Bengaluru,13,12,194,45.21,130.95,36,14,3,0,0,14.56,34.63
2021,F du Plessis,Royal Challengers Bengaluru,11,10,213,22.11,123.88,40,11,0,0,0,14.9,30.44
2022,F du Plessis,Royal Challengers Bengaluru,16,15,309,30.55,133.68,21,9,3,0,0,17.19,35.07
2023,F du Plessis,Royal Challengers Bengaluru,6,6,143,30.32,138.78,16,9,1,0,0,15.05,24.12
2024,F du Plessis,Royal Challengers Bengaluru,7,7,505,43.04,130.29,40,14,3,0,0,15.8,29.12
2025,F du Plessis,Royal Challengers Bengaluru,14,13,207,39.07,123.99,39,13,1,0,0,17.29,34.92
2021,FA Allen,Mumbai Indians,2,2,9,9.52,65.54,1,0,0,0,0,8.69,56.25
2022,FA Allen,Punjab Kings,3,2,4,8.22,83.8,0,0,0,0,1,8.39,55.82
2026,FH Allen,Kolkata Knight Riders,5,5,95,20.74,219.25,15,4,1,0,0,9.06,29.72
2009,FH Edwards,Deccan Chargers,7,2,6,5.39,72.39,0,0,0,0,3,6.45,32.52
2010,FY Fazal,Rajasthan Royals,6,6,53,18.38,119.46,16,1,0,0,0,9.63,24.48
2011,FY Fazal,Rajasthan Royals,6,6,115,24.37,112.91,8,1,2,0,0,9.49,26.99
2022,Fazalhaq Farooqi,Rajasthan Royals,2,1,2,13.91,32.91,0,0,0,0,2,9.77,68.36
2023,Fazalhaq Farooqi,Sunrisers Hyderabad,4,1,2,26.38,32.87,0,0,0,0,1,10.99,66.75
2024,Fazalhaq Farooqi,Sunrisers Hyderabad,2,1,2,21.88,35.27,0,0,0,0,1,9.95,84.07
2025,Fazalhaq Farooqi,Sunrisers Hyderabad,3,1,1,16.07,30.53,0,0,0,0,1,9.63,68.77
2024,G Coetzee,Gujarat Titans,6,3,21,5.54,98.05,1,1,0,0,11,9.73,27.63
2025,G Coetzee,Mumbai Indians,6,3,12,6.72,103.33,1,1,0,0,5,11.08,31.45
2008,G Gambhir,Delhi Daredevils,16,16,158,27.88,130.69,57,4,2,0,0,8.81,24.86
2009,G Gambhir,Kolkata Knight Riders,16,16,237,29.19,129.75,41,4,2,0,0,9.14,32.89
2010,G Gambhir,Kolkata Knight Riders,9,9,573,32.67,105.95,29,6,0,0,0,8.33,30.51
2011,G Gambhir,Kolkata Knight Riders,9,9,426,21.5,117.29,24,6,2,0,0,9.23,28.93
2012,G Gambhir,Kolkata Knight Riders,10,10,266,35.18,135.49,36,7,1,0,0,7.94,31.47
2013,G Gambhir,Kolkata Knight Riders,16,16,440,19.27,130.15,32,6,6,1,0,7.98,32.69
2014,G Gambhir,Kolkata Knight Riders,16,16,257,39.82,107.69,65,4,0,0,0,7.95,25.82
2015,G Gambhir,Kolkata Knight Riders,16,16,205,27.84,111.01,40,7,0,0,0,8.36,29.99
2016,G Gambhir,Kolkata Knight Riders,11,11,400,28.26,142.05,24,5,4,0,0,9.07,32.08
2017,G Gambhir,Kolkata Knight Riders,13,13,395,24.66,116.96,40,8,3,0,0,8.9,28.65
2018,G Gambhir,Kolkata Knight Riders,15,15,487,24.0,129.77,59,4,2,1,0,7.89,35.16
2012,GB Hogg,Kolkata Knight Riders,2,1,3,5.88,91.51,0,0,0,0,8,7.13,24.64
2013,GB Hogg,Rajasthan Royals,3,1,4,8.0,89.6,0,0,0,0,6,7.59,25.71
2014,GB Hogg,Rajasthan Royals,4,1,3,8.71,85.6,0,0,0,0,3,7.36,23.89
2015,GB Hogg,Rajasthan Royals,4,1,3,5.34,95.1,0,0,0,0,5,7.0,20.78
2016,GB Hogg,Rajasthan Royals,6,2,7,7.62,85.06,0,0,0,0,4,7.74,28.99
2008,GC Smith,Pune Warriors,8,8,87,26.1,117.17,17,2,1,0,0,8.43,29.23
2009,GC Smith,Rajasthan Royals,5,5,267,30.91,106.82,23,3,0,0,0,9.28,26.57
2010,GC Smith,Rajasthan Royals,8,8,194,35.5,121.48,22,2,2,1,0,8.33,25.26
2011,GC Smith,Rajasthan Royals,5,5,186,20.62,123.9,32,3,1,0,0,7.91,32.08
2019,GC Viljoen,Kings XI Punjab,7,4,4,1.53,40.61,0,0,0,0,11,10.11,34.25
2008,GD McGrath,Delhi Daredevils,8,2,5,4.71,87.81,1,0,0,0,6,6.79,34.92
2021,GD Phillips,Gujarat Titans,1,1,10,12.89,143.12,1,1,0,0,0,8.67,21.56
2022,GD Phillips,Rajasthan Royals,1,1,22,10.45,125.78,1,2,0,0,0,7.23,21.73
2023,GD Phillips,Sunrisers Hyderabad,3,3,19,14.39,130.1,1,1,0,0,0,8.53,17.11
2024,GD Phillips,Sunrisers Hyderabad,3,3,14,9.25,117.3,1,2,0,0,0,8.22,22.11
2025,GD Phillips,Sunrisers Hyderabad,2,2,21,8.48,130.31,1,1,0,0,0,8.78,18.44
2026,GD Phillips,Sunrisers Hyderabad,1,1,24,11.47,132.9,1,1,0,0,0,8.09,21.48
2026,GF Linde,Lucknow Super Giants,1,1,18,16.05,150.51,3,0,0,0,0,8.85,34.07
2013,GH Vihari,Delhi Capitals,4,4,42,19.85,82.98,2,0,0,0,0,6.08,43.05
2014,GH Vihari,Sunrisers Hyderabad,3,3,17,19.48,78.34,5,0,0,0,0,6.08,45.09
2015,GH Vihari,Sunrisers Hyderabad,5,5,17,14.7,82.38,2,0,0,0,0,6.52,39.56
2016,GH Vihari,Sunrisers Hyderabad,5,5,55,12.27,83.3,4,0,1,0,0,6.78,49.23
2017,GH Vihari,Sunrisers Hyderabad,4,4,36,18.35,75.59,2,0,0,0,0,6.64,44.57
2018,GH Vihari,Sunrisers Hyderabad,3,3,49,9.68,98.78,5,0,0,0,0,6.52,41.42
2019,GH Vihari,Sunrisers Hyderabad,3,3,44,17.9,101.18,3,0,1,0,0,7.24,43.13
2021,GHS Garton,Royal Challengers Bangalore,7,4,2,2.05,44.93,0,0,0,0,5,9.55,36.56
2009,GJ Bailey,Chennai Super Kings,3,3,60,20.54,138.31,7,2,0,0,0,8.67,35.26
2010,GJ Bailey,Kings XI Punjab,7,6,73,32.73,109.62,5,2,0,0,0,8.29,33.45
2011,GJ Bailey,Rising Pune Supergiants,7,6,47,33.04,131.67,4,2,1,0,0,9.1,25.5
2012,GJ Bailey,Rising Pune Supergiants,4,4,112,19.81,114.82,9,2,0,0,0,8.17,27.46
2013,GJ Bailey,Rising Pune Supergiants,7,6,114,25.23,115.02,6,2,0,0,0,7.79,25.65
2014,GJ Bailey,Rising Pune Supergiants,5,5,33,19.62,108.26,11,3,0,0,0,7.81,34.43
2015,GJ Bailey,Rising Pune Supergiants,3,3,130,24.44,119.15,8,3,1,0,0,8.74,32.78
2016,GJ Bailey,Rising Pune Supergiants,3,3,100,18.07,134.36,5,2,1,0,0,9.11,25.22
2012,GJ Maxwell,Delhi Daredevils,6,6,302,24.44,161.5,16,9,1,0,2,8.45,31.13
2013,GJ Maxwell,Kings XI Punjab,13,12,152,31.02,165.93,23,7,1,0,4,7.95,39.05
2014,GJ Maxwell,Mumbai Indians,10,10,143,30.52,159.94,9,8,1,0,1,7.84,34.61
2015,GJ Maxwell,Punjab Kings,6,6,129,30.1,156.13,17,12,2,0,3,7.76,40.47
2016,GJ Maxwell,Royal Challengers Bangalore,9,9,123,24.71,141.01,20,9,0,0,2,8.38,30.1
2017,GJ Maxwell,Royal Challengers Bengaluru,13,12,132,20.58,142.41,17,16,1,0,4,8.76,28.26
2018,GJ Maxwell,Royal Challengers Bengaluru,8,8,173,16.0,154.17,15,16,3,0,4,9.01,35.73
2019,GJ Maxwell,Royal Challengers Bengaluru,6,6,227,19.24,149.37,9,13,2,1,4,7.9,40.06
2020/21,GJ Maxwell,Royal Challengers Bengaluru,6,6,224,20.83,142.47,20,10,0,1,1,8.96,39.05
2021,GJ Maxwell,Royal Challengers Bengaluru,12,11,151,19.82,162.15,17,13,2,0,2,8.68,34.66
2022,GJ Maxwell,Royal Challengers Bengaluru,10,10,170,17.59,174.26,19,12,2,0,2,8.75,34.33
2023,GJ Maxwell,Royal Challengers Bengaluru,6,6,224,17.75,135.19,20,13,2,1,4,8.23,35.0
2024,GJ Maxwell,Royal Challengers Bengaluru,10,10,126,25.95,171.89,21,12,2,0,5,8.23,40.34
2025,GJ Maxwell,Royal Challengers Bengaluru,6,6,145,32.02,151.67,25,7,0,0,4,7.73,41.28
2009,GR Napier,Mumbai Indians,1,1,12,14.21,94.77,1,0,0,0,1,6.86,28.19
2015,GS Sandhu,Delhi Daredevils,3,1,0,25.14,128.56,0,0,0,0,1,11.1,97.29
2008,Gagandeep Singh,Kings XI Punjab,4,1,0,17.05,122.17,0,0,0,0,3,9.91,41.51
2024,Gulbadin Naib,Delhi Capitals,2,1,20,11.71,135.09,1,1,0,0,0,10.83,34.03
2026,Gurjapneet Singh,Chennai Super Kings,1,1,0,24.6,104.87,0,0,0,0,1,10.45,33.16
2012,Gurkeerat Singh,Kings XI Punjab,4,3,39,20.04,123.78,4,1,0,0,1,7.2,19.67
2013,Gurkeerat Singh,Royal Challengers Bangalore,3,2,32,16.39,119.67,8,1,0,0,0,8.07,22.76
2014,Gurkeerat Singh,Royal Challengers Bangalore,3,2,53,16.47,115.59,5,2,0,0,1,7.31,17.42
2015,Gurkeerat Singh,Royal Challengers Bangalore,4,3,45,27.66,130.22,5,1,0,0,1,6.85,20.43
2016,Gurkeerat Singh,Royal Challengers Bangalore,4,3,48,22.73,123.56,5,1,1,0,0,7.89,16.42
2017,Gurkeerat Singh,Royal Challengers Bangalore,5,4,80,28.29,120.06,7,2,1,0,0,6.76,16.75
2018,Gurkeerat Singh,Royal Challengers Bangalore,4,3,40,15.79,105.91,7,1,1,0,1,7.1,21.86
2019,Gurkeerat Singh,Royal Challengers Bangalore,5,4,88,18.28,135.32,5,2,0,0,0,8.02,20.45
2020/21,Gurkeerat Singh,Royal Challengers Bangalore,3,2,36,22.32,102.97,6,1,0,0,1,7.03,17.57
2023,Gurnoor Brar,Punjab Kings,1,1,0,16.15,111.74,0,0,0,0,0,14.71,26.76
2008,H Das,Deccan Chargers,1,1,2,1.84,42.34,0,0,0,0,0,8.77,31.28
2018,H Klaasen,Rajasthan Royals,6,6,264,54.81,166.36,10,14,1,0,0,9.13,33.05
2019,H Klaasen,Royal Challengers Bangalore,7,6,175,51.81,147.15,11,11,2,0,0,7.98,31.7
2020/21,H Klaasen,Sunrisers Hyderabad,5,5,259,33.15,176.89,13,13,4,0,0,8.0,35.37
2021,H Klaasen,Sunrisers Hyderabad,6,6,219,36.01,166.5,12,5,1,0,0,8.01,27.41
2022,H Klaasen,Sunrisers Hyderabad,3,3,277,54.93,158.39,6,11,2,0,0,8.73,29.03
2023,H Klaasen,Sunrisers Hyderabad,9,8,279,26.55,183.19,7,12,2,0,0,8.05,25.02
2024,H Klaasen,Sunrisers Hyderabad,5,5,78,47.31,165.64,9,8,1,0,0,8.85,25.2
2025,H Klaasen,Sunrisers Hyderabad,6,6,91,44.52,176.58,8,8,1,0,0,9.27,35.08
2026,H Klaasen,Sunrisers Hyderabad,7,6,198,29.25,160.41,8,9,3,0,0,9.24,28.88
2023,H Sharma,Royal Challengers Bangalore,1,1,0,25.32,126.98,0,0,0,0,0,10.65,25.2
2024,H Sharma,Royal Challengers Bengaluru,1,1,0,18.1,103.81,0,0,0,0,0,11.51,29.38
2023,HC Brook,Sunrisers Hyderabad,6,6,152,26.05,119.33,20,4,1,1,0,8.88,24.84
2022,HE van der Dussen,Rajasthan Royals,3,3,17,7.13,91.52,1,0,0,0,0,9.27,30.76
2019,HF Gurney,Kolkata Knight Riders,6,1,1,22.47,18.03,0,0,0,0,3,8.29,38.26
2008,HH Gibbs,Deccan Chargers,6,6,101,19.26,119.8,13,6,0,0,0,9.13,32.52
2009,HH Gibbs,Mumbai Indians,8,8,282,18.12,120.79,25,4,1,0,0,8.17,28.88
2010,HH Gibbs,Mumbai Indians,10,10,99,24.59,96.37,23,5,0,0,0,7.89,26.17
2011,HH Gibbs,Mumbai Indians,10,10,212,16.98,102.26,23,5,0,0,0,8.41,34.11
2012,HH Gibbs,Mumbai Indians,8,8,138,21.58,97.61,13,7,2,0,0,8.76,31.23
2015,HH Pandya,Gujarat Titans,11,10,285,30.23,140.45,21,10,4,0,6,8.54,27.24
2016,HH Pandya,Mumbai Indians,9,8,212,36.95,168.79,24,9,2,0,9,9.65,36.24
2017,HH Pandya,Mumbai Indians,13,12,209,21.84,141.71,14,9,2,0,3,8.32,32.66
2018,HH Pandya,Mumbai Indians,14,13,117,29.78,150.2,10,10,0,0,7,9.44,33.2
2019,HH Pandya,Mumbai Indians,13,12,321,37.24,167.96,24,16,5,0,6,10.07,33.95
2020/21,HH Pandya,Mumbai Indians,12,11,217,38.53,147.21,14,11,1,0,3,9.36,32.69
2021,HH Pandya,Mumbai Indians,16,15,148,33.46,155.25,15,17,2,1,9,9.9,30.51
2022,HH Pandya,Mumbai Indians,14,13,197,34.96,157.78,20,6,2,0,11,9.13,33.54
2023,HH Pandya,Mumbai Indians,8,7,163,26.19,125.09,19,15,0,0,7,9.88,27.06
2024,HH Pandya,Mumbai Indians,9,8,219,35.83,154.67,21,7,0,0,11,9.36,31.81
2025,HH Pandya,Mumbai Indians,13,12,326,18.85,162.67,16,7,0,0,10,9.08,38.8
2026,HH Pandya,Mumbai Indians,14,13,170,21.96,144.14,17,18,1,1,10,9.63,29.02
2016,HM Amla,Kings XI Punjab,9,9,339,51.28,134.52,20,5,3,0,0,8.62,33.66
2017,HM Amla,Kings XI Punjab,5,5,186,53.7,132.31,32,12,1,0,0,8.41,28.5
2022,HR Shokeen,Mumbai Indians,6,3,31,25.8,89.21,2,0,0,0,3,8.8,66.42
2023,HR Shokeen,Mumbai Indians,8,4,19,15.62,93.08,2,0,0,0,2,10.01,57.5
2025,HS Dubey,Sunrisers Hyderabad,3,2,10,6.48,152.62,1,0,0,0,8,8.89,22.99
2026,HS Dubey,Sunrisers Hyderabad,5,3,5,6.26,123.14,1,0,0,0,2,9.16,24.66
2012,HV Patel,Delhi Capitals,5,2,16,5.79,106.18,1,1,0,0,12,8.61,24.95
2013,HV Patel,Delhi Daredevils,5,2,20,6.85,109.28,1,1,0,0,9,8.12,20.7
2014,HV Patel,Punjab Kings,11,4,27,6.71,131.84,1,1,0,0,11,9.79,25.56
2015,HV Patel,Royal Challengers Bangalore,12,5,23,5.38,125.9,1,1,0,0,9,8.61,28.75
2016,HV Patel,Sunrisers Hyderabad,7,3,8,11.48,123.06,1,1,0,0,16,9.77,23.53
2017,HV Patel,Sunrisers Hyderabad,5,2,9,6.97,112.86,2,1,0,0,13,9.45,29.02
2018,HV Patel,Sunrisers Hyderabad,7,3,28,5.88,135.2,1,1,0,0,11,8.32,22.55
2019,HV Patel,Sunrisers Hyderabad,6,2,17,5.32,113.78,2,1,0,0,9,9.47,28.55
2020/21,HV Patel,Sunrisers Hyderabad,6,2,9,11.84,130.97,1,1,0,0,15,8.76,24.77
2021,HV Patel,Sunrisers Hyderabad,8,3,9,6.43,102.07,2,1,0,0,6,8.05,23.47
2022,HV Patel,Sunrisers Hyderabad,12,5,29,6.18,111.0,1,1,0,0,7,8.4,19.98
2023,HV Patel,Sunrisers Hyderabad,12,5,11,7.67,122.43,1,1,0,0,15,9.11,26.76
2024,HV Patel,Sunrisers Hyderabad,7,3,22,10.96,122.63,1,1,0,0,4,8.25,25.98
2025,HV Patel,Sunrisers Hyderabad,5,2,13,11.35,115.09,1,1,0,0,7,8.63,25.16
2026,HV Patel,Sunrisers Hyderabad,5,2,19,9.44,114.76,1,1,0,0,3,8.75,21.98
2008,Harbhajan Singh,Chennai Super Kings,6,3,30,19.67,132.58,7,2,0,0,6,7.42,22.37
2009,Harbhajan Singh,Kolkata Knight Riders,6,3,67,21.38,134.76,7,3,1,0,16,6.7,23.02
2010,Harbhajan Singh,Mumbai Indians,7,4,35,21.99,125.57,6,4,0,0,12,7.14,27.85
2011,Harbhajan Singh,Mumbai Indians,6,3,25,13.17,155.98,6,2,0,0,15,6.7,29.55
2012,Harbhajan Singh,Mumbai Indians,12,7,27,18.84,153.82,8,3,0,0,15,7.61,23.16
2013,Harbhajan Singh,Mumbai Indians,16,9,75,12.67,141.3,6,4,1,0,7,7.75,26.5
2014,Harbhajan Singh,Mumbai Indians,7,4,92,13.71,131.2,4,3,1,0,6,6.53,26.57
2015,Harbhajan Singh,Mumbai Indians,14,8,57,19.22,142.0,5,3,1,0,4,6.68,22.69
2016,Harbhajan Singh,Mumbai Indians,15,8,57,19.92,122.59,6,3,0,0,6,7.21,29.63
2017,Harbhajan Singh,Mumbai Indians,12,7,58,19.95,118.89,8,2,0,0,16,7.15,22.63
2018,Harbhajan Singh,Mumbai Indians,14,8,63,19.28,136.48,4,4,0,0,18,6.41,23.31
2019,Harbhajan Singh,Mumbai Indians,8,4,52,11.77,157.37,5,4,0,0,5,7.19,29.97
2020/21,Harbhajan Singh,Mumbai Indians,11,6,52,15.36,133.31,6,2,0,0,10,7.33,22.2
2021,Harbhajan Singh,Mumbai Indians,16,9,74,21.23,156.25,5,2,0,0,5,6.44,22.73
2009,Harmeet Singh,Deccan Chargers,5,1,1,3.41,129.59,0,0,0,0,8,8.46,27.04
2010,Harmeet Singh,Kings XI Punjab,7,2,2,4.64,137.5,0,0,0,0,3,8.03,24.58
2011,Harmeet Singh,Kings XI Punjab,5,1,5,2.97,128.2,1,0,0,0,8,7.24,22.52
2012,Harmeet Singh,Kings XI Punjab,7,2,6,5.21,145.69,1,0,0,0,7,7.53,30.74
2013,Harmeet Singh,Kings XI Punjab,3,1,2,3.13,161.75,0,0,0,0,8,7.83,29.68
2009,Harmeet Singh,Deccan Chargers,7,2,2,4.4,152.33,0,0,0,0,0,8.95,38.95
2010,Harmeet Singh,Kings XI Punjab,4,1,2,3.54,144.25,0,0,0,0,0,8.51,31.84
2011,Harmeet Singh,Kings XI Punjab,6,1,4,3.28,160.55,1,0,0,0,0,8.15,31.18
2012,Harmeet Singh,Kings XI Punjab,7,2,3,2.83,130.41,1,0,0,0,0,8.43,28.03
2013,Harmeet Singh,Kings XI Punjab,6,1,4,5.01,137.84,0,0,0,0,0,7.75,28.53
2013,Harmeet Singh,Rajasthan Royals,1,1,0,13.17,112.86,0,0,0,0,39,8.29,28.64
2013,Harmeet Singh,Rajasthan Royals,1,1,0,18.45,107.31,0,0,0,0,1,8.59,38.54
2019,Harpreet Brar,Kings XI Punjab,7,4,51,23.31,107.35,4,1,0,0,8,8.6,33.56
2020/21,Harpreet Brar,Punjab Kings,7,4,43,18.02,106.68,3,1,1,0,8,7.91,31.05
2021,Harpreet Brar,Punjab Kings,9,5,36,27.42,137.99,2,1,0,0,6,7.59,25.51
2022,Harpreet Brar,Punjab Kings,9,5,43,27.54,123.94,2,2,0,0,3,7.54,29.98
2023,Harpreet Brar,Punjab Kings,10,5,46,17.31,126.75,3,2,0,0,7,7.88,25.52
2024,Harpreet Brar,Punjab Kings,6,3,21,26.03,123.32,2,2,0,0,8,7.6,34.49
2025,Harpreet Brar,Punjab Kings,9,5,19,24.05,108.66,3,1,0,0,6,7.5,32.78
2010,Harpreet Singh,Kolkata Knight Riders,1,1,12,16.53,91.6,1,0,0,0,0,8.37,24.69
2011,Harpreet Singh,Pune Warriors,1,1,9,18.65,95.07,1,0,0,0,0,9.25,34.03
2012,Harpreet Singh,Punjab Kings,1,1,12,21.04,118.71,1,0,0,0,0,9.0,24.17
2013,Harpreet Singh,Punjab Kings,1,1,4,16.48,88.64,0,0,0,0,0,8.44,34.64
2014,Harpreet Singh,Punjab Kings,1,1,12,11.09,98.47,0,0,0,0,0,7.71,31.0
2015,Harpreet Singh,Punjab Kings,1,1,9,22.53,114.62,1,0,0,0,0,8.61,33.39
2016,Harpreet Singh,Punjab Kings,1,1,4,16.13,116.68,1,0,0,0,0,7.92,28.2
2017,Harpreet Singh,Punjab Kings,1,1,11,13.7,102.18,1,0,0,0,0,8.94,26.16
2018,Harpreet Singh,Punjab Kings,1,1,10,14.74,111.81,1,0,0,0,0,7.75,33.97
2019,Harpreet Singh,Punjab Kings,1,1,5,19.6,98.89,1,0,0,0,0,8.48,31.48
2020/21,Harpreet Singh,Punjab Kings,1,1,8,22.01,100.84,1,0,0,0,0,8.27,28.95
2021,Harpreet Singh,Punjab Kings,1,1,9,22.38,93.18,1,0,0,0,0,7.97,24.93
2022,Harpreet Singh,Punjab Kings,1,1,6,18.16,116.19,1,0,0,0,0,7.94,25.88
2023,Harpreet Singh,Punjab Kings,1,1,4,12.71,99.46,0,0,0,0,0,8.21,34.24
2024,Harpreet Singh,Punjab Kings,1,1,11,20.14,88.89,1,0,0,0,0,8.64,33.76
2022,Harshit Rana,Kolkata Knight Riders,11,3,10,12.78,98.86,1,1,0,0,6,10.31,26.67
2023,Harshit Rana,Kolkata Knight Riders,11,3,24,7.71,93.54,1,1,0,0,17,9.07,23.36
2024,Harshit Rana,Kolkata Knight Riders,9,3,11,12.78,108.55,2,1,0,0,5,8.67,22.04
2025,Harshit Rana,Kolkata Knight Riders,9,3,11,6.41,90.02,1,1,0,0,6,10.03,23.34
2025,Himmat Singh,Lucknow Super Giants,4,1,0,14.89,118.07,0,0,0,0,0,7.82,28.47
2011,I Malhotra,Deccan Chargers,1,1,4,25.65,181.8,1,0,0,0,0,22.46,34.77
2008,I Sharma,Deccan Chargers,9,2,2,5.73,84.91,0,0,0,0,7,9.01,40.83
2009,I Sharma,Delhi Capitals,4,1,3,7.45,78.43,0,0,0,0,2,7.69,31.09
2010,I Sharma,Gujarat Titans,8,2,1,12.17,82.23,0,0,0,0,6,8.6,31.81
2011,I Sharma,Kings XI Punjab,4,1,5,9.51,76.06,0,0,0,0,8,8.58,37.64
2012,I Sharma,Kolkata Knight Riders,9,2,1,11.56,82.18,0,0,0,0,2,8.36,33.51
2013,I Sharma,Rising Pune Supergiants,7,2,5,8.97,72.57,0,0,0,0,8,9.11,30.47
2014,I Sharma,Sunrisers Hyderabad,4,1,3,10.54,89.68,0,0,0,0,4,8.42,30.84
2015,I Sharma,Sunrisers Hyderabad,8,2,3,8.77,74.47,0,0,0,0,7,7.98,34.92
2016,I Sharma,Sunrisers Hyderabad,9,2,4,8.12,79.46,0,0,0,0,7,8.19,35.95
2017,I Sharma,Sunrisers Hyderabad,4,1,4,10.74,85.96,0,0,0,0,3,9.01,32.35
2018,I Sharma,Sunrisers Hyderabad,4,1,1,12.17,74.41,0,0,0,0,3,9.08,29.36
2019,I Sharma,Sunrisers Hyderabad,8,2,3,6.99,87.4,0,0,0,0,2,8.22,28.14
2020/21,I Sharma,Sunrisers Hyderabad,7,2,3,7.11,82.04,0,0,0,0,4,7.6,38.23
2021,I Sharma,Sunrisers Hyderabad,5,1,4,9.79,74.61,0,0,0,0,3,8.93,29.45
2022,I Sharma,Sunrisers Hyderabad,6,1,1,9.72,81.64,0,0,0,0,7,8.07,32.09
2023,I Sharma,Sunrisers Hyderabad,6,1,3,6.69,77.18,0,0,0,0,7,8.73,33.12
2024,I Sharma,Sunrisers Hyderabad,6,1,3,8.93,73.84,0,0,0,0,3,7.72,41.97
2025,I Sharma,Sunrisers Hyderabad,8,2,2,11.12,94.12,0,0,0,0,4,9.1,38.2
2020/21,I Udana,Royal Challengers Bangalore,12,5,14,4.86,142.84,1,1,0,0,7,9.45,41.61
2013,IC Pandey,Chennai Super Kings,11,1,0,0,0,0,0,0,0,9,8.25,36.89
2014,IC Pandey,Pune Warriors,4,1,0,0,0,0,0,0,0,7,7.17,35.42
2015,IC Pandey,Pune Warriors,6,1,0,0,0,0,0,0,0,4,7.56,30.67
2021,IC Porel,Punjab Kings,1,1,0,17.74,112.56,0,0,0,0,1,10.23,37.1
2008,IK Pathan,Delhi Daredevils,10,8,73,20.35,127.84,10,3,1,0,3,7.01,39.17
2009,IK Pathan,Gujarat Lions,8,6,147,17.5,105.64,10,5,0,0,11,7.36,36.82
2010,IK Pathan,Kings XI Punjab,6,5,137,13.75,119.99,6,4,2,0,10,7.63,27.73
2011,IK Pathan,Rising Pune Supergiants,6,5,145,14.31,129.52,8,5,2,0,12,8.49,31.14
2012,IK Pathan,Sunrisers Hyderabad,13,10,101,28.79,134.9,10,4,1,0,11,7.56,30.42
2013,IK Pathan,Sunrisers Hyderabad,15,12,66,21.07,127.47,7,2,0,0,9,7.16,36.78
2014,IK Pathan,Sunrisers Hyderabad,11,9,48,29.68,115.46,5,4,0,0,11,7.66,30.96
2015,IK Pathan,Sunrisers Hyderabad,11,9,79,13.36,119.79,8,5,1,0,7,7.32,37.31
2016,IK Pathan,Sunrisers Hyderabad,7,6,146,20.13,134.41,5,2,1,0,8,7.89,30.21
2017,IK Pathan,Sunrisers Hyderabad,9,7,114,18.56,123.93,9,3,1,0,12,7.59,36.44
2011,IR Jaggi,Deccan Chargers,1,1,15,18.31,89.81,1,0,0,0,0,9.08,33.59
2012,IR Jaggi,Kolkata Knight Riders,1,1,6,10.55,77.3,1,0,0,0,0,9.11,29.07
2013,IR Jaggi,Kolkata Knight Riders,1,1,10,11.62,86.32,1,0,0,0,0,8.33,25.95
2014,IR Jaggi,Kolkata Knight Riders,1,1,12,11.28,86.27,1,0,0,0,0,7.79,35.94
2015,IR Jaggi,Kolkata Knight Riders,1,1,9,19.86,71.39,1,0,0,0,0,8.44,29.49
2016,IR Jaggi,Kolkata Knight Riders,1,1,7,16.26,70.31,1,0,0,0,0,8.83,30.43
2017,IR Jaggi,Kolkata Knight Riders,1,1,9,17.47,81.63,1,0,0,0,0,7.84,28.31
2018,IS Sodhi,Rajasthan Royals,4,1,2,3.05,41.65,0,0,0,0,3,6.51,26.89
2019,IS Sodhi,Rajasthan Royals,4,1,5,3.94,38.02,0,0,0,0,2,6.22,25.78
2014,Imran Tahir,Chennai Super Kings,7,1,4,11.07,86.14,1,0,0,0,8,7.98,22.12
2015,Imran Tahir,Delhi Daredevils,9,1,6,5.29,85.96,1,0,0,0,15,8.35,21.43
2016,Imran Tahir,Rising Pune Supergiant,6,1,3,7.91,77.04,1,0,0,0,10,8.44,24.72
2017,Imran Tahir,Rising Pune Supergiant,4,1,5,5.16,92.94,1,0,0,0,16,8.32,20.38
2018,Imran Tahir,Rising Pune Supergiant,5,1,6,6.9,83.81,1,0,0,0,11,8.15,16.86
2019,Imran Tahir,Rising Pune Supergiant,11,2,6,6.16,93.11,0,0,0,0,12,7.12,20.09
2020/21,Imran Tahir,Rising Pune Supergiant,10,2,4,5.68,97.2,1,0,0,0,9,7.19,21.24
2021,Imran Tahir,Rising Pune Supergiant,4,1,5,6.11,100.49,0,0,0,0,6,8.38,18.8
2008,Iqbal Abdulla,Kolkata Knight Riders,3,1,6,61.54,110.43,0,0,0,0,6,7.81,23.08
2009,Iqbal Abdulla,Rajasthan Royals,3,1,5,57.27,95.8,1,0,0,0,5,7.35,32.59
2010,Iqbal Abdulla,Royal Challengers Bangalore,5,1,6,42.29,114.91,1,0,0,0,6,6.59,28.94
2011,Iqbal Abdulla,Royal Challengers Bangalore,4,1,7,56.13,117.06,1,0,0,0,3,7.02,24.64
2012,Iqbal Abdulla,Royal Challengers Bangalore,6,2,12,53.82,97.79,1,0,0,0,1,6.86,26.61
2013,Iqbal Abdulla,Royal Challengers Bangalore,3,1,13,46.46,120.41,1,0,0,0,3,7.04,32.59
2014,Iqbal Abdulla,Royal Challengers Bangalore,5,1,8,54.8,108.04,1,0,0,0,5,7.27,25.32
2015,Iqbal Abdulla,Royal Challengers Bangalore,7,2,13,49.86,94.52,1,0,0,0,5,7.88,24.24
2016,Iqbal Abdulla,Royal Challengers Bangalore,3,1,8,40.42,119.42,1,0,0,0,7,7.33,26.7
2017,Iqbal Abdulla,Royal Challengers Bangalore,7,2,10,55.3,107.53,1,0,0,0,5,7.65,30.31
2016,Ishan Kishan,Gujarat Lions,16,15,303,28.31,138.72,14,8,1,0,0,23.39,33.37
2017,Ishan Kishan,Mumbai Indians,15,14,199,31.67,128.37,41,14,0,0,0,24.49,32.95
2018,Ishan Kishan,Sunrisers Hyderabad,6,6,136,24.43,145.26,37,16,2,0,0,23.84,28.79
2019,Ishan Kishan,Sunrisers Hyderabad,13,12,191,18.28,129.92,14,13,2,0,0,21.94,27.61
2020/21,Ishan Kishan,Sunrisers Hyderabad,15,14,273,18.26,143.61,22,16,3,0,0,23.17,32.06
2021,Ishan Kishan,Sunrisers Hyderabad,6,6,325,34.03,124.38,15,18,5,0,0,22.72,33.98
2022,Ishan Kishan,Sunrisers Hyderabad,7,7,435,30.52,143.93,36,13,7,0,0,26.1,35.28
2023,Ishan Kishan,Sunrisers Hyderabad,15,14,250,20.56,118.25,14,14,2,0,0,23.35,31.54
2024,Ishan Kishan,Sunrisers Hyderabad,9,8,277,35.16,145.23,37,10,4,0,0,26.23,27.48
2025,Ishan Kishan,Sunrisers Hyderabad,14,13,222,39.98,145.44,16,7,2,0,0,24.57,34.21
2026,Ishan Kishan,Sunrisers Hyderabad,11,10,444,18.94,135.54,15,15,6,0,0,25.26,26.15
2008,J Arunkumar,Royal Challengers Bangalore,4,4,26,7.76,90.8,7,0,0,0,0,7.97,32.78
2009,J Botha,Delhi Daredevils,4,3,66,25.03,113.69,8,1,0,0,1,7.26,32.44
2010,J Botha,Kolkata Knight Riders,7,6,24,25.96,110.97,5,0,0,0,1,7.27,26.51
2011,J Botha,Rajasthan Royals,6,5,48,20.18,105.0,3,1,0,0,4,7.41,33.19
2012,J Botha,Rajasthan Royals,5,4,29,25.27,114.22,7,0,0,0,3,6.97,26.61
2013,J Botha,Rajasthan Royals,4,3,80,18.69,109.33,6,1,0,0,4,6.38,30.7
2014,J Botha,Rajasthan Royals,5,4,86,25.38,121.33,8,1,0,0,3,6.65,32.51
2015,J Botha,Rajasthan Royals,6,5,34,13.6,115.27,4,1,0,0,4,7.03,30.64
2024,J Fraser-McGurk,Delhi Capitals,7,7,267,26.78,210.52,23,16,0,0,0,9.3,32.92
2025,J Fraser-McGurk,Delhi Capitals,9,9,98,33.9,186.46,24,13,1,0,0,8.67,34.4
2025,J Overton,Chennai Super Kings,4,3,53,92.6,149.59,4,3,0,0,1,12.12,36.42
2026,J Overton,Chennai Super Kings,4,3,51,132.42,138.91,4,3,0,0,1,12.28,34.11
2015,J Suchith,Delhi Capitals,3,1,13,14.45,105.19,1,0,0,0,1,8.91,36.88
2016,J Suchith,Mumbai Indians,3,1,9,15.3,125.09,1,0,0,0,2,8.87,26.76
2017,J Suchith,Sunrisers Hyderabad,3,1,5,10.75,105.31,1,0,0,0,4,8.91,31.38
2018,J Suchith,Sunrisers Hyderabad,3,1,12,22.59,120.91,1,0,0,0,3,7.98,33.46
2019,J Suchith,Sunrisers Hyderabad,2,1,10,15.25,105.93,1,0,0,0,2,9.25,31.5
2020/21,J Suchith,Sunrisers Hyderabad,2,1,11,15.76,97.63,0,0,0,0,1,7.76,34.84
2021,J Suchith,Sunrisers Hyderabad,4,2,13,10.58,128.76,0,0,0,0,2,7.82,37.11
2022,J Suchith,Sunrisers Hyderabad,4,2,7,12.31,115.81,1,0,0,0,3,8.85,30.78
2011,J Syed Mohammad,Royal Challengers Bangalore,3,1,4,10.07,100.32,1,0,0,0,4,8.38,28.7
2012,J Syed Mohammad,Royal Challengers Bangalore,3,1,15,17.48,113.82,1,0,0,0,3,8.6,40.43
2013,J Syed Mohammad,Royal Challengers Bangalore,4,2,10,9.2,123.68,2,0,0,0,3,9.58,41.7
2010,J Theron,Deccan Chargers,2,1,3,3.18,77.98,0,0,0,0,2,8.3,35.07
2011,J Theron,Kings XI Punjab,2,1,1,5.19,80.56,0,0,0,0,2,8.18,29.73
2012,J Theron,Rajasthan Royals,1,1,1,6.18,80.1,0,0,0,0,1,8.32,26.72
2013,J Theron,Rajasthan Royals,1,1,2,3.56,84.37,0,0,0,0,1,7.33,31.88
2014,J Theron,Rajasthan Royals,1,1,1,6.98,79.98,0,0,0,0,1,7.43,38.47
2015,J Theron,Rajasthan Royals,2,1,2,6.24,78.73,0,0,0,0,1,8.17,33.49
2015,J Yadav,Delhi Daredevils,2,1,3,10.54,96.33,0,0,0,0,1,6.52,61.08
2016,J Yadav,Gujarat Titans,3,1,5,8.55,109.78,0,0,0,0,1,7.16,61.37
2017,J Yadav,Mumbai Indians,3,1,3,11.75,113.8,0,0,0,0,1,6.69,47.23
2018,J Yadav,Mumbai Indians,3,1,5,9.17,126.27,0,0,0,0,1,6.8,61.67
2019,J Yadav,Mumbai Indians,3,1,2,8.12,122.96,0,0,0,0,1,6.29,48.63
2020/21,J Yadav,Mumbai Indians,3,1,3,11.65,117.73,0,0,0,0,1,7.09,49.18
2021,J Yadav,Mumbai Indians,2,1,2,7.92,99.91,0,0,0,0,1,7.26,65.95
2022,J Yadav,Mumbai Indians,2,1,7,10.98,118.08,0,0,0,0,1,6.89,52.02
2023,J Yadav,Mumbai Indians,1,1,5,6.0,108.55,0,0,0,0,1,7.2,48.39
2026,JA Duffy,Royal Challengers Bengaluru,2,1,0,14.39,123.89,0,0,0,0,7,9.97,18.05
2008,JA Morkel,Chennai Super Kings,14,10,51,32.65,134.47,7,4,0,0,10,8.38,22.93
2009,JA Morkel,Delhi Daredevils,9,7,80,19.4,149.37,8,4,0,0,5,8.62,33.16
2010,JA Morkel,Rising Pune Supergiants,10,7,70,16.08,158.45,6,5,1,0,10,8.95,32.74
2011,JA Morkel,Royal Challengers Bangalore,10,7,70,21.65,130.82,8,8,0,0,13,7.93,25.63
2012,JA Morkel,Royal Challengers Bangalore,12,9,48,23.82,150.84,4,7,0,0,12,7.6,27.66
2013,JA Morkel,Royal Challengers Bangalore,9,7,65,23.44,126.55,9,3,0,0,10,7.38,32.42
2014,JA Morkel,Royal Challengers Bangalore,7,5,109,33.74,147.7,9,9,1,0,13,8.93,31.94
2015,JA Morkel,Royal Challengers Bangalore,8,6,106,26.03,125.13,7,6,1,0,15,8.99,29.9
2016,JA Morkel,Royal Challengers Bangalore,15,11,146,19.63,159.61,9,8,0,0,10,7.44,30.36
2021,JA Richardson,Delhi Capitals,1,1,2,5.28,72.68,1,0,0,0,1,9.68,57.46
2022,JA Richardson,Punjab Kings,1,1,4,6.58,72.84,0,0,0,0,1,9.57,60.01
2023,JA Richardson,Punjab Kings,1,1,2,3.73,69.01,0,0,0,0,1,10.88,61.1
2024,JA Richardson,Punjab Kings,1,1,3,5.65,58.96,1,0,0,0,1,10.75,49.0
2023,JB Little,Gujarat Titans,6,1,0,14.26,136.75,0,0,0,0,3,8.97,31.38
2024,JB Little,Gujarat Titans,3,1,0,18.15,104.77,0,0,0,0,7,9.27,27.8
2018,JC Archer,Mumbai Indians,7,4,46,19.03,141.35,1,2,1,0,10,7.63,25.94
2019,JC Archer,Rajasthan Royals,9,5,31,19.06,161.73,2,1,0,0,11,7.82,23.51
2020/21,JC Archer,Rajasthan Royals,4,2,15,12.74,124.52,1,2,0,0,6,7.68,24.76
2021,JC Archer,Rajasthan Royals,7,4,30,12.72,138.56,2,1,0,0,10,8.52,25.12
2022,JC Archer,Rajasthan Royals,3,2,25,13.25,147.03,1,1,0,0,10,8.4,30.5
2023,JC Archer,Rajasthan Royals,5,3,15,10.24,135.44,2,3,0,0,5,7.23,26.83
2024,JC Archer,Rajasthan Royals,8,5,19,12.81,147.62,1,2,0,0,6,7.93,23.85
2025,JC Archer,Rajasthan Royals,3,2,20,10.45,162.85,1,2,0,0,5,8.6,23.0
2026,JC Archer,Rajasthan Royals,7,4,37,14.29,156.45,1,1,0,0,4,8.67,29.66
2016,JC Buttler,Gujarat Titans,12,12,359,26.21,154.55,54,24,1,0,0,9.13,35.03
2017,JC Buttler,Mumbai Indians,12,12,208,35.73,154.64,38,15,3,0,0,8.16,34.97
2018,JC Buttler,Rajasthan Royals,16,16,613,24.54,141.73,46,24,6,0,0,9.27,30.88
2019,JC Buttler,Rajasthan Royals,7,7,617,24.12,159.49,53,23,10,0,0,7.9,34.46
2020/21,JC Buttler,Rajasthan Royals,16,16,222,40.8,154.69,25,13,2,0,0,8.45,34.13
2021,JC Buttler,Rajasthan Royals,9,9,361,35.73,143.68,55,22,6,0,0,8.77,24.8
2022,JC Buttler,Rajasthan Royals,8,8,391,48.32,133.07,35,18,6,0,0,8.99,30.24
2023,JC Buttler,Rajasthan Royals,8,8,515,29.49,167.32,34,20,2,0,0,8.74,32.67
2024,JC Buttler,Rajasthan Royals,9,9,398,27.25,171.39,52,12,6,0,0,7.65,28.83
2025,JC Buttler,Rajasthan Royals,7,7,537,53.73,163.13,50,24,7,0,0,8.57,25.79
2026,JC Buttler,Rajasthan Royals,10,10,413,50.93,169.21,25,20,1,0,0,8.05,29.52
2009,JD Ryder,Pune Warriors,4,4,88,15.9,130.74,22,7,0,0,3,7.02,41.03
2010,JD Ryder,Royal Challengers Bangalore,9,9,159,23.95,114.29,16,4,1,0,3,7.36,37.36
2011,JD Ryder,Royal Challengers Bangalore,7,7,117,23.18,115.15,20,6,1,0,3,8.26,38.49
2012,JD Ryder,Royal Challengers Bangalore,8,8,118,23.34,134.16,21,4,1,0,1,7.72,39.51
2010,JD Unadkat,Delhi Daredevils,7,2,11,9.6,101.91,1,0,0,0,3,8.08,30.47
2011,JD Unadkat,Kolkata Knight Riders,4,1,14,14.25,102.08,1,0,0,0,10,9.37,31.31
2012,JD Unadkat,Lucknow Super Giants,7,2,14,16.05,129.07,0,1,0,0,3,9.42,34.61
2013,JD Unadkat,Mumbai Indians,8,2,17,13.52,132.24,1,0,0,0,2,9.09,27.28
2014,JD Unadkat,Rajasthan Royals,10,3,8,16.63,119.34,1,1,0,0,11,8.83,28.32
2015,JD Unadkat,Rising Pune Supergiant,6,2,9,12.67,115.85,1,0,0,0,7,9.35,27.35
2016,JD Unadkat,Royal Challengers Bangalore,7,2,8,8.56,107.18,1,0,0,0,10,9.65,27.26
2017,JD Unadkat,Sunrisers Hyderabad,6,2,14,7.86,105.62,1,0,0,0,3,8.9,32.0
2018,JD Unadkat,Sunrisers Hyderabad,5,1,9,17.4,120.26,1,1,0,0,3,8.18,25.37
2019,JD Unadkat,Sunrisers Hyderabad,9,3,18,17.36,129.39,1,0,0,0,10,8.4,31.17
2020/21,JD Unadkat,Sunrisers Hyderabad,9,3,13,15.01,121.88,1,1,0,0,6,9.61,32.18
2021,JD Unadkat,Sunrisers Hyderabad,5,1,16,10.22,116.3,1,0,0,0,5,8.78,30.4
2022,JD Unadkat,Sunrisers Hyderabad,9,3,15,11.83,111.73,1,0,0,0,2,8.82,36.11
2023,JD Unadkat,Sunrisers Hyderabad,5,1,6,13.39,118.87,1,0,0,0,6,9.69,31.98
2024,JD Unadkat,Sunrisers Hyderabad,6,2,13,15.0,126.45,1,0,0,0,3,9.53,28.66
2025,JD Unadkat,Sunrisers Hyderabad,9,3,8,10.55,114.5,1,0,0,0,11,8.71,31.34
2026,JD Unadkat,Sunrisers Hyderabad,6,2,18,16.68,111.79,1,1,0,0,9,9.56,33.3
2008,JDP Oram,Chennai Super Kings,3,2,13,8.82,101.88,1,0,0,0,1,9.59,45.42
2009,JDP Oram,Mumbai Indians,2,1,11,13.39,86.19,1,1,0,0,2,8.07,43.95
2010,JDP Oram,Rajasthan Royals,4,3,21,12.05,109.6,1,1,0,0,2,8.4,39.74
2011,JDP Oram,Rajasthan Royals,2,1,24,17.06,99.2,1,1,0,0,1,9.07,34.76
2012,JDP Oram,Rajasthan Royals,4,3,14,17.84,84.29,1,1,0,0,2,8.98,41.98
2013,JDP Oram,Rajasthan Royals,3,2,20,11.95,95.65,1,1,0,0,1,8.08,33.18
2014,JDS Neesham,Delhi Daredevils,2,1,4,12.62,108.96,1,0,0,0,0,9.64,37.08
2015,JDS Neesham,Kings XI Punjab,2,1,16,10.66,110.53,1,0,0,0,1,9.49,33.67
2016,JDS Neesham,Mumbai Indians,1,1,14,7.12,92.8,1,0,0,0,1,8.73,46.37
2017,JDS Neesham,Rajasthan Royals,1,1,8,13.23,95.27,1,0,0,0,0,9.36,37.51
2018,JDS Neesham,Rajasthan Royals,2,1,13,11.39,110.6,1,0,0,0,1,9.0,46.06
2019,JDS Neesham,Rajasthan Royals,1,1,5,11.1,84.86,1,0,0,0,1,10.14,48.75
2020/21,JDS Neesham,Rajasthan Royals,1,1,13,14.13,108.76,1,0,0,0,1,8.85,38.22
2021,JDS Neesham,Rajasthan Royals,2,1,11,10.81,93.01,1,0,0,0,1,10.12,34.5
2022,JDS Neesham,Rajasthan Royals,1,1,10,10.88,89.96,1,0,0,0,1,8.56,45.03
2023,JE Root,Rajasthan Royals,2,1,6,11.51,62.45,1,0,0,0,0,6.7,29.29
2011,JE Taylor,Pune Warriors,5,2,3,1.92,88.0,0,0,0,0,8,8.02,23.47
2011,JEC Franklin,Mumbai Indians,8,6,150,30.55,97.9,13,4,0,0,2,9.26,24.3
2012,JEC Franklin,Mumbai Indians,10,8,148,20.9,117.14,17,3,1,0,7,8.58,24.91
2025,JG Bethell,Royal Challengers Bengaluru,3,3,85,30.08,159.59,5,2,0,0,0,7.98,28.85
2008,JH Kallis,Kolkata Knight Riders,16,16,545,32.92,103.82,23,5,1,0,12,8.17,41.13
2009,JH Kallis,Royal Challengers Bangalore,13,13,339,19.48,95.31,22,9,2,0,7,8.03,30.21
2010,JH Kallis,Royal Challengers Bangalore,14,14,192,36.61,101.94,40,4,1,0,3,7.61,40.48
2011,JH Kallis,Royal Challengers Bangalore,7,7,538,34.01,117.66,38,4,5,0,14,7.28,31.15
2012,JH Kallis,Royal Challengers Bangalore,12,12,354,38.95,96.66,30,9,4,0,6,7.48,36.65
2013,JH Kallis,Royal Challengers Bangalore,10,10,305,34.77,102.6,39,6,1,0,9,8.35,30.66
2014,JH Kallis,Royal Challengers Bangalore,16,16,534,22.78,117.42,48,5,5,0,11,7.85,40.98
2013,JJ Bumrah,Mumbai Indians,12,3,7,9.22,99.17,1,0,0,0,6,7.54,27.2
2014,JJ Bumrah,Mumbai Indians,6,1,5,13.73,102.57,0,0,0,0,11,6.9,23.96
2015,JJ Bumrah,Mumbai Indians,10,2,8,8.08,87.53,0,0,0,0,15,7.08,20.77
2016,JJ Bumrah,Mumbai Indians,10,2,4,8.2,82.24,0,0,0,0,15,7.55,26.56
2017,JJ Bumrah,Mumbai Indians,9,2,4,8.67,100.32,0,0,0,0,17,7.98,22.63
2018,JJ Bumrah,Mumbai Indians,12,3,7,12.07,87.91,0,0,0,0,8,7.45,26.6
2019,JJ Bumrah,Mumbai Indians,9,2,7,8.31,92.22,0,0,0,0,11,6.69,24.78
2020/21,JJ Bumrah,Mumbai Indians,12,3,8,10.81,94.37,1,0,0,0,12,7.06,20.19
2021,JJ Bumrah,Mumbai Indians,12,3,6,6.99,83.22,0,0,0,0,13,6.85,19.34
2022,JJ Bumrah,Mumbai Indians,15,3,4,11.37,98.62,1,0,0,0,21,7.86,18.33
2023,JJ Bumrah,Mumbai Indians,7,2,3,8.63,97.79,0,0,0,0,15,6.98,25.17
2024,JJ Bumrah,Mumbai Indians,11,2,7,7.62,99.38,1,0,0,0,9,7.63,20.01
2025,JJ Bumrah,Mumbai Indians,12,3,7,11.51,84.73,1,0,0,0,8,7.74,20.53
2026,JJ Bumrah,Mumbai Indians,10,2,8,12.24,91.94,0,0,0,0,6,7.14,27.13
2017,JJ Roy,Delhi Daredevils,2,2,47,22.1,134.01,7,4,0,0,0,8.98,30.85
2018,JJ Roy,Gujarat Lions,4,4,39,38.88,125.91,15,3,0,0,0,9.3,26.59
2019,JJ Roy,Kolkata Knight Riders,4,4,64,39.92,129.51,6,2,0,0,0,8.58,32.3
2020/21,JJ Roy,Sunrisers Hyderabad,3,3,39,45.08,155.59,12,4,0,0,0,8.33,35.7
2021,JJ Roy,Sunrisers Hyderabad,2,2,124,36.35,156.18,14,3,1,0,0,7.72,30.36
2022,JJ Roy,Sunrisers Hyderabad,4,4,114,21.26,143.62,14,2,1,0,0,8.15,25.46
2023,JJ Roy,Sunrisers Hyderabad,3,3,129,45.14,126.52,11,4,1,0,0,8.37,32.34
2011,JJ van der Wath,Royal Challengers Bangalore,2,2,19,5.82,106.56,1,1,0,0,3,11.51,49.6
2019,JL Denly,Kolkata Knight Riders,1,1,0,0,0,0,0,0,0,0,8.17,29.57
2020/21,JL Pattinson,Mumbai Indians,12,2,11,10.43,127.16,3,0,0,0,10,9.25,26.96
2019,JM Bairstow,Mumbai Indians,5,5,221,44.61,140.31,14,11,3,1,0,9.11,26.25
2020/21,JM Bairstow,Punjab Kings,6,6,374,39.27,140.77,28,7,2,1,0,9.35,26.03
2021,JM Bairstow,Sunrisers Hyderabad,4,4,192,30.17,142.17,14,11,3,0,0,9.29,26.23
2022,JM Bairstow,Sunrisers Hyderabad,5,5,284,41.55,163.31,30,6,3,0,0,8.73,27.4
2023,JM Bairstow,Sunrisers Hyderabad,8,8,245,46.44,139.89,36,8,0,0,0,8.13,30.84
2024,JM Bairstow,Sunrisers Hyderabad,8,8,305,32.99,139.4,32,8,1,0,0,8.33,28.39
2025,JM Bairstow,Sunrisers Hyderabad,9,9,226,31.79,130.0,22,5,0,1,0,8.34,24.31
2010,JM Kemp,Chennai Super Kings,7,3,39,8.96,99.31,1,1,0,0,5,7.18,19.07
2022,JM Sharma,Punjab Kings,12,10,268,16.34,131.99,16,7,1,0,0,9.32,28.94
2023,JM Sharma,Royal Challengers Bengaluru,12,10,210,14.52,150.71,21,14,0,0,0,8.87,25.46
2024,JM Sharma,Royal Challengers Bengaluru,8,7,118,14.62,144.66,23,14,1,1,0,7.91,26.31
2025,JM Sharma,Royal Challengers Bengaluru,14,12,214,23.04,169.07,10,9,2,0,0,9.16,25.22
2026,JM Sharma,Royal Challengers Bengaluru,10,8,157,29.31,152.35,10,16,2,0,0,8.95,30.37
2013,JO Holder,Chennai Super Kings,5,3,28,16.83,124.82,1,2,0,0,2,9.27,27.83
2014,JO Holder,Kolkata Knight Riders,6,4,12,10.24,136.24,1,2,0,0,8,8.36,22.9
2015,JO Holder,Lucknow Super Giants,6,4,36,9.99,121.62,1,2,0,0,4,8.73,30.13
2016,JO Holder,Rajasthan Royals,5,3,36,9.6,118.52,1,2,0,0,7,8.81,32.11
2017,JO Holder,Sunrisers Hyderabad,4,2,31,13.98,107.91,1,2,0,0,7,9.02,32.02
2018,JO Holder,Sunrisers Hyderabad,4,2,26,10.54,116.55,1,2,0,0,4,8.54,27.48
2019,JO Holder,Sunrisers Hyderabad,5,3,15,16.22,104.35,1,1,0,0,4,9.63,28.29
2020/21,JO Holder,Sunrisers Hyderabad,5,3,22,11.12,131.13,1,1,0,0,4,8.67,24.7
2021,JO Holder,Sunrisers Hyderabad,4,2,13,11.49,138.44,2,1,0,0,4,8.92,25.34
2022,JO Holder,Sunrisers Hyderabad,4,2,15,14.53,127.01,1,2,0,0,3,9.01,26.43
2023,JO Holder,Sunrisers Hyderabad,3,2,32,15.4,123.9,1,1,0,0,6,8.35,23.6
2019,JP Behrendorff,Mumbai Indians,3,1,1,14.02,58.87,0,0,0,0,3,8.58,33.39
2020/21,JP Behrendorff,Mumbai Indians,5,1,1,12.46,60.14,0,0,0,0,4,9.6,23.41
2021,JP Behrendorff,Mumbai Indians,2,1,1,21.93,63.42,0,0,0,0,4,8.78,34.06
2022,JP Behrendorff,Mumbai Indians,3,1,1,16.47,74.89,0,0,0,0,2,8.92,25.38
2023,JP Behrendorff,Mumbai Indians,3,1,2,21.6,73.24,0,0,0,0,1,8.29,28.63
2009,JP Duminy,Deccan Chargers,9,8,300,36.04,113.23,19,10,4,0,3,7.87,34.75
2010,JP Duminy,Delhi Daredevils,6,6,119,25.31,125.2,7,5,1,0,4,7.17,31.69
2011,JP Duminy,Mumbai Indians,6,6,172,31.05,127.9,7,10,2,0,1,6.73,29.85
2012,JP Duminy,Mumbai Indians,6,6,164,46.64,130.61,11,9,0,0,3,6.74,39.74
2013,JP Duminy,Mumbai Indians,11,10,116,23.88,134.96,16,5,1,0,2,7.83,32.16
2014,JP Duminy,Mumbai Indians,11,10,268,32.93,119.44,6,10,3,0,2,7.07,32.56
2015,JP Duminy,Mumbai Indians,10,9,251,27.19,108.4,15,7,1,0,2,7.38,43.07
2016,JP Duminy,Mumbai Indians,10,9,97,24.71,126.83,12,4,1,0,2,7.85,38.41
2017,JP Duminy,Mumbai Indians,9,8,119,31.69,130.54,12,7,2,0,2,7.57,38.87
2018,JP Duminy,Mumbai Indians,6,6,118,45.63,110.0,11,9,1,0,2,6.87,41.61
2011,JP Faulkner,Gujarat Lions,6,4,75,14.05,149.52,7,2,1,0,10,8.16,24.59
2012,JP Faulkner,Kings XI Punjab,6,4,98,22.17,143.47,3,3,1,0,13,9.04,24.99
2013,JP Faulkner,Pune Warriors,12,9,64,16.17,154.61,5,3,1,0,11,8.75,27.21
2014,JP Faulkner,Rajasthan Royals,7,5,37,29.27,151.54,7,4,0,0,13,8.06,25.24
2015,JP Faulkner,Rajasthan Royals,7,5,93,19.27,122.63,7,2,0,0,8,9.2,26.76
2016,JP Faulkner,Rajasthan Royals,7,5,115,16.37,147.98,5,5,1,0,5,9.47,28.51
2017,JP Faulkner,Rajasthan Royals,9,7,76,22.58,121.64,4,2,0,0,6,9.22,27.57
2025,JP Inglis,Punjab Kings,9,9,431,32.82,185.53,35,10,5,0,0,8.3,35.15
2018,JPR Scantlebury-Searles,Kolkata Knight Riders,5,2,12,9.35,120.5,0,1,0,0,3,13.32,48.1
2020/21,JR Hazlewood,Chennai Super Kings,4,1,2,14.1,57.85,0,0,0,0,8,8.82,19.93
2021,JR Hazlewood,Royal Challengers Bangalore,5,1,4,23.03,72.48,0,0,0,0,10,8.68,19.22
2022,JR Hazlewood,Royal Challengers Bengaluru,4,1,1,20.32,69.4,0,0,0,0,3,7.56,18.74
2023,JR Hazlewood,Royal Challengers Bengaluru,8,1,4,27.16,70.9,0,0,0,0,5,8.59,24.21
2024,JR Hazlewood,Royal Challengers Bengaluru,3,1,4,19.81,70.74,0,0,0,0,8,8.18,20.23
2025,JR Hazlewood,Royal Challengers Bengaluru,6,1,2,13.81,75.11,0,0,0,0,13,8.89,17.04
2026,JR Hazlewood,Royal Challengers Bengaluru,5,1,4,14.02,71.74,0,0,0,0,12,8.97,18.52
2008,JR Hopes,Delhi Daredevils,5,5,160,26.26,154.2,15,2,1,1,4,9.32,39.12
2009,JR Hopes,Kings XI Punjab,6,5,118,21.6,133.61,11,3,1,0,6,8.46,40.12
2010,JR Hopes,Kings XI Punjab,4,4,74,23.34,151.28,16,4,1,0,5,9.92,37.17
2011,JR Hopes,Kings XI Punjab,7,6,78,17.92,129.93,14,3,0,0,5,9.52,45.32
2020/21,JR Philippe,Royal Challengers Bangalore,6,6,85,23.51,108.44,5,1,0,0,0,8.73,24.74
2014,JW Hastings,Chennai Super Kings,1,1,0,15.42,113.89,0,0,0,0,1,7.03,20.02
2015,JW Hastings,Kolkata Knight Riders,1,1,0,22.23,105.71,0,0,0,0,1,7.41,20.96
2016,JW Hastings,Kolkata Knight Riders,1,1,0,21.73,107.57,0,0,0,0,1,7.38,18.5
2021,Jalaj S Saxena,Punjab Kings,1,1,0,13.49,115.17,0,0,0,0,0,8.86,33.59
2009,Jaskaran Singh,Deccan Chargers,5,3,4,8.51,77.36,0,0,0,0,2,9.45,27.52
2010,Jaskaran Singh,Deccan Chargers,6,4,4,7.2,67.39,0,0,0,0,4,9.18,26.76
2008,Joginder Sharma,Chennai Super Kings,6,2,14,9.57,123.36,0,0,0,0,4,9.16,30.15
2009,Joginder Sharma,Chennai Super Kings,4,2,10,5.88,113.89,0,1,0,0,4,10.66,33.9
2010,Joginder Sharma,Chennai Super Kings,3,1,5,9.11,109.36,0,1,0,0,5,9.75,34.62
2011,Joginder Sharma,Chennai Super Kings,3,1,10,11.24,127.56,0,0,0,0,2,9.09,35.16
2008,K Goel,Kings XI Punjab,8,6,100,19.66,80.43,7,2,1,0,0,9.17,25.5
2009,K Goel,Kings XI Punjab,9,7,44,14.34,93.67,4,4,0,0,0,8.87,33.07
2010,K Goel,Kings XI Punjab,9,7,71,14.58,91.25,8,2,0,0,0,8.62,24.1
2018,K Gowtham,Kings XI Punjab,7,5,20,11.47,156.39,3,2,0,0,2,8.53,31.57
2019,K Gowtham,Lucknow Super Giants,8,6,18,15.03,188.31,2,3,0,0,4,8.12,32.63
2020/21,K Gowtham,Rajasthan Royals,6,4,29,12.61,180.39,3,2,0,0,3,7.48,40.15
2021,K Gowtham,Rajasthan Royals,4,3,15,16.06,149.48,3,2,0,0,5,8.8,45.32
2022,K Gowtham,Rajasthan Royals,5,4,23,15.86,148.22,3,3,0,0,1,7.54,34.75
2023,K Gowtham,Rajasthan Royals,4,3,43,12.86,180.02,1,4,0,0,2,8.72,39.8
2024,K Gowtham,Rajasthan Royals,3,2,31,17.33,149.44,2,3,0,0,1,8.25,32.85
2022,K Kartikeya,Mumbai Indians,4,1,2,2.89,71.77,0,0,0,0,4,8.17,31.05
2023,K Kartikeya,Rajasthan Royals,3,1,2,2.77,72.07,0,0,0,0,4,8.45,40.29
2024,K Kartikeya,Rajasthan Royals,3,1,4,3.75,60.48,0,0,0,0,2,9.42,40.01
2025,K Kartikeya,Rajasthan Royals,5,1,2,2.74,67.05,0,0,0,0,5,8.81,29.39
2018,K Khejroliya,Gujarat Titans,1,1,0,22.8,107.09,0,0,0,0,1,10.96,34.22
2019,K Khejroliya,Kolkata Knight Riders,1,1,0,16.48,131.66,0,0,0,0,1,9.79,48.45
2020/21,K Khejroliya,Royal Challengers Bangalore,1,1,0,18.73,125.6,0,0,0,0,0,10.82,45.31
2021,K Khejroliya,Royal Challengers Bangalore,1,1,0,20.42,123.43,0,0,0,0,0,10.72,41.35
2022,K Khejroliya,Royal Challengers Bangalore,1,1,0,22.3,136.14,0,0,0,0,1,11.57,33.86
2023,K Khejroliya,Royal Challengers Bangalore,1,1,0,12.79,111.45,0,0,0,0,0,10.49,39.77
2024,K Khejroliya,Royal Challengers Bangalore,1,1,0,13.32,137.46,0,0,0,0,1,10.46,33.9
2025,K Khejroliya,Royal Challengers Bangalore,1,1,0,24.31,132.48,0,0,0,0,1,11.48,36.41
2024,K Kushagra,Delhi Capitals,2,2,11,5.98,107.25,1,0,0,0,0,8.69,29.97
2025,K Kushagra,Gujarat Titans,1,1,8,3.67,94.25,1,0,0,0,0,8.68,29.69
2026,K Kushagra,Gujarat Titans,1,1,10,4.94,105.7,1,0,0,0,0,8.49,28.78
2023,K Nitish Kumar Reddy,Sunrisers Hyderabad,7,6,99,30.09,151.93,9,10,1,0,2,9.72,50.51
2024,K Nitish Kumar Reddy,Sunrisers Hyderabad,7,6,161,21.71,132.68,10,9,1,0,2,11.45,46.56
2025,K Nitish Kumar Reddy,Sunrisers Hyderabad,12,10,115,21.78,152.36,11,7,1,0,2,11.58,46.98
2026,K Nitish Kumar Reddy,Sunrisers Hyderabad,8,6,82,25.36,134.48,13,7,0,0,2,10.6,55.06
2017,K Rabada,Delhi Capitals,12,5,20,15.78,94.03,2,1,0,0,4,7.97,25.5
2018,K Rabada,Delhi Daredevils,11,4,19,13.76,99.42,2,1,0,0,5,9.27,24.37
2019,K Rabada,Gujarat Titans,9,3,22,14.79,120.91,2,1,0,0,9,8.59,19.34
2020/21,K Rabada,Punjab Kings,7,3,26,14.69,110.42,2,2,0,0,11,9.29,23.44
2021,K Rabada,Punjab Kings,11,4,26,8.12,96.56,2,1,0,0,19,8.43,18.94
2022,K Rabada,Punjab Kings,6,2,31,8.17,114.99,1,1,0,0,14,8.1,20.52
2023,K Rabada,Punjab Kings,10,4,10,9.71,94.6,2,1,0,0,17,8.71,20.66
2024,K Rabada,Punjab Kings,10,4,22,10.68,119.7,2,1,0,0,11,8.26,27.71
2025,K Rabada,Punjab Kings,9,3,32,8.91,114.34,2,2,0,0,8,8.52,25.06
2026,K Rabada,Punjab Kings,7,3,30,13.67,109.44,1,1,0,0,7,8.96,21.2
2014,K Santokie,Mumbai Indians,2,1,0,27.6,125.86,0,0,0,0,3,12.21,30.17
2012,K Upadhyay,Pune Warriors,2,1,9,22.58,150.4,0,1,0,0,0,9.8,31.56
2013,K Upadhyay,Pune Warriors,2,1,6,15.85,114.5,0,1,0,0,0,8.93,28.38
2021,K Yadav,Rajasthan Royals,1,1,0,18.54,0,0,0,0,0,1,9.62,44.5
2022,K Yadav,Rajasthan Royals,1,1,0,12.51,0,0,0,0,0,1,8.97,47.04
2023,K Yadav,Rajasthan Royals,1,1,0,25.16,0,0,0,0,0,0,8.72,50.16
2021,KA Jamieson,Punjab Kings,2,1,17,21.54,119.53,1,1,0,0,3,9.22,33.14
2022,KA Jamieson,Royal Challengers Bangalore,4,3,6,11.54,110.25,1,1,0,0,2,9.39,31.81
2023,KA Jamieson,Royal Challengers Bangalore,3,2,20,10.97,98.9,1,1,0,0,2,8.83,34.57
2024,KA Jamieson,Royal Challengers Bangalore,3,2,17,17.82,119.13,1,0,0,0,2,8.86,32.34
2025,KA Jamieson,Royal Challengers Bangalore,1,1,21,11.92,103.71,1,1,0,0,4,10.28,25.54
2024,KA Maharaj,Rajasthan Royals,2,1,1,1.02,49.94,0,0,0,0,2,6.57,20.88
2010,KA Pollard,Mumbai Indians,14,13,118,31.05,165.39,16,24,1,0,2,8.32,26.46
2011,KA Pollard,Mumbai Indians,16,14,322,33.22,166.05,10,16,1,0,5,8.74,32.14
2012,KA Pollard,Mumbai Indians,16,14,371,32.52,161.92,23,11,3,0,4,8.65,34.39
2013,KA Pollard,Mumbai Indians,13,12,267,29.26,147.81,18,25,2,0,7,8.69,27.29
2014,KA Pollard,Mumbai Indians,14,13,111,36.56,166.01,17,10,1,0,6,9.58,30.78
2015,KA Pollard,Mumbai Indians,16,14,275,38.25,130.75,20,10,1,0,7,9.18,30.84
2016,KA Pollard,Mumbai Indians,11,10,349,38.3,148.67,10,14,1,0,2,8.79,36.02
2017,KA Pollard,Mumbai Indians,11,10,199,18.26,155.25,13,11,1,0,6,9.29,28.27
2018,KA Pollard,Mumbai Indians,10,9,297,19.73,139.86,12,10,4,0,6,9.23,33.22
2019,KA Pollard,Mumbai Indians,14,13,299,22.36,160.38,20,19,2,0,8,9.12,36.09
2020/21,KA Pollard,Mumbai Indians,7,6,151,30.61,167.15,22,14,0,0,9,8.97,30.2
2021,KA Pollard,Mumbai Indians,15,14,370,20.44,152.38,22,11,1,0,7,9.2,31.45
2022,KA Pollard,Mumbai Indians,16,14,353,27.35,155.25,14,18,4,0,5,8.76,35.04
2010,KAJ Roach,Deccan Chargers,2,1,14,11.92,122.46,1,0,0,0,0,10.73,24.68
2010,KB Arun Karthik,Chennai Super Kings,3,1,15,12.18,100.62,1,0,0,0,0,8.59,24.41
2011,KB Arun Karthik,Royal Challengers Bangalore,3,1,10,9.38,107.84,1,0,0,0,0,8.75,24.57
2012,KB Arun Karthik,Royal Challengers Bangalore,5,2,12,8.96,103.76,1,0,0,0,0,8.88,26.88
2013,KB Arun Karthik,Royal Challengers Bangalore,6,3,15,9.76,87.15,1,0,0,0,0,8.18,26.92
2015,KC Cariappa,Kings XI Punjab,1,1,3,9.01,102.93,0,0,0,0,2,9.03,48.21
2016,KC Cariappa,Kolkata Knight Riders,2,1,3,9.79,111.23,0,0,0,0,1,8.71,44.15
2017,KC Cariappa,Kolkata Knight Riders,3,1,6,8.64,113.11,0,0,0,0,2,10.06,46.08
2018,KC Cariappa,Kolkata Knight Riders,1,1,6,5.44,98.86,0,0,0,0,2,8.71,36.79
2019,KC Cariappa,Kolkata Knight Riders,3,1,5,8.68,100.71,0,1,0,0,1,8.71,41.26
2008,KC Sangakkara,Deccan Chargers,9,9,329,23.08,137.0,27,4,1,0,0,8.45,31.4
2009,KC Sangakkara,Kings XI Punjab,7,7,261,30.82,132.49,41,6,1,0,0,8.8,30.01
2010,KC Sangakkara,Sunrisers Hyderabad,15,14,371,23.49,131.24,32,4,1,0,0,9.25,28.47
2011,KC Sangakkara,Sunrisers Hyderabad,15,14,390,16.54,129.53,47,5,6,0,0,8.76,32.61
2012,KC Sangakkara,Sunrisers Hyderabad,16,15,172,24.38,129.46,42,4,0,0,0,9.27,25.33
2013,KC Sangakkara,Sunrisers Hyderabad,7,7,175,26.19,107.11,45,4,1,0,0,8.55,29.06
2008,KD Karthik,Delhi Daredevils,13,12,448,23.94,135.79,29,14,0,0,0,7.69,28.53
2009,KD Karthik,Gujarat Lions,16,15,429,20.58,144.66,40,12,1,0,0,7.78,28.13
2010,KD Karthik,Kings XI Punjab,16,15,340,19.32,153.03,15,7,2,0,0,8.67,27.36
2011,KD Karthik,Kolkata Knight Riders,9,8,300,19.37,135.91,16,6,3,0,0,7.86,26.31
2012,KD Karthik,Mumbai Indians,16,15,404,25.9,142.55,28,7,4,0,0,8.89,34.04
2013,KD Karthik,Royal Challengers Bangalore,14,13,319,22.43,152.82,29,9,2,0,0,8.48,25.32
2014,KD Karthik,Royal Challengers Bengaluru,9,8,326,29.74,155.46,19,12,4,0,0,7.67,24.92
2015,KD Karthik,Royal Challengers Bengaluru,16,15,146,24.37,148.72,37,9,0,0,0,8.43,35.46
2016,KD Karthik,Royal Challengers Bengaluru,14,13,218,24.43,134.87,38,10,2,0,0,7.77,30.89
2017,KD Karthik,Royal Challengers Bengaluru,16,15,248,36.37,121.82,14,5,4,0,0,8.95,31.72
2018,KD Karthik,Royal Challengers Bengaluru,16,15,153,20.45,155.0,20,9,2,0,0,9.22,33.63
2019,KD Karthik,Royal Challengers Bengaluru,16,15,129,30.29,148.96,34,8,2,0,0,8.79,31.22
2020/21,KD Karthik,Royal Challengers Bengaluru,14,13,445,34.05,142.67,18,13,7,0,0,8.58,33.97
2021,KD Karthik,Royal Challengers Bengaluru,10,9,224,36.01,128.94,33,6,2,0,0,8.11,34.0
2022,KD Karthik,Royal Challengers Bengaluru,16,15,423,33.29,148.84,17,11,1,0,0,9.18,34.86
2023,KD Karthik,Royal Challengers Bengaluru,9,8,299,20.7,139.35,35,7,1,0,0,7.82,26.49
2024,KD Karthik,Royal Challengers Bengaluru,8,7,197,34.62,147.58,35,11,2,0,0,8.54,32.84
2011,KH Devdhar,Deccan Chargers,1,1,0,20.61,106.88,0,0,0,0,0,8.89,30.75
2016,KH Pandya,Lucknow Super Giants,13,11,213,16.48,137.87,8,8,1,0,12,6.91,30.46
2017,KH Pandya,Mumbai Indians,12,10,69,25.34,116.9,17,4,0,0,11,7.83,37.74
2018,KH Pandya,Royal Challengers Bengaluru,9,7,227,17.93,139.35,18,3,2,0,9,7.96,34.53
2019,KH Pandya,Royal Challengers Bengaluru,12,10,123,13.43,147.39,9,7,1,0,4,7.96,29.06
2020/21,KH Pandya,Royal Challengers Bengaluru,16,13,70,25.35,121.8,11,5,1,0,13,7.32,34.23
2021,KH Pandya,Royal Challengers Bengaluru,8,7,205,20.66,114.69,18,5,1,0,7,8.26,25.48
2022,KH Pandya,Royal Challengers Bengaluru,15,12,76,16.56,113.66,11,4,1,0,6,7.72,29.18
2023,KH Pandya,Royal Challengers Bengaluru,16,13,98,28.29,138.52,11,5,0,0,13,6.87,33.53
2024,KH Pandya,Royal Challengers Bengaluru,15,12,98,24.32,119.02,16,9,1,0,9,7.84,30.87
2025,KH Pandya,Royal Challengers Bengaluru,14,11,109,22.61,115.81,14,7,1,1,6,8.02,33.31
2026,KH Pandya,Royal Challengers Bengaluru,10,8,216,15.4,137.98,16,6,1,0,13,7.21,30.18
2016,KJ Abbott,Kings XI Punjab,4,2,13,14.09,184.55,0,1,0,0,1,11.0,74.43
2018,KK Ahmed,Chennai Super Kings,10,1,0,0.49,21.3,0,0,0,0,7,8.6,29.7
2019,KK Ahmed,Delhi Capitals,7,1,0,0.31,24.36,0,0,0,0,3,9.64,23.55
2020/21,KK Ahmed,Sunrisers Hyderabad,9,1,0,0.33,25.46,0,0,0,0,10,9.23,21.87
2021,KK Ahmed,Sunrisers Hyderabad,7,1,0,0.43,24.48,0,0,0,0,10,8.68,24.59
2022,KK Ahmed,Sunrisers Hyderabad,9,1,0,0.33,22.56,0,0,0,0,16,8.47,24.77
2023,KK Ahmed,Sunrisers Hyderabad,8,1,0,0.38,22.48,0,0,0,0,11,8.91,26.22
2024,KK Ahmed,Sunrisers Hyderabad,11,1,0,0.43,19.45,0,0,0,0,7,8.88,22.67
2025,KK Ahmed,Sunrisers Hyderabad,12,1,0,0.54,19.57,0,0,0,0,8,9.58,26.34
2026,KK Ahmed,Sunrisers Hyderabad,8,1,0,0.46,21.45,0,0,0,0,12,8.56,31.43
2012,KK Cooper,Rajasthan Royals,7,4,57,17.86,174.44,2,3,0,0,8,8.48,27.44
2013,KK Cooper,Rajasthan Royals,8,4,55,13.67,193.53,4,4,1,0,11,7.58,19.59
2014,KK Cooper,Rajasthan Royals,8,4,37,14.97,175.07,4,4,0,0,17,8.36,19.48
2013,KK Nair,Delhi Capitals,8,7,90,20.49,139.85,20,3,1,0,0,8.92,33.07
2014,KK Nair,Delhi Daredevils,6,5,170,24.18,123.32,19,4,1,0,0,8.92,34.31
2015,KK Nair,Kings XI Punjab,8,7,65,29.0,145.56,12,6,1,0,0,8.58,28.53
2016,KK Nair,Rajasthan Royals,8,7,153,23.92,126.54,12,3,1,0,0,9.19,29.88
2017,KK Nair,Royal Challengers Bangalore,6,5,60,18.02,128.66,16,3,1,0,0,8.81,26.54
2018,KK Nair,Royal Challengers Bangalore,8,7,90,16.31,114.8,17,2,1,0,0,7.98,28.45
2019,KK Nair,Royal Challengers Bangalore,4,4,190,30.3,146.97,20,3,1,0,0,9.12,29.53
2020/21,KK Nair,Royal Challengers Bangalore,6,5,136,27.6,132.09,14,4,2,0,0,8.59,34.64
2021,KK Nair,Royal Challengers Bangalore,7,6,159,26.71,149.14,12,3,2,0,0,8.86,25.66
2022,KK Nair,Royal Challengers Bangalore,9,8,203,29.27,130.78,11,2,3,0,0,8.6,27.38
2023,KK Nair,Royal Challengers Bangalore,4,4,145,21.0,123.74,16,3,1,1,0,8.93,33.2
2024,KK Nair,Royal Challengers Bangalore,8,7,141,19.61,113.29,9,5,2,0,0,8.33,32.71
2025,KK Nair,Royal Challengers Bangalore,9,8,104,26.85,126.4,17,5,1,1,0,7.96,26.4
2020/21,KL Nagarkoti,Delhi Capitals,6,4,10,7.09,57.4,0,0,0,0,2,10.18,58.61
2021,KL Nagarkoti,Kolkata Knight Riders,6,4,9,6.93,58.22,0,0,0,0,2,10.0,57.04
2022,KL Nagarkoti,Kolkata Knight Riders,4,2,9,4.7,60.96,0,0,0,0,3,10.05,51.91
2013,KL Rahul,Delhi Capitals,15,14,386,55.21,132.81,41,14,4,0,0,7.65,32.65
2014,KL Rahul,Kings XI Punjab,11,10,220,49.74,146.41,37,13,2,0,0,8.28,28.12
2015,KL Rahul,Lucknow Super Giants,7,7,259,35.79,145.98,26,8,1,0,0,7.97,29.07
2016,KL Rahul,Punjab Kings,11,10,232,33.02,126.46,30,8,2,0,0,8.02,25.06
2017,KL Rahul,Royal Challengers Bangalore,11,10,535,36.59,146.12,45,20,0,0,0,7.94,29.46
2018,KL Rahul,Sunrisers Hyderabad,6,6,577,54.56,143.61,38,20,9,0,0,8.03,30.05
2019,KL Rahul,Sunrisers Hyderabad,13,12,545,42.43,154.0,20,11,3,0,0,8.46,25.15
2020/21,KL Rahul,Sunrisers Hyderabad,7,7,387,34.48,152.98,19,11,4,0,0,8.96,30.41
2021,KL Rahul,Sunrisers Hyderabad,12,11,470,45.18,140.75,43,16,5,0,0,8.71,31.44
2022,KL Rahul,Sunrisers Hyderabad,15,14,596,47.55,131.44,45,13,3,0,0,8.53,34.65
2023,KL Rahul,Sunrisers Hyderabad,8,8,543,48.77,128.82,40,8,0,0,0,8.62,30.57
2024,KL Rahul,Sunrisers Hyderabad,14,13,548,34.24,121.28,22,18,8,0,0,9.04,27.74
2025,KL Rahul,Sunrisers Hyderabad,8,8,501,29.24,140.15,22,21,2,0,0,7.94,30.18
2026,KL Rahul,Sunrisers Hyderabad,10,9,242,30.41,152.24,19,11,1,0,0,7.98,24.65
2018,KM Asif,Chennai Super Kings,1,1,0,0,0,0,0,0,0,0,11.46,36.17
2019,KM Asif,Rajasthan Royals,1,1,0,0,0,0,0,0,0,2,10.06,38.1
2020/21,KM Asif,Rajasthan Royals,1,1,0,0,0,0,0,0,0,1,9.7,31.9
2021,KM Asif,Rajasthan Royals,1,1,0,0,0,0,0,0,0,2,10.17,34.53
2022,KM Asif,Rajasthan Royals,1,1,0,0,0,0,0,0,0,2,9.64,33.47
2023,KM Asif,Rajasthan Royals,1,1,0,0,0,0,0,0,0,1,10.17,34.56
2010,KM Jadhav,Chennai Super Kings,5,4,94,30.11,107.85,8,3,1,0,0,8.24,26.76
2011,KM Jadhav,Delhi Daredevils,6,5,48,15.8,127.83,4,3,0,0,0,7.99,25.75
2012,KM Jadhav,Kochi Tuskers Kerala,7,6,98,26.58,114.05,8,2,1,0,0,8.44,25.47
2013,KM Jadhav,Royal Challengers Bangalore,9,8,69,31.24,137.34,10,4,0,0,0,7.69,35.16
2014,KM Jadhav,Sunrisers Hyderabad,4,3,92,16.53,139.21,10,4,0,0,0,7.67,33.4
2015,KM Jadhav,Sunrisers Hyderabad,6,5,136,30.71,106.2,7,4,1,0,0,8.09,25.0
2016,KM Jadhav,Sunrisers Hyderabad,5,4,38,29.54,116.82,7,3,0,0,0,8.38,25.61
2017,KM Jadhav,Sunrisers Hyderabad,8,7,74,21.04,140.95,5,3,0,0,0,8.71,26.85
2018,KM Jadhav,Sunrisers Hyderabad,9,8,49,24.01,137.34,8,1,0,0,0,9.01,34.42
2019,KM Jadhav,Sunrisers Hyderabad,5,4,113,29.57,107.6,5,2,1,0,0,7.68,30.11
2020/21,KM Jadhav,Sunrisers Hyderabad,7,6,137,19.2,113.74,4,3,0,0,0,8.87,27.48
2021,KM Jadhav,Sunrisers Hyderabad,4,3,72,18.93,109.39,9,3,1,0,0,8.26,25.12
2022,KM Jadhav,Sunrisers Hyderabad,6,5,57,25.19,119.21,9,3,1,0,0,8.6,34.37
2023,KM Jadhav,Sunrisers Hyderabad,6,5,117,20.22,129.07,10,3,0,0,0,7.93,33.29
2019,KMA Paul,Delhi Capitals,5,4,19,2.16,80.94,1,1,0,0,9,8.12,25.0
2011,KMDN Kulasekara,Chennai Super Kings,4,1,3,25.31,165.91,1,0,0,0,2,7.04,19.38
2012,KMDN Kulasekara,Chennai Super Kings,4,1,3,21.19,183.21,1,0,0,0,2,6.55,21.42
2009,KP Appanna,Royal Challengers Bangalore,4,1,1,2.16,44.88,0,0,0,0,2,8.13,28.9
2010,KP Appanna,Royal Challengers Bangalore,4,1,0,2.04,52.76,0,0,0,0,4,7.39,31.06
2011,KP Appanna,Royal Challengers Bangalore,4,1,0,1.74,46.52,0,0,0,0,2,8.4,26.33
2012,KP Appanna,Royal Challengers Bangalore,3,1,1,1.88,56.53,0,0,0,0,1,8.43,32.61
2009,KP Pietersen,Delhi Daredevils,3,3,168,47.07,117.98,7,7,0,0,1,7.52,32.58
2010,KP Pietersen,Rising Pune Supergiants,6,6,82,45.15,138.77,13,6,1,0,1,7.28,25.17
2011,KP Pietersen,Royal Challengers Bangalore,7,7,171,48.17,153.75,9,3,2,0,1,7.85,26.98
2012,KP Pietersen,Royal Challengers Bangalore,6,6,106,48.37,130.64,9,4,1,0,1,7.39,35.97
2013,KP Pietersen,Royal Challengers Bangalore,6,6,56,48.65,134.1,13,3,0,0,1,7.78,36.74
2014,KP Pietersen,Royal Challengers Bangalore,6,6,109,42.91,146.57,7,5,2,0,1,6.76,31.93
2015,KP Pietersen,Royal Challengers Bangalore,6,6,73,37.11,144.33,10,4,1,0,0,6.8,35.39
2016,KP Pietersen,Royal Challengers Bangalore,6,6,83,29.53,115.3,7,7,1,0,1,7.17,28.5
2023,KR Mayers,Lucknow Super Giants,9,9,428,26.76,150.21,40,28,0,0,0,8.84,24.03
2022,KR Sen,Rajasthan Royals,5,1,0,23.15,0,0,0,0,0,5,8.79,27.46
2023,KR Sen,Rajasthan Royals,2,1,0,24.49,0,0,0,0,0,6,9.49,25.16
2024,KR Sen,Rajasthan Royals,5,1,0,21.13,0,0,0,0,0,4,9.34,30.74
2021,KS Bharat,Delhi Capitals,6,5,71,35.1,111.47,6,5,0,0,0,8.03,33.19
2022,KS Bharat,Royal Challengers Bangalore,7,6,61,20.25,103.87,3,4,1,0,0,8.96,34.3
2025,KS Rathore,Rajasthan Royals,1,1,0,0,0,0,0,0,0,0,7.74,24.57
2022,KS Sharma,Lucknow Super Giants,1,1,6,7.3,59.02,1,0,0,0,0,9.17,27.15
2023,KS Sharma,Lucknow Super Giants,2,2,6,4.28,58.69,0,0,0,0,0,9.29,31.61
2015,KS Williamson,Gujarat Titans,8,8,243,30.19,115.73,19,9,3,0,0,10.05,28.47
2016,KS Williamson,Sunrisers Hyderabad,7,7,276,29.83,125.15,10,8,4,0,0,9.5,28.91
2017,KS Williamson,Sunrisers Hyderabad,9,9,283,32.92,115.75,15,3,0,0,0,10.65,35.55
2018,KS Williamson,Sunrisers Hyderabad,9,9,334,39.25,110.39,23,8,4,0,0,10.31,31.08
2019,KS Williamson,Sunrisers Hyderabad,7,7,167,30.92,108.34,22,6,0,1,0,10.33,27.4
2020/21,KS Williamson,Sunrisers Hyderabad,7,7,90,34.33,129.97,17,3,1,0,0,11.05,33.1
2021,KS Williamson,Sunrisers Hyderabad,9,9,232,35.14,123.07,22,6,3,0,0,11.25,27.75
2022,KS Williamson,Sunrisers Hyderabad,9,9,284,40.13,135.81,14,10,4,0,0,10.17,28.82
2023,KS Williamson,Sunrisers Hyderabad,11,11,288,41.23,129.17,19,5,4,0,0,9.42,25.54
2024,KS Williamson,Sunrisers Hyderabad,7,7,112,26.78,107.04,25,4,1,0,0,9.39,29.62
2024,KT Maphaka,Mumbai Indians,2,1,5,15.6,397.57,1,0,0,0,1,13.18,69.83
2025,KT Maphaka,Rajasthan Royals,1,1,5,25.67,446.96,1,0,0,0,0,11.83,70.25
2009,KV Sharma,Chennai Super Kings,5,2,29,12.34,102.32,2,1,0,0,3,8.97,23.28
2010,KV Sharma,Mumbai Indians,6,3,15,16.54,103.87,1,1,0,0,8,8.99,26.93
2011,KV Sharma,Royal Challengers Bangalore,3,1,13,16.8,104.13,2,1,0,0,6,7.82,30.59
2012,KV Sharma,Royal Challengers Bengaluru,6,3,22,18.71,131.59,1,1,0,0,7,8.99,25.55
2013,KV Sharma,Sunrisers Hyderabad,4,2,31,15.7,107.9,1,1,0,0,6,8.07,24.4
2014,KV Sharma,Sunrisers Hyderabad,6,3,27,15.65,104.48,1,1,0,0,4,8.3,26.8
2015,KV Sharma,Sunrisers Hyderabad,6,3,22,15.59,109.17,2,1,0,0,7,8.75,26.82
2016,KV Sharma,Sunrisers Hyderabad,8,4,15,15.38,107.36,1,1,0,0,8,7.98,26.92
2017,KV Sharma,Sunrisers Hyderabad,3,1,19,13.98,134.05,2,1,0,0,2,7.54,26.48
2018,KV Sharma,Sunrisers Hyderabad,7,3,9,12.68,125.23,1,1,0,0,4,9.17,23.88
2019,KV Sharma,Sunrisers Hyderabad,5,2,20,17.19,124.21,1,1,0,0,3,7.7,22.92
2020/21,KV Sharma,Sunrisers Hyderabad,6,3,11,12.34,121.98,1,1,0,0,2,9.03,28.51
2021,KV Sharma,Sunrisers Hyderabad,6,3,20,9.3,123.36,1,1,0,0,4,8.08,31.02
2022,KV Sharma,Sunrisers Hyderabad,4,2,28,8.48,121.63,1,1,0,0,6,8.36,21.51
2023,KV Sharma,Sunrisers Hyderabad,8,4,19,8.69,121.19,1,1,0,0,7,8.17,27.47
2024,KV Sharma,Sunrisers Hyderabad,8,4,20,10.01,135.81,2,1,0,0,8,7.65,24.0
2025,KV Sharma,Sunrisers Hyderabad,4,2,28,9.64,105.47,1,1,0,0,5,9.1,21.61
2013,KW Richardson,Pune Warriors,1,1,6,12.99,83.96,0,0,0,0,4,8.53,27.38
2014,KW Richardson,Rajasthan Royals,1,1,3,9.5,100.7,0,0,0,0,3,8.42,23.23
2015,KW Richardson,Royal Challengers Bangalore,1,1,6,14.25,86.88,0,0,0,0,3,8.9,21.37
2016,KW Richardson,Royal Challengers Bangalore,2,1,4,11.83,94.47,0,0,0,0,3,8.18,27.41
2017,KW Richardson,Royal Challengers Bangalore,2,1,2,7.51,89.83,0,0,0,0,2,7.7,25.57
2018,KW Richardson,Royal Challengers Bangalore,1,1,6,9.63,100.86,0,0,0,0,3,8.67,25.74
2019,KW Richardson,Royal Challengers Bangalore,2,1,5,11.08,91.32,0,0,0,0,3,9.05,19.97
2020/21,KW Richardson,Royal Challengers Bangalore,2,1,4,14.07,97.18,0,0,0,0,3,8.0,20.67
2021,KW Richardson,Royal Challengers Bangalore,1,1,5,14.38,98.46,0,0,0,0,2,9.15,29.65
2008,Kamran Akmal,Rajasthan Royals,3,3,135,33.73,181.76,16,6,0,1,0,8.84,35.8
2009,Kamran Khan,Pune Warriors,2,1,1,2.49,59.71,0,0,0,0,3,8.87,25.71
2010,Kamran Khan,Rajasthan Royals,3,1,1,2.05,51.92,0,0,0,0,5,8.53,23.81
2011,Kamran Khan,Rajasthan Royals,3,1,1,3.16,59.21,0,0,0,0,2,8.71,21.99
2014,Karanveer Singh,Kings XI Punjab,3,1,2,12.07,80.25,0,0,0,0,5,10.12,29.34
2015,Karanveer Singh,Kings XI Punjab,3,1,9,13.44,78.26,1,0,0,0,2,9.48,31.37
2025,Karim Janat,Gujarat Titans,1,1,0,19.02,115.49,0,0,0,0,0,30.93,30.83
2026,Kartik Sharma,Chennai Super Kings,3,3,36,10.38,134.14,0,1,0,0,0,8.99,24.66
2020/21,Kartik Tyagi,Gujarat Titans,4,1,2,4.06,73.69,0,0,0,0,3,11.08,54.1
2021,Kartik Tyagi,Kolkata Knight Riders,3,1,3,2.78,88.01,0,0,0,0,2,9.81,37.52
2022,Kartik Tyagi,Rajasthan Royals,5,2,3,4.97,91.05,0,0,0,0,3,9.24,48.46
2023,Kartik Tyagi,Sunrisers Hyderabad,3,1,1,3.04,76.36,0,0,0,0,2,10.22,52.59
2024,Kartik Tyagi,Sunrisers Hyderabad,5,2,3,2.99,85.17,0,0,0,0,4,9.74,39.26
2025,Kartik Tyagi,Sunrisers Hyderabad,3,1,2,4.93,96.11,0,0,0,0,3,9.25,41.7
2026,Kartik Tyagi,Sunrisers Hyderabad,3,1,1,3.76,97.82,0,0,0,0,2,10.32,54.92
2016,Kuldeep Yadav,Delhi Capitals,10,4,10,8.45,95.81,2,0,0,0,15,7.35,31.78
2017,Kuldeep Yadav,Kolkata Knight Riders,8,3,12,13.0,87.8,2,0,0,0,5,8.6,28.12
2018,Kuldeep Yadav,Kolkata Knight Riders,12,5,23,9.7,77.01,2,0,0,0,7,7.88,26.4
2019,Kuldeep Yadav,Kolkata Knight Riders,8,3,10,7.35,77.97,1,0,0,0,5,8.19,21.99
2020/21,Kuldeep Yadav,Kolkata Knight Riders,9,4,15,8.03,97.13,2,0,0,0,5,7.55,29.63
2021,Kuldeep Yadav,Kolkata Knight Riders,8,3,14,11.13,86.6,1,0,0,0,11,8.36,29.55
2022,Kuldeep Yadav,Kolkata Knight Riders,9,4,22,7.44,75.47,1,0,0,0,5,8.39,28.18
2023,Kuldeep Yadav,Kolkata Knight Riders,8,3,18,16.07,81.75,1,0,0,0,13,8.8,30.74
2024,Kuldeep Yadav,Kolkata Knight Riders,6,2,13,12.65,83.2,1,0,0,0,12,7.31,22.46
2025,Kuldeep Yadav,Kolkata Knight Riders,7,3,17,8.0,92.05,2,0,0,0,10,8.1,23.01
2026,Kuldeep Yadav,Kolkata Knight Riders,10,4,19,16.77,98.07,1,0,0,0,12,7.33,23.34
2010,L Ablish,Kings XI Punjab,2,1,0,14.02,0,0,0,0,0,1,10.85,28.42
2011,L Ablish,Kings XI Punjab,2,1,0,21.49,0,0,0,0,0,2,11.65,29.09
2008,L Balaji,Chennai Super Kings,14,3,6,3.0,75.7,0,0,0,0,18,8.69,26.32
2009,L Balaji,Kings XI Punjab,13,3,4,3.36,74.81,0,0,0,0,10,7.62,25.74
2010,L Balaji,Kolkata Knight Riders,8,2,2,3.78,75.12,0,0,0,0,18,8.51,26.36
2011,L Balaji,Kolkata Knight Riders,10,2,3,5.41,68.99,0,0,0,0,13,7.55,30.77
2012,L Balaji,Kolkata Knight Riders,12,2,7,4.0,64.87,0,0,0,0,17,8.45,30.43
2013,L Balaji,Kolkata Knight Riders,7,1,8,2.87,80.21,0,0,0,0,7,8.09,21.54
2014,L Balaji,Kolkata Knight Riders,6,1,2,2.88,68.77,0,0,0,0,12,7.91,25.13
2018,L Ngidi,Chennai Super Kings,2,1,0,3.47,38.2,0,0,0,0,3,8.59,22.52
2019,L Ngidi,Delhi Capitals,1,1,1,4.02,44.52,0,0,0,0,1,7.76,17.97
2020/21,L Ngidi,Royal Challengers Bengaluru,2,1,0,2.55,37.27,0,0,0,0,4,9.05,18.65
2021,L Ngidi,Royal Challengers Bengaluru,2,1,1,3.71,39.22,0,0,0,0,3,8.48,21.09
2022,L Ngidi,Royal Challengers Bengaluru,2,1,0,3.63,46.22,0,0,0,0,4,8.74,22.43
2023,L Ngidi,Royal Challengers Bengaluru,2,1,0,3.7,38.56,0,0,0,0,5,7.86,17.73
2024,L Ngidi,Royal Challengers Bengaluru,2,1,0,1.84,36.91,0,0,0,0,6,7.68,17.72
2025,L Ngidi,Royal Challengers Bengaluru,1,1,0,2.4,45.9,0,0,0,0,3,8.03,22.64
2026,L Ngidi,Royal Challengers Bengaluru,2,1,0,3.54,46.06,0,0,0,0,5,8.33,18.21
2008,L Ronchi,Mumbai Indians,4,4,21,6.26,85.58,3,0,0,0,0,8.01,33.33
2009,L Ronchi,Mumbai Indians,3,3,18,5.29,98.7,4,0,0,0,0,9.01,30.13
2024,L Wood,Mumbai Indians,2,1,10,25.41,273.74,0,1,0,0,1,14.66,85.94
2009,LA Carseldine,Rajasthan Royals,3,3,88,18.21,126.78,6,0,1,0,1,5.47,5.35
2008,LA Pomersbach,Kings XI Punjab,4,4,40,34.45,122.3,6,1,0,0,0,9.26,27.89
2009,LA Pomersbach,Royal Challengers Bangalore,3,3,62,22.47,109.96,4,2,0,0,0,8.82,27.59
2010,LA Pomersbach,Royal Challengers Bangalore,2,2,43,18.39,116.16,5,1,0,0,0,9.03,35.3
2011,LA Pomersbach,Royal Challengers Bangalore,4,4,79,24.05,105.13,5,2,1,0,0,8.03,32.26
2012,LA Pomersbach,Royal Challengers Bangalore,3,3,49,23.79,122.66,6,2,1,0,0,8.26,35.39
2013,LA Pomersbach,Royal Challengers Bangalore,3,3,59,38.01,119.43,4,3,0,0,0,8.98,25.44
2024,LB Williams,Delhi Capitals,2,1,1,27.18,48.99,0,0,0,0,1,10.82,80.04
2018,LE Plunkett,Delhi Daredevils,4,1,1,1.13,33.34,0,0,0,0,3,9.27,58.4
2025,LG Pretorius,Rajasthan Royals,1,1,0,26.93,103.51,0,0,0,0,0,7.71,24.53
2017,LH Ferguson,Gujarat Titans,3,1,5,17.26,168.4,1,0,0,0,6,9.07,30.46
2018,LH Ferguson,Kolkata Knight Riders,3,1,12,25.05,135.45,1,0,0,0,9,8.92,30.43
2019,LH Ferguson,Punjab Kings,8,2,4,21.13,131.83,1,0,0,0,6,8.67,28.8
2020/21,LH Ferguson,Rising Pune Supergiant,3,1,8,17.4,152.65,0,0,0,0,8,9.37,35.8
2021,LH Ferguson,Royal Challengers Bengaluru,6,1,8,21.15,143.2,1,0,0,0,5,8.47,32.69
2022,LH Ferguson,Royal Challengers Bengaluru,6,1,12,24.39,157.71,1,0,0,0,7,9.1,25.24
2023,LH Ferguson,Royal Challengers Bengaluru,5,1,4,21.84,142.32,1,0,0,0,2,8.85,30.32
2024,LH Ferguson,Royal Challengers Bengaluru,7,2,12,16.01,144.2,1,0,0,0,5,8.7,31.29
2025,LH Ferguson,Royal Challengers Bengaluru,7,2,8,31.99,160.35,0,0,0,0,3,9.75,24.2
2021,LI Meriwala,Delhi Capitals,1,1,0,15.84,118.91,0,0,0,0,1,11.29,25.84
2012,LJ Wright,Pune Warriors,4,3,31,19.77,169.83,5,1,0,0,1,10.83,49.91
2013,LJ Wright,Pune Warriors,5,4,40,18.17,185.04,8,2,0,0,2,10.04,74.22
2014,LMP Simmons,Mumbai Indians,10,10,381,42.13,126.49,17,10,2,1,0,10.73,34.14
2015,LMP Simmons,Mumbai Indians,9,9,188,31.0,133.15,22,12,2,0,0,11.51,31.16
2016,LMP Simmons,Mumbai Indians,9,9,339,27.38,145.32,21,14,1,0,0,11.66,31.47
2017,LMP Simmons,Mumbai Indians,6,6,277,49.5,113.6,25,6,1,1,0,11.22,31.65
2008,LPC Silva,Deccan Chargers,4,4,18,18.12,152.37,4,1,0,0,0,23.0,25.23
2008,LR Shukla,Delhi Daredevils,9,7,30,15.2,120.19,4,2,0,0,3,8.55,34.67
2009,LR Shukla,Kolkata Knight Riders,9,7,82,11.61,102.77,5,1,1,0,2,8.19,27.12
2010,LR Shukla,Kolkata Knight Riders,6,4,46,14.68,119.58,4,2,0,0,3,9.07,34.04
2011,LR Shukla,Kolkata Knight Riders,10,7,71,10.79,116.98,6,2,0,0,3,8.01,24.68
2012,LR Shukla,Kolkata Knight Riders,5,4,28,19.03,102.17,4,2,0,0,2,8.87,28.37
2013,LR Shukla,Kolkata Knight Riders,4,3,76,17.03,112.54,6,1,1,0,2,7.73,29.25
2014,LR Shukla,Kolkata Knight Riders,4,3,30,15.96,126.11,7,3,0,0,1,8.22,35.14
2008,LRPL Taylor,Delhi Daredevils,8,8,156,28.86,113.01,7,5,0,0,0,10.91,27.14
2009,LRPL Taylor,Pune Warriors,12,12,156,17.36,105.52,7,5,0,0,0,13.01,32.37
2010,LRPL Taylor,Rajasthan Royals,6,6,137,25.47,120.53,14,6,0,0,0,11.46,24.57
2011,LRPL Taylor,Royal Challengers Bangalore,8,8,70,19.28,114.91,8,4,1,0,0,12.63,28.68
2012,LRPL Taylor,Royal Challengers Bangalore,9,9,140,20.72,107.19,14,6,1,0,0,10.87,26.58
2013,LRPL Taylor,Royal Challengers Bangalore,12,12,137,27.54,113.69,14,7,0,0,0,12.5,28.72
2014,LRPL Taylor,Royal Challengers Bangalore,6,6,59,23.09,113.48,14,8,1,0,0,12.74,28.21
2019,LS Livingstone,Punjab Kings,9,9,117,17.4,171.91,10,8,1,0,1,9.9,37.55
2020/21,LS Livingstone,Rajasthan Royals,3,3,202,16.02,145.89,7,10,3,0,1,9.05,35.55
2021,LS Livingstone,Royal Challengers Bengaluru,7,7,135,26.32,154.62,5,5,2,0,3,8.55,40.52
2022,LS Livingstone,Sunrisers Hyderabad,4,4,131,35.44,173.09,10,12,2,0,2,8.67,41.95
2023,LS Livingstone,Sunrisers Hyderabad,4,4,202,17.12,137.72,5,11,1,1,2,8.87,29.61
2024,LS Livingstone,Sunrisers Hyderabad,4,4,208,22.99,172.51,10,10,2,0,1,8.61,32.21
2025,LS Livingstone,Sunrisers Hyderabad,9,9,113,18.94,159.31,6,7,0,1,1,9.51,29.24
2026,LS Livingstone,Sunrisers Hyderabad,3,3,152,32.14,160.07,11,12,2,0,1,8.84,33.88
2021,Lalit Yadav,Delhi Capitals,6,5,40,18.37,119.73,4,2,0,0,4,9.32,45.81
2022,Lalit Yadav,Delhi Capitals,10,8,103,23.81,115.35,8,2,0,0,4,8.63,39.6
2023,Lalit Yadav,Delhi Capitals,7,5,91,15.41,91.86,9,2,1,0,4,8.39,43.8
2024,Lalit Yadav,Delhi Capitals,6,5,34,11.53,100.87,6,2,0,0,3,8.81,37.89
2023,Litton Das,Kolkata Knight Riders,1,1,3,3.66,109.34,1,0,0,0,0,7.97,34.52
2016,M Ashwin,Kings XI Punjab,6,2,5,2.38,79.21,0,0,0,0,5,8.22,30.91
2017,M Ashwin,Mumbai Indians,4,1,2,4.49,80.13,0,0,0,0,6,8.79,31.84
2018,M Ashwin,Punjab Kings,7,2,5,3.35,72.54,0,0,0,0,2,8.79,26.65
2019,M Ashwin,Rajasthan Royals,7,2,2,4.87,68.41,0,0,0,0,4,8.56,32.66
2020/21,M Ashwin,Rising Pune Supergiants,6,2,2,5.27,77.46,0,0,0,0,1,8.29,33.94
2021,M Ashwin,Royal Challengers Bangalore,8,2,6,4.27,75.55,0,0,0,0,6,8.63,35.97
2022,M Ashwin,Royal Challengers Bangalore,4,1,2,4.39,70.61,0,0,0,0,4,8.63,39.56
2023,M Ashwin,Royal Challengers Bangalore,8,2,7,4.58,60.97,0,0,0,0,2,8.79,36.81
2021,M Jansen,Mumbai Indians,8,5,26,17.34,118.33,2,1,0,0,3,9.11,34.76
2022,M Jansen,Punjab Kings,6,3,33,14.4,105.85,2,1,0,0,4,9.34,30.53
2023,M Jansen,Sunrisers Hyderabad,5,3,35,8.97,117.02,2,2,0,0,8,9.73,36.03
2024,M Jansen,Sunrisers Hyderabad,4,2,37,15.55,117.79,1,1,0,0,10,8.72,38.05
2025,M Jansen,Sunrisers Hyderabad,5,3,36,16.86,101.86,1,1,0,0,10,9.17,29.74
2026,M Jansen,Sunrisers Hyderabad,9,5,29,15.17,115.34,1,1,0,0,6,8.61,39.16
2008,M Kaif,Kings XI Punjab,5,4,22,16.77,88.82,4,1,0,0,0,8.46,34.09
2009,M Kaif,Rajasthan Royals,3,2,61,13.1,115.68,2,2,1,0,0,8.55,35.15
2010,M Kaif,Royal Challengers Bangalore,3,2,66,19.61,117.7,5,1,1,0,0,7.85,26.14
2011,M Kaif,Royal Challengers Bangalore,4,3,52,9.46,112.81,5,2,0,0,0,8.19,31.89
2012,M Kaif,Royal Challengers Bangalore,6,5,78,15.2,106.76,6,1,1,0,0,8.48,30.95
2008,M Kartik,Kings XI Punjab,6,2,15,18.49,91.23,1,0,0,0,4,6.83,42.83
2009,M Kartik,Kolkata Knight Riders,12,3,14,18.11,116.01,1,0,0,0,2,6.75,52.79
2010,M Kartik,Pune Warriors,4,1,7,14.82,96.75,1,0,0,0,6,7.25,38.43
2011,M Kartik,Royal Challengers Bangalore,8,2,11,21.42,116.06,1,0,0,0,6,6.57,44.26
2012,M Kartik,Royal Challengers Bangalore,6,2,15,14.24,117.79,1,0,0,0,5,6.73,35.86
2013,M Kartik,Royal Challengers Bangalore,6,2,17,12.96,110.06,1,0,0,0,4,7.55,44.59
2014,M Kartik,Royal Challengers Bangalore,5,1,19,19.12,100.02,1,0,0,0,2,7.54,36.14
2011,M Klinger,Kochi Tuskers Kerala,5,5,97,21.32,84.24,6,0,1,0,0,8.0,24.57
2008,M Manhas,Chennai Super Kings,6,4,43,25.1,100.53,4,2,0,0,0,5.63,27.26
2009,M Manhas,Delhi Daredevils,7,5,47,15.45,107.22,8,1,0,0,0,6.42,30.72
2010,M Manhas,Pune Warriors,5,3,103,27.43,113.04,3,1,0,0,0,5.97,32.11
2011,M Manhas,Pune Warriors,4,3,31,15.18,105.78,5,2,0,0,0,5.41,32.23
2012,M Manhas,Pune Warriors,7,5,87,22.16,102.78,6,2,0,0,0,5.9,32.32
2013,M Manhas,Pune Warriors,4,3,101,25.1,124.59,4,2,0,0,0,6.09,32.46
2014,M Manhas,Pune Warriors,7,5,43,17.77,98.29,5,2,0,0,0,6.58,35.23
2018,M Markande,Mumbai Indians,4,1,4,14.08,106.43,1,0,0,0,2,9.53,33.58
2019,M Markande,Rajasthan Royals,5,1,6,10.2,100.79,0,0,0,0,2,8.85,26.72
2020/21,M Markande,Sunrisers Hyderabad,4,1,6,16.49,110.92,1,0,0,0,3,10.05,28.17
2021,M Markande,Sunrisers Hyderabad,4,1,8,21.0,114.54,1,0,0,0,5,9.33,26.21
2022,M Markande,Sunrisers Hyderabad,6,2,3,17.4,127.75,1,0,0,0,3,9.53,36.63
2023,M Markande,Sunrisers Hyderabad,2,1,7,14.11,111.08,1,0,0,0,3,9.15,32.27
2024,M Markande,Sunrisers Hyderabad,5,1,6,9.83,107.61,1,0,0,0,3,9.0,26.52
2025,M Markande,Sunrisers Hyderabad,7,2,2,16.9,127.73,1,0,0,0,3,9.22,30.5
2026,M Markande,Sunrisers Hyderabad,6,2,3,11.09,104.17,0,0,0,0,3,9.2,34.37
2009,M Morkel,Delhi Daredevils,10,3,8,13.02,145.7,1,1,0,0,15,7.82,29.52
2010,M Morkel,Kolkata Knight Riders,5,2,9,9.13,154.16,2,1,0,0,11,7.9,27.96
2011,M Morkel,Rajasthan Royals,13,4,19,15.43,157.32,1,1,0,0,14,7.26,27.35
2012,M Morkel,Rajasthan Royals,12,4,16,13.59,159.46,2,1,0,0,10,7.87,26.0
2013,M Morkel,Rajasthan Royals,13,4,15,13.25,121.15,1,0,0,0,15,7.8,28.69
2014,M Morkel,Rajasthan Royals,10,3,21,13.54,153.6,2,0,0,0,13,7.4,29.12
2015,M Morkel,Rajasthan Royals,12,4,7,10.56,157.04,2,0,0,0,5,7.58,25.88
2016,M Morkel,Rajasthan Royals,8,3,13,12.07,147.95,1,1,0,0,3,8.15,24.51
2008,M Muralidaran,Chennai Super Kings,10,1,4,3.69,73.9,0,0,0,0,12,6.62,28.06
2009,M Muralidaran,Kochi Tuskers Kerala,9,1,4,4.45,66.6,0,0,0,0,8,7.32,27.48
2010,M Muralidaran,Royal Challengers Bangalore,8,1,1,4.24,70.53,0,0,0,0,3,6.59,28.75
2011,M Muralidaran,Royal Challengers Bangalore,13,2,3,4.29,62.99,0,0,0,0,3,6.84,26.83
2012,M Muralidaran,Royal Challengers Bangalore,11,2,3,2.75,61.39,0,0,0,0,5,6.78,28.04
2013,M Muralidaran,Royal Challengers Bangalore,6,1,1,4.66,59.43,0,0,0,0,13,7.07,24.93
2014,M Muralidaran,Royal Challengers Bangalore,12,2,2,3.2,61.91,0,0,0,0,11,6.25,31.97
2008,M Ntini,Chennai Super Kings,10,2,16,11.75,64.97,3,0,0,0,5,6.7,33.9
2022,M Pathirana,Chennai Super Kings,5,1,0,15.11,137.08,0,0,0,0,8,9.43,20.4
2023,M Pathirana,Chennai Super Kings,5,1,0,26.83,123.49,0,0,0,0,19,8.07,23.14
2024,M Pathirana,Chennai Super Kings,10,1,0,14.46,133.29,0,0,0,0,18,8.75,19.34
2025,M Pathirana,Chennai Super Kings,8,1,0,22.74,135.73,0,0,0,0,10,8.37,25.41
2018,M Prasidh Krishna,Gujarat Titans,6,1,0,3.0,40.52,0,0,0,0,11,9.11,32.61
2019,M Prasidh Krishna,Kolkata Knight Riders,5,1,1,1.95,39.51,0,0,0,0,8,7.98,24.3
2020/21,M Prasidh Krishna,Rajasthan Royals,12,2,1,4.08,36.65,0,0,0,0,15,7.96,32.88
2021,M Prasidh Krishna,Rajasthan Royals,9,1,1,2.9,38.69,0,0,0,0,8,9.58,27.47
2022,M Prasidh Krishna,Rajasthan Royals,4,1,1,3.84,34.72,0,0,0,0,11,8.73,29.0
2023,M Prasidh Krishna,Rajasthan Royals,8,1,1,2.37,39.6,0,0,0,0,6,9.22,31.85
2024,M Prasidh Krishna,Rajasthan Royals,9,1,1,1.81,35.67,0,0,0,0,3,8.08,24.25
2025,M Prasidh Krishna,Rajasthan Royals,5,1,1,2.91,40.3,0,0,0,0,5,9.3,25.83
2026,M Prasidh Krishna,Rajasthan Royals,7,1,1,3.11,33.51,0,0,0,0,8,8.19,30.04
2008,M Rawat,Pune Warriors,4,3,6,15.19,80.99,1,0,0,0,0,8.09,32.44
2009,M Rawat,Rajasthan Royals,3,2,4,11.6,87.33,1,0,0,0,0,8.75,34.63
2010,M Rawat,Rajasthan Royals,4,3,7,9.78,72.96,1,0,0,0,0,8.83,29.63
2011,M Rawat,Rajasthan Royals,4,3,10,10.27,79.2,0,0,0,0,0,9.12,35.93
2012,M Rawat,Rajasthan Royals,4,3,5,9.3,77.29,1,0,0,0,0,8.67,30.15
2013,M Rawat,Rajasthan Royals,3,2,8,7.65,68.4,1,0,0,0,0,9.12,24.89
2021,M Shahrukh Khan,Gujarat Titans,9,8,127,25.65,130.06,12,12,1,0,0,9.59,26.63
2022,M Shahrukh Khan,Punjab Kings,10,9,128,27.35,166.1,9,6,1,0,0,10.26,23.9
2023,M Shahrukh Khan,Punjab Kings,9,8,52,22.02,130.56,8,4,1,0,0,9.67,28.63
2024,M Shahrukh Khan,Punjab Kings,12,10,166,23.82,148.47,8,5,3,0,0,9.08,22.84
2025,M Shahrukh Khan,Punjab Kings,8,7,83,28.64,152.63,5,12,1,0,0,9.51,27.47
2026,M Shahrukh Khan,Punjab Kings,8,7,60,13.03,163.8,10,8,1,0,0,8.49,27.65
2024,M Siddharth,Lucknow Super Giants,2,1,0,14.38,125.94,0,0,0,0,2,7.81,44.42
2025,M Siddharth,Lucknow Super Giants,1,1,0,21.92,133.89,0,0,0,0,1,8.58,41.86
2026,M Siddharth,Lucknow Super Giants,3,1,0,25.89,117.2,0,0,0,0,2,8.79,39.42
2022,M Theekshana,Chennai Super Kings,11,2,5,6.85,46.37,0,0,0,0,11,7.53,27.93
2023,M Theekshana,Rajasthan Royals,5,1,6,6.47,48.0,0,0,0,0,14,9.08,30.01
2024,M Theekshana,Rajasthan Royals,12,2,6,5.19,51.1,0,0,0,0,13,8.44,31.9
2025,M Theekshana,Rajasthan Royals,13,2,3,5.64,43.83,0,0,0,0,13,7.93,35.63
2025,M Tiwari,Delhi Capitals,1,1,2,3.21,64.53,0,0,0,0,0,9.28,33.56
2009,M Vijay,Chennai Super Kings,8,8,157,16.11,126.16,26,6,2,0,0,7.69,27.1
2010,M Vijay,Delhi Daredevils,12,12,111,35.53,136.9,30,6,1,0,0,8.65,34.34
2011,M Vijay,Kings XI Punjab,10,10,278,27.93,133.51,13,9,0,0,0,7.93,30.92
2012,M Vijay,Kings XI Punjab,6,6,159,35.0,123.04,24,7,0,0,0,7.41,25.87
2013,M Vijay,Kings XI Punjab,10,10,122,22.51,115.72,28,11,2,0,0,7.61,30.89
2014,M Vijay,Kings XI Punjab,10,10,341,33.27,133.0,21,7,2,0,0,8.46,31.31
2015,M Vijay,Kings XI Punjab,13,13,338,25.55,123.61,14,6,0,0,0,8.12,33.53
2016,M Vijay,Kings XI Punjab,5,5,158,32.17,126.31,28,8,1,0,0,8.04,34.37
2017,M Vijay,Kings XI Punjab,13,13,225,35.07,115.68,26,11,1,1,0,8.18,34.6
2018,M Vijay,Kings XI Punjab,13,13,123,34.97,139.83,10,6,1,0,0,8.02,34.69
2019,M Vijay,Kings XI Punjab,10,10,104,30.04,111.22,13,10,1,0,0,7.75,31.23
2020/21,M Vijay,Kings XI Punjab,9,9,151,30.47,128.05,18,8,1,0,0,8.85,24.84
2013,M Vohra,Kings XI Punjab,4,4,145,30.34,142.83,10,5,2,0,0,8.36,31.36
2014,M Vohra,Lucknow Super Giants,6,5,92,29.59,120.49,6,5,1,0,0,9.07,35.52
2015,M Vohra,Rajasthan Royals,5,5,103,24.5,117.38,7,2,1,0,0,9.13,28.23
2016,M Vohra,Royal Challengers Bangalore,5,5,41,22.89,118.32,13,4,0,0,0,8.57,33.58
2017,M Vohra,Royal Challengers Bangalore,4,4,141,19.12,126.76,8,4,0,0,0,8.39,32.5
2018,M Vohra,Royal Challengers Bangalore,5,5,79,14.6,117.75,10,6,0,0,0,8.85,28.57
2019,M Vohra,Royal Challengers Bangalore,4,4,109,25.9,131.65,14,5,2,0,0,8.56,34.69
2020/21,M Vohra,Royal Challengers Bangalore,3,3,68,25.1,143.94,13,2,1,0,0,8.7,30.67
2021,M Vohra,Royal Challengers Bangalore,4,4,58,13.56,145.03,6,4,1,0,0,8.54,35.76
2022,M Vohra,Royal Challengers Bangalore,5,5,90,22.84,137.03,12,6,1,0,0,8.45,30.35
2023,M Vohra,Royal Challengers Bangalore,5,5,147,21.2,119.91,5,3,1,0,0,9.3,35.48
2012,M de Lange,Kolkata Knight Riders,1,1,0,1.2,57.18,0,0,0,0,1,9.13,30.32
2013,M de Lange,Mumbai Indians,2,1,0,1.0,53.21,0,0,0,0,0,8.92,29.92
2014,M de Lange,Mumbai Indians,1,1,0,1.2,52.54,0,0,0,0,1,9.48,38.07
2015,M de Lange,Mumbai Indians,2,1,0,1.18,44.79,0,0,0,0,1,8.99,32.59
2011,MA Agarwal,Delhi Daredevils,11,10,270,31.83,139.5,19,9,0,0,0,7.83,29.72
2012,MA Agarwal,Kings XI Punjab,11,10,136,29.75,131.93,15,7,1,0,0,9.08,35.84
2013,MA Agarwal,Punjab Kings,12,11,132,26.1,133.5,25,10,0,0,0,7.97,26.14
2014,MA Agarwal,Rising Pune Supergiant,9,9,276,21.82,113.92,20,10,3,0,0,9.16,26.87
2015,MA Agarwal,Royal Challengers Bangalore,13,12,166,14.36,130.02,11,10,0,0,0,8.66,26.48
2016,MA Agarwal,Royal Challengers Bengaluru,9,9,226,18.21,151.36,19,5,2,0,0,9.12,28.51
2017,MA Agarwal,Sunrisers Hyderabad,12,11,244,15.17,135.16,13,5,3,0,0,7.85,33.82
2018,MA Agarwal,Sunrisers Hyderabad,5,5,218,22.79,133.98,16,6,2,0,0,9.35,35.11
2019,MA Agarwal,Sunrisers Hyderabad,10,10,139,31.42,127.14,10,6,2,0,0,8.62,35.72
2020/21,MA Agarwal,Sunrisers Hyderabad,6,6,230,15.3,118.09,14,4,1,0,0,9.14,35.48
2021,MA Agarwal,Sunrisers Hyderabad,7,7,236,25.95,128.19,21,7,4,0,0,7.75,29.44
2022,MA Agarwal,Sunrisers Hyderabad,8,8,143,29.82,137.94,16,5,1,0,0,7.81,33.99
2023,MA Agarwal,Sunrisers Hyderabad,5,5,251,16.26,138.75,10,8,2,0,0,9.15,29.56
2024,MA Agarwal,Sunrisers Hyderabad,12,11,153,29.54,120.39,14,10,0,0,0,8.99,32.85
2025,MA Agarwal,Sunrisers Hyderabad,13,12,170,19.09,146.96,24,4,2,1,0,8.63,25.08
2008,MA Khote,Mumbai Indians,5,4,20,12.69,111.81,2,1,0,0,1,9.23,29.84
2014,MA Starc,Delhi Capitals,5,2,14,8.68,90.66,1,0,0,0,2,9.3,19.3
2015,MA Starc,Kolkata Knight Riders,5,2,6,12.52,99.15,1,0,0,0,5,8.1,24.05
2016,MA Starc,Royal Challengers Bangalore,5,2,5,10.04,87.4,1,0,0,0,3,9.07,19.89
2017,MA Starc,Royal Challengers Bangalore,4,2,15,6.37,87.39,1,0,0,0,8,8.71,20.0
2018,MA Starc,Royal Challengers Bangalore,5,2,10,11.52,87.73,1,0,0,0,4,8.07,26.12
2019,MA Starc,Royal Challengers Bangalore,2,1,6,8.64,106.26,1,0,0,0,7,8.95,19.37
2020/21,MA Starc,Royal Challengers Bangalore,4,2,4,8.48,105.18,1,0,0,0,8,9.45,26.92
2021,MA Starc,Royal Challengers Bangalore,5,2,11,13.22,101.47,0,0,0,0,5,7.81,26.02
2022,MA Starc,Royal Challengers Bangalore,5,2,15,8.25,101.64,1,0,0,0,6,8.49,27.36
2023,MA Starc,Royal Challengers Bangalore,2,1,12,9.72,100.3,1,0,0,0,3,8.97,24.54
2024,MA Starc,Royal Challengers Bangalore,3,1,4,7.63,93.2,1,0,0,0,6,9.0,19.35
2025,MA Starc,Royal Challengers Bangalore,6,3,11,9.6,102.98,1,0,0,0,2,8.07,26.42
2018,MA Wood,Chennai Super Kings,1,1,1,5.26,154.84,0,0,0,0,2,9.12,18.47
2019,MA Wood,Lucknow Super Giants,1,1,1,6.91,130.17,0,0,0,0,2,9.38,15.09
2020/21,MA Wood,Lucknow Super Giants,1,1,2,6.29,136.41,0,0,0,0,1,8.59,18.51
2021,MA Wood,Lucknow Super Giants,1,1,3,6.2,151.18,0,0,0,0,1,9.62,14.13
2022,MA Wood,Lucknow Super Giants,1,1,2,7.87,168.6,0,0,0,0,3,8.31,15.45
2023,MA Wood,Lucknow Super Giants,1,1,2,4.15,153.42,0,0,0,0,2,8.1,14.41
2010,MB Parmar,Kolkata Knight Riders,1,1,0,15.3,127.58,0,0,0,0,0,11.83,34.09
2009,MC Henriques,Delhi Daredevils,6,5,69,26.41,127.62,6,2,1,0,3,8.79,27.91
2010,MC Henriques,Kolkata Knight Riders,3,3,102,19.56,123.11,7,2,0,0,1,7.87,35.48
2011,MC Henriques,Punjab Kings,2,2,40,33.31,118.12,4,2,0,0,5,7.93,26.74
2012,MC Henriques,Royal Challengers Bangalore,3,3,69,25.13,111.75,6,1,1,0,3,7.38,26.99
2013,MC Henriques,Sunrisers Hyderabad,6,5,103,24.25,134.87,5,2,2,0,2,8.91,35.72
2014,MC Henriques,Sunrisers Hyderabad,7,6,118,38.23,145.62,4,2,2,0,3,7.47,27.83
2015,MC Henriques,Sunrisers Hyderabad,4,3,62,29.25,133.55,3,1,1,0,5,7.37,27.39
2016,MC Henriques,Sunrisers Hyderabad,7,6,45,33.89,144.28,9,3,0,0,5,7.94,31.76
2017,MC Henriques,Sunrisers Hyderabad,6,5,101,33.19,138.43,8,3,2,0,3,8.19,31.12
2018,MC Henriques,Sunrisers Hyderabad,5,4,121,29.67,117.71,8,3,0,0,5,8.31,25.6
2019,MC Henriques,Sunrisers Hyderabad,6,5,104,35.68,136.56,8,2,0,0,5,7.72,34.57
2020/21,MC Henriques,Sunrisers Hyderabad,5,4,32,25.99,138.72,6,3,0,0,5,7.86,32.66
2021,MC Henriques,Sunrisers Hyderabad,7,6,54,30.28,122.61,10,3,0,0,4,7.8,34.81
2013,MC Juneja,Delhi Daredevils,10,10,177,12.57,93.04,16,1,3,0,0,9.29,25.35
2026,MD Choudhary,Lucknow Super Giants,5,5,82,35.94,152.57,5,6,1,0,0,8.13,33.02
2010,MD Mishra,Deccan Chargers,7,7,84,18.64,111.29,5,4,1,0,0,8.52,29.84
2011,MD Mishra,Pune Warriors,6,6,76,20.33,100.38,7,2,0,0,0,8.71,31.64
2012,MD Mishra,Pune Warriors,3,3,57,20.72,129.2,11,2,1,0,0,8.6,25.08
2023,MD Shanaka,Gujarat Titans,4,4,35,11.06,95.52,2,1,0,0,0,9.34,33.76
2013,MDKJ Perera,Rajasthan Royals,3,3,18,9.01,112.81,2,0,0,0,0,8.59,31.91
2008,MEK Hussey,Chennai Super Kings,8,8,381,37.9,134.71,30,4,3,0,0,8.6,34.6
2009,MEK Hussey,Mumbai Indians,4,4,363,47.76,114.46,27,4,2,1,0,9.24,29.85
2010,MEK Hussey,Mumbai Indians,6,6,212,43.4,139.85,31,6,3,0,0,9.11,26.89
2011,MEK Hussey,Mumbai Indians,10,10,244,53.01,134.17,31,10,1,0,0,9.21,34.3
2012,MEK Hussey,Mumbai Indians,7,7,186,44.18,139.98,26,4,0,0,0,7.66,29.63
2013,MEK Hussey,Mumbai Indians,4,4,125,43.41,132.61,16,6,2,1,0,8.59,25.96
2014,MEK Hussey,Mumbai Indians,7,7,315,27.86,120.08,18,7,5,0,0,9.08,30.59
2015,MEK Hussey,Mumbai Indians,7,7,344,39.68,140.12,29,8,0,0,0,7.65,24.17
2008,MF Maharoof,Delhi Daredevils,10,7,55,22.1,143.36,5,4,1,0,12,7.46,19.34
2009,MF Maharoof,Delhi Daredevils,9,6,65,12.95,143.84,6,4,0,0,13,7.79,15.67
2010,MF Maharoof,Delhi Daredevils,7,5,71,20.41,143.54,5,3,0,0,7,7.33,18.55
2023,MG Bracewell,Royal Challengers Bangalore,6,5,70,23.64,117.49,5,1,1,0,4,8.0,15.65
2013,MG Johnson,Kings XI Punjab,9,5,26,13.72,101.77,1,1,0,0,11,7.46,32.58
2014,MG Johnson,Kolkata Knight Riders,5,3,26,9.55,105.22,2,1,0,0,17,7.55,23.72
2015,MG Johnson,Mumbai Indians,13,7,24,12.26,93.92,2,1,0,0,12,8.64,22.69
2016,MG Johnson,Mumbai Indians,5,3,24,11.15,99.76,1,1,0,0,8,8.52,25.35
2017,MG Johnson,Mumbai Indians,10,6,27,14.2,104.68,2,1,0,0,3,8.64,26.32
2018,MG Johnson,Mumbai Indians,10,6,18,9.1,99.82,2,1,0,0,6,7.88,23.99
2013,MG Neser,Kings XI Punjab,1,1,0,26.32,131.98,0,0,0,0,0,15.49,26.12
2012,MJ Clarke,Pune Warriors,4,4,95,19.82,110.47,10,0,0,0,3,5.49,36.09
2023,MJ Dagar,Royal Challengers Bengaluru,3,1,0,0,0,0,0,0,0,2,8.35,86.23
2024,MJ Dagar,Sunrisers Hyderabad,3,1,0,0,0,0,0,0,0,1,9.58,106.61
2016,MJ Guptill,Kings XI Punjab,4,4,79,20.19,155.74,7,4,1,0,0,8.46,29.05
2017,MJ Guptill,Mumbai Indians,3,3,57,26.21,129.78,6,4,1,0,0,8.82,25.15
2018,MJ Guptill,Sunrisers Hyderabad,4,4,62,14.04,125.61,9,6,0,0,0,9.05,26.38
2019,MJ Guptill,Sunrisers Hyderabad,4,4,48,30.81,138.83,4,4,1,0,0,8.73,30.87
2017,MJ Henry,Chennai Super Kings,1,1,1,4.52,73.73,0,0,0,0,0,11.22,69.6
2018,MJ Henry,Kings XI Punjab,1,1,1,3.12,61.19,0,0,0,0,1,10.43,72.51
2019,MJ Henry,Lucknow Super Giants,1,1,1,2.2,73.07,0,0,0,0,0,11.04,75.19
2020/21,MJ Henry,Lucknow Super Giants,1,1,0,3.73,74.71,0,0,0,0,0,12.04,69.39
2021,MJ Henry,Lucknow Super Giants,1,1,1,3.68,67.91,0,0,0,0,1,11.38,68.6
2022,MJ Henry,Lucknow Super Giants,1,1,1,2.12,71.18,0,0,0,0,0,12.17,71.09
2023,MJ Henry,Lucknow Super Giants,1,1,1,2.71,60.63,0,0,0,0,1,10.57,82.79
2024,MJ Henry,Lucknow Super Giants,1,1,1,4.82,66.87,0,0,0,0,0,12.19,68.57
2025,MJ Henry,Lucknow Super Giants,1,1,1,3.68,72.07,0,0,0,0,0,11.9,62.36
2026,MJ Henry,Lucknow Super Giants,1,1,1,4.82,59.98,0,0,0,0,0,12.61,85.4
2010,MJ Lumb,Deccan Chargers,6,6,151,26.7,150.36,18,3,1,1,0,8.69,31.56
2011,MJ Lumb,Rajasthan Royals,7,7,156,23.08,161.28,26,3,1,1,0,9.24,32.49
2015,MJ McClenaghan,Mumbai Indians,11,5,12,5.34,119.06,1,2,0,0,16,8.15,29.6
2016,MJ McClenaghan,Mumbai Indians,14,6,25,7.81,131.85,1,2,0,0,23,8.19,25.4
2017,MJ McClenaghan,Mumbai Indians,16,7,18,6.23,132.31,1,2,0,0,10,8.4,21.23
2018,MJ McClenaghan,Mumbai Indians,9,4,23,5.77,125.29,1,1,0,0,12,8.18,22.49
2019,MJ McClenaghan,Mumbai Indians,6,3,24,7.29,133.39,1,1,0,0,12,8.31,26.49
2025,MJ Owen,Punjab Kings,1,1,0,0,0,0,0,0,0,0,7.97,25.23
2019,MJ Santner,Chennai Super Kings,2,1,17,12.28,121.47,1,1,0,0,3,7.13,28.76
2020/21,MJ Santner,Mumbai Indians,3,2,12,15.11,122.99,1,1,0,0,2,7.8,24.67
2021,MJ Santner,Mumbai Indians,5,3,20,20.05,106.28,1,1,0,0,2,7.22,33.04
2022,MJ Santner,Mumbai Indians,6,4,7,19.68,102.92,1,1,0,0,2,7.59,26.24
2023,MJ Santner,Mumbai Indians,4,2,8,12.46,103.29,1,1,0,0,5,7.84,24.0
2024,MJ Santner,Mumbai Indians,2,1,25,20.92,95.24,1,1,0,0,5,7.9,33.84
2025,MJ Santner,Mumbai Indians,4,2,24,19.95,112.61,1,1,0,0,4,7.84,25.07
2026,MJ Santner,Mumbai Indians,4,2,9,10.81,119.67,1,1,0,0,5,7.03,34.7
2024,MJ Suthar,Gujarat Titans,1,1,1,1.03,52.13,0,0,0,0,0,12.08,34.21
2018,MK Lomror,Rajasthan Royals,8,7,116,23.22,162.02,5,3,2,0,0,9.17,137.26
2019,MK Lomror,Royal Challengers Bangalore,3,3,48,19.28,127.0,6,3,1,0,0,8.57,149.45
2020/21,MK Lomror,Royal Challengers Bengaluru,8,7,73,20.73,159.74,4,5,0,0,0,8.23,129.83
2021,MK Lomror,Royal Challengers Bengaluru,5,4,36,24.25,160.24,3,2,0,0,0,8.32,151.2
2022,MK Lomror,Royal Challengers Bengaluru,5,4,120,16.29,123.2,3,4,2,1,0,8.75,110.14
2023,MK Lomror,Royal Challengers Bengaluru,4,4,96,23.45,150.2,5,3,0,0,0,9.09,132.82
2024,MK Lomror,Royal Challengers Bengaluru,6,5,97,22.08,144.71,3,6,1,0,0,7.71,141.63
2008,MK Pandey,Delhi Capitals,9,8,261,29.53,125.35,20,6,0,0,0,7.83,24.24
2009,MK Pandey,Kolkata Knight Riders,5,5,163,18.37,109.24,24,3,0,0,0,8.93,34.11
2010,MK Pandey,Lucknow Super Giants,14,13,321,35.73,112.51,26,8,4,0,0,9.02,34.08
2011,MK Pandey,Mumbai Indians,5,5,291,37.43,113.24,16,8,0,0,0,8.1,30.79
2012,MK Pandey,Pune Warriors,8,7,326,29.45,118.37,17,7,1,0,0,9.26,27.15
2013,MK Pandey,Royal Challengers Bangalore,13,12,238,18.6,112.68,22,7,1,0,0,8.12,27.66
2014,MK Pandey,Sunrisers Hyderabad,14,13,204,27.79,114.81,18,8,2,0,0,8.94,30.4
2015,MK Pandey,Sunrisers Hyderabad,7,7,113,39.72,138.54,12,10,1,0,0,8.54,31.56
2016,MK Pandey,Sunrisers Hyderabad,10,9,91,40.38,138.35,17,4,1,0,0,8.68,29.35
2017,MK Pandey,Sunrisers Hyderabad,12,11,192,17.83,110.2,17,7,3,0,0,7.87,33.69
2018,MK Pandey,Sunrisers Hyderabad,10,9,100,26.96,117.08,15,4,1,0,0,8.92,33.86
2019,MK Pandey,Sunrisers Hyderabad,6,6,110,39.71,115.03,16,8,1,1,0,9.28,28.08
2020/21,MK Pandey,Sunrisers Hyderabad,13,12,308,24.91,117.52,25,5,1,0,0,7.96,28.34
2021,MK Pandey,Sunrisers Hyderabad,14,13,174,35.7,110.15,10,7,2,0,0,8.11,35.02
2022,MK Pandey,Sunrisers Hyderabad,7,7,121,34.54,107.79,20,9,2,0,0,9.15,35.06
2023,MK Pandey,Sunrisers Hyderabad,13,12,326,32.72,106.02,24,6,1,0,0,9.02,30.46
2024,MK Pandey,Sunrisers Hyderabad,11,10,255,38.26,120.84,10,4,4,0,0,7.91,34.49
2025,MK Pandey,Sunrisers Hyderabad,7,7,145,32.3,123.91,12,3,0,0,0,8.92,24.97
2008,MK Tiwary,Delhi Daredevils,12,10,92,26.62,134.28,19,4,1,0,0,12.13,93.14
2009,MK Tiwary,Kings XI Punjab,13,11,205,37.24,129.84,15,4,1,0,0,12.48,76.38
2010,MK Tiwary,Kolkata Knight Riders,10,9,120,24.02,105.94,20,5,1,0,0,11.15,70.28
2011,MK Tiwary,Rising Pune Supergiant,7,6,244,23.02,112.25,14,2,1,0,0,11.91,83.36
2012,MK Tiwary,Rising Pune Supergiant,13,11,193,29.46,118.39,19,3,2,0,0,11.37,89.86
2013,MK Tiwary,Rising Pune Supergiant,7,6,75,36.58,106.97,9,5,1,0,0,11.98,86.46
2014,MK Tiwary,Rising Pune Supergiant,5,4,183,28.28,109.8,11,2,2,1,0,10.86,92.64
2015,MK Tiwary,Rising Pune Supergiant,7,6,115,20.5,127.09,14,3,0,1,0,12.87,78.1
2016,MK Tiwary,Rising Pune Supergiant,12,10,80,20.05,129.3,18,5,0,0,0,12.61,95.85
2017,MK Tiwary,Rising Pune Supergiant,10,9,67,17.81,101.03,11,4,0,0,0,12.17,73.91
2018,MK Tiwary,Rising Pune Supergiant,11,10,212,33.7,121.42,20,4,0,0,0,11.91,69.47
2008,ML Hayden,Chennai Super Kings,15,15,199,39.05,123.21,57,15,2,0,0,8.02,29.25
2009,ML Hayden,Chennai Super Kings,15,15,241,25.61,123.79,22,20,0,0,0,8.67,27.17
2010,ML Hayden,Chennai Super Kings,16,16,472,48.07,153.1,33,14,6,0,0,9.01,30.67
2018,MM Ali,Chennai Super Kings,7,6,126,28.34,159.97,11,12,0,0,4,6.52,26.82
2019,MM Ali,Kolkata Knight Riders,6,5,210,16.39,147.62,8,11,1,0,5,6.67,28.39
2020/21,MM Ali,Royal Challengers Bangalore,10,8,104,20.96,136.69,16,12,1,0,7,6.81,22.14
2021,MM Ali,Royal Challengers Bangalore,12,10,158,24.87,120.33,16,9,2,1,4,7.45,24.06
2022,MM Ali,Royal Challengers Bangalore,11,9,105,30.79,140.64,7,12,1,0,7,7.33,30.1
2023,MM Ali,Royal Challengers Bangalore,8,6,85,17.81,123.76,14,8,1,0,8,7.58,24.77
2024,MM Ali,Royal Challengers Bangalore,11,9,223,27.1,129.38,15,9,3,0,8,6.63,26.99
2025,MM Ali,Royal Challengers Bangalore,12,10,183,23.29,129.61,8,5,2,0,2,6.85,25.83
2008,MM Patel,Gujarat Lions,6,1,4,4.82,92.26,1,0,0,0,7,7.5,22.83
2009,MM Patel,Mumbai Indians,8,2,3,6.42,109.34,1,0,0,0,3,7.28,25.46
2010,MM Patel,Rajasthan Royals,5,1,4,6.46,84.57,0,0,0,0,4,7.67,24.59
2011,MM Patel,Rajasthan Royals,4,1,2,7.07,90.39,1,0,0,0,8,6.76,20.95
2012,MM Patel,Rajasthan Royals,8,2,3,6.94,81.22,0,0,0,0,2,7.85,27.08
2013,MM Patel,Rajasthan Royals,5,1,4,7.05,89.75,1,0,0,0,9,7.96,23.88
2014,MM Patel,Rajasthan Royals,7,2,2,6.26,107.64,0,0,0,0,6,7.76,21.9
2015,MM Patel,Rajasthan Royals,8,2,5,6.28,93.19,1,0,0,0,5,7.02,21.69
2016,MM Patel,Rajasthan Royals,5,1,3,9.02,83.81,1,0,0,0,11,7.73,21.67
2017,MM Patel,Rajasthan Royals,6,1,2,7.44,89.65,0,0,0,0,9,8.01,22.63
2013,MM Sharma,Chennai Super Kings,8,2,13,7.42,92.13,1,0,0,0,9,8.86,26.59
2014,MM Sharma,Delhi Capitals,12,3,8,7.52,83.65,1,0,0,0,8,8.56,31.12
2015,MM Sharma,Gujarat Titans,7,2,12,5.24,101.71,1,0,0,0,7,9.44,21.5
2016,MM Sharma,Kings XI Punjab,9,2,13,9.02,94.52,1,0,0,0,15,9.29,28.68
2017,MM Sharma,Kings XI Punjab,12,3,11,9.56,98.65,0,0,0,0,8,9.37,29.45
2018,MM Sharma,Kings XI Punjab,11,3,12,4.88,78.77,1,0,0,0,8,8.67,22.75
2019,MM Sharma,Kings XI Punjab,9,2,8,9.04,95.82,1,0,0,0,7,9.43,23.45
2020/21,MM Sharma,Kings XI Punjab,12,3,9,4.2,84.45,1,0,0,0,6,9.17,24.87
2021,MM Sharma,Kings XI Punjab,8,2,8,9.58,92.6,1,0,0,0,13,8.38,29.15
2022,MM Sharma,Kings XI Punjab,7,2,8,8.17,88.78,0,0,0,0,6,9.63,23.67
2023,MM Sharma,Kings XI Punjab,8,2,10,8.99,90.59,1,0,0,0,11,8.25,30.31
2024,MM Sharma,Kings XI Punjab,14,4,13,9.17,101.94,1,0,0,0,14,8.33,29.89
2025,MM Sharma,Kings XI Punjab,10,3,7,6.03,82.17,1,0,0,0,4,9.57,27.0
2012,MN Samuels,Delhi Daredevils,3,3,25,12.21,94.54,1,1,0,0,2,8.11,26.69
2013,MN Samuels,Pune Warriors,3,3,26,12.56,107.52,1,2,0,0,2,7.2,26.34
2014,MN Samuels,Pune Warriors,2,2,41,12.66,85.47,2,1,0,0,1,8.67,36.74
2015,MN Samuels,Pune Warriors,2,2,26,14.62,103.73,1,1,0,0,1,7.85,31.18
2016,MN Samuels,Pune Warriors,4,4,41,13.37,86.28,2,1,0,0,2,8.63,36.13
2017,MN Samuels,Pune Warriors,3,3,30,16.99,106.52,2,1,0,0,1,8.34,27.85
2009,MN van Wyk,Kolkata Knight Riders,4,4,206,68.06,107.98,24,1,1,0,0,8.94,31.54
2025,MP Breetzke,Lucknow Super Giants,1,1,14,19.21,117.63,1,1,0,0,0,8.81,27.62
2016,MP Stoinis,Delhi Capitals,7,6,189,33.86,143.2,17,5,1,0,4,10.55,35.44
2017,MP Stoinis,Kings XI Punjab,7,6,87,16.94,128.22,19,12,1,0,4,10.56,33.39
2018,MP Stoinis,Lucknow Super Giants,13,12,92,27.7,145.67,11,7,0,0,5,9.84,30.21
2019,MP Stoinis,Punjab Kings,11,10,144,33.28,132.47,14,13,1,0,2,9.21,34.98
2020/21,MP Stoinis,Royal Challengers Bangalore,7,6,211,34.14,128.5,8,6,3,0,3,9.25,38.8
2021,MP Stoinis,Royal Challengers Bangalore,7,6,79,30.11,161.84,12,14,1,0,6,9.55,39.5
2022,MP Stoinis,Royal Challengers Bangalore,11,10,206,34.63,135.06,14,14,0,0,6,8.97,29.05
2023,MP Stoinis,Royal Challengers Bangalore,11,10,122,29.17,163.14,17,10,1,0,1,9.42,29.32
2024,MP Stoinis,Royal Challengers Bangalore,9,8,189,34.73,125.52,16,14,0,0,4,9.09,35.88
2025,MP Stoinis,Royal Challengers Bangalore,8,7,174,37.13,138.7,10,13,3,0,5,9.8,32.6
2026,MP Stoinis,Royal Challengers Bangalore,9,8,225,22.0,159.16,9,11,3,0,3,9.01,28.74
2024,MP Yadav,Lucknow Super Giants,2,1,0,17.68,136.44,0,0,0,0,5,8.59,19.42
2025,MP Yadav,Lucknow Super Giants,3,1,0,26.48,123.3,0,0,0,0,3,9.97,17.46
2010,MR Marsh,Deccan Chargers,3,3,104,25.8,125.58,5,5,1,0,3,7.68,23.27
2011,MR Marsh,Delhi Capitals,3,3,35,28.35,149.14,9,2,1,0,2,8.87,17.54
2012,MR Marsh,Lucknow Super Giants,5,4,66,23.63,151.0,7,3,0,0,3,8.02,24.58
2013,MR Marsh,Pune Warriors,2,2,47,25.48,135.26,9,4,0,0,2,9.08,22.58
2014,MR Marsh,Rising Pune Supergiants,3,3,100,18.79,143.15,8,5,1,1,1,8.15,22.23
2015,MR Marsh,Sunrisers Hyderabad,4,4,117,35.22,146.81,8,5,0,0,2,9.08,22.07
2016,MR Marsh,Sunrisers Hyderabad,3,3,45,30.61,135.74,5,5,0,0,2,9.1,18.19
2017,MR Marsh,Sunrisers Hyderabad,2,2,76,25.66,147.85,4,6,0,0,3,8.3,18.25
2018,MR Marsh,Sunrisers Hyderabad,3,3,67,33.34,161.44,5,3,1,0,3,9.27,23.14
2019,MR Marsh,Sunrisers Hyderabad,2,2,65,36.67,135.54,9,7,0,0,1,8.15,20.24
2020/21,MR Marsh,Sunrisers Hyderabad,2,2,44,37.35,162.05,9,5,1,0,3,8.01,24.01
2021,MR Marsh,Sunrisers Hyderabad,3,3,37,33.67,147.36,7,2,0,0,3,8.17,24.09
2022,MR Marsh,Sunrisers Hyderabad,3,3,40,17.98,160.1,4,6,0,0,3,8.61,23.77
2023,MR Marsh,Sunrisers Hyderabad,3,3,69,17.07,161.28,8,3,1,0,3,8.07,17.77
2024,MR Marsh,Sunrisers Hyderabad,4,4,81,23.59,150.2,8,3,0,0,4,7.72,20.38
2025,MR Marsh,Sunrisers Hyderabad,5,4,49,19.55,133.35,8,6,1,0,1,8.86,23.08
2026,MR Marsh,Sunrisers Hyderabad,3,3,36,35.58,149.63,7,7,1,0,3,8.58,22.65
2025,MS Bhandage,Royal Challengers Bengaluru,1,1,1,0.84,28.39,0,0,0,0,0,7.82,33.07
2010,MS Bisla,Kings XI Punjab,9,9,182,25.02,115.16,11,5,1,0,0,8.84,26.23
2011,MS Bisla,Kolkata Knight Riders,9,9,102,26.85,105.41,10,4,1,0,0,7.98,32.21
2012,MS Bisla,Royal Challengers Bangalore,8,8,105,14.16,120.25,17,3,1,0,0,9.05,27.63
2013,MS Bisla,Royal Challengers Bangalore,9,9,94,26.3,104.03,9,3,1,0,0,8.7,28.02
2014,MS Bisla,Royal Challengers Bangalore,7,7,84,17.29,128.73,8,4,1,0,0,9.0,31.0
2015,MS Bisla,Royal Challengers Bangalore,8,8,147,19.16,119.39,18,4,2,0,0,7.76,34.77
2008,MS Dhoni,Chennai Super Kings,11,10,401,42.29,153.16,14,8,3,0,0,8.3,29.89
2009,MS Dhoni,Rising Pune Supergiant,16,14,140,34.83,146.2,25,22,2,0,0,8.35,35.04
2010,MS Dhoni,Rising Pune Supergiants,16,14,406,33.03,132.71,20,13,5,0,0,9.16,32.11
2011,MS Dhoni,Rising Pune Supergiants,16,14,288,34.79,144.75,26,21,3,0,0,8.25,24.81
2012,MS Dhoni,Rising Pune Supergiants,16,14,462,31.07,156.75,19,11,3,0,0,7.93,24.44
2013,MS Dhoni,Rising Pune Supergiants,12,10,136,31.92,120.45,25,20,0,0,0,8.38,27.0
2014,MS Dhoni,Rising Pune Supergiants,16,14,328,39.15,144.49,23,11,2,0,0,9.02,28.91
2015,MS Dhoni,Rising Pune Supergiants,16,14,348,53.28,154.46,30,21,2,0,0,8.86,30.01
2016,MS Dhoni,Rising Pune Supergiants,15,13,335,44.94,148.97,19,21,4,0,0,8.0,25.15
2017,MS Dhoni,Rising Pune Supergiants,16,14,299,24.15,123.06,29,17,4,0,0,8.55,28.19
2018,MS Dhoni,Rising Pune Supergiants,14,12,345,23.62,151.77,23,9,1,0,0,8.85,28.22
2019,MS Dhoni,Rising Pune Supergiants,16,14,419,24.35,155.68,26,13,1,0,0,8.47,32.78
2020/21,MS Dhoni,Rising Pune Supergiants,16,14,446,52.96,121.32,30,19,1,0,0,8.42,28.07
2021,MS Dhoni,Rising Pune Supergiants,16,14,137,30.51,141.97,19,13,1,1,0,8.07,25.04
2022,MS Dhoni,Rising Pune Supergiants,14,12,449,52.64,130.84,17,12,3,0,0,8.95,27.01
2023,MS Dhoni,Rising Pune Supergiants,16,14,268,50.3,147.65,11,21,4,0,0,8.88,25.35
2024,MS Dhoni,Rising Pune Supergiants,16,14,320,24.26,140.71,31,9,3,0,0,9.28,33.27
2025,MS Dhoni,Rising Pune Supergiants,16,14,194,28.5,126.77,26,21,0,0,0,7.97,33.64
2008,MS Gony,Chennai Super Kings,3,1,11,8.47,121.94,1,1,0,0,6,8.4,39.2
2009,MS Gony,Deccan Chargers,5,2,7,7.11,125.9,1,1,0,0,5,8.54,35.17
2010,MS Gony,Gujarat Lions,2,1,13,8.35,154.33,1,0,0,0,4,7.93,37.7
2011,MS Gony,Kings XI Punjab,3,1,7,12.08,148.77,0,1,0,0,2,8.55,38.45
2012,MS Gony,Kings XI Punjab,3,1,12,6.36,142.68,1,1,0,0,4,8.31,33.47
2013,MS Gony,Kings XI Punjab,5,2,5,9.6,153.17,0,1,0,0,5,8.59,29.37
2014,MS Gony,Kings XI Punjab,6,2,14,7.71,127.39,0,1,0,0,6,9.25,38.19
2015,MS Gony,Kings XI Punjab,5,2,9,10.73,134.2,0,1,0,0,3,7.99,41.07
2016,MS Gony,Kings XI Punjab,5,2,16,11.37,148.68,1,1,0,0,6,8.85,38.6
2017,MS Gony,Kings XI Punjab,4,2,6,12.98,130.54,0,1,0,0,4,8.72,37.75
2011,MS Wade,Delhi Daredevils,1,1,10,18.22,98.88,2,0,0,0,0,8.91,30.85
2012,MS Wade,Gujarat Titans,2,2,11,11.7,105.75,2,0,0,0,0,9.13,29.63
2013,MS Wade,Gujarat Titans,1,1,7,14.76,92.84,2,0,0,0,0,7.87,35.19
2014,MS Wade,Gujarat Titans,1,1,12,16.84,88.49,2,0,0,0,0,9.33,34.63
2015,MS Wade,Gujarat Titans,1,1,18,7.88,105.11,2,0,0,0,0,7.73,34.47
2016,MS Wade,Gujarat Titans,1,1,20,16.23,108.56,2,0,0,0,0,8.44,29.89
2017,MS Wade,Gujarat Titans,1,1,11,9.2,117.61,2,0,0,0,0,8.22,31.77
2018,MS Wade,Gujarat Titans,2,2,12,14.49,117.7,1,0,0,0,0,8.83,30.76
2019,MS Wade,Gujarat Titans,1,1,19,9.1,94.22,2,0,0,0,0,9.1,32.75
2020/21,MS Wade,Gujarat Titans,1,1,16,9.67,89.27,1,0,0,0,0,7.83,29.6
2021,MS Wade,Gujarat Titans,1,1,14,13.6,110.54,2,0,0,0,0,8.49,30.12
2022,MS Wade,Gujarat Titans,1,1,15,14.36,108.9,1,0,0,0,0,8.59,26.59
2023,MS Wade,Gujarat Titans,1,1,11,15.92,114.0,1,0,0,0,0,7.75,28.56
2024,MS Wade,Gujarat Titans,1,1,14,13.79,117.71,1,0,0,0,0,8.01,26.87
2008,MV Boucher,Kolkata Knight Riders,8,6,44,31.32,128.66,7,2,1,0,0,8.9,33.4
2009,MV Boucher,Royal Challengers Bangalore,9,7,46,30.35,118.96,5,2,0,0,0,8.48,29.76
2010,MV Boucher,Royal Challengers Bangalore,9,7,63,33.68,113.05,5,2,0,0,0,9.31,33.61
2011,MV Boucher,Royal Challengers Bangalore,7,5,146,17.07,117.72,8,4,2,1,0,8.82,33.73
2023,MW Short,Chennai Super Kings,2,2,35,20.06,130.33,5,1,0,0,0,6.19,26.45
2024,MW Short,Punjab Kings,1,1,21,22.78,104.93,4,1,0,0,0,6.23,24.38
2025,MW Short,Punjab Kings,1,1,13,20.91,115.89,6,1,0,0,0,6.08,31.72
2026,MW Short,Punjab Kings,2,2,26,15.33,131.98,3,1,0,0,0,5.62,30.25
2010,Mandeep Singh,Delhi Capitals,10,9,133,27.72,114.28,10,4,2,0,0,13.74,24.81
2011,Mandeep Singh,Kings XI Punjab,5,4,89,22.21,108.7,7,3,1,0,0,11.98,30.29
2012,Mandeep Singh,Kolkata Knight Riders,11,10,140,14.37,139.85,11,4,1,0,0,13.94,31.03
2013,Mandeep Singh,Punjab Kings,11,10,60,13.96,130.9,11,3,1,0,0,12.19,29.5
2014,Mandeep Singh,Royal Challengers Bangalore,6,5,185,23.91,118.65,10,4,0,0,0,14.15,34.9
2015,Mandeep Singh,Royal Challengers Bangalore,6,5,152,25.68,127.44,10,3,2,0,0,12.07,27.0
2016,Mandeep Singh,Royal Challengers Bangalore,6,5,89,18.85,106.76,18,3,0,0,0,13.32,28.09
2017,Mandeep Singh,Royal Challengers Bangalore,7,6,165,16.64,125.52,19,2,1,0,0,11.9,29.3
2018,Mandeep Singh,Royal Challengers Bangalore,9,8,157,24.8,104.49,11,2,1,0,0,12.46,25.28
2019,Mandeep Singh,Royal Challengers Bangalore,6,5,170,21.28,139.66,9,2,2,1,0,12.02,26.62
2020/21,Mandeep Singh,Royal Challengers Bangalore,12,11,136,27.81,116.6,8,3,0,0,0,13.67,27.83
2021,Mandeep Singh,Royal Challengers Bangalore,5,4,57,17.96,131.68,14,2,1,0,0,12.16,25.03
2022,Mandeep Singh,Royal Challengers Bangalore,5,4,134,22.59,123.05,9,3,1,0,0,12.44,33.01
2023,Mandeep Singh,Royal Challengers Bangalore,9,8,134,17.21,110.68,8,3,0,0,0,11.71,25.45
2009,Mashrafe Mortaza,Kolkata Knight Riders,1,1,3,22.35,106.06,0,0,0,0,0,15.89,30.16
2008,Misbah-ul-Haq,Royal Challengers Bangalore,10,10,67,12.52,157.41,12,9,1,0,0,8.78,29.48
2009,Mohammad Ashraful,Mumbai Indians,1,1,1,2.22,17.74,0,0,0,0,0,8.18,33.55
2008,Mohammad Asif,Delhi Daredevils,6,2,3,1.96,45.77,0,0,0,0,6,9.86,37.5
2008,Mohammad Hafeez,Kolkata Knight Riders,11,11,100,10.8,68.95,5,2,1,0,3,7.12,30.62
2017,Mohammad Nabi,Mumbai Indians,2,2,43,11.42,162.13,2,1,0,0,3,8.0,29.76
2018,Mohammad Nabi,Sunrisers Hyderabad,3,2,21,9.5,161.33,3,2,0,0,1,8.16,40.44
2019,Mohammad Nabi,Sunrisers Hyderabad,4,3,34,17.83,134.83,2,2,0,0,3,7.73,39.91
2020/21,Mohammad Nabi,Sunrisers Hyderabad,3,2,36,17.11,124.06,3,2,0,0,1,7.01,28.06
2021,Mohammad Nabi,Sunrisers Hyderabad,4,3,30,17.33,163.39,1,1,0,0,1,7.87,38.65
2022,Mohammad Nabi,Sunrisers Hyderabad,2,2,35,15.22,144.7,3,2,1,0,2,7.57,34.26
2023,Mohammad Nabi,Sunrisers Hyderabad,2,2,29,15.57,131.27,3,1,0,0,2,7.88,29.9
2024,Mohammad Nabi,Sunrisers Hyderabad,4,3,31,16.41,141.59,3,2,0,0,2,7.45,34.16
2013,Mohammed Shami,Delhi Daredevils,6,2,10,5.91,103.45,0,0,0,0,4,8.74,26.6
2014,Mohammed Shami,Gujarat Titans,10,3,8,6.86,93.6,0,0,0,0,7,8.48,23.11
2015,Mohammed Shami,Kings XI Punjab,9,2,6,7.21,100.51,1,0,0,0,14,8.19,25.65
2016,Mohammed Shami,Kolkata Knight Riders,7,2,6,5.71,112.59,0,0,0,0,5,7.81,28.62
2017,Mohammed Shami,Lucknow Super Giants,11,3,5,5.04,94.79,0,0,0,0,13,7.96,26.64
2018,Mohammed Shami,Punjab Kings,11,3,9,6.67,94.56,0,0,0,0,4,8.39,29.88
2019,Mohammed Shami,Sunrisers Hyderabad,5,1,6,5.18,87.32,0,0,0,0,6,9.16,32.94
2020/21,Mohammed Shami,Sunrisers Hyderabad,12,3,9,4.9,98.72,0,0,0,0,10,9.26,24.07
2021,Mohammed Shami,Sunrisers Hyderabad,9,2,10,7.92,112.57,1,0,0,0,17,8.03,33.21
2022,Mohammed Shami,Sunrisers Hyderabad,9,2,7,8.01,110.06,0,0,0,0,14,8.8,28.88
2023,Mohammed Shami,Sunrisers Hyderabad,10,3,9,7.97,112.47,0,0,0,0,5,9.23,27.43
2024,Mohammed Shami,Sunrisers Hyderabad,12,3,5,4.1,102.14,1,0,0,0,16,8.09,33.57
2025,Mohammed Shami,Sunrisers Hyderabad,7,2,10,7.26,94.06,0,0,0,0,16,9.2,30.04
2026,Mohammed Shami,Sunrisers Hyderabad,11,3,5,5.72,100.38,0,0,0,0,8,7.84,22.89
2017,Mohammed Siraj,Gujarat Titans,8,2,12,10.73,81.07,1,0,0,0,7,8.62,30.15
2018,Mohammed Siraj,Royal Challengers Bangalore,8,2,5,11.81,93.07,1,0,0,0,17,9.38,27.48
2019,Mohammed Siraj,Royal Challengers Bengaluru,11,3,7,8.56,85.74,1,0,0,0,5,8.6,25.7
2020/21,Mohammed Siraj,Sunrisers Hyderabad,6,1,8,8.51,83.8,1,0,0,0,9,9.57,30.53
2021,Mohammed Siraj,Sunrisers Hyderabad,7,2,14,12.8,93.69,1,0,0,0,9,9.21,37.25
2022,Mohammed Siraj,Sunrisers Hyderabad,6,1,12,13.57,101.74,1,1,0,0,12,8.9,31.05
2023,Mohammed Siraj,Sunrisers Hyderabad,14,3,17,14.47,83.34,1,0,0,0,11,9.03,26.47
2024,Mohammed Siraj,Sunrisers Hyderabad,12,3,13,13.89,78.53,1,0,0,0,11,8.28,28.29
2025,Mohammed Siraj,Sunrisers Hyderabad,16,4,15,7.48,97.51,1,1,0,0,11,9.15,28.36
2026,Mohammed Siraj,Sunrisers Hyderabad,12,3,10,9.51,95.89,1,1,0,0,7,8.99,26.2
2023,Mohit Rathee,Punjab Kings,1,1,1,27.75,52.06,0,0,0,0,0,14.18,25.68
2022,Mohsin Khan,Lucknow Super Giants,4,1,3,4.16,101.91,0,0,0,0,4,9.06,22.53
2023,Mohsin Khan,Lucknow Super Giants,3,1,5,6.92,108.03,0,0,0,0,3,8.42,23.05
2024,Mohsin Khan,Lucknow Super Giants,6,1,7,7.12,93.01,1,0,0,0,9,8.9,24.78
2025,Mohsin Khan,Lucknow Super Giants,5,1,8,8.12,101.14,0,0,0,0,8,9.03,21.89
2026,Mohsin Khan,Lucknow Super Giants,6,1,2,3.94,108.39,1,0,0,0,7,7.5,23.03
2020/21,Monu Kumar,Chennai Super Kings,1,1,0,16.72,105.8,0,0,0,0,0,10.34,30.45
2018,Mujeeb Ur Rahman,Kings XI Punjab,4,1,2,4.17,77.81,0,0,0,0,1,8.2,36.59
2019,Mujeeb Ur Rahman,Mumbai Indians,4,1,1,4.63,81.51,0,0,0,0,2,7.64,34.78
2020/21,Mujeeb Ur Rahman,Sunrisers Hyderabad,2,1,1,4.88,84.63,0,0,0,0,3,7.88,34.16
2021,Mujeeb Ur Rahman,Sunrisers Hyderabad,3,1,2,4.36,79.59,0,0,0,0,4,8.51,34.85
2022,Mujeeb Ur Rahman,Sunrisers Hyderabad,4,1,2,2.72,79.14,0,0,0,0,3,8.97,31.0
2023,Mujeeb Ur Rahman,Sunrisers Hyderabad,2,1,1,5.14,70.91,0,0,0,0,4,8.64,25.53
2024,Mujeeb Ur Rahman,Sunrisers Hyderabad,1,1,1,3.54,77.09,0,0,0,0,2,8.36,26.35
2025,Mujeeb Ur Rahman,Sunrisers Hyderabad,1,1,1,5.29,79.05,0,0,0,0,1,8.91,29.19
2022,Mukesh Choudhary,Chennai Super Kings,5,1,2,5.19,96.4,0,0,0,0,3,10.69,32.81
2023,Mukesh Choudhary,Chennai Super Kings,2,1,2,8.02,85.81,0,0,0,0,2,9.7,30.56
2024,Mukesh Choudhary,Chennai Super Kings,2,1,2,4.45,114.33,0,0,0,0,3,9.27,35.18
2025,Mukesh Choudhary,Chennai Super Kings,5,1,2,6.29,105.09,0,0,0,0,3,9.79,26.08
2023,Mukesh Kumar,Delhi Capitals,10,1,3,8.16,49.58,0,0,0,0,14,9.45,28.14
2024,Mukesh Kumar,Delhi Capitals,12,2,3,7.23,56.05,0,0,0,0,13,10.56,25.48
2025,Mukesh Kumar,Delhi Capitals,7,1,1,12.39,49.44,0,0,0,0,8,10.03,27.58
2026,Mukesh Kumar,Delhi Capitals,13,2,2,11.16,55.68,0,0,0,0,3,9.33,34.7
2025,Musheer Khan,Punjab Kings,1,1,0,0,0,0,0,0,0,1,12.85,30.13
2016,Mustafizur Rahman,Chennai Super Kings,6,1,1,5.22,58.69,0,0,0,0,4,7.95,31.79
2017,Mustafizur Rahman,Delhi Capitals,6,1,1,6.67,54.34,0,0,0,0,3,7.8,27.69
2018,Mustafizur Rahman,Mumbai Indians,4,1,1,5.08,60.43,0,0,0,0,11,7.89,30.16
2019,Mustafizur Rahman,Rajasthan Royals,4,1,2,5.22,53.64,0,0,0,0,10,7.73,33.88
2020/21,Mustafizur Rahman,Sunrisers Hyderabad,3,1,2,7.1,62.06,0,0,0,0,4,8.69,31.21
2021,Mustafizur Rahman,Sunrisers Hyderabad,5,1,2,8.03,57.52,0,0,0,0,5,7.52,27.24
2022,Mustafizur Rahman,Sunrisers Hyderabad,7,1,2,7.94,50.86,0,0,0,0,8,8.29,33.38
2023,Mustafizur Rahman,Sunrisers Hyderabad,5,1,2,5.16,47.51,0,0,0,0,10,8.28,25.76
2024,Mustafizur Rahman,Sunrisers Hyderabad,7,1,2,7.6,51.79,0,0,0,0,6,8.14,24.07
2025,Mustafizur Rahman,Sunrisers Hyderabad,5,1,2,7.33,48.37,0,0,0,0,9,8.18,24.26
2024,N Burger,Rajasthan Royals,4,1,0,25.8,134.91,0,0,0,0,4,8.03,20.31
2025,N Burger,Rajasthan Royals,2,1,0,18.23,125.9,0,0,0,0,2,8.13,20.05
2026,N Burger,Rajasthan Royals,5,1,0,24.87,121.15,0,0,0,0,5,7.91,23.4
2020/21,N Jagadeesan,Chennai Super Kings,5,4,42,21.14,98.13,7,0,0,0,0,9.18,29.88
2021,N Jagadeesan,Kolkata Knight Riders,2,2,60,14.1,114.79,6,1,0,0,0,7.98,33.45
2022,N Jagadeesan,Kolkata Knight Riders,4,3,25,22.68,105.07,5,0,0,0,0,7.88,24.02
2023,N Jagadeesan,Kolkata Knight Riders,4,3,63,20.84,106.41,7,1,0,0,0,8.78,28.59
2019,N Pooran,Kings XI Punjab,10,10,242,26.26,189.52,14,22,1,0,0,7.66,30.81
2020/21,N Pooran,Lucknow Super Giants,10,10,283,25.23,152.81,29,24,4,0,0,9.06,26.73
2021,N Pooran,Punjab Kings,7,7,226,28.66,185.74,28,19,2,0,0,8.81,29.45
2022,N Pooran,Sunrisers Hyderabad,8,8,307,20.21,171.48,22,12,1,0,0,7.94,30.73
2023,N Pooran,Sunrisers Hyderabad,16,15,458,28.85,153.43,25,13,2,0,0,8.84,30.84
2024,N Pooran,Sunrisers Hyderabad,16,15,430,33.29,164.35,22,15,1,0,0,8.43,29.35
2025,N Pooran,Sunrisers Hyderabad,12,12,395,42.43,185.36,13,28,2,0,0,7.76,28.03
2026,N Pooran,Sunrisers Hyderabad,6,6,296,34.09,165.8,17,22,4,1,0,8.84,29.82
2016,N Rana,Delhi Capitals,14,13,200,17.36,140.87,22,10,1,0,1,7.88,24.28
2017,N Rana,Kolkata Knight Riders,16,15,137,36.36,127.38,34,15,1,0,1,7.65,30.17
2018,N Rana,Mumbai Indians,13,12,320,36.26,121.59,34,14,1,0,1,8.24,28.75
2019,N Rana,Rajasthan Royals,10,10,380,37.16,146.32,25,15,4,0,1,8.02,21.96
2020/21,N Rana,Rajasthan Royals,14,13,376,31.66,149.74,14,16,0,0,1,8.12,24.52
2021,N Rana,Rajasthan Royals,11,10,152,25.8,154.38,23,14,1,0,1,8.64,28.65
2022,N Rana,Rajasthan Royals,16,15,192,21.07,150.05,26,19,3,0,1,8.04,28.9
2023,N Rana,Rajasthan Royals,16,15,276,22.33,115.74,20,17,4,0,0,8.65,23.77
2024,N Rana,Rajasthan Royals,7,7,240,31.68,139.68,35,9,4,0,1,8.99,29.95
2025,N Rana,Rajasthan Royals,8,8,212,27.28,121.38,14,17,0,0,1,8.4,23.59
2026,N Rana,Rajasthan Royals,13,12,375,24.05,139.58,20,11,0,0,1,7.83,24.89
2012,N Saini,Kings XI Punjab,14,14,203,12.14,99.03,19,0,1,0,0,8.34,31.27
2024,N Thushara,Mumbai Indians,6,1,0,22.19,114.18,0,0,0,0,3,9.6,29.22
2025,N Thushara,Royal Challengers Bengaluru,6,1,0,23.52,117.88,0,0,0,0,7,9.88,35.23
2023,N Wadhera,Mumbai Indians,13,11,251,19.84,137.91,9,14,2,0,0,8.2,32.8
2024,N Wadhera,Punjab Kings,7,6,200,16.56,149.82,21,10,1,1,0,8.39,26.86
2025,N Wadhera,Punjab Kings,10,8,184,20.9,119.45,14,6,0,0,0,8.49,34.0
2026,N Wadhera,Punjab Kings,8,7,136,24.64,134.4,19,10,1,0,0,7.08,25.31
2019,NA Saini,Kolkata Knight Riders,5,1,3,9.13,79.45,0,0,0,0,4,9.11,45.45
2020/21,NA Saini,Rajasthan Royals,3,1,6,5.04,94.5,0,0,0,0,1,9.62,37.6
2021,NA Saini,Royal Challengers Bangalore,6,1,3,7.94,97.07,0,0,0,0,1,9.56,46.88
2022,NA Saini,Royal Challengers Bangalore,2,1,3,8.57,98.22,0,0,0,0,3,9.67,42.22
2023,NA Saini,Royal Challengers Bangalore,6,1,6,11.19,95.92,0,0,0,0,2,8.74,43.49
2024,NA Saini,Royal Challengers Bangalore,2,1,3,5.01,93.76,0,0,0,0,5,9.6,37.62
2025,NA Saini,Royal Challengers Bangalore,4,1,2,8.73,90.18,0,0,0,0,3,8.31,44.98
2026,NA Saini,Royal Challengers Bangalore,3,1,2,5.46,94.53,0,0,0,0,2,8.15,50.81
2017,NB Singh,Gujarat Lions,2,1,0,22.97,103.25,0,0,0,0,1,3.73,13.83
2010,ND Doshi,Rajasthan Royals,3,1,0,0,0,0,0,0,0,1,7.94,40.55
2011,ND Doshi,Royal Challengers Bangalore,3,1,0,0,0,0,0,0,0,1,8.04,40.0
2014,NJ Maddinson,Royal Challengers Bangalore,1,1,11,4.55,83.08,2,0,0,0,0,8.68,35.24
2015,NJ Maddinson,Royal Challengers Bangalore,2,2,15,8.68,86.65,1,0,0,0,0,8.86,25.07
2011,NJ Rimmington,Kings XI Punjab,1,1,2,15.96,114.61,0,0,0,0,0,6.38,33.67
2008,NK Patel,Rajasthan Royals,3,2,72,40.5,96.4,8,1,1,0,0,9.19,32.31
2009,NK Patel,Rajasthan Royals,6,4,56,24.53,99.38,10,1,0,0,0,8.73,29.05
2011,NL McCullum,Pune Warriors,3,3,19,24.58,130.94,0,1,0,0,0,6.78,31.08
2010,NLTC Perera,Chennai Super Kings,8,6,31,24.98,122.24,2,5,0,0,7,9.28,32.7
2011,NLTC Perera,Kings XI Punjab,4,3,76,21.88,122.08,2,5,0,0,1,8.8,34.87
2012,NLTC Perera,Kochi Tuskers Kerala,5,4,30,12.14,128.13,3,6,0,0,4,9.25,28.46
2013,NLTC Perera,Mumbai Indians,3,2,31,16.67,133.66,4,2,0,0,5,8.27,29.0
2014,NLTC Perera,Rising Pune Supergiants,3,2,33,15.2,139.04,3,3,0,0,7,7.88,26.92
2015,NLTC Perera,Sunrisers Hyderabad,7,6,29,15.71,123.41,4,3,0,0,2,8.35,30.12
2016,NLTC Perera,Sunrisers Hyderabad,7,6,78,14.77,152.59,4,5,1,0,7,8.76,37.42
2013,NM Coulter-Nile,Delhi Daredevils,2,1,6,6.27,123.71,1,0,0,0,2,8.33,18.44
2014,NM Coulter-Nile,Kolkata Knight Riders,5,2,6,10.0,122.64,1,0,0,0,5,7.9,20.35
2015,NM Coulter-Nile,Mumbai Indians,2,1,7,10.11,108.33,1,0,0,0,4,8.36,20.97
2016,NM Coulter-Nile,Rajasthan Royals,3,1,10,7.93,124.08,0,0,0,0,5,8.27,23.89
2017,NM Coulter-Nile,Rajasthan Royals,3,1,12,5.06,127.02,0,0,0,0,7,7.27,20.61
2018,NM Coulter-Nile,Rajasthan Royals,6,3,10,6.44,102.98,1,1,0,0,3,7.62,20.06
2019,NM Coulter-Nile,Rajasthan Royals,5,2,12,5.79,128.19,1,0,0,0,6,7.1,27.37
2020/21,NM Coulter-Nile,Rajasthan Royals,4,2,12,10.13,124.2,1,1,0,0,2,8.07,22.19
2021,NM Coulter-Nile,Rajasthan Royals,3,1,10,8.48,117.23,0,0,0,0,2,8.03,25.97
2022,NM Coulter-Nile,Rajasthan Royals,3,1,11,8.93,116.05,0,1,0,0,7,7.84,20.65
2016,NS Naik,Kings XI Punjab,1,1,7,5.67,69.24,0,0,0,0,0,8.87,26.87
2017,NS Naik,Kolkata Knight Riders,1,1,6,8.03,65.14,0,0,0,0,0,8.67,26.62
2018,NS Naik,Kolkata Knight Riders,1,1,3,7.27,64.49,0,0,0,0,0,8.52,34.33
2019,NS Naik,Kolkata Knight Riders,1,1,7,5.4,55.78,0,0,0,0,0,9.29,31.85
2020/21,NS Naik,Kolkata Knight Riders,1,1,5,7.0,64.76,0,0,0,0,0,8.79,34.27
2021,NT Ellis,Chennai Super Kings,4,1,5,4.12,75.21,0,0,0,0,4,8.34,34.34
2022,NT Ellis,Punjab Kings,5,1,4,5.01,73.41,0,0,0,0,5,8.77,33.48
2023,NT Ellis,Punjab Kings,4,1,5,6.38,80.68,0,0,0,0,4,8.34,25.08
2024,NT Ellis,Punjab Kings,2,1,4,3.55,84.83,0,0,0,0,3,9.06,26.87
2025,NT Ellis,Punjab Kings,3,1,2,4.69,74.02,0,0,0,0,3,8.29,33.74
2022,NT Tilak Varma,Mumbai Indians,12,11,204,35.27,130.19,17,17,0,0,0,7.05,31.44
2023,NT Tilak Varma,Mumbai Indians,13,12,184,39.58,123.88,19,13,0,0,0,7.9,35.33
2024,NT Tilak Varma,Mumbai Indians,11,10,360,38.26,136.65,34,17,4,0,0,8.27,29.61
2025,NT Tilak Varma,Mumbai Indians,14,13,131,48.51,141.4,21,16,1,0,0,7.33,29.17
2026,NT Tilak Varma,Mumbai Indians,15,14,373,37.51,135.83,30,21,0,0,0,7.64,34.55
2009,NV Ojha,Delhi Daredevils,9,7,180,15.17,117.52,8,10,2,0,0,8.3,33.01
2010,NV Ojha,Rajasthan Royals,7,6,108,28.1,126.08,13,5,2,0,0,9.22,33.84
2011,NV Ojha,Sunrisers Hyderabad,8,7,208,23.7,109.59,11,4,0,0,0,9.14,29.17
2012,NV Ojha,Sunrisers Hyderabad,14,12,78,13.23,114.03,11,10,1,0,0,7.94,33.77
2013,NV Ojha,Sunrisers Hyderabad,11,9,245,28.46,110.25,6,6,4,0,0,9.17,27.06
2014,NV Ojha,Sunrisers Hyderabad,13,11,78,28.3,122.67,10,4,1,0,0,9.01,26.75
2015,NV Ojha,Sunrisers Hyderabad,14,12,106,14.11,109.39,9,7,0,0,0,8.32,32.89
2016,NV Ojha,Sunrisers Hyderabad,16,13,154,20.62,135.02,6,10,2,0,0,9.3,30.61
2017,NV Ojha,Sunrisers Hyderabad,7,6,102,20.74,113.63,7,5,0,0,0,8.72,26.89
2018,NV Ojha,Sunrisers Hyderabad,10,8,204,16.03,102.96,8,4,1,0,0,8.66,26.13
2024,Naman Dhir,Mumbai Indians,9,7,66,19.4,184.39,8,11,1,0,0,9.46,35.38
2025,Naman Dhir,Mumbai Indians,13,11,186,17.18,188.49,18,5,1,0,0,9.03,31.67
2026,Naman Dhir,Mumbai Indians,12,10,208,20.79,166.87,18,8,3,0,0,8.3,35.89
2023,Naveen-ul-Haq,Lucknow Super Giants,7,2,11,15.18,74.57,1,0,0,0,6,10.03,19.47
2024,Naveen-ul-Haq,Lucknow Super Giants,9,3,6,11.28,66.7,1,0,0,0,5,8.68,28.29
2023,Noor Ahmad,Chennai Super Kings,7,3,8,3.06,49.3,1,0,0,0,18,7.81,23.59
2024,Noor Ahmad,Gujarat Titans,7,3,5,1.92,51.3,0,0,0,0,15,8.8,21.67
2025,Noor Ahmad,Gujarat Titans,14,5,4,2.0,54.7,1,0,0,0,13,8.75,21.46
2026,Noor Ahmad,Gujarat Titans,12,4,4,3.5,54.1,1,0,0,0,12,7.72,24.11
2019,O Thomas,Rajasthan Royals,3,1,0,14.87,105.45,0,0,0,0,3,7.74,14.26
2010,OA Shah,Kochi Tuskers Kerala,3,3,138,22.5,137.32,4,8,0,0,0,8.22,31.69
2011,OA Shah,Kolkata Knight Riders,6,6,169,21.87,123.93,6,5,1,0,0,9.0,24.03
2012,OA Shah,Rajasthan Royals,3,3,169,33.84,127.58,10,4,0,0,0,7.73,24.08
2013,OA Shah,Rajasthan Royals,5,5,57,45.43,119.62,12,5,0,0,0,9.17,25.01
2022,OC McCoy,Rajasthan Royals,4,1,6,5.68,145.0,0,0,0,0,2,9.96,23.15
2023,OC McCoy,Rajasthan Royals,2,1,3,4.98,178.98,0,0,0,0,8,9.37,18.84
2022,OF Smith,Punjab Kings,5,5,24,19.37,120.7,1,3,0,0,9,12.7,29.36
2008,P Amarnath,Chennai Super Kings,6,1,0,25.72,122.4,0,0,0,0,11,10.84,39.81
2025,P Arya,Punjab Kings,8,8,135,34.41,196.07,45,18,1,0,0,8.16,32.22
2026,P Arya,Punjab Kings,6,6,461,39.28,177.26,38,17,3,1,0,8.84,30.0
2012,P Awana,Kings XI Punjab,7,1,2,2.98,31.39,0,0,0,0,5,7.69,22.1
2013,P Awana,Kings XI Punjab,16,3,2,1.58,39.83,0,0,0,0,16,8.35,23.76
2014,P Awana,Kings XI Punjab,7,1,2,1.77,39.59,0,0,0,0,17,7.53,30.78
2018,P Chopra,Rajasthan Royals,1,1,4,6.31,141.68,1,0,0,0,0,9.31,35.49
2019,P Chopra,Rajasthan Royals,1,1,4,9.18,113.97,1,0,0,0,0,8.08,34.73
2008,P Dharmani,Kings XI Punjab,1,1,0,16.93,115.83,0,0,0,0,0,8.1,32.13
2010,P Dogra,Kings XI Punjab,4,4,26,13.48,94.86,1,2,0,0,0,8.59,31.94
2011,P Dogra,Kolkata Knight Riders,5,5,46,14.59,101.87,1,1,0,0,0,9.25,31.57
2012,P Dogra,Rajasthan Royals,4,4,17,13.3,81.89,1,1,0,0,0,8.82,27.07
2013,P Dogra,Rajasthan Royals,3,3,43,11.8,89.8,1,1,0,0,0,7.98,29.51
2020/21,P Dubey,Delhi Capitals,1,1,6,31.16,63.49,0,0,0,0,1,9.27,46.27
2021,P Dubey,Punjab Kings,1,1,3,25.6,62.72,0,0,0,0,0,8.75,56.2
2022,P Dubey,Punjab Kings,1,1,6,15.17,72.28,0,0,0,0,0,9.23,50.46
2023,P Dubey,Punjab Kings,1,1,4,29.96,79.95,0,0,0,0,0,8.43,48.94
2024,P Dubey,Punjab Kings,1,1,5,28.74,66.77,0,0,0,0,0,7.78,51.42
2025,P Dubey,Punjab Kings,1,1,5,22.63,71.13,0,0,0,0,1,9.21,45.48
2008,P Kumar,Gujarat Lions,15,7,54,5.55,108.38,3,2,0,0,4,7.57,33.23
2009,P Kumar,Kings XI Punjab,16,8,52,7.57,116.23,2,1,0,0,15,7.93,42.2
2010,P Kumar,Mumbai Indians,11,5,43,8.06,120.13,2,1,1,0,11,7.32,35.34
2011,P Kumar,Royal Challengers Bangalore,15,7,35,8.88,123.08,1,2,0,0,11,7.54,29.03
2012,P Kumar,Sunrisers Hyderabad,6,3,18,6.54,92.11,1,1,0,0,12,7.24,34.9
2013,P Kumar,Sunrisers Hyderabad,12,6,36,11.17,109.62,2,1,1,0,13,8.43,36.29
2014,P Kumar,Sunrisers Hyderabad,11,5,17,10.71,112.08,2,2,0,0,6,7.52,41.18
2015,P Kumar,Sunrisers Hyderabad,15,7,32,11.62,97.36,2,1,0,0,14,7.95,33.03
2016,P Kumar,Sunrisers Hyderabad,12,6,48,6.58,114.96,2,1,0,0,9,7.6,39.28
2017,P Kumar,Sunrisers Hyderabad,10,5,38,11.57,100.91,2,2,0,0,15,7.97,38.97
2012,P Negi,Chennai Super Kings,6,4,51,8.74,119.26,4,3,0,0,4,7.81,31.15
2013,P Negi,Delhi Daredevils,3,2,35,15.44,108.88,3,2,0,0,5,8.03,30.15
2014,P Negi,Royal Challengers Bangalore,5,4,21,11.07,144.21,3,2,0,0,4,7.11,23.56
2015,P Negi,Royal Challengers Bangalore,6,4,57,18.01,123.23,3,3,0,0,3,8.14,32.11
2016,P Negi,Royal Challengers Bangalore,4,3,21,14.03,112.25,4,3,0,0,2,7.29,25.52
2017,P Negi,Royal Challengers Bangalore,4,3,33,14.96,109.65,3,2,0,0,3,8.31,29.08
2018,P Negi,Royal Challengers Bangalore,7,5,44,13.5,135.0,5,3,1,0,5,7.13,27.03
2019,P Negi,Royal Challengers Bangalore,5,4,67,13.87,139.92,4,2,0,0,5,8.25,30.11
2026,P Nissanka,Delhi Capitals,6,6,194,37.96,168.13,9,5,3,0,0,9.0,34.15
2011,P Parameswaran,Kochi Tuskers Kerala,5,1,1,22.15,45.13,0,0,0,0,3,9.04,28.34
2012,P Parameswaran,Royal Challengers Bangalore,4,1,1,21.36,56.53,0,0,0,0,5,8.1,28.06
2011,P Prasanth,Kochi Tuskers Kerala,1,1,0,17.48,127.72,0,0,0,0,0,17.22,28.98
2019,P Ray Barman,Royal Challengers Bangalore,1,1,9,26.5,83.33,2,0,0,0,0,13.95,32.47
2016,P Sahu,Kings XI Punjab,6,2,25,11.73,126.84,1,1,0,0,2,7.54,54.32
2013,P Suyal,Mumbai Indians,2,1,0,19.18,120.77,0,0,0,0,1,10.19,90.5
2014,P Suyal,Mumbai Indians,1,1,0,21.81,119.31,0,0,0,0,1,10.01,61.86
2015,P Suyal,Mumbai Indians,1,1,0,16.67,105.13,0,0,0,0,1,8.96,80.11
2008,PA Patel,Chennai Super Kings,13,13,152,17.58,135.66,17,4,2,0,0,8.89,32.21
2009,PA Patel,Deccan Chargers,16,16,237,21.83,119.47,29,3,1,0,0,8.36,33.18
2010,PA Patel,Kochi Tuskers Kerala,8,8,351,22.68,124.89,39,5,1,1,0,8.83,26.42
2011,PA Patel,Mumbai Indians,8,8,185,17.27,132.47,36,3,3,1,0,8.89,25.62
2012,PA Patel,Royal Challengers Bangalore,14,14,115,31.17,121.51,20,3,1,0,0,8.99,29.57
2013,PA Patel,Sunrisers Hyderabad,10,10,175,15.48,125.57,31,4,0,0,0,9.05,27.67
2014,PA Patel,Sunrisers Hyderabad,16,16,255,17.98,138.49,42,4,0,0,0,8.42,34.55
2015,PA Patel,Sunrisers Hyderabad,12,12,330,30.16,115.16,39,4,3,0,0,7.92,32.89
2016,PA Patel,Sunrisers Hyderabad,8,8,250,23.27,121.89,36,5,2,0,0,8.67,25.02
2017,PA Patel,Sunrisers Hyderabad,10,10,118,25.83,114.76,24,5,1,0,0,8.92,32.4
2018,PA Patel,Sunrisers Hyderabad,11,11,314,16.17,132.54,20,6,5,0,0,8.09,35.62
2019,PA Patel,Sunrisers Hyderabad,10,10,248,19.53,120.55,38,4,1,1,0,7.77,31.06
2012,PA Reddy,Deccan Chargers,5,5,77,10.41,115.82,9,1,1,0,0,8.04,29.88
2013,PA Reddy,Sunrisers Hyderabad,8,7,101,10.59,108.38,4,1,0,0,0,8.43,34.8
2022,PBB Rajapaksa,Punjab Kings,8,8,73,15.65,152.14,14,9,0,0,0,8.48,31.42
2023,PBB Rajapaksa,Punjab Kings,6,6,196,22.85,135.82,15,10,2,0,0,8.5,35.06
2009,PC Valthaty,Kings XI Punjab,6,6,81,15.43,115.56,17,2,0,0,1,8.8,28.01
2010,PC Valthaty,Rajasthan Royals,5,5,85,21.41,117.78,17,6,1,0,2,8.0,34.97
2011,PC Valthaty,Rajasthan Royals,6,6,87,21.25,103.2,11,5,0,0,2,7.93,24.82
2012,PC Valthaty,Rajasthan Royals,4,4,160,17.21,112.14,11,4,2,1,1,7.45,25.16
2013,PC Valthaty,Rajasthan Royals,6,6,150,22.05,129.47,11,4,1,0,1,8.69,31.62
2010,PD Collingwood,Delhi Daredevils,8,7,229,37.62,118.34,6,15,1,0,6,7.38,16.63
2023,PD Salt,Delhi Capitals,13,13,184,41.05,192.56,17,10,1,0,0,8.37,25.6
2024,PD Salt,Kolkata Knight Riders,12,12,158,30.97,200.98,45,12,3,0,0,7.8,33.91
2025,PD Salt,Royal Challengers Bengaluru,8,8,242,42.42,149.83,23,15,1,0,0,7.95,24.14
2026,PD Salt,Royal Challengers Bengaluru,8,8,340,28.22,190.06,27,8,5,1,0,9.01,24.02
2022,PH Solanki,Chennai Super Kings,1,1,0,15.49,106.59,0,0,0,0,3,5.92,18.58
2025,PHKD Mendis,Sunrisers Hyderabad,3,3,117,37.7,146.89,5,3,2,0,1,8.67,32.29
2014,PJ Cummins,Delhi Daredevils,6,4,71,23.72,156.01,4,4,0,0,7,9.65,35.63
2015,PJ Cummins,Kolkata Knight Riders,7,5,24,13.92,159.35,4,2,0,0,3,9.26,29.63
2016,PJ Cummins,Sunrisers Hyderabad,6,4,44,18.64,162.28,4,2,1,0,8,8.77,30.12
2017,PJ Cummins,Sunrisers Hyderabad,6,4,41,15.38,174.02,4,3,1,0,7,8.01,26.1
2018,PJ Cummins,Sunrisers Hyderabad,6,4,34,22.57,138.44,2,3,0,0,9,9.08,25.89
2019,PJ Cummins,Sunrisers Hyderabad,7,5,46,25.79,155.98,4,2,0,0,5,9.35,33.97
2020/21,PJ Cummins,Sunrisers Hyderabad,3,2,69,14.29,168.59,4,4,1,0,6,8.19,34.22
2021,PJ Cummins,Sunrisers Hyderabad,4,3,65,27.85,140.26,4,3,0,0,7,8.22,24.07
2022,PJ Cummins,Sunrisers Hyderabad,6,4,37,13.7,147.66,4,2,1,0,3,9.43,29.31
2023,PJ Cummins,Sunrisers Hyderabad,4,3,78,24.49,134.35,5,4,0,0,7,8.5,27.25
2024,PJ Cummins,Sunrisers Hyderabad,4,3,39,26.21,155.9,2,5,0,0,5,9.1,32.97
2025,PJ Cummins,Sunrisers Hyderabad,9,6,73,13.49,169.65,4,2,1,0,10,8.86,29.27
2008,PJ Sangwan,Delhi Daredevils,1,1,3,4.16,62.59,0,0,0,0,3,9.07,35.83
2009,PJ Sangwan,Gujarat Lions,4,1,2,2.9,66.82,0,0,0,0,3,8.15,36.64
2010,PJ Sangwan,Gujarat Titans,3,1,2,2.23,63.96,0,0,0,0,3,8.53,35.31
2011,PJ Sangwan,Kolkata Knight Riders,3,1,1,4.18,54.19,0,0,0,0,3,8.19,38.37
2012,PJ Sangwan,Mumbai Indians,3,1,2,3.19,67.57,0,0,0,0,2,9.46,28.71
2013,PJ Sangwan,Mumbai Indians,4,1,1,3.21,58.38,0,0,0,0,1,8.91,26.14
2014,PJ Sangwan,Mumbai Indians,4,1,1,3.01,58.71,0,0,0,0,2,8.5,31.99
2015,PJ Sangwan,Mumbai Indians,3,1,2,2.84,67.74,0,0,0,0,4,8.96,32.57
2016,PJ Sangwan,Mumbai Indians,4,1,2,2.27,65.29,0,0,0,0,2,9.53,27.89
2017,PJ Sangwan,Mumbai Indians,2,1,3,3.97,66.08,0,0,0,0,3,8.8,32.83
2018,PJ Sangwan,Mumbai Indians,4,1,2,3.16,63.23,0,0,0,0,1,7.94,33.67
2019,PJ Sangwan,Mumbai Indians,3,1,1,2.97,66.49,0,0,0,0,3,8.92,35.61
2020/21,PJ Sangwan,Mumbai Indians,3,1,3,3.39,55.12,0,0,0,0,2,8.82,30.25
2021,PJ Sangwan,Mumbai Indians,2,1,1,2.71,66.76,0,0,0,0,3,8.26,36.45
2022,PJ Sangwan,Mumbai Indians,3,1,1,3.91,60.88,0,0,0,0,4,7.85,29.94
2020/21,PK Garg,Delhi Capitals,5,4,78,19.05,97.51,4,3,1,0,0,8.94,25.67
2021,PK Garg,Sunrisers Hyderabad,5,4,63,21.15,109.44,3,3,0,0,0,8.89,30.93
2022,PK Garg,Sunrisers Hyderabad,8,7,53,16.95,115.45,4,2,1,0,0,8.45,26.61
2023,PK Garg,Sunrisers Hyderabad,6,5,69,14.04,101.75,5,3,1,0,0,8.78,31.6
2008,PM Sarvesh Kumar,Deccan Chargers,3,2,1,14.67,42.57,0,0,0,0,0,9.13,43.0
2022,PN Mankad,Lucknow Super Giants,2,2,47,30.13,126.54,4,1,1,0,0,8.34,29.43
2023,PN Mankad,Punjab Kings,3,3,52,22.88,114.27,10,1,1,0,0,9.22,30.37
2008,PP Chawla,Chennai Super Kings,10,5,42,14.78,102.13,3,1,0,0,17,7.5,21.42
2009,PP Chawla,Kings XI Punjab,8,4,48,10.89,125.09,2,2,0,0,9,7.71,30.65
2010,PP Chawla,Kolkata Knight Riders,11,5,26,9.92,117.29,2,1,0,0,8,7.53,25.07
2011,PP Chawla,Mumbai Indians,13,6,56,11.3,99.07,4,1,1,0,17,7.39,25.74
2012,PP Chawla,Mumbai Indians,15,7,31,7.61,124.98,5,2,0,0,16,7.66,25.88
2013,PP Chawla,Mumbai Indians,9,4,34,13.24,110.65,4,2,0,0,4,7.75,28.31
2014,PP Chawla,Mumbai Indians,12,6,37,8.55,96.46,2,1,0,0,13,7.58,24.72
2015,PP Chawla,Mumbai Indians,6,3,55,9.35,118.99,2,1,0,0,9,7.49,23.84
2016,PP Chawla,Mumbai Indians,16,8,31,9.17,104.88,5,1,0,0,4,7.29,30.47
2017,PP Chawla,Mumbai Indians,13,6,32,11.46,94.46,5,1,0,0,14,8.44,31.51
2018,PP Chawla,Mumbai Indians,10,5,44,13.35,107.16,4,1,0,0,6,8.64,26.72
2019,PP Chawla,Mumbai Indians,11,5,47,8.29,123.87,3,1,0,0,7,7.91,23.51
2020/21,PP Chawla,Mumbai Indians,11,5,53,8.34,111.71,4,1,1,0,12,8.55,31.05
2021,PP Chawla,Mumbai Indians,7,3,50,15.27,125.23,2,2,1,0,14,7.39,29.3
2022,PP Chawla,Mumbai Indians,10,5,45,8.92,118.56,3,2,0,0,18,7.74,24.92
2023,PP Chawla,Mumbai Indians,16,8,54,14.85,97.05,3,1,1,0,15,7.25,23.75
2024,PP Chawla,Mumbai Indians,7,3,36,9.59,104.27,4,1,0,0,13,7.65,26.03
2008,PP Ojha,Deccan Chargers,11,3,3,1.42,34.87,0,0,0,0,6,6.91,29.13
2009,PP Ojha,Mumbai Indians,10,2,2,1.21,40.46,0,0,0,0,7,7.27,21.49
2010,PP Ojha,Mumbai Indians,6,2,1,1.18,34.9,0,0,0,0,11,7.79,27.67
2011,PP Ojha,Mumbai Indians,7,2,1,0.82,36.13,0,0,0,0,9,6.78,22.61
2012,PP Ojha,Mumbai Indians,16,4,2,1.23,36.71,0,0,0,0,11,7.82,29.16
2013,PP Ojha,Mumbai Indians,15,4,1,1.71,37.76,0,0,0,0,17,7.62,23.36
2014,PP Ojha,Mumbai Indians,8,2,2,0.99,38.23,0,0,0,0,6,7.03,29.73
2015,PP Ojha,Mumbai Indians,11,3,3,1.71,34.25,0,0,0,0,6,7.47,21.76
2018,PP Shaw,Delhi Capitals,7,7,232,33.18,143.68,46,12,1,0,0,8.77,24.72
2019,PP Shaw,Delhi Daredevils,11,11,307,20.79,147.95,30,12,4,0,0,7.83,33.87
2020/21,PP Shaw,Delhi Daredevils,10,10,311,24.82,138.08,45,12,2,1,0,9.14,26.65
2021,PP Shaw,Delhi Daredevils,13,13,158,18.41,148.56,45,8,2,0,0,8.1,27.05
2022,PP Shaw,Delhi Daredevils,11,11,164,24.24,126.4,39,11,2,0,0,8.77,35.89
2023,PP Shaw,Delhi Daredevils,12,12,184,18.62,134.15,37,7,1,0,0,8.95,27.06
2024,PP Shaw,Delhi Daredevils,16,16,389,27.67,138.29,44,9,4,0,0,7.95,24.07
2008,PR Shah,Mumbai Indians,5,3,11,12.3,116.24,2,0,0,0,0,7.84,29.29
2009,PR Shah,Rajasthan Royals,4,2,14,15.78,111.74,3,0,0,0,0,8.46,26.74
2010,PR Shah,Rajasthan Royals,6,4,17,7.4,110.74,3,0,0,0,0,7.94,24.55
2011,PR Shah,Rajasthan Royals,5,3,16,9.02,115.05,3,1,0,0,0,8.94,35.18
2026,PR Veer,Chennai Super Kings,2,2,32,52.29,126.56,7,1,1,0,0,8.61,28.28
2016,PSP Handscomb,Rising Pune Supergiants,2,1,8,4.98,48.67,0,0,0,0,0,7.87,31.79
2013,PV Tambe,Gujarat Lions,11,2,7,9.08,46.09,0,0,0,0,3,7.88,34.56
2014,PV Tambe,Rajasthan Royals,5,1,5,8.88,43.23,0,0,0,0,7,8.05,31.29
2015,PV Tambe,Rajasthan Royals,10,2,2,10.51,44.16,0,0,0,0,7,8.35,32.75
2016,PV Tambe,Rajasthan Royals,10,2,4,11.02,47.52,0,0,0,0,6,8.44,29.76
2022,PVD Chameera,Delhi Capitals,7,4,13,9.05,107.51,1,1,0,0,1,8.75,45.2
2023,PVD Chameera,Kolkata Knight Riders,3,2,14,17.96,130.93,1,1,0,0,1,9.17,41.69
2024,PVD Chameera,Lucknow Super Giants,6,3,13,12.63,112.27,1,0,0,0,5,9.56,42.48
2025,PVD Chameera,Lucknow Super Giants,3,2,13,8.69,119.19,1,1,0,0,2,10.01,38.35
2025,PVSN Raju,Mumbai Indians,3,2,2,15.68,103.4,0,0,0,0,0,14.46,58.57
2021,PW Hasaranga,Rajasthan Royals,10,5,7,6.06,105.34,1,0,0,0,5,8.58,24.89
2022,PW Hasaranga,Royal Challengers Bangalore,4,2,19,5.84,101.31,1,0,0,0,7,9.21,22.11
2023,PW Hasaranga,Royal Challengers Bangalore,4,2,21,7.36,79.33,1,0,0,0,15,8.34,20.12
2024,PW Hasaranga,Royal Challengers Bangalore,8,4,25,4.25,88.86,2,0,0,0,13,7.62,21.41
2025,PW Hasaranga,Royal Challengers Bangalore,7,4,24,6.39,80.9,2,0,0,0,3,9.02,19.65
2025,PWA Mulder,Sunrisers Hyderabad,1,1,11,11.81,70.32,1,0,0,0,0,17.32,33.66
2008,Pankaj Singh,Rajasthan Royals,3,1,1,4.11,66.26,0,0,0,0,2,8.61,39.48
2009,Pankaj Singh,Royal Challengers Bangalore,2,1,1,4.51,57.27,0,0,0,0,2,9.76,41.68
2010,Pankaj Singh,Royal Challengers Bangalore,4,1,1,2.29,66.53,0,0,0,0,3,9.52,36.03
2011,Pankaj Singh,Royal Challengers Bangalore,3,1,2,2.56,59.69,0,0,0,0,3,8.54,48.99
2012,Pankaj Singh,Royal Challengers Bangalore,4,1,2,3.04,56.02,0,0,0,0,2,8.85,46.05
2013,Parvez Rasool,Pune Warriors,2,1,5,11.7,72.81,0,0,0,0,1,8.1,71.06
2014,Parvez Rasool,Royal Challengers Bangalore,3,1,2,5.5,90.97,0,0,0,0,0,8.12,65.32
2015,Parvez Rasool,Sunrisers Hyderabad,3,1,7,5.37,91.85,0,0,0,0,1,7.65,65.34
2016,Parvez Rasool,Sunrisers Hyderabad,2,1,6,6.15,95.81,0,0,0,0,1,7.81,70.15
2019,Prabhsimran Singh,Kings XI Punjab,6,6,243,29.61,156.86,24,8,1,0,0,9.03,28.89
2020/21,Prabhsimran Singh,Punjab Kings,10,10,171,27.87,174.32,18,6,0,0,0,8.89,35.46
2021,Prabhsimran Singh,Punjab Kings,7,7,222,23.5,162.22,17,11,1,0,0,8.38,33.68
2022,Prabhsimran Singh,Punjab Kings,4,4,134,20.73,130.49,26,6,1,0,0,9.22,28.2
2023,Prabhsimran Singh,Punjab Kings,8,8,254,25.84,136.33,12,9,4,0,0,7.65,25.33
2024,Prabhsimran Singh,Punjab Kings,6,6,118,36.32,130.0,22,7,1,0,0,8.94,26.14
2025,Prabhsimran Singh,Punjab Kings,5,5,190,18.1,171.12,12,14,0,0,0,8.33,35.2
2026,Prabhsimran Singh,Punjab Kings,10,10,157,36.89,140.19,14,10,1,1,0,8.52,35.95
2025,Prince Yadav,Lucknow Super Giants,7,1,4,20.2,57.22,0,0,0,0,2,8.87,41.57
2026,Prince Yadav,Lucknow Super Giants,4,1,3,14.96,56.15,0,0,0,0,3,8.54,41.62
2013,Q de Kock,Delhi Daredevils,11,11,119,38.32,131.28,29,8,1,0,0,8.34,27.88
2014,Q de Kock,Kolkata Knight Riders,13,13,137,39.51,153.23,36,10,1,1,0,8.22,32.42
2015,Q de Kock,Lucknow Super Giants,5,5,271,20.04,153.16,17,7,3,0,0,9.27,29.44
2016,Q de Kock,Mumbai Indians,13,13,301,27.81,128.27,15,10,5,0,0,7.88,25.32
2017,Q de Kock,Royal Challengers Bangalore,9,9,213,41.83,138.96,35,8,0,0,0,8.61,30.38
2018,Q de Kock,Sunrisers Hyderabad,10,10,280,39.23,142.01,20,9,1,0,0,8.76,35.19
2019,Q de Kock,Sunrisers Hyderabad,5,5,219,22.96,140.67,36,14,2,0,0,7.8,33.6
2020/21,Q de Kock,Sunrisers Hyderabad,10,10,247,31.14,137.56,33,8,3,0,0,9.07,26.07
2021,Q de Kock,Sunrisers Hyderabad,10,10,306,33.68,133.72,23,6,1,0,0,7.84,35.26
2022,Q de Kock,Sunrisers Hyderabad,13,13,348,28.95,127.4,32,14,4,1,0,7.89,34.16
2023,Q de Kock,Sunrisers Hyderabad,5,5,404,21.01,135.15,28,11,0,0,0,8.64,29.31
2024,Q de Kock,Sunrisers Hyderabad,13,13,179,29.34,145.72,29,14,3,0,0,8.78,35.01
2025,Q de Kock,Sunrisers Hyderabad,9,9,251,41.07,123.96,25,13,2,1,0,8.54,24.22
2009,R Ashwin,Chennai Super Kings,16,7,49,13.49,109.92,3,1,1,0,6,6.89,34.32
2010,R Ashwin,Delhi Capitals,16,7,22,11.73,134.06,5,2,0,0,7,7.86,30.44
2011,R Ashwin,Kings XI Punjab,15,7,76,15.9,135.86,3,2,1,0,5,7.49,31.05
2012,R Ashwin,Rajasthan Royals,16,7,71,17.23,134.55,2,2,1,0,16,7.6,25.92
2013,R Ashwin,Rising Pune Supergiants,13,6,31,15.9,102.26,4,2,0,0,16,6.87,30.33
2014,R Ashwin,Rising Pune Supergiants,11,5,24,9.6,100.59,5,1,0,0,12,6.48,26.88
2015,R Ashwin,Rising Pune Supergiants,15,7,49,17.19,104.68,5,2,0,0,10,6.99,34.46
2016,R Ashwin,Rising Pune Supergiants,14,6,40,8.4,108.76,4,2,0,0,11,7.45,28.96
2017,R Ashwin,Rising Pune Supergiants,8,4,62,17.51,131.53,5,1,1,0,6,7.76,33.47
2018,R Ashwin,Rising Pune Supergiants,16,7,77,13.56,117.77,5,2,1,0,7,7.8,29.17
2019,R Ashwin,Rising Pune Supergiants,16,7,41,10.42,119.71,5,1,0,0,5,7.55,32.49
2020/21,R Ashwin,Rising Pune Supergiants,7,3,32,10.63,129.34,4,1,0,0,8,6.68,31.9
2021,R Ashwin,Rising Pune Supergiants,14,6,20,14.17,113.64,4,2,0,0,13,6.74,32.21
2022,R Ashwin,Rising Pune Supergiants,9,4,34,13.41,103.37,2,1,0,0,6,6.97,35.13
2023,R Ashwin,Rising Pune Supergiants,16,7,76,14.41,117.1,2,2,1,0,12,7.56,35.67
2024,R Ashwin,Rising Pune Supergiants,8,4,50,8.72,116.53,4,1,1,0,5,7.88,29.26
2025,R Ashwin,Rising Pune Supergiants,12,5,64,10.79,116.55,6,2,0,0,15,7.44,27.53
2008,R Bhatia,Delhi Daredevils,5,3,44,8.54,110.97,3,1,0,0,9,7.88,27.67
2009,R Bhatia,Kolkata Knight Riders,5,3,31,12.67,137.03,3,2,0,0,5,7.37,29.98
2010,R Bhatia,Rajasthan Royals,5,3,14,8.94,111.4,1,1,0,0,10,7.91,24.73
2011,R Bhatia,Rising Pune Supergiant,9,5,39,9.99,110.37,2,1,0,0,11,7.77,25.97
2012,R Bhatia,Rising Pune Supergiants,6,3,19,14.91,120.15,2,2,0,0,7,6.93,27.95
2013,R Bhatia,Rising Pune Supergiants,11,6,35,14.84,109.1,2,1,0,0,3,8.03,28.75
2014,R Bhatia,Rising Pune Supergiants,7,4,48,13.33,121.66,3,1,1,0,8,7.41,26.15
2015,R Bhatia,Rising Pune Supergiants,9,5,51,12.55,134.31,3,1,1,0,10,7.02,30.31
2016,R Bhatia,Rising Pune Supergiants,8,4,42,13.43,111.19,3,1,1,0,8,7.44,25.51
2017,R Bhatia,Rising Pune Supergiants,8,4,17,10.67,126.39,3,1,0,0,9,7.54,26.06
2009,R Bishnoi,Royal Challengers Bangalore,2,2,30,6.68,121.4,1,3,0,0,0,8.35,35.03
2013,R Dhawan,Kings XI Punjab,4,2,14,23.45,100.0,2,0,0,0,3,7.45,36.5
2014,R Dhawan,Mumbai Indians,4,2,9,15.74,102.65,1,1,0,0,2,7.94,34.23
2015,R Dhawan,Punjab Kings,3,2,23,20.05,116.41,1,1,0,0,2,8.01,29.74
2016,R Dhawan,Punjab Kings,2,1,8,22.42,99.6,2,1,0,0,3,7.42,32.15
2017,R Dhawan,Punjab Kings,2,1,9,18.91,115.19,2,1,0,0,1,8.66,39.45
2018,R Dhawan,Punjab Kings,4,2,21,23.74,117.81,1,1,0,0,1,8.41,37.51
2019,R Dhawan,Punjab Kings,4,2,17,21.74,117.04,1,0,0,0,3,8.43,36.91
2020/21,R Dhawan,Punjab Kings,4,2,11,12.14,128.94,2,0,0,0,1,7.46,35.14
2021,R Dhawan,Punjab Kings,2,1,23,15.04,103.26,1,1,0,0,2,7.87,34.89
2022,R Dhawan,Punjab Kings,4,2,15,24.18,106.73,1,0,0,0,3,7.78,31.46
2023,R Dhawan,Punjab Kings,2,1,7,25.39,97.97,1,1,0,0,3,8.28,40.88
2024,R Dhawan,Punjab Kings,3,2,8,24.32,129.01,2,1,0,0,2,8.41,34.39
2008,R Dravid,Rajasthan Royals,16,15,543,18.97,102.33,40,5,7,0,0,8.14,26.76
2009,R Dravid,Royal Challengers Bangalore,11,10,296,21.39,130.42,62,4,2,0,0,8.62,32.58
2010,R Dravid,Royal Challengers Bangalore,10,9,462,27.66,117.6,46,3,4,0,0,7.74,29.99
2011,R Dravid,Royal Challengers Bangalore,11,10,461,33.86,131.63,50,5,4,0,0,8.81,25.06
2012,R Dravid,Royal Challengers Bangalore,11,10,480,25.86,128.01,34,5,6,0,0,8.22,32.38
2013,R Dravid,Royal Challengers Bangalore,16,15,291,37.01,112.08,40,6,1,0,0,7.75,28.73
2023,R Goyal,Mumbai Indians,1,1,0,19.13,118.64,0,0,0,0,0,9.01,32.55
2010,R McLaren,Kings XI Punjab,3,2,51,17.71,103.12,3,0,1,0,4,9.87,48.55
2011,R McLaren,Kolkata Knight Riders,4,3,60,19.6,96.57,4,0,0,0,2,9.73,41.85
2012,R McLaren,Mumbai Indians,4,3,30,21.34,98.96,4,0,0,0,1,8.43,39.42
2013,R McLaren,Mumbai Indians,3,2,30,20.65,106.2,4,0,0,0,5,8.28,47.99
2025,R Minz,Mumbai Indians,3,3,5,3.17,39.65,0,0,0,0,0,7.68,24.77
2011,R Ninan,Royal Challengers Bangalore,2,1,2,2.12,51.61,0,0,0,0,1,10.32,23.4
2019,R Parag,Rajasthan Royals,14,12,195,28.97,159.41,17,10,0,0,1,9.91,52.59
2020/21,R Parag,Rajasthan Royals,13,11,291,33.72,129.06,18,14,3,0,1,9.04,52.41
2021,R Parag,Rajasthan Royals,16,14,212,24.32,146.85,18,12,1,0,0,10.16,53.53
2022,R Parag,Rajasthan Royals,11,10,155,30.43,132.09,17,16,1,0,1,9.45,49.63
2023,R Parag,Rajasthan Royals,7,6,214,22.57,149.91,12,14,3,0,1,8.84,61.97
2024,R Parag,Rajasthan Royals,14,12,162,17.61,121.26,16,16,2,0,1,8.96,62.51
2025,R Parag,Rajasthan Royals,16,14,142,24.25,145.82,21,10,2,0,1,10.33,66.61
2026,R Parag,Rajasthan Royals,14,12,139,19.83,133.55,21,8,1,0,1,9.29,62.81
2022,R Powell,Delhi Capitals,8,6,123,19.08,165.41,3,4,1,0,0,11.93,29.04
2023,R Powell,Kolkata Knight Riders,5,4,128,12.93,168.56,6,5,0,0,0,11.17,32.47
2024,R Powell,Rajasthan Royals,8,6,95,19.02,152.21,4,9,1,0,0,12.71,34.82
2025,R Powell,Rajasthan Royals,8,6,123,21.5,152.71,6,5,1,0,0,12.25,34.79
2026,R Powell,Rajasthan Royals,6,5,83,25.15,148.24,7,6,0,0,0,12.08,40.64
2013,R Rampaul,Royal Challengers Bangalore,7,4,18,8.26,116.02,1,1,0,0,9,7.41,17.57
2014,R Rampaul,Royal Challengers Bangalore,5,3,25,8.39,100.12,2,1,0,0,4,6.33,21.34
2024,R Ravindra,Chennai Super Kings,12,12,310,16.16,145.98,20,11,3,0,0,3.51,27.99
2025,R Ravindra,Chennai Super Kings,6,6,230,27.0,123.54,17,5,1,0,0,3.56,27.84
2022,R Sai Kishore,Gujarat Titans,3,1,6,2.94,103.19,0,1,0,0,6,8.29,19.6
2023,R Sai Kishore,Gujarat Titans,4,1,3,6.08,126.35,0,1,0,0,11,9.32,19.01
2024,R Sai Kishore,Gujarat Titans,7,1,4,6.06,123.34,0,1,0,0,10,8.0,19.49
2025,R Sai Kishore,Gujarat Titans,6,1,2,4.46,112.12,0,0,0,0,9,9.09,20.37
2022,R Sanjay Yadav,Mumbai Indians,1,1,0,0,0,0,0,0,0,0,11.4,30.97
2010,R Sathish,Kings XI Punjab,4,3,42,17.88,134.26,2,1,0,0,0,9.66,72.23
2011,R Sathish,Kolkata Knight Riders,4,3,32,10.12,124.04,5,1,0,0,0,9.32,80.73
2012,R Sathish,Mumbai Indians,3,2,58,17.3,124.27,3,1,0,0,1,9.3,72.87
2013,R Sathish,Mumbai Indians,4,3,30,10.52,111.66,2,1,0,0,0,9.14,75.54
2014,R Sathish,Mumbai Indians,6,4,23,19.71,110.42,4,1,0,0,0,10.77,86.19
2015,R Sathish,Mumbai Indians,5,4,16,13.71,110.41,2,1,0,0,0,10.11,61.93
2016,R Sathish,Mumbai Indians,5,4,25,17.39,112.36,3,1,0,0,1,10.49,91.98
2010,R Sharma,Deccan Chargers,8,4,8,5.76,88.92,1,1,0,0,6,7.09,27.72
2011,R Sharma,Delhi Daredevils,9,4,11,4.52,97.96,1,1,0,0,9,6.54,24.86
2012,R Sharma,Pune Warriors,5,2,9,6.11,86.05,1,0,0,0,5,6.37,32.12
2013,R Sharma,Pune Warriors,13,6,9,6.07,95.35,1,1,0,0,11,7.62,26.32
2014,R Sharma,Pune Warriors,5,2,12,4.64,101.09,1,1,0,0,6,6.82,30.24
2022,R Shepherd,Lucknow Super Giants,2,1,64,31.49,219.6,4,3,0,0,2,12.83,32.71
2023,R Shepherd,Mumbai Indians,6,4,43,28.52,209.14,4,4,0,0,1,12.18,44.7
2024,R Shepherd,Royal Challengers Bengaluru,4,3,55,32.06,217.11,2,5,0,0,1,10.74,35.13
2025,R Shepherd,Sunrisers Hyderabad,4,3,64,31.61,214.01,2,5,1,0,1,11.59,38.73
2026,R Shepherd,Sunrisers Hyderabad,5,3,48,35.92,183.25,3,3,0,0,3,10.73,34.93
2012,R Shukla,Delhi Daredevils,2,1,7,11.92,86.09,1,0,0,0,2,9.63,41.23
2013,R Shukla,Mumbai Indians,3,2,5,23.4,85.67,1,0,0,0,1,10.71,45.58
2014,R Shukla,Rajasthan Royals,3,2,9,17.38,84.15,1,0,0,0,1,10.37,47.77
2014,R Tewatia,Delhi Capitals,8,6,91,18.16,130.89,8,3,1,0,3,8.33,39.86
2015,R Tewatia,Delhi Daredevils,10,7,123,21.64,145.4,4,4,1,0,3,7.17,28.33
2016,R Tewatia,Gujarat Titans,7,5,138,30.9,139.14,8,6,0,1,3,8.37,33.56
2017,R Tewatia,Kings XI Punjab,5,4,82,24.59,137.16,10,4,0,0,2,7.23,39.22
2018,R Tewatia,Rajasthan Royals,8,6,92,24.52,125.68,6,3,0,0,1,8.47,35.34
2019,R Tewatia,Rajasthan Royals,5,4,76,20.12,154.66,4,6,0,0,2,7.35,33.87
2020/21,R Tewatia,Rajasthan Royals,8,6,98,22.49,123.6,8,6,1,0,4,8.35,40.88
2021,R Tewatia,Rajasthan Royals,12,9,87,20.83,139.36,7,4,0,0,3,8.13,36.33
2022,R Tewatia,Rajasthan Royals,11,8,117,15.79,133.97,9,3,2,0,4,7.38,40.79
2023,R Tewatia,Rajasthan Royals,8,6,39,18.98,148.02,6,5,0,0,2,7.79,31.71
2024,R Tewatia,Rajasthan Royals,12,9,79,25.18,146.47,8,6,1,0,2,7.25,37.11
2025,R Tewatia,Rajasthan Royals,11,8,94,18.78,137.33,9,6,1,0,4,7.32,36.14
2026,R Tewatia,Rajasthan Royals,12,9,113,19.87,123.66,7,5,0,0,2,7.77,37.56
2008,R Vinay Kumar,Kochi Tuskers Kerala,13,6,11,8.15,119.71,2,1,0,0,5,7.86,24.34
2009,R Vinay Kumar,Kolkata Knight Riders,14,6,36,14.0,103.21,2,1,0,0,6,7.75,30.36
2010,R Vinay Kumar,Mumbai Indians,14,6,41,12.21,122.39,3,1,0,0,14,8.11,26.75
2011,R Vinay Kumar,Royal Challengers Bangalore,11,5,29,8.16,96.61,1,0,0,0,5,7.66,27.01
2012,R Vinay Kumar,Royal Challengers Bangalore,7,3,29,7.57,122.74,1,1,0,0,5,8.33,27.69
2013,R Vinay Kumar,Royal Challengers Bangalore,12,5,26,10.49,117.01,2,1,0,0,15,8.87,32.31
2014,R Vinay Kumar,Royal Challengers Bangalore,9,4,35,13.31,115.97,2,1,0,0,5,8.51,25.62
2015,R Vinay Kumar,Royal Challengers Bangalore,11,5,28,15.39,124.3,2,1,0,0,13,8.22,28.29
2016,R Vinay Kumar,Royal Challengers Bangalore,8,4,25,10.39,111.06,1,1,0,0,10,8.82,22.95
2017,R Vinay Kumar,Royal Challengers Bangalore,13,6,28,11.93,107.75,2,1,0,0,7,9.08,28.86
2018,R Vinay Kumar,Royal Challengers Bangalore,14,6,43,13.09,113.54,1,1,0,0,4,8.22,28.7
2022,RA Bawa,Mumbai Indians,1,1,5,9.51,116.21,0,0,0,0,0,8.69,34.48
2023,RA Bawa,Punjab Kings,1,1,3,9.38,118.5,0,0,0,0,0,8.07,33.71
2024,RA Bawa,Punjab Kings,2,1,2,8.89,95.52,0,0,0,0,0,8.25,27.48
2025,RA Bawa,Punjab Kings,2,1,4,12.93,107.2,0,0,0,0,0,7.9,35.08
2008,RA Jadeja,Chennai Super Kings,16,12,255,38.51,114.26,12,3,2,1,13,7.28,24.77
2009,RA Jadeja,Gujarat Lions,13,10,197,29.96,146.36,13,3,3,0,3,7.11,31.71
2010,RA Jadeja,Kochi Tuskers Kerala,16,12,157,25.77,146.73,8,5,2,0,3,7.72,29.32
2011,RA Jadeja,Rajasthan Royals,11,9,161,21.96,148.79,18,8,1,0,3,7.96,29.74
2012,RA Jadeja,Rajasthan Royals,16,12,102,37.42,123.69,17,6,1,0,13,7.92,26.39
2013,RA Jadeja,Rajasthan Royals,13,10,176,24.21,135.84,14,3,0,0,11,8.0,34.47
2014,RA Jadeja,Rajasthan Royals,11,9,105,30.28,142.58,9,8,0,0,5,7.78,32.38
2015,RA Jadeja,Rajasthan Royals,16,12,121,32.26,143.34,9,4,1,0,7,8.09,28.71
2016,RA Jadeja,Rajasthan Royals,10,8,183,18.16,142.1,10,6,1,0,13,7.78,33.18
2017,RA Jadeja,Rajasthan Royals,10,8,244,24.96,135.27,11,5,2,1,7,6.93,34.33
2018,RA Jadeja,Rajasthan Royals,14,11,166,17.58,133.03,8,8,2,0,12,7.08,33.82
2019,RA Jadeja,Rajasthan Royals,16,12,70,21.21,119.6,12,3,0,0,13,7.48,29.35
2020/21,RA Jadeja,Rajasthan Royals,7,5,254,32.11,148.92,18,4,1,0,14,7.4,24.33
2021,RA Jadeja,Rajasthan Royals,14,11,85,25.59,121.16,9,5,0,0,12,7.51,35.61
2022,RA Jadeja,Rajasthan Royals,16,12,109,17.05,128.91,10,6,1,1,12,7.09,33.87
2023,RA Jadeja,Rajasthan Royals,15,12,202,25.02,131.98,17,8,1,0,10,7.99,24.32
2024,RA Jadeja,Rajasthan Royals,15,12,102,26.26,119.19,9,4,0,0,10,7.04,33.94
2025,RA Jadeja,Rajasthan Royals,16,12,237,38.75,140.91,12,8,0,0,8,8.43,24.91
2026,RA Jadeja,Rajasthan Royals,9,7,253,26.78,121.59,7,5,1,0,11,7.79,28.7
2009,RA Shaikh,Mumbai Indians,1,1,0,25.37,126.99,0,0,0,0,0,10.67,28.73
2017,RA Tripathi,Chennai Super Kings,13,13,360,26.84,150.54,19,9,1,0,0,12.76,30.65
2018,RA Tripathi,Kolkata Knight Riders,6,6,151,21.34,123.67,35,14,1,1,0,12.0,35.93
2019,RA Tripathi,Rajasthan Royals,8,8,125,31.41,154.2,36,11,1,0,0,11.43,30.88
2020/21,RA Tripathi,Rising Pune Supergiant,9,9,118,23.21,147.78,29,12,2,0,0,11.41,34.71
2021,RA Tripathi,Sunrisers Hyderabad,11,11,220,20.14,153.42,26,13,2,0,0,12.41,29.42
2022,RA Tripathi,Sunrisers Hyderabad,7,7,151,35.55,157.06,23,5,0,1,0,11.71,35.46
2023,RA Tripathi,Sunrisers Hyderabad,13,13,327,22.48,152.55,35,10,5,0,0,12.53,32.52
2024,RA Tripathi,Sunrisers Hyderabad,10,10,187,21.51,145.63,14,6,3,0,0,12.39,35.84
2025,RA Tripathi,Sunrisers Hyderabad,13,13,390,18.84,154.78,14,9,6,0,0,11.1,35.43
2017,RD Chahar,Chennai Super Kings,10,3,12,8.13,100.92,2,0,0,0,5,8.25,34.45
2018,RD Chahar,Mumbai Indians,6,2,19,7.56,98.37,1,0,0,0,3,8.16,26.78
2019,RD Chahar,Punjab Kings,7,2,19,8.58,98.24,1,0,0,0,7,8.2,30.98
2020/21,RD Chahar,Rising Pune Supergiant,12,4,15,10.84,108.46,1,0,0,0,5,7.65,33.79
2021,RD Chahar,Sunrisers Hyderabad,8,2,18,5.13,103.52,1,0,0,0,7,8.29,32.2
2022,RD Chahar,Sunrisers Hyderabad,8,2,20,6.6,110.13,1,0,0,0,6,8.33,26.68
2023,RD Chahar,Sunrisers Hyderabad,10,3,11,9.06,108.81,1,0,0,0,9,7.38,32.31
2024,RD Chahar,Sunrisers Hyderabad,5,2,20,10.23,90.81,1,0,0,0,11,8.08,32.76
2025,RD Chahar,Sunrisers Hyderabad,8,2,6,9.66,104.6,1,0,0,0,9,7.86,31.58
2026,RD Chahar,Sunrisers Hyderabad,4,1,16,9.07,99.48,1,1,0,0,9,7.74,30.11
2020/21,RD Gaikwad,Chennai Super Kings,10,10,168,52.59,146.36,19,20,0,0,0,8.73,26.06
2021,RD Gaikwad,Chennai Super Kings,6,6,449,45.68,152.81,33,16,6,1,0,8.99,26.13
2022,RD Gaikwad,Chennai Super Kings,16,16,473,24.92,136.58,39,8,7,0,0,8.95,25.8
2023,RD Gaikwad,Chennai Super Kings,11,11,488,50.55,124.6,34,12,6,0,0,7.97,28.68
2024,RD Gaikwad,Chennai Super Kings,14,14,560,50.9,121.06,49,8,3,0,0,8.43,25.39
2025,RD Gaikwad,Chennai Super Kings,11,11,209,33.03,136.16,43,16,1,0,0,9.12,26.16
2026,RD Gaikwad,Chennai Super Kings,7,7,339,30.64,135.72,38,15,1,1,0,8.75,29.46
2025,RD Rickelton,Mumbai Indians,7,7,262,34.33,170.34,35,7,3,0,0,9.27,34.85
2026,RD Rickelton,Mumbai Indians,11,10,257,30.23,168.2,34,13,2,0,0,8.03,27.54
2012,RE Levi,Mumbai Indians,6,6,96,12.97,119.86,7,2,1,0,0,7.87,25.78
2009,RE van der Merwe,Delhi Daredevils,3,2,21,9.91,111.93,1,1,0,0,2,7.34,25.38
2010,RE van der Merwe,Royal Challengers Bangalore,4,3,42,12.0,120.6,1,1,0,0,2,6.35,26.77
2011,RE van der Merwe,Royal Challengers Bangalore,4,3,22,17.37,125.83,3,2,0,0,6,6.71,27.89
2012,RE van der Merwe,Royal Challengers Bangalore,6,4,22,8.81,113.67,2,2,0,0,3,7.25,28.06
2013,RE van der Merwe,Royal Challengers Bangalore,3,2,44,17.23,102.13,3,2,0,0,3,6.14,19.03
2015,RG More,Chennai Super Kings,2,1,1,19.19,101.3,0,0,0,0,1,10.31,60.4
2008,RG Sharma,Deccan Chargers,11,11,445,39.11,144.65,32,19,4,0,1,7.36,33.74
2009,RG Sharma,Mumbai Indians,13,13,290,28.41,132.09,49,13,4,0,1,7.23,35.2
2010,RG Sharma,Mumbai Indians,16,16,400,20.32,117.62,36,20,3,0,1,8.28,33.96
2011,RG Sharma,Mumbai Indians,9,9,563,24.6,131.81,35,20,2,1,1,8.43,35.78
2012,RG Sharma,Mumbai Indians,16,16,196,39.03,144.76,18,15,2,0,0,8.4,29.55
2013,RG Sharma,Mumbai Indians,16,16,333,36.19,121.94,32,10,1,0,0,8.47,24.99
2014,RG Sharma,Mumbai Indians,16,16,162,23.76,120.85,25,16,0,0,0,7.51,32.44
2015,RG Sharma,Mumbai Indians,10,10,410,33.48,113.77,19,8,6,0,0,8.07,25.82
2016,RG Sharma,Mumbai Indians,14,14,516,27.25,145.61,32,13,4,0,1,8.32,25.69
2017,RG Sharma,Mumbai Indians,16,16,178,28.05,125.74,42,12,2,0,0,8.27,24.45
2018,RG Sharma,Mumbai Indians,9,9,162,28.66,119.0,33,21,3,1,1,8.38,31.67
2019,RG Sharma,Mumbai Indians,16,16,468,18.18,151.59,50,15,6,0,0,8.18,33.85
2020/21,RG Sharma,Mumbai Indians,11,11,348,40.63,130.44,20,20,1,0,1,8.33,30.67
2021,RG Sharma,Mumbai Indians,12,12,176,40.78,127.05,41,13,1,0,0,8.64,28.63
2022,RG Sharma,Mumbai Indians,16,16,173,35.33,138.37,25,23,0,0,1,8.17,31.37
2023,RG Sharma,Mumbai Indians,16,16,288,18.7,142.01,37,22,4,0,1,7.83,29.94
2024,RG Sharma,Mumbai Indians,12,12,267,41.22,113.21,31,22,1,0,1,7.27,27.7
2025,RG Sharma,Mumbai Indians,10,10,482,30.7,130.2,48,18,1,0,0,7.86,27.57
2026,RG Sharma,Mumbai Indians,12,12,342,19.9,120.33,20,24,1,0,0,7.96,28.16
2024,RJ Gleeson,Chennai Super Kings,2,1,1,22.9,96.19,0,0,0,0,1,8.96,56.46
2025,RJ Gleeson,Mumbai Indians,1,1,1,25.6,108.28,0,0,0,0,1,9.96,59.04
2009,RJ Harris,Deccan Chargers,9,5,34,12.23,114.9,1,1,0,0,4,6.86,27.56
2010,RJ Harris,Kings XI Punjab,7,4,23,7.11,98.42,1,1,0,0,7,7.42,20.97
2011,RJ Harris,Kings XI Punjab,11,6,24,12.89,94.43,1,1,0,0,11,6.92,24.79
2012,RJ Harris,Kings XI Punjab,10,6,32,12.59,108.62,2,1,0,0,6,7.92,24.94
2013,RJ Harris,Kings XI Punjab,9,5,22,11.44,119.48,1,1,0,0,4,8.09,27.13
2012,RJ Peterson,Mumbai Indians,3,3,13,12.03,102.96,3,1,0,0,4,9.39,21.04
2009,RJ Quiney,Rajasthan Royals,9,9,110,18.75,101.08,9,3,1,0,0,8.74,29.72
2023,RJW Topley,Mumbai Indians,2,1,1,26.8,49.29,0,0,0,0,1,10.54,50.73
2024,RJW Topley,Royal Challengers Bangalore,2,1,1,21.15,47.1,0,0,0,0,2,11.01,43.07
2025,RJW Topley,Royal Challengers Bengaluru,1,1,1,17.84,48.21,0,0,0,0,1,10.75,47.2
2018,RK Bhui,Delhi Capitals,1,1,2,2.56,36.79,0,0,0,0,0,8.41,30.9
2019,RK Bhui,Sunrisers Hyderabad,1,1,2,2.68,40.43,0,0,0,0,0,8.47,31.94
2020/21,RK Bhui,Sunrisers Hyderabad,1,1,1,1.57,41.98,0,0,0,0,0,8.45,35.1
2021,RK Bhui,Sunrisers Hyderabad,1,1,1,2.06,39.82,0,0,0,0,0,9.06,31.45
2022,RK Bhui,Sunrisers Hyderabad,1,1,2,1.93,35.67,0,0,0,0,0,9.24,30.59
2023,RK Bhui,Sunrisers Hyderabad,1,1,2,3.01,37.42,0,0,0,0,0,8.23,27.26
2024,RK Bhui,Sunrisers Hyderabad,1,1,1,1.93,32.8,0,0,0,0,0,8.45,32.8
2018,RK Singh,Kolkata Knight Riders,6,5,103,31.0,147.0,8,9,0,0,0,8.87,30.97
2019,RK Singh,Kolkata Knight Riders,9,8,56,28.59,141.25,13,6,1,0,0,7.7,31.63
2020/21,RK Singh,Kolkata Knight Riders,5,4,193,33.28,158.6,6,6,3,0,0,7.98,28.32
2021,RK Singh,Kolkata Knight Riders,5,4,129,37.73,152.4,16,7,0,0,0,8.12,25.27
2022,RK Singh,Kolkata Knight Riders,8,7,143,19.02,159.15,9,4,1,0,0,7.95,31.29
2023,RK Singh,Kolkata Knight Riders,7,6,127,31.05,131.9,7,8,2,0,0,7.73,30.29
2024,RK Singh,Kolkata Knight Riders,4,3,200,30.33,132.92,7,8,2,1,0,8.38,34.33
2025,RK Singh,Kolkata Knight Riders,8,7,157,34.23,162.24,11,5,2,1,0,7.85,32.33
2026,RK Singh,Kolkata Knight Riders,4,3,76,29.88,148.88,9,9,1,0,0,8.39,28.29
2021,RM Patidar,Royal Challengers Bangalore,5,5,147,41.88,173.08,22,17,2,0,0,8.27,35.42
2022,RM Patidar,Royal Challengers Bengaluru,11,10,163,25.15,169.52,18,21,2,0,0,8.26,34.34
2023,RM Patidar,Royal Challengers Bengaluru,6,5,275,26.55,167.2,7,21,1,0,0,8.2,32.82
2024,RM Patidar,Royal Challengers Bengaluru,9,8,108,32.25,146.75,19,12,0,0,0,7.92,24.56
2025,RM Patidar,Royal Challengers Bengaluru,6,5,307,37.06,169.51,13,15,2,0,0,8.07,29.59
2026,RM Patidar,Royal Challengers Bengaluru,6,5,220,37.93,164.38,20,21,2,0,0,8.66,33.62
2011,RN ten Doeschate,Kolkata Knight Riders,6,5,68,31.09,121.39,7,2,0,0,0,7.15,50.85
2012,RN ten Doeschate,Kolkata Knight Riders,8,6,51,29.52,129.64,5,2,0,0,1,7.21,39.0
2013,RN ten Doeschate,Kolkata Knight Riders,7,5,27,28.97,141.5,7,2,0,0,0,7.63,42.86
2014,RN ten Doeschate,Kolkata Knight Riders,5,4,60,31.16,130.03,3,2,0,0,0,7.66,43.58
2015,RN ten Doeschate,Kolkata Knight Riders,3,2,95,27.36,139.18,7,4,1,0,0,7.15,41.83
2021,RP Meredith,Mumbai Indians,7,1,0,27.79,0,0,0,0,0,4,8.87,37.43
2022,RP Meredith,Punjab Kings,4,1,0,13.66,0,0,0,0,0,11,10.12,31.51
2023,RP Meredith,Punjab Kings,7,1,0,26.17,0,0,0,0,0,8,10.3,33.06
2008,RP Singh,Deccan Chargers,12,4,9,2.52,73.06,0,0,0,0,16,7.13,20.78
2009,RP Singh,Kochi Tuskers Kerala,10,4,9,2.22,76.95,0,0,0,0,7,7.24,30.65
2010,RP Singh,Mumbai Indians,9,3,3,3.62,75.67,0,0,0,0,17,7.16,23.92
2011,RP Singh,Rising Pune Supergiants,11,4,6,2.98,78.01,0,0,0,0,16,8.57,27.29
2012,RP Singh,Royal Challengers Bangalore,6,2,8,4.46,74.51,0,0,0,0,17,7.89,25.81
2013,RP Singh,Royal Challengers Bangalore,12,4,5,2.49,67.85,0,0,0,0,3,7.54,22.64
2014,RP Singh,Royal Challengers Bangalore,7,3,7,3.46,73.69,0,0,0,0,14,8.31,24.28
2015,RP Singh,Royal Challengers Bangalore,9,3,8,2.91,69.61,0,0,0,0,14,7.71,24.61
2016,RP Singh,Royal Challengers Bangalore,12,4,5,3.43,69.58,0,0,0,0,9,8.28,24.74
2012,RR Bhatkal,Royal Challengers Bangalore,1,1,0,0,0,0,0,0,0,0,18.99,33.19
2009,RR Bose,Kings XI Punjab,1,1,0,12.7,113.82,0,0,0,0,0,11.85,30.14
2016,RR Pant,Delhi Capitals,16,16,511,32.64,137.94,30,12,7,0,0,8.35,30.76
2017,RR Pant,Delhi Daredevils,10,10,348,32.5,125.47,28,17,1,0,0,7.78,27.18
2018,RR Pant,Lucknow Super Giants,13,13,319,31.73,129.62,39,13,0,0,0,8.08,34.39
2019,RR Pant,Lucknow Super Giants,14,14,480,30.0,167.42,42,22,4,0,0,8.56,24.07
2020/21,RR Pant,Lucknow Super Giants,10,10,315,23.3,152.58,28,10,0,0,0,8.47,24.55
2021,RR Pant,Lucknow Super Giants,8,8,436,28.68,163.12,39,9,1,0,0,7.67,31.62
2022,RR Pant,Lucknow Super Giants,13,13,346,25.86,167.08,17,16,3,0,0,9.3,33.42
2023,RR Pant,Lucknow Super Giants,10,10,366,27.81,137.64,37,16,5,1,0,9.14,28.69
2024,RR Pant,Lucknow Super Giants,15,15,269,31.56,130.69,41,16,1,0,0,8.36,32.92
2025,RR Pant,Lucknow Super Giants,15,15,472,44.41,132.43,29,11,3,0,0,8.76,32.62
2026,RR Pant,Lucknow Super Giants,16,16,175,23.86,144.33,20,17,2,0,0,7.78,32.46
2008,RR Powar,Kings XI Punjab,5,2,19,16.84,115.86,2,0,0,0,1,7.84,36.37
2009,RR Powar,Kochi Tuskers Kerala,3,1,8,19.23,97.64,1,0,0,0,1,7.49,47.75
2010,RR Powar,Kochi Tuskers Kerala,7,3,13,17.05,119.08,2,0,0,0,3,7.51,47.2
2011,RR Powar,Kochi Tuskers Kerala,8,3,17,30.94,109.07,1,0,0,0,2,7.16,37.17
2012,RR Powar,Kochi Tuskers Kerala,7,3,18,17.53,89.84,2,0,0,0,1,7.32,36.07
2008,RR Raje,Mumbai Indians,5,2,12,27.23,110.99,1,0,0,0,1,8.62,39.88
2009,RR Raje,Mumbai Indians,4,2,15,27.64,115.63,0,0,0,0,5,9.47,39.31
2014,RR Rossouw,Delhi Capitals,2,2,25,22.81,142.65,5,2,0,0,0,7.97,32.23
2015,RR Rossouw,Punjab Kings,3,3,63,24.51,174.34,6,2,0,0,0,8.21,29.79
2016,RR Rossouw,Royal Challengers Bangalore,2,2,18,17.22,138.12,3,2,0,0,0,7.65,25.97
2017,RR Rossouw,Royal Challengers Bangalore,2,2,21,30.12,171.92,2,3,0,0,0,8.21,27.03
2018,RR Rossouw,Royal Challengers Bangalore,3,3,57,14.44,147.19,3,2,0,0,0,9.12,32.95
2019,RR Rossouw,Royal Challengers Bangalore,2,2,22,19.67,136.39,3,3,0,0,0,9.24,24.04
2020/21,RR Rossouw,Royal Challengers Bangalore,2,2,34,25.17,172.65,4,3,0,0,0,9.01,25.85
2021,RR Rossouw,Royal Challengers Bangalore,2,2,65,19.21,140.95,6,3,0,0,0,8.69,24.5
2022,RR Rossouw,Royal Challengers Bangalore,1,1,68,21.13,139.69,5,3,0,0,0,8.4,25.78
2023,RR Rossouw,Royal Challengers Bangalore,3,3,49,16.78,144.95,4,2,1,0,0,7.77,26.66
2024,RR Rossouw,Royal Challengers Bangalore,1,1,39,27.02,139.52,5,2,0,0,0,9.18,35.62
2008,RR Sarwan,Kings XI Punjab,4,4,96,16.33,104.75,5,1,1,0,0,9.34,34.99
2009,RS Bopara,Kings XI Punjab,4,4,87,31.36,130.48,3,2,0,0,2,8.06,28.38
2010,RS Bopara,Sunrisers Hyderabad,2,2,104,34.02,118.09,3,1,0,0,2,7.83,27.28
2011,RS Bopara,Sunrisers Hyderabad,3,3,54,18.27,110.54,5,2,0,0,2,8.58,25.86
2012,RS Bopara,Sunrisers Hyderabad,4,4,66,35.12,115.95,5,2,0,0,2,8.51,25.67
2013,RS Bopara,Sunrisers Hyderabad,5,5,48,19.07,119.14,8,1,0,0,2,9.28,23.37
2014,RS Bopara,Sunrisers Hyderabad,4,4,83,21.71,115.95,6,3,0,0,1,8.82,25.07
2015,RS Bopara,Sunrisers Hyderabad,3,3,87,36.49,128.8,8,3,1,0,1,7.97,26.12
2010,RS Gavaskar,Kolkata Knight Riders,3,2,2,2.12,21.33,0,0,0,0,0,8.61,28.79
2023,RS Hangargekar,Chennai Super Kings,1,1,0,16.99,133.16,0,0,0,0,2,10.09,18.13
2010,RS Sodhi,Kings XI Punjab,4,1,4,14.51,187.13,1,0,0,0,0,8.69,29.48
2008,RT Ponting,Kolkata Knight Riders,2,2,11,11.93,73.6,1,0,0,0,0,8.24,32.71
2009,RT Ponting,Mumbai Indians,2,2,21,8.26,80.57,1,0,0,0,0,8.08,34.8
2010,RT Ponting,Mumbai Indians,2,2,13,7.54,65.04,1,0,0,0,0,8.51,24.35
2011,RT Ponting,Mumbai Indians,2,2,17,10.74,73.98,1,0,0,0,0,8.74,30.37
2012,RT Ponting,Mumbai Indians,1,1,24,12.34,75.48,1,0,0,0,0,8.4,25.52
2013,RT Ponting,Mumbai Indians,2,2,8,12.43,67.25,1,0,0,0,0,8.73,26.82
2011,RV Gomez,Kochi Tuskers Kerala,6,4,9,9.82,93.27,1,0,0,0,3,7.69,26.77
2012,RV Gomez,Pune Warriors,4,3,18,9.6,104.57,2,0,0,0,1,8.3,27.0
2013,RV Gomez,Pune Warriors,6,4,15,8.19,110.25,2,0,0,0,1,7.28,21.83
2021,RV Patel,Delhi Capitals,3,2,33,16.14,103.55,2,1,0,0,0,7.52,27.79
2022,RV Patel,Delhi Capitals,4,3,24,11.83,99.02,3,1,0,0,0,8.05,25.94
2023,RV Patel,Delhi Capitals,3,2,14,22.26,101.68,3,1,0,0,0,6.84,32.61
2008,RV Pawar,Mumbai Indians,1,1,0,24.86,132.04,0,0,0,0,0,8.68,28.68
2008,RV Uthappa,Chennai Super Kings,16,15,206,25.58,127.64,32,14,0,0,0,8.04,28.82
2009,RV Uthappa,Kolkata Knight Riders,16,15,163,23.23,140.99,28,14,0,0,0,7.9,26.78
2010,RV Uthappa,Mumbai Indians,13,12,473,35.33,135.7,35,7,7,1,0,9.01,24.91
2011,RV Uthappa,Pune Warriors,8,8,287,34.87,133.98,39,7,0,0,0,8.23,27.73
2012,RV Uthappa,Rajasthan Royals,16,15,184,32.69,129.99,42,6,2,0,0,8.94,32.29
2013,RV Uthappa,Royal Challengers Bangalore,11,11,399,29.06,147.32,32,18,1,0,0,9.23,26.37
2014,RV Uthappa,Royal Challengers Bangalore,16,15,489,29.04,114.94,37,15,1,0,0,7.75,30.39
2015,RV Uthappa,Royal Challengers Bangalore,10,10,494,16.53,116.54,21,12,3,0,0,7.69,27.24
2016,RV Uthappa,Royal Challengers Bangalore,16,15,388,33.29,126.98,27,16,6,0,0,8.38,32.23
2017,RV Uthappa,Royal Challengers Bangalore,16,15,236,18.3,126.88,27,15,4,0,0,8.29,30.88
2018,RV Uthappa,Royal Challengers Bangalore,14,13,274,30.58,132.73,18,15,3,0,0,8.61,32.87
2019,RV Uthappa,Royal Challengers Bangalore,16,15,342,33.77,146.65,29,17,4,1,0,7.73,34.35
2020/21,RV Uthappa,Royal Challengers Bangalore,15,14,527,29.78,130.15,23,15,8,0,0,8.15,33.29
2021,RV Uthappa,Royal Challengers Bangalore,16,15,340,37.38,146.59,18,18,5,0,0,8.89,34.54
2022,RV Uthappa,Royal Challengers Bangalore,16,15,435,32.34,146.52,42,9,5,0,0,8.99,33.47
2011,RW Price,Mumbai Indians,1,1,0,24.68,133.33,0,0,0,0,0,11.21,29.31
2023,Rahmanullah Gurbaz,Kolkata Knight Riders,7,7,58,23.67,120.01,10,8,1,0,0,7.87,28.27
2024,Rahmanullah Gurbaz,Kolkata Knight Riders,9,9,160,17.66,138.67,12,4,2,0,0,8.74,29.63
2025,Rahmanullah Gurbaz,Kolkata Knight Riders,5,5,147,18.8,130.04,8,5,1,1,0,8.76,35.93
2022,Ramandeep Singh,Kolkata Knight Riders,8,5,47,11.86,170.32,2,4,0,0,1,10.28,9.41
2023,Ramandeep Singh,Mumbai Indians,7,4,62,25.66,170.49,2,5,0,0,1,9.91,9.28
2024,Ramandeep Singh,Mumbai Indians,8,5,63,14.36,145.16,2,3,0,0,1,10.34,10.55
2025,Ramandeep Singh,Mumbai Indians,8,5,61,21.34,151.95,1,3,1,0,1,9.2,8.52
2026,Ramandeep Singh,Mumbai Indians,6,4,26,21.85,139.47,3,5,0,0,1,10.27,11.4
2017,Rashid Khan,Gujarat Titans,13,6,25,17.21,164.51,4,6,0,0,6,7.41,19.4
2018,Rashid Khan,Sunrisers Hyderabad,13,6,92,14.15,167.24,5,4,1,0,9,7.74,20.83
2019,Rashid Khan,Sunrisers Hyderabad,16,8,84,11.9,148.76,5,6,1,0,7,7.32,24.59
2020/21,Rashid Khan,Sunrisers Hyderabad,16,8,66,14.47,154.63,6,3,0,0,8,7.22,19.97
2021,Rashid Khan,Sunrisers Hyderabad,11,6,60,11.71,176.27,3,5,1,0,17,7.41,23.71
2022,Rashid Khan,Sunrisers Hyderabad,10,5,96,13.55,180.5,4,4,1,0,10,7.48,21.04
2023,Rashid Khan,Sunrisers Hyderabad,16,8,55,9.57,157.74,2,2,0,0,13,6.43,20.09
2024,Rashid Khan,Sunrisers Hyderabad,13,6,73,17.23,152.57,6,4,1,0,24,7.1,27.72
2025,Rashid Khan,Sunrisers Hyderabad,16,8,93,11.07,178.43,3,5,0,0,6,7.28,23.03
2026,Rashid Khan,Sunrisers Hyderabad,14,7,90,19.67,145.46,6,3,1,0,22,7.02,24.49
2019,Rasikh Salam,Delhi Capitals,1,1,8,7.26,90.62,1,0,0,0,1,10.65,42.72
2020/21,Rasikh Salam,Kolkata Knight Riders,2,1,7,6.12,99.76,1,0,0,0,2,9.61,38.04
2021,Rasikh Salam,Mumbai Indians,1,1,6,9.98,108.98,1,0,0,0,2,10.76,43.51
2022,Rasikh Salam,Royal Challengers Bengaluru,2,1,3,6.48,91.08,1,0,0,0,1,11.61,48.23
2023,Rasikh Salam,Royal Challengers Bengaluru,1,1,5,10.26,91.86,1,0,0,0,2,10.68,32.81
2024,Rasikh Salam,Royal Challengers Bengaluru,2,1,7,5.56,85.92,0,0,0,0,1,10.95,39.83
2025,Rasikh Salam,Royal Challengers Bengaluru,1,1,7,7.45,113.54,1,0,0,0,1,10.42,39.3
2020/21,Ravi Bishnoi,Kings XI Punjab,10,2,8,3.54,78.3,0,0,0,0,16,7.42,25.37
2021,Ravi Bishnoi,Lucknow Super Giants,10,2,9,5.75,75.09,0,0,0,0,10,8.65,33.46
2022,Ravi Bishnoi,Punjab Kings,7,2,3,2.71,68.58,0,0,0,0,13,8.72,32.52
2023,Ravi Bishnoi,Rajasthan Royals,16,4,8,3.37,64.31,0,0,0,0,11,7.45,28.07
2024,Ravi Bishnoi,Rajasthan Royals,15,3,6,5.71,74.12,0,0,0,0,9,8.69,33.36
2025,Ravi Bishnoi,Rajasthan Royals,7,2,9,4.2,69.79,0,0,0,0,4,8.36,30.75
2026,Ravi Bishnoi,Rajasthan Royals,6,1,6,4.13,59.07,0,0,0,0,10,8.85,23.89
2008,S Anirudha,Chennai Super Kings,3,2,28,16.58,124.28,1,1,0,0,0,7.83,30.9
2009,S Anirudha,Sunrisers Hyderabad,3,2,21,13.89,117.47,2,1,0,0,0,7.9,31.26
2010,S Anirudha,Sunrisers Hyderabad,3,2,15,16.58,132.97,2,1,0,0,0,9.19,25.84
2011,S Anirudha,Sunrisers Hyderabad,4,3,20,16.06,108.69,2,1,0,0,0,9.22,26.25
2012,S Anirudha,Sunrisers Hyderabad,3,2,9,14.61,119.92,2,1,0,0,0,9.33,24.19
2013,S Anirudha,Sunrisers Hyderabad,3,2,28,20.08,105.47,1,1,0,0,0,8.3,33.18
2014,S Anirudha,Sunrisers Hyderabad,3,2,30,20.43,116.95,2,1,0,0,0,8.74,33.99
2011,S Aravind,Royal Challengers Bangalore,7,2,4,12.14,107.84,1,0,0,0,8,8.66,24.56
2012,S Aravind,Royal Challengers Bangalore,6,2,11,10.24,108.27,1,0,0,0,7,7.98,23.2
2013,S Aravind,Royal Challengers Bangalore,3,1,13,15.86,97.41,1,0,0,0,9,7.84,20.88
2014,S Aravind,Royal Challengers Bangalore,6,2,6,11.86,92.81,1,0,0,0,7,8.83,27.69
2015,S Aravind,Royal Challengers Bangalore,5,2,12,15.89,88.63,1,0,0,0,6,9.01,27.3
2016,S Aravind,Royal Challengers Bangalore,8,3,6,19.0,101.29,1,0,0,0,8,8.81,22.05
2017,S Aravind,Royal Challengers Bangalore,4,1,13,13.68,114.85,1,0,0,0,2,8.97,21.62
2026,S Arora,Sunrisers Hyderabad,4,4,13,6.71,119.44,0,2,0,0,0,9.31,27.87
2013,S Badree,Chennai Super Kings,2,1,2,3.11,56.86,0,0,0,0,2,7.33,30.04
2014,S Badree,Rajasthan Royals,2,1,4,2.43,58.98,0,0,0,0,1,7.07,34.4
2015,S Badree,Royal Challengers Bangalore,1,1,3,1.73,50.35,0,0,0,0,3,7.27,25.66
2016,S Badree,Royal Challengers Bangalore,3,1,3,2.54,57.05,0,0,0,0,2,7.93,25.12
2017,S Badree,Royal Challengers Bangalore,2,1,2,2.14,57.17,0,0,0,0,1,7.03,30.55
2008,S Badrinath,Chennai Super Kings,16,11,320,34.87,114.28,36,7,4,0,0,8.01,30.55
2009,S Badrinath,Chennai Super Kings,11,8,200,30.75,108.75,17,4,2,0,0,7.85,27.84
2010,S Badrinath,Chennai Super Kings,12,8,297,20.74,108.35,36,4,2,0,0,8.91,33.5
2011,S Badrinath,Chennai Super Kings,16,11,204,18.69,126.36,26,7,1,0,0,8.2,27.91
2012,S Badrinath,Chennai Super Kings,13,9,233,35.03,106.74,24,3,1,0,0,8.27,28.17
2013,S Badrinath,Chennai Super Kings,16,11,349,22.25,123.88,23,5,2,0,0,9.27,32.69
2008,S Chanderpaul,Royal Challengers Bangalore,2,2,14,6.35,85.64,5,0,0,0,0,8.34,29.52
2008,S Dhawan,Deccan Chargers,15,15,374,21.84,137.65,62,13,3,0,0,8.69,18.67
2009,S Dhawan,Delhi Capitals,16,16,420,40.79,124.14,67,10,3,0,0,7.57,19.72
2010,S Dhawan,Delhi Daredevils,16,16,565,28.15,115.1,59,11,6,0,0,8.33,19.78
2011,S Dhawan,Mumbai Indians,16,16,346,44.49,125.34,45,11,1,0,0,8.82,18.21
2012,S Dhawan,Punjab Kings,15,15,602,25.51,114.52,58,11,8,0,0,9.02,17.53
2013,S Dhawan,Sunrisers Hyderabad,8,8,430,41.84,112.72,62,8,6,0,0,8.16,16.89
2014,S Dhawan,Sunrisers Hyderabad,15,15,448,28.57,110.9,46,6,1,0,0,8.51,16.69
2015,S Dhawan,Sunrisers Hyderabad,13,13,508,21.56,134.54,59,11,2,0,0,8.04,16.47
2016,S Dhawan,Sunrisers Hyderabad,11,11,445,39.52,132.88,54,8,2,0,0,7.72,17.34
2017,S Dhawan,Sunrisers Hyderabad,14,14,420,37.57,138.34,46,11,6,0,0,9.02,16.82
2018,S Dhawan,Sunrisers Hyderabad,8,8,587,34.13,118.84,41,7,9,0,0,8.93,14.55
2019,S Dhawan,Sunrisers Hyderabad,11,11,426,35.41,118.03,29,5,1,0,0,7.77,18.7
2020/21,S Dhawan,Sunrisers Hyderabad,16,16,634,45.22,116.17,26,10,7,0,0,9.0,18.32
2021,S Dhawan,Sunrisers Hyderabad,10,10,585,40.85,109.85,37,11,5,0,0,8.2,19.59
2022,S Dhawan,Sunrisers Hyderabad,14,14,425,48.24,110.58,30,5,6,0,0,8.66,15.04
2023,S Dhawan,Sunrisers Hyderabad,9,9,344,38.61,124.88,32,6,3,0,0,7.78,14.07
2024,S Dhawan,Sunrisers Hyderabad,7,7,244,28.04,113.43,62,9,2,0,0,8.29,16.84
2019,S Dube,Chennai Super Kings,5,5,174,27.98,128.48,20,9,2,0,1,11.53,33.85
2020/21,S Dube,Rajasthan Royals,5,5,360,20.27,148.93,13,18,1,0,1,11.27,33.44
2021,S Dube,Royal Challengers Bangalore,7,7,229,19.34,124.13,9,17,0,0,1,11.55,46.78
2022,S Dube,Royal Challengers Bangalore,9,9,211,39.96,133.07,20,10,2,0,1,11.65,40.42
2023,S Dube,Royal Challengers Bangalore,13,12,377,18.73,154.73,12,12,1,1,1,11.13,46.78
2024,S Dube,Royal Challengers Bangalore,13,12,220,26.6,125.79,21,16,0,0,1,11.44,36.81
2025,S Dube,Royal Challengers Bangalore,14,13,374,21.04,132.43,8,21,4,0,0,10.92,39.58
2026,S Dube,Royal Challengers Bangalore,8,8,97,26.21,150.48,13,12,1,0,0,10.86,43.42
2014,S Gopal,Mumbai Indians,4,2,20,13.03,120.96,2,0,0,0,5,7.67,27.03
2015,S Gopal,Rajasthan Royals,6,3,12,11.74,112.3,2,0,0,0,5,7.42,28.15
2016,S Gopal,Sunrisers Hyderabad,2,1,23,7.89,108.98,2,0,0,0,7,8.82,24.59
2017,S Gopal,Sunrisers Hyderabad,4,2,23,10.67,95.68,2,0,0,0,2,7.52,27.45
2018,S Gopal,Sunrisers Hyderabad,7,3,9,13.08,120.28,1,0,0,0,1,8.56,29.5
2019,S Gopal,Sunrisers Hyderabad,4,2,25,15.35,120.08,1,0,0,0,4,8.82,25.66
2020/21,S Gopal,Sunrisers Hyderabad,5,2,20,14.64,119.52,2,0,0,0,6,7.81,22.79
2021,S Gopal,Sunrisers Hyderabad,6,3,18,15.51,106.47,1,0,0,0,8,7.36,29.97
2022,S Gopal,Sunrisers Hyderabad,7,3,23,11.65,112.05,1,0,0,0,3,8.14,28.56
2023,S Gopal,Sunrisers Hyderabad,6,3,16,14.76,109.12,2,0,0,0,4,7.83,23.01
2024,S Gopal,Sunrisers Hyderabad,5,2,8,9.2,110.24,1,0,0,0,2,8.04,26.8
2024,S Joseph,Lucknow Super Giants,1,1,0,23.01,123.37,0,0,0,0,0,12.05,24.46
2013,S Kaul,Delhi Daredevils,5,1,2,3.47,59.05,0,0,0,0,7,8.53,25.79
2014,S Kaul,Royal Challengers Bangalore,7,2,1,3.69,50.05,0,0,0,0,4,9.35,31.91
2015,S Kaul,Sunrisers Hyderabad,8,2,2,6.63,52.99,0,0,0,0,9,8.62,27.17
2016,S Kaul,Sunrisers Hyderabad,3,1,3,4.07,49.96,0,0,0,0,3,8.09,26.43
2017,S Kaul,Sunrisers Hyderabad,3,1,3,6.84,62.04,0,0,0,0,6,9.15,29.06
2018,S Kaul,Sunrisers Hyderabad,3,1,3,4.53,53.66,0,0,0,0,8,9.21,35.98
2019,S Kaul,Sunrisers Hyderabad,5,1,1,4.05,53.1,0,0,0,0,8,7.9,34.38
2020/21,S Kaul,Sunrisers Hyderabad,6,1,2,4.42,61.93,0,0,0,0,9,8.77,26.03
2021,S Kaul,Sunrisers Hyderabad,7,2,1,3.95,58.49,0,0,0,0,3,8.95,25.67
2022,S Kaul,Sunrisers Hyderabad,7,2,2,5.26,56.16,0,0,0,0,10,9.25,30.73
2016,S Kaushik,Gujarat Lions,4,1,0,0,0,0,0,0,0,5,8.2,58.82
2017,S Kaushik,Gujarat Lions,7,1,0,0,0,0,0,0,0,1,8.61,49.0
2010,S Ladda,Delhi Daredevils,1,1,0,0,0,0,0,0,0,1,10.47,46.21
2011,S Ladda,Gujarat Lions,2,1,0,0,0,0,0,0,0,1,10.59,53.66
2012,S Ladda,Kolkata Knight Riders,1,1,0,0,0,0,0,0,0,1,9.37,50.19
2013,S Ladda,Kolkata Knight Riders,1,1,0,0,0,0,0,0,0,0,9.68,38.84
2014,S Ladda,Kolkata Knight Riders,2,1,0,0,0,0,0,0,0,1,9.55,41.59
2015,S Ladda,Kolkata Knight Riders,1,1,0,0,0,0,0,0,0,1,9.21,52.85
2016,S Ladda,Kolkata Knight Riders,1,1,0,0,0,0,0,0,0,1,8.93,37.69
2018,S Lamichhane,Delhi Capitals,4,1,0,0,0,0,0,0,0,6,8.4,18.57
2019,S Lamichhane,Delhi Daredevils,3,1,0,0,0,0,0,0,0,6,8.44,21.69
2019,S Midhun,Rajasthan Royals,1,1,0,15.28,118.61,0,0,0,0,0,14.29,26.75
2011,S Nadeem,Delhi Daredevils,6,2,5,3.6,44.18,0,0,0,0,7,7.1,39.42
2012,S Nadeem,Sunrisers Hyderabad,6,2,3,3.28,38.28,0,0,0,0,7,7.59,38.71
2013,S Nadeem,Sunrisers Hyderabad,6,2,4,3.88,39.5,0,0,0,0,4,7.46,37.44
2014,S Nadeem,Sunrisers Hyderabad,4,1,4,1.75,50.87,0,0,0,0,2,7.23,35.71
2015,S Nadeem,Sunrisers Hyderabad,6,2,3,2.51,50.57,0,0,0,0,6,7.5,41.09
2016,S Nadeem,Sunrisers Hyderabad,4,1,2,2.67,39.89,0,0,0,0,2,7.92,37.46
2017,S Nadeem,Sunrisers Hyderabad,8,2,4,3.42,41.19,0,0,0,0,5,7.79,35.7
2018,S Nadeem,Sunrisers Hyderabad,7,2,6,2.9,39.38,0,0,0,0,7,8.2,36.79
2019,S Nadeem,Sunrisers Hyderabad,8,2,2,1.84,42.74,0,0,0,0,3,7.68,35.15
2020/21,S Nadeem,Sunrisers Hyderabad,6,2,2,1.78,41.3,0,0,0,0,4,6.91,40.52
2021,S Nadeem,Sunrisers Hyderabad,5,2,6,2.72,43.66,0,0,0,0,6,7.18,37.29
2010,S Narwal,Kolkata Knight Riders,2,1,5,12.64,143.99,2,0,0,0,1,11.74,42.04
2011,S Narwal,Rajasthan Royals,3,2,12,16.2,156.17,2,0,0,0,2,12.09,42.76
2012,S Narwal,Rajasthan Royals,1,1,13,11.56,137.71,1,0,0,0,1,12.45,44.86
2013,S Narwal,Rajasthan Royals,1,1,11,10.76,149.35,1,0,0,0,2,12.09,44.48
2011,S Rana,Pune Warriors,1,1,28,18.74,112.04,3,0,0,0,0,6.45,35.8
2012,S Rana,Royal Challengers Bangalore,3,2,36,29.79,100.83,2,0,0,0,0,6.35,29.04
2013,S Rana,Royal Challengers Bangalore,2,1,21,25.42,114.23,3,0,0,0,0,6.72,26.66
2014,S Rana,Royal Challengers Bangalore,3,2,36,17.08,125.01,2,0,0,0,0,6.94,32.47
2011,S Randiv,Chennai Super Kings,10,1,2,2.32,51.4,0,0,0,0,4,7.25,42.92
2019,S Sandeep Warrier,Gujarat Titans,2,1,0,24.5,134.62,0,0,0,0,1,8.77,29.63
2020/21,S Sandeep Warrier,Kolkata Knight Riders,1,1,0,27.43,120.18,0,0,0,0,1,9.09,33.91
2021,S Sandeep Warrier,Kolkata Knight Riders,2,1,0,14.66,129.31,0,0,0,0,2,8.81,28.86
2022,S Sandeep Warrier,Kolkata Knight Riders,1,1,0,14.49,137.5,0,0,0,0,2,8.44,29.51
2023,S Sandeep Warrier,Kolkata Knight Riders,2,1,0,27.4,117.77,0,0,0,0,1,9.51,32.75
2024,S Sandeep Warrier,Kolkata Knight Riders,2,1,0,19.85,105.24,0,0,0,0,1,9.23,35.69
2008,S Sohal,Deccan Chargers,3,3,95,22.47,110.96,12,6,1,0,0,8.44,35.77
2009,S Sohal,Kings XI Punjab,7,6,112,14.5,130.65,9,3,2,1,0,8.8,33.53
2010,S Sohal,Kings XI Punjab,5,5,77,15.74,118.51,13,5,1,0,0,8.73,30.66
2011,S Sohal,Kings XI Punjab,7,6,123,16.84,140.06,10,6,2,0,0,8.18,26.52
2008,S Sreesanth,Kings XI Punjab,4,1,2,8.03,59.58,1,0,0,0,3,8.72,33.37
2009,S Sreesanth,Kochi Tuskers Kerala,6,2,2,9.81,57.98,1,0,0,0,8,7.91,29.31
2010,S Sreesanth,Rajasthan Royals,9,3,8,7.73,64.03,1,0,0,0,6,8.04,33.88
2011,S Sreesanth,Rajasthan Royals,6,2,9,7.94,59.45,1,0,0,0,4,8.15,25.67
2012,S Sreesanth,Rajasthan Royals,7,2,7,8.82,67.03,1,0,0,0,11,8.62,25.17
2013,S Sreesanth,Rajasthan Royals,6,2,2,7.95,56.67,1,0,0,0,5,8.02,27.77
2010,S Sriram,Delhi Daredevils,1,1,15,10.0,77.45,1,0,0,0,0,17.62,26.5
2011,S Sriram,Royal Challengers Bangalore,1,1,19,10.35,78.29,1,0,0,0,0,17.03,27.96
2009,S Tyagi,Chennai Super Kings,5,1,1,3.68,82.93,0,0,0,0,3,7.84,44.23
2010,S Tyagi,Chennai Super Kings,7,2,1,3.47,78.32,0,0,0,0,2,9.25,40.36
2008,S Vidyut,Chennai Super Kings,13,12,163,22.53,139.26,13,4,1,0,1,11.54,23.93
2015,SA Abbott,Royal Challengers Bangalore,1,1,2,8.97,125.25,0,0,0,0,0,10.7,118.04
2016,SA Abbott,Sunrisers Hyderabad,1,1,4,6.03,114.82,0,0,0,0,0,12.1,88.95
2017,SA Abbott,Sunrisers Hyderabad,1,1,2,7.25,131.99,0,0,0,0,0,12.34,108.34
2018,SA Abbott,Sunrisers Hyderabad,1,1,2,9.75,140.07,0,0,0,0,0,11.64,93.16
2019,SA Abbott,Sunrisers Hyderabad,1,1,2,6.1,120.99,0,0,0,0,0,10.52,88.93
2020/21,SA Abbott,Sunrisers Hyderabad,1,1,3,5.88,134.22,0,0,0,0,0,11.49,120.84
2021,SA Abbott,Sunrisers Hyderabad,1,1,2,9.08,112.66,0,0,0,0,0,12.66,122.33
2022,SA Abbott,Sunrisers Hyderabad,1,1,3,4.51,127.8,0,0,0,0,0,11.54,102.3
2008,SA Asnodkar,Rajasthan Royals,6,6,121,26.87,128.54,13,3,2,0,0,8.2,35.62
2009,SA Asnodkar,Rajasthan Royals,4,4,128,19.36,115.22,14,2,1,0,0,8.46,29.79
2010,SA Asnodkar,Rajasthan Royals,5,5,51,27.95,135.83,9,1,0,0,0,8.32,33.49
2011,SA Asnodkar,Rajasthan Royals,5,5,81,26.55,125.36,12,3,1,0,0,8.69,28.83
2012,SA Yadav,Kolkata Knight Riders,14,13,196,29.14,169.46,35,9,0,0,0,8.51,35.59
2013,SA Yadav,Mumbai Indians,6,5,307,21.75,129.85,23,11,3,0,0,8.05,26.99
2014,SA Yadav,Mumbai Indians,12,11,405,30.76,164.76,31,13,4,1,0,7.66,28.26
2015,SA Yadav,Mumbai Indians,8,7,194,23.36,166.88,43,7,1,0,0,7.68,35.4
2016,SA Yadav,Mumbai Indians,9,8,398,33.74,149.53,30,15,5,0,0,7.35,33.73
2017,SA Yadav,Mumbai Indians,8,7,202,27.53,141.12,16,12,1,0,0,8.18,34.85
2018,SA Yadav,Mumbai Indians,10,9,262,43.87,156.28,37,10,3,0,0,8.12,33.98
2019,SA Yadav,Mumbai Indians,7,6,225,38.58,168.3,35,10,1,0,0,8.62,32.02
2020/21,SA Yadav,Mumbai Indians,10,9,430,30.95,145.61,22,14,2,0,0,8.51,33.6
2021,SA Yadav,Mumbai Indians,8,7,208,39.66,129.84,21,17,3,0,0,8.52,30.16
2022,SA Yadav,Mumbai Indians,8,7,234,26.77,165.56,37,15,0,0,0,8.52,28.11
2023,SA Yadav,Mumbai Indians,10,9,379,20.94,157.4,45,11,6,0,0,8.54,26.98
2024,SA Yadav,Mumbai Indians,6,5,376,28.04,128.38,38,6,4,0,0,8.19,30.04
2025,SA Yadav,Mumbai Indians,13,12,135,30.5,168.12,19,10,0,0,0,7.87,28.22
2026,SA Yadav,Mumbai Indians,7,6,449,40.97,160.87,23,6,1,0,0,8.22,25.87
2008,SB Bangar,Deccan Chargers,4,3,32,8.58,78.69,0,2,0,0,3,8.11,44.16
2009,SB Bangar,Kolkata Knight Riders,8,5,31,5.38,86.38,0,1,0,0,3,7.97,54.14
2024,SB Dubey,Rajasthan Royals,7,6,99,18.34,152.31,6,3,1,0,0,8.73,35.35
2025,SB Dubey,Rajasthan Royals,5,4,58,27.03,173.67,3,5,1,0,0,8.88,28.59
2009,SB Jakati,Chennai Super Kings,9,1,4,26.71,102.1,0,0,0,0,8,8.52,32.03
2010,SB Jakati,Gujarat Lions,8,1,2,28.88,96.8,0,0,0,0,7,8.1,31.25
2011,SB Jakati,Royal Challengers Bangalore,9,1,3,20.83,107.24,0,0,0,0,5,8.19,31.1
2012,SB Jakati,Royal Challengers Bangalore,9,1,4,29.98,104.28,0,0,0,0,5,7.87,34.49
2013,SB Jakati,Royal Challengers Bangalore,9,1,2,23.95,103.69,0,0,0,0,6,7.22,27.28
2014,SB Jakati,Royal Challengers Bangalore,6,1,3,35.22,83.62,0,0,0,0,6,8.61,32.9
2015,SB Jakati,Royal Challengers Bangalore,4,1,3,36.83,108.46,0,0,0,0,8,8.79,27.27
2016,SB Jakati,Royal Challengers Bangalore,6,1,3,30.55,83.27,0,0,0,0,4,8.49,34.88
2017,SB Jakati,Royal Challengers Bangalore,7,1,2,28.93,100.15,0,0,0,0,6,7.41,26.93
2008,SB Joshi,Royal Challengers Bangalore,5,2,7,3.56,44.37,0,0,0,0,1,9.7,94.9
2008,SB Styris,Chennai Super Kings,3,2,32,26.06,98.16,2,0,0,0,2,7.42,33.71
2009,SB Styris,Deccan Chargers,2,2,51,24.71,106.23,2,1,0,0,1,7.89,28.64
2010,SB Styris,Deccan Chargers,2,2,52,25.22,85.47,2,1,1,0,3,7.35,38.74
2011,SB Styris,Deccan Chargers,2,2,28,23.24,88.1,2,0,0,0,3,7.25,33.09
2010,SB Wagh,Pune Warriors,5,1,2,0.98,57.42,0,0,0,0,1,7.88,26.63
2011,SB Wagh,Rajasthan Royals,6,2,1,0.8,67.53,0,0,0,0,1,7.98,30.76
2008,SC Ganguly,Kolkata Knight Riders,16,15,341,30.06,111.78,21,10,4,0,2,8.26,40.18
2009,SC Ganguly,Pune Warriors,10,9,353,24.43,91.46,26,10,4,0,1,8.26,34.83
2010,SC Ganguly,Pune Warriors,15,14,410,35.17,117.48,31,11,1,0,1,8.02,38.01
2011,SC Ganguly,Pune Warriors,9,9,340,23.46,95.98,37,6,5,1,3,7.95,33.24
2012,SC Ganguly,Pune Warriors,12,11,116,24.7,91.81,23,6,1,0,1,7.72,40.21
2019,SC Kuggeleijn,Chennai Super Kings,2,1,0,23.38,136.15,0,0,0,0,1,8.23,29.55
2024,SD Chauhan,Royal Challengers Bengaluru,2,2,25,5.27,107.9,1,1,0,0,0,9.28,35.78
2008,SD Chitnis,Kings XI Punjab,3,2,27,16.95,103.16,2,0,0,0,1,10.69,31.65
2009,SD Chitnis,Mumbai Indians,3,2,10,10.36,106.8,1,1,0,0,0,9.61,34.56
2010,SD Chitnis,Rajasthan Royals,3,2,11,9.61,109.4,2,0,0,0,1,10.03,24.01
2011,SD Chitnis,Rajasthan Royals,2,1,18,13.34,102.32,2,0,0,0,0,9.17,25.83
2012,SD Chitnis,Rajasthan Royals,1,1,26,19.07,112.37,2,0,0,0,0,9.87,29.03
2024,SD Hope,Delhi Capitals,8,8,206,19.41,152.22,8,8,2,0,0,8.73,27.5
2019,SD Lad,Mumbai Indians,1,1,18,14.9,114.77,1,1,0,0,0,8.81,30.87
2010,SE Bond,Kolkata Knight Riders,5,1,1,0.8,49.71,0,0,0,0,13,6.64,26.64
2008,SE Marsh,Kings XI Punjab,8,8,336,49.88,126.81,23,9,4,0,0,7.82,31.32
2009,SE Marsh,Kings XI Punjab,6,6,370,28.79,141.41,39,9,4,0,0,8.84,28.34
2010,SE Marsh,Kings XI Punjab,5,5,338,40.11,124.43,35,9,5,0,0,9.22,35.86
2011,SE Marsh,Kings XI Punjab,7,7,326,26.75,141.49,34,5,5,0,0,8.33,31.94
2012,SE Marsh,Kings XI Punjab,10,10,289,30.86,149.91,22,8,3,0,0,8.61,28.89
2013,SE Marsh,Kings XI Punjab,8,8,372,54.84,122.74,16,7,2,1,0,8.15,32.42
2014,SE Marsh,Kings XI Punjab,9,9,171,43.7,124.22,24,6,1,0,0,8.67,26.41
2015,SE Marsh,Kings XI Punjab,10,10,150,51.09,116.98,28,7,1,0,0,8.6,31.07
2016,SE Marsh,Kings XI Punjab,7,7,160,27.23,149.65,39,8,1,0,0,7.81,32.04
2017,SE Marsh,Kings XI Punjab,4,4,336,43.88,151.64,25,9,5,0,0,8.09,35.85
2019,SE Rutherford,Delhi Capitals,4,3,54,20.51,151.52,2,2,0,0,0,8.07,58.45
2020/21,SE Rutherford,Gujarat Titans,4,3,40,19.18,138.53,2,5,0,0,0,9.21,47.37
2021,SE Rutherford,Mumbai Indians,4,3,83,23.43,137.07,4,3,0,0,0,8.66,49.91
2022,SE Rutherford,Royal Challengers Bangalore,3,3,71,17.96,144.95,2,3,0,0,0,8.87,67.82
2023,SE Rutherford,Royal Challengers Bangalore,4,3,56,16.48,156.16,3,3,1,0,0,9.29,66.24
2024,SE Rutherford,Royal Challengers Bangalore,3,3,73,16.11,146.56,3,4,1,0,0,7.96,62.64
2025,SE Rutherford,Royal Challengers Bangalore,4,3,78,26.17,154.29,3,3,1,0,0,8.89,69.4
2026,SE Rutherford,Royal Challengers Bangalore,2,2,28,22.94,122.49,5,3,0,0,0,9.46,63.66
2024,SH Johnson,Gujarat Titans,6,3,4,25.33,63.91,1,0,0,0,2,9.91,58.39
2025,SH Johnson,Kolkata Knight Riders,2,1,5,26.05,73.55,1,0,0,0,3,9.7,59.87
2010,SJ Srivastava,Kings XI Punjab,6,2,3,4.18,89.64,0,0,0,0,8,9.31,28.37
2011,SJ Srivastava,Kings XI Punjab,4,1,1,3.67,101.5,0,0,0,0,6,9.23,37.68
2008,SK Raina,Chennai Super Kings,8,8,570,41.95,147.74,18,21,4,0,2,6.65,40.2
2009,SK Raina,Gujarat Lions,16,16,507,35.88,148.46,45,10,4,1,2,7.57,36.69
2010,SK Raina,Gujarat Lions,8,8,520,34.36,123.2,32,17,1,0,1,7.93,46.34
2011,SK Raina,Gujarat Lions,16,16,488,44.88,156.92,50,14,1,0,1,6.65,49.7
2012,SK Raina,Gujarat Lions,16,16,304,40.87,122.57,49,12,1,0,2,6.96,45.4
2013,SK Raina,Gujarat Lions,16,16,582,40.83,136.21,21,16,7,0,2,7.55,42.06
2014,SK Raina,Gujarat Lions,13,13,560,32.62,134.91,28,17,6,0,3,7.96,47.39
2015,SK Raina,Gujarat Lions,14,14,472,20.2,129.39,43,9,3,0,3,7.36,39.5
2016,SK Raina,Gujarat Lions,16,16,185,40.04,143.97,35,12,2,0,3,7.54,36.93
2017,SK Raina,Gujarat Lions,16,16,592,35.5,146.19,38,19,5,0,1,7.13,40.49
2018,SK Raina,Gujarat Lions,16,16,401,28.28,137.39,20,8,6,0,2,7.36,46.27
2019,SK Raina,Gujarat Lions,16,16,618,28.52,138.37,54,19,6,0,1,7.95,47.52
2020/21,SK Raina,Gujarat Lions,16,16,196,43.0,127.92,30,12,0,0,1,7.77,47.66
2021,SK Raina,Gujarat Lions,12,12,546,37.65,131.55,38,13,5,1,2,7.38,48.34
2025,SK Rasheed,Chennai Super Kings,6,6,76,9.97,102.92,10,3,0,0,0,8.11,26.25
2008,SK Trivedi,Rajasthan Royals,7,1,4,7.97,62.98,1,0,0,0,14,7.42,31.06
2009,SK Trivedi,Rajasthan Royals,14,3,6,8.22,75.22,0,0,0,0,17,8.09,29.67
2010,SK Trivedi,Rajasthan Royals,7,1,9,4.62,69.89,0,0,0,0,13,7.74,34.5
2011,SK Trivedi,Rajasthan Royals,16,3,5,6.68,67.07,0,0,0,0,15,6.94,23.6
2012,SK Trivedi,Rajasthan Royals,9,2,5,7.77,70.68,1,0,0,0,8,7.2,34.96
2013,SK Trivedi,Rajasthan Royals,16,3,10,5.42,80.95,1,0,0,0,9,7.36,25.06
2008,SK Warne,Rajasthan Royals,12,6,63,9.32,89.31,4,1,1,0,24,7.27,25.64
2009,SK Warne,Rajasthan Royals,10,5,23,7.33,88.42,3,1,0,0,12,6.93,28.92
2010,SK Warne,Rajasthan Royals,11,6,57,9.97,86.63,3,1,1,0,4,7.73,27.3
2011,SK Warne,Rajasthan Royals,16,8,48,9.33,103.89,4,2,0,0,17,7.78,25.61
2009,SL Malinga,Mumbai Indians,15,3,7,6.01,84.23,0,0,0,0,11,6.68,19.98
2010,SL Malinga,Mumbai Indians,9,2,9,6.0,98.14,0,0,0,0,24,7.45,16.47
2011,SL Malinga,Mumbai Indians,14,3,6,6.9,85.65,1,0,0,0,23,7.2,23.53
2012,SL Malinga,Mumbai Indians,16,3,5,5.13,96.07,1,1,0,0,15,7.85,17.46
2013,SL Malinga,Mumbai Indians,11,2,5,5.52,77.72,1,1,0,0,18,6.56,23.13
2014,SL Malinga,Mumbai Indians,9,2,10,5.67,80.59,1,1,0,0,22,7.02,18.35
2015,SL Malinga,Mumbai Indians,6,1,11,7.08,80.71,0,1,0,0,6,7.84,15.99
2016,SL Malinga,Mumbai Indians,13,3,11,6.61,83.6,1,0,0,0,12,6.95,21.87
2017,SL Malinga,Mumbai Indians,15,3,9,5.13,77.96,0,1,0,0,5,7.17,19.4
2018,SL Malinga,Mumbai Indians,12,2,6,4.05,81.84,0,0,0,0,21,6.8,20.45
2019,SL Malinga,Mumbai Indians,16,3,5,4.83,97.86,0,1,0,0,6,6.57,18.87
2016,SM Boland,Rising Pune Supergiants,1,1,0,21.55,120.52,0,0,0,0,2,7.15,29.17
2019,SM Curran,Chennai Super Kings,5,4,147,16.43,155.29,9,5,0,0,3,9.99,34.24
2020/21,SM Curran,Kings XI Punjab,6,5,228,32.63,131.28,9,7,2,0,14,9.24,32.61
2021,SM Curran,Punjab Kings,13,11,63,18.36,122.09,14,9,0,0,7,10.16,28.77
2022,SM Curran,Punjab Kings,13,11,138,27.9,143.28,15,7,1,0,13,9.47,31.19
2023,SM Curran,Punjab Kings,13,11,81,29.35,125.98,9,8,1,0,6,9.67,39.65
2024,SM Curran,Punjab Kings,12,10,210,15.86,132.52,6,4,2,0,3,8.98,30.67
2025,SM Curran,Punjab Kings,8,7,165,18.87,118.03,16,9,2,0,8,10.22,33.33
2009,SM Harwood,Rajasthan Royals,3,2,6,17.93,65.34,0,0,0,0,3,6.79,22.0
2008,SM Katich,Kings XI Punjab,5,5,129,15.3,123.54,17,3,1,0,0,8.86,26.5
2009,SM Katich,Kings XI Punjab,8,8,107,21.95,132.59,18,2,1,0,0,8.17,29.47
2008,SM Pollock,Mumbai Indians,15,9,128,22.51,133.06,14,7,2,0,15,6.72,30.07
2013,SMSM Senanayake,Kolkata Knight Riders,10,5,13,7.06,53.56,0,0,0,0,6,5.93,20.81
2015,SN Khan,Chennai Super Kings,2,1,52,24.78,151.58,5,2,1,0,0,19.25,28.58
2016,SN Khan,Delhi Capitals,3,2,43,27.71,151.38,4,1,0,0,0,16.75,28.77
2017,SN Khan,Kings XI Punjab,6,4,89,16.42,117.06,5,1,1,0,0,18.49,35.16
2018,SN Khan,Punjab Kings,4,3,24,18.51,122.41,4,2,0,0,0,16.25,25.16
2019,SN Khan,Royal Challengers Bangalore,5,4,41,18.6,119.51,9,1,0,0,0,17.96,25.15
2020/21,SN Khan,Royal Challengers Bangalore,7,5,31,31.9,158.16,7,1,0,0,0,17.21,32.84
2021,SN Khan,Royal Challengers Bangalore,3,2,75,28.36,154.06,6,1,1,0,0,17.84,30.96
2022,SN Khan,Royal Challengers Bangalore,3,2,67,14.9,119.2,4,2,1,0,0,19.55,28.52
2023,SN Khan,Royal Challengers Bangalore,4,3,55,27.81,134.37,6,2,0,0,0,19.56,33.37
2024,SN Khan,Royal Challengers Bangalore,5,4,62,27.5,152.69,5,2,0,0,0,18.81,26.19
2025,SN Khan,Royal Challengers Bangalore,3,2,34,17.66,123.61,8,1,1,0,0,17.0,30.26
2026,SN Khan,Royal Challengers Bangalore,5,4,38,25.49,118.13,9,1,1,0,0,18.65,33.26
2015,SN Thakur,Chennai Super Kings,13,5,34,16.06,130.4,3,1,0,0,5,9.21,26.17
2016,SN Thakur,Delhi Capitals,11,4,28,14.46,141.55,3,1,0,0,10,9.0,34.82
2017,SN Thakur,Kings XI Punjab,13,5,34,8.69,157.67,2,1,0,0,6,9.24,26.61
2018,SN Thakur,Kolkata Knight Riders,7,3,35,10.99,144.74,4,2,0,0,10,10.07,25.19
2019,SN Thakur,Lucknow Super Giants,5,2,32,9.35,141.31,4,1,0,0,8,9.23,30.39
2020/21,SN Thakur,Mumbai Indians,6,2,34,8.64,118.17,3,1,0,0,3,9.37,34.99
2021,SN Thakur,Rising Pune Supergiant,8,3,26,11.17,144.17,3,1,0,0,7,9.98,25.41
2022,SN Thakur,Rising Pune Supergiant,8,3,30,13.97,141.72,4,1,0,0,11,8.83,34.45
2023,SN Thakur,Rising Pune Supergiant,6,2,34,14.26,144.38,2,1,0,0,12,10.27,25.48
2024,SN Thakur,Rising Pune Supergiant,8,3,25,12.89,158.67,4,1,0,0,5,9.82,29.62
2025,SN Thakur,Rising Pune Supergiant,12,5,43,13.67,141.6,3,1,0,0,7,8.64,26.65
2026,SN Thakur,Rising Pune Supergiant,11,4,44,8.32,135.84,4,1,0,0,6,9.95,26.95
2019,SO Hetmyer,Delhi Capitals,15,14,232,37.63,167.35,8,16,1,0,0,8.0,24.85
2020/21,SO Hetmyer,Rajasthan Royals,6,5,228,38.32,153.34,15,9,4,1,0,7.7,34.96
2021,SO Hetmyer,Royal Challengers Bangalore,7,6,157,33.81,164.17,11,11,2,0,0,8.41,29.26
2022,SO Hetmyer,Royal Challengers Bangalore,7,6,169,38.33,139.64,12,15,2,0,0,8.77,24.36
2023,SO Hetmyer,Royal Challengers Bangalore,9,8,265,23.64,164.17,7,7,2,0,0,8.68,27.57
2024,SO Hetmyer,Royal Challengers Bangalore,6,5,138,30.32,166.69,8,8,0,0,0,8.97,24.74
2025,SO Hetmyer,Royal Challengers Bangalore,12,11,301,23.48,156.41,16,7,0,0,0,9.28,27.47
2026,SO Hetmyer,Royal Challengers Bangalore,9,8,294,18.75,165.51,14,12,3,1,0,7.67,25.06
2008,SP Fleming,Chennai Super Kings,13,13,183,27.17,124.04,39,2,0,0,0,8.1,26.74
2008,SP Goswami,Kolkata Knight Riders,2,1,21,9.4,89.07,1,0,0,0,0,8.04,28.66
2009,SP Goswami,Rajasthan Royals,2,1,32,14.31,87.29,2,0,0,0,0,8.28,26.31
2010,SP Goswami,Royal Challengers Bangalore,2,1,26,19.97,110.44,3,0,0,0,0,8.19,26.59
2011,SP Goswami,Sunrisers Hyderabad,2,1,9,10.49,106.28,3,0,0,0,0,9.33,27.85
2012,SP Goswami,Sunrisers Hyderabad,2,1,30,17.46,97.19,3,0,0,0,0,8.19,35.34
2013,SP Goswami,Sunrisers Hyderabad,3,2,29,15.98,91.5,4,0,0,0,0,9.13,35.8
2014,SP Goswami,Sunrisers Hyderabad,3,2,26,14.71,89.33,2,0,0,0,0,8.71,35.3
2015,SP Goswami,Sunrisers Hyderabad,3,2,14,14.89,109.98,3,0,0,0,0,7.78,32.52
2016,SP Goswami,Sunrisers Hyderabad,3,2,17,12.67,85.73,2,0,0,0,0,8.09,26.08
2017,SP Goswami,Sunrisers Hyderabad,2,1,21,12.05,86.29,2,0,0,0,0,8.22,35.43
2018,SP Goswami,Sunrisers Hyderabad,2,1,16,9.02,97.12,2,0,0,0,0,8.7,26.8
2019,SP Goswami,Sunrisers Hyderabad,2,1,33,11.74,86.03,3,0,0,0,0,8.03,28.3
2020/21,SP Goswami,Sunrisers Hyderabad,1,1,19,15.54,86.05,1,0,0,0,0,8.07,29.19
2017,SP Jackson,Kolkata Knight Riders,1,1,16,7.32,117.01,1,0,0,0,0,7.85,25.69
2018,SP Jackson,Kolkata Knight Riders,2,2,9,10.86,115.87,1,0,0,0,0,9.1,24.24
2019,SP Jackson,Kolkata Knight Riders,1,1,12,13.79,106.29,1,0,0,0,0,8.02,28.94
2020/21,SP Jackson,Kolkata Knight Riders,2,2,11,13.98,92.37,1,0,0,0,0,8.34,35.97
2021,SP Jackson,Kolkata Knight Riders,2,2,12,8.86,120.54,1,0,0,0,0,7.74,26.62
2022,SP Jackson,Kolkata Knight Riders,2,2,10,6.39,122.53,1,0,0,0,0,9.16,35.14
2012,SP Narine,Kolkata Knight Riders,7,4,66,13.5,145.25,14,11,1,0,5,6.14,22.49
2013,SP Narine,Kolkata Knight Riders,12,8,131,21.25,167.24,13,7,1,0,17,7.34,26.94
2014,SP Narine,Kolkata Knight Riders,16,10,61,16.75,170.18,12,7,0,0,21,6.25,21.86
2015,SP Narine,Kolkata Knight Riders,16,10,161,14.46,183.32,8,10,1,0,10,7.3,28.24
2016,SP Narine,Kolkata Knight Riders,16,10,137,11.27,168.92,18,4,1,0,19,6.66,29.99
2017,SP Narine,Kolkata Knight Riders,16,10,174,17.17,160.35,17,6,2,0,8,7.2,30.35
2018,SP Narine,Kolkata Knight Riders,9,6,182,17.51,167.91,17,4,1,1,7,6.74,21.09
2019,SP Narine,Kolkata Knight Riders,6,4,139,21.81,142.23,17,7,1,0,7,6.45,29.98
2020/21,SP Narine,Kolkata Knight Riders,11,7,149,18.05,181.87,7,11,1,0,6,6.66,21.5
2021,SP Narine,Kolkata Knight Riders,10,6,160,14.59,175.59,18,5,2,0,20,6.66,21.4
2022,SP Narine,Kolkata Knight Riders,16,10,67,12.01,159.01,8,7,1,0,18,7.2,30.4
2023,SP Narine,Kolkata Knight Riders,15,10,170,16.33,178.07,14,7,1,0,14,7.35,27.93
2024,SP Narine,Kolkata Knight Riders,16,10,130,13.59,151.57,17,12,1,0,14,7.45,24.27
2025,SP Narine,Kolkata Knight Riders,14,9,107,21.56,157.17,15,10,2,0,8,7.12,29.37
2026,SP Narine,Kolkata Knight Riders,7,4,187,11.41,158.45,10,7,1,0,10,7.18,25.46
2012,SPD Smith,Delhi Capitals,8,7,311,21.15,114.97,32,5,4,0,0,14.0,29.85
2013,SPD Smith,Pune Warriors,12,11,194,42.5,143.36,20,3,2,0,0,15.77,29.12
2014,SPD Smith,Rajasthan Royals,5,5,381,32.5,121.07,27,4,2,0,0,14.84,32.13
2015,SPD Smith,Rising Pune Supergiant,13,12,165,43.29,118.5,27,7,0,0,0,13.62,31.91
2016,SPD Smith,Rising Pune Supergiants,9,8,257,45.7,137.56,28,6,4,0,0,16.35,28.68
2017,SPD Smith,Rising Pune Supergiants,15,14,140,40.34,139.37,31,8,1,0,0,14.05,30.67
2018,SPD Smith,Rising Pune Supergiants,5,5,365,42.73,112.89,22,6,0,0,0,14.37,30.32
2019,SPD Smith,Rising Pune Supergiants,13,12,338,45.89,118.05,25,4,5,0,0,15.93,24.85
2020/21,SPD Smith,Rising Pune Supergiants,13,12,251,26.21,127.94,32,5,4,1,0,14.41,29.9
2021,SPD Smith,Rising Pune Supergiants,8,7,256,24.37,140.42,27,3,2,0,0,15.98,24.71
2008,SR Tendulkar,Mumbai Indians,11,11,172,29.84,136.77,56,6,2,0,0,10.23,34.2
2009,SR Tendulkar,Mumbai Indians,12,12,257,31.74,111.51,42,6,3,0,0,9.61,25.01
2010,SR Tendulkar,Mumbai Indians,11,11,350,22.69,111.73,72,4,1,0,0,10.23,32.29
2011,SR Tendulkar,Mumbai Indians,12,12,231,33.43,114.84,28,7,1,1,0,9.09,33.15
2012,SR Tendulkar,Mumbai Indians,16,16,434,29.44,134.12,41,6,5,0,0,10.29,31.06
2013,SR Tendulkar,Mumbai Indians,16,16,461,32.79,106.38,48,5,2,1,0,9.9,35.57
2008,SR Watson,Chennai Super Kings,16,16,288,21.6,131.48,15,9,3,0,11,7.85,31.0
2009,SR Watson,Rajasthan Royals,14,14,350,29.29,131.37,25,10,2,0,8,8.59,27.71
2010,SR Watson,Royal Challengers Bangalore,8,8,203,26.15,143.45,32,13,1,0,7,8.7,29.99
2011,SR Watson,Royal Challengers Bangalore,13,13,180,35.6,152.64,22,20,1,0,5,7.19,26.32
2012,SR Watson,Royal Challengers Bangalore,12,12,469,36.14,157.22,26,17,5,0,3,8.03,30.96
2013,SR Watson,Royal Challengers Bangalore,15,15,302,26.8,147.12,40,19,3,0,11,7.96,24.05
2014,SR Watson,Royal Challengers Bangalore,14,14,200,21.85,141.34,30,12,3,0,9,7.88,31.68
2015,SR Watson,Royal Challengers Bangalore,7,7,440,37.67,151.15,29,13,5,0,7,7.15,31.47
2016,SR Watson,Royal Challengers Bangalore,12,12,342,31.96,135.9,33,14,2,0,4,8.56,26.29
2017,SR Watson,Royal Challengers Bangalore,9,9,316,23.39,149.58,39,13,0,0,7,7.68,28.06
2018,SR Watson,Royal Challengers Bangalore,11,11,150,36.99,147.12,43,21,1,0,4,7.6,31.47
2019,SR Watson,Royal Challengers Bangalore,10,10,396,21.58,124.24,30,18,4,0,10,8.19,30.52
2020/21,SR Watson,Royal Challengers Bangalore,10,10,454,20.48,122.96,20,11,3,0,5,8.04,30.66
2017,SS Agarwal,Gujarat Lions,1,1,0,22.99,105.69,0,0,0,0,1,9.64,38.1
2020/21,SS Cottrell,Kings XI Punjab,6,1,0,0,0,0,0,0,0,3,8.8,34.97
2015,SS Iyer,Delhi Capitals,15,15,221,30.41,119.71,16,8,3,0,0,7.47,33.82
2016,SS Iyer,Delhi Daredevils,8,8,155,24.06,137.38,14,18,1,0,0,6.43,31.24
2017,SS Iyer,Kolkata Knight Riders,13,13,205,45.17,122.98,22,14,1,0,0,6.85,34.36
2018,SS Iyer,Punjab Kings,9,9,132,27.12,129.09,39,18,0,0,0,7.59,32.97
2019,SS Iyer,Punjab Kings,9,9,285,30.03,149.1,23,14,4,0,0,7.11,32.02
2020/21,SS Iyer,Punjab Kings,7,7,440,20.96,131.83,18,8,2,0,0,6.48,30.62
2021,SS Iyer,Punjab Kings,10,10,440,44.99,146.26,35,20,3,0,0,7.16,30.19
2022,SS Iyer,Punjab Kings,15,15,245,39.55,143.59,31,19,1,0,0,7.01,25.4
2023,SS Iyer,Punjab Kings,11,11,204,24.8,115.61,37,15,0,0,0,7.4,27.3
2024,SS Iyer,Punjab Kings,7,7,367,25.78,132.57,23,13,4,0,0,7.2,33.5
2025,SS Iyer,Punjab Kings,12,12,414,34.91,119.94,27,17,4,0,0,6.49,24.22
2026,SS Iyer,Punjab Kings,16,16,469,46.46,118.75,32,12,3,0,0,7.39,35.41
2011,SS Mundhe,Pune Warriors,1,1,0,24.03,128.03,0,0,0,0,2,6.02,7.08
2022,SS Prabhudessai,Royal Challengers Bangalore,5,5,51,14.59,132.06,3,2,1,0,0,7.78,32.41
2023,SS Prabhudessai,Royal Challengers Bengaluru,3,3,17,11.17,110.37,5,1,0,0,0,8.9,25.29
2024,SS Prabhudessai,Royal Challengers Bengaluru,5,5,49,8.87,103.96,4,2,1,0,0,8.66,35.62
2009,SS Sarkar,Kolkata Knight Riders,2,1,0,13.06,115.65,0,0,0,0,0,8.39,31.51
2009,SS Shaikh,Kolkata Knight Riders,3,2,5,6.65,93.07,1,0,0,0,0,8.62,24.33
2008,SS Tiwary,Delhi Daredevils,8,6,86,39.81,125.91,6,4,1,0,0,8.36,31.49
2009,SS Tiwary,Mumbai Indians,5,4,77,31.21,109.55,11,3,0,0,0,9.1,28.97
2010,SS Tiwary,Rising Pune Supergiants,10,8,144,25.48,108.53,11,4,2,0,0,9.29,32.94
2011,SS Tiwary,Royal Challengers Bangalore,8,6,131,39.51,102.7,6,3,2,0,0,9.34,29.95
2012,SS Tiwary,Royal Challengers Bangalore,10,8,130,30.34,109.65,10,5,2,0,0,7.7,28.0
2013,SS Tiwary,Royal Challengers Bangalore,4,3,159,30.24,115.39,9,4,2,0,0,8.72,26.81
2014,SS Tiwary,Royal Challengers Bangalore,6,5,46,37.17,137.53,7,4,1,0,0,9.32,34.97
2015,SS Tiwary,Royal Challengers Bangalore,8,6,76,40.12,123.91,8,4,1,0,0,7.67,35.96
2016,SS Tiwary,Royal Challengers Bangalore,8,6,144,36.28,113.77,12,2,1,0,0,7.99,32.58
2017,SS Tiwary,Royal Challengers Bangalore,8,6,62,25.7,121.96,8,3,0,0,0,8.61,32.25
2018,SS Tiwary,Royal Challengers Bangalore,6,5,113,35.71,111.31,5,3,1,0,0,8.66,32.3
2019,SS Tiwary,Royal Challengers Bangalore,5,4,151,26.12,119.88,10,3,2,0,0,7.71,27.31
2020/21,SS Tiwary,Royal Challengers Bangalore,8,6,130,32.53,120.32,9,2,1,0,0,9.14,30.99
2021,SS Tiwary,Royal Challengers Bangalore,4,3,150,27.15,111.86,10,5,2,0,0,7.91,35.53
2023,SSB Magala,Chennai Super Kings,3,1,0,15.05,106.65,0,0,0,0,1,8.65,43.0
2008,ST Jayasuriya,Mumbai Indians,10,10,174,21.95,153.17,18,15,2,0,5,8.35,35.14
2009,ST Jayasuriya,Mumbai Indians,13,13,408,28.81,145.06,16,9,1,0,7,8.5,24.72
2010,ST Jayasuriya,Mumbai Indians,9,9,280,24.82,165.22,21,9,3,0,5,7.78,29.58
2010,STR Binny,Mumbai Indians,8,6,68,15.97,121.39,3,3,1,0,2,7.14,38.61
2011,STR Binny,Rajasthan Royals,8,6,56,21.79,142.74,7,2,1,0,2,7.87,32.28
2012,STR Binny,Royal Challengers Bangalore,14,10,52,21.29,126.37,7,2,1,0,1,7.12,40.69
2013,STR Binny,Royal Challengers Bangalore,9,6,136,13.35,111.46,9,4,2,0,4,7.78,40.19
2014,STR Binny,Royal Challengers Bangalore,12,9,44,16.67,113.03,6,4,0,0,2,7.43,40.99
2015,STR Binny,Royal Challengers Bangalore,6,4,45,14.51,130.84,8,2,0,0,1,8.07,34.17
2016,STR Binny,Royal Challengers Bangalore,5,4,52,12.64,145.43,8,3,0,0,4,7.47,38.24
2017,STR Binny,Royal Challengers Bangalore,11,8,124,19.37,113.81,8,3,1,0,4,7.05,32.56
2018,STR Binny,Royal Challengers Bangalore,13,9,65,12.48,110.12,5,3,0,0,1,7.21,31.44
2019,STR Binny,Royal Challengers Bangalore,11,8,88,24.87,110.59,4,2,1,0,3,7.4,40.08
2013,SV Samson,Chennai Super Kings,16,16,191,20.06,131.83,31,20,2,0,0,8.71,31.81
2014,SV Samson,Delhi Daredevils,12,12,384,34.93,131.83,34,21,4,0,0,8.24,34.25
2015,SV Samson,Rajasthan Royals,12,12,305,24.18,136.25,17,22,2,1,0,7.72,25.36
2016,SV Samson,Rajasthan Royals,11,11,215,19.87,121.77,37,8,1,0,0,8.99,29.8
2017,SV Samson,Rajasthan Royals,16,16,439,24.62,149.13,23,11,3,0,0,8.95,25.03
2018,SV Samson,Rajasthan Royals,16,16,445,34.26,146.9,31,9,1,0,0,8.17,34.53
2019,SV Samson,Rajasthan Royals,16,16,275,20.44,123.61,21,9,1,0,0,8.58,29.44
2020/21,SV Samson,Rajasthan Royals,16,16,352,19.0,135.89,38,13,3,0,0,8.34,26.13
2021,SV Samson,Rajasthan Royals,11,11,379,23.9,121.9,39,16,0,0,0,8.75,29.96
2022,SV Samson,Rajasthan Royals,7,7,507,39.2,139.89,19,16,2,0,0,8.17,24.59
2023,SV Samson,Rajasthan Royals,10,10,527,29.77,153.67,23,20,7,0,0,8.38,24.63
2024,SV Samson,Rajasthan Royals,13,13,170,20.43,126.08,37,15,2,0,0,8.4,26.64
2025,SV Samson,Rajasthan Royals,10,10,429,30.3,128.86,32,21,6,0,0,8.74,31.68
2026,SV Samson,Rajasthan Royals,11,11,257,39.21,152.22,24,15,2,0,0,8.95,31.6
2016,SW Billings,Chennai Super Kings,5,4,91,18.97,127.37,5,2,1,0,0,8.17,31.68
2017,SW Billings,Delhi Daredevils,3,3,96,15.66,116.07,7,3,1,0,0,8.25,26.1
2018,SW Billings,Kolkata Knight Riders,5,4,51,17.28,123.48,8,3,0,0,0,8.72,27.92
2019,SW Billings,Kolkata Knight Riders,4,4,42,21.66,122.16,5,2,1,0,0,9.14,27.24
2020/21,SW Billings,Kolkata Knight Riders,2,2,40,15.86,110.32,4,2,0,0,0,8.62,24.5
2021,SW Billings,Kolkata Knight Riders,6,5,38,15.91,128.13,5,2,0,0,0,8.35,35.41
2022,SW Billings,Kolkata Knight Riders,3,3,39,20.47,125.34,3,4,0,0,0,8.71,33.47
2010,SW Tait,Rajasthan Royals,5,1,6,10.17,78.2,0,0,0,0,8,8.82,32.18
2011,SW Tait,Rajasthan Royals,4,1,9,5.04,99.22,0,0,0,0,2,7.3,31.89
2012,SW Tait,Rajasthan Royals,3,1,3,9.43,79.01,0,0,0,0,9,7.4,26.08
2013,SW Tait,Rajasthan Royals,5,1,8,10.05,86.01,0,0,0,0,4,7.94,24.67
2024,SZ Mulani,Mumbai Indians,1,1,1,12.75,93.6,0,0,0,0,0,11.82,35.18
2013,Sachin Baby,Rajasthan Royals,2,1,12,13.86,122.27,1,0,0,0,0,4.7,4.69
2014,Sachin Baby,Royal Challengers Bangalore,1,1,16,17.81,128.17,1,0,0,0,0,5.24,4.65
2015,Sachin Baby,Sunrisers Hyderabad,1,1,13,11.8,137.93,1,0,0,0,0,4.52,3.56
2016,Sachin Baby,Sunrisers Hyderabad,1,1,8,16.31,104.82,1,0,0,0,0,4.92,3.62
2017,Sachin Baby,Sunrisers Hyderabad,1,1,6,21.57,109.92,1,0,0,0,0,5.02,3.79
2018,Sachin Baby,Sunrisers Hyderabad,2,1,11,11.29,136.23,1,0,0,0,0,4.69,4.39
2019,Sachin Baby,Sunrisers Hyderabad,1,1,5,21.95,135.11,1,0,0,0,0,4.94,4.78
2020/21,Sachin Baby,Sunrisers Hyderabad,1,1,11,20.7,109.84,1,0,0,0,0,4.76,4.61
2021,Sachin Baby,Sunrisers Hyderabad,1,1,17,20.06,139.62,1,1,0,0,0,4.96,4.43
2022,Sachin Baby,Sunrisers Hyderabad,2,1,9,10.71,125.15,1,0,0,0,0,4.71,4.4
2023,Sachin Baby,Sunrisers Hyderabad,2,1,15,10.58,121.71,1,0,0,0,0,4.49,4.16
2024,Sachin Baby,Sunrisers Hyderabad,1,1,8,11.39,109.06,1,0,0,0,0,4.9,4.68
2025,Sachin Baby,Sunrisers Hyderabad,2,1,17,14.6,121.66,1,1,0,0,0,4.79,3.46
2008,Salman Butt,Kolkata Knight Riders,9,9,303,35.88,117.57,45,2,2,0,0,8.65,26.6
2024,Sameer Rizvi,Chennai Super Kings,6,5,75,43.27,129.86,9,6,1,0,0,8.63,34.22
2025,Sameer Rizvi,Delhi Capitals,8,6,110,30.26,139.72,9,6,1,0,0,7.73,33.74
2026,Sameer Rizvi,Delhi Capitals,3,2,109,20.43,131.76,5,4,0,0,0,9.17,29.43
2013,Sandeep Sharma,Kings XI Punjab,13,3,4,10.55,81.89,0,0,0,0,13,8.38,33.47
2014,Sandeep Sharma,Punjab Kings,7,1,6,11.93,71.02,0,0,0,0,7,8.45,25.15
2015,Sandeep Sharma,Rajasthan Royals,13,3,2,9.77,87.16,0,0,0,0,11,8.54,29.3
2016,Sandeep Sharma,Sunrisers Hyderabad,14,3,5,6.2,87.19,0,0,0,0,15,7.32,28.37
2017,Sandeep Sharma,Sunrisers Hyderabad,12,2,4,13.96,86.67,0,0,0,0,8,7.48,27.81
2018,Sandeep Sharma,Sunrisers Hyderabad,12,2,5,9.87,72.45,0,0,0,0,5,8.57,33.55
2019,Sandeep Sharma,Sunrisers Hyderabad,14,3,3,12.99,81.6,0,0,0,0,17,7.68,23.47
2020/21,Sandeep Sharma,Sunrisers Hyderabad,13,3,4,10.37,72.16,0,0,0,0,18,8.62,31.16
2021,Sandeep Sharma,Sunrisers Hyderabad,12,2,7,13.6,87.87,0,0,0,0,8,7.51,28.83
2022,Sandeep Sharma,Sunrisers Hyderabad,12,2,4,7.7,89.52,0,0,0,0,13,8.0,24.56
2023,Sandeep Sharma,Sunrisers Hyderabad,9,2,6,12.88,86.61,0,0,0,0,17,7.97,30.17
2024,Sandeep Sharma,Sunrisers Hyderabad,9,2,6,12.96,83.57,0,0,0,0,9,8.27,32.91
2025,Sandeep Sharma,Sunrisers Hyderabad,9,2,4,6.49,72.41,0,0,0,0,6,7.72,25.82
2026,Sandeep Sharma,Sunrisers Hyderabad,8,2,4,6.04,74.45,0,0,0,0,17,7.68,24.13
2023,Sanvir Singh,Sunrisers Hyderabad,3,2,12,10.22,133.35,1,0,0,0,0,7.9,34.29
2024,Sanvir Singh,Sunrisers Hyderabad,4,3,18,9.42,119.51,1,0,0,0,0,9.14,32.19
2025,Sediqullah Atal,Delhi Capitals,1,1,10,16.31,155.16,0,1,0,0,0,8.89,27.92
2020/21,Shahbaz Ahmed,Lucknow Super Giants,7,5,52,26.35,105.75,6,4,1,0,2,9.93,47.43
2021,Shahbaz Ahmed,Royal Challengers Bangalore,8,5,39,21.99,125.49,6,4,0,0,1,10.6,38.72
2022,Shahbaz Ahmed,Sunrisers Hyderabad,10,7,116,24.95,110.22,3,3,1,0,5,9.9,51.13
2023,Shahbaz Ahmed,Sunrisers Hyderabad,5,3,97,12.09,136.0,5,3,1,0,2,10.5,44.99
2024,Shahbaz Ahmed,Sunrisers Hyderabad,12,8,121,16.94,106.87,3,4,1,0,3,9.78,46.64
2025,Shahbaz Ahmed,Sunrisers Hyderabad,6,4,122,20.81,109.65,4,3,2,0,5,9.3,47.39
2026,Shahbaz Ahmed,Sunrisers Hyderabad,6,4,77,16.08,116.55,3,3,1,0,3,9.5,34.91
2008,Shahid Afridi,Deccan Chargers,12,11,100,7.99,174.48,6,8,1,0,4,7.8,24.84
2011,Shakib Al Hasan,Kolkata Knight Riders,4,3,68,20.27,134.41,7,2,1,0,4,6.69,31.38
2012,Shakib Al Hasan,Sunrisers Hyderabad,10,7,103,16.22,126.52,10,2,1,0,3,6.98,30.54
2013,Shakib Al Hasan,Sunrisers Hyderabad,6,4,93,26.73,120.19,8,1,1,0,4,8.12,23.52
2014,Shakib Al Hasan,Sunrisers Hyderabad,5,4,105,19.08,118.31,6,2,0,0,8,7.07,33.14
2015,Shakib Al Hasan,Sunrisers Hyderabad,5,4,48,25.74,110.5,6,2,0,0,5,7.19,27.39
2016,Shakib Al Hasan,Sunrisers Hyderabad,5,4,60,22.36,108.12,4,2,1,0,5,6.98,31.26
2017,Shakib Al Hasan,Sunrisers Hyderabad,8,6,45,13.73,113.65,5,3,0,0,7,8.16,29.03
2018,Shakib Al Hasan,Sunrisers Hyderabad,7,5,88,17.68,127.43,6,2,1,0,9,7.38,32.4
2019,Shakib Al Hasan,Sunrisers Hyderabad,8,6,79,14.14,132.42,6,2,0,0,7,7.09,29.05
2020/21,Shakib Al Hasan,Sunrisers Hyderabad,4,3,99,27.19,122.14,8,2,0,0,9,8.12,27.35
2021,Shakib Al Hasan,Sunrisers Hyderabad,6,4,33,22.44,125.28,5,2,0,0,4,7.84,24.85
2022,Shashank Singh,Punjab Kings,10,8,154,29.07,150.33,8,12,2,0,1,8.6,23.49
2023,Shashank Singh,Sunrisers Hyderabad,13,10,201,32.71,177.72,16,10,1,0,0,8.66,27.58
2024,Shashank Singh,Sunrisers Hyderabad,6,5,249,35.85,146.92,15,10,3,0,0,9.81,22.75
2025,Shashank Singh,Sunrisers Hyderabad,5,4,136,53.94,154.95,17,11,1,0,1,9.54,21.42
2026,Shashank Singh,Sunrisers Hyderabad,9,7,79,45.02,162.16,17,5,1,0,1,9.28,26.56
2018,Shivam Mavi,Kolkata Knight Riders,4,2,14,4.43,103.38,0,0,0,0,5,8.46,25.64
2019,Shivam Mavi,Kolkata Knight Riders,7,3,6,6.06,99.89,0,0,0,0,3,9.05,32.88
2020/21,Shivam Mavi,Kolkata Knight Riders,8,3,8,4.56,95.84,1,1,0,0,9,8.14,32.31
2021,Shivam Mavi,Kolkata Knight Riders,6,2,13,3.52,94.16,1,0,0,0,9,8.43,33.94
2022,Shivam Mavi,Kolkata Knight Riders,8,3,7,4.35,103.19,1,1,0,0,8,9.31,32.13
2014,Shivam Sharma,Kings XI Punjab,3,1,1,5.85,169.73,0,0,0,0,3,8.78,37.86
2015,Shivam Sharma,Kings XI Punjab,3,1,2,6.43,154.81,1,0,0,0,2,8.16,43.54
2024,Shivam Singh,Punjab Kings,1,1,2,23.83,69.16,0,0,0,0,0,8.13,32.25
2026,Shivang Kumar,Sunrisers Hyderabad,4,3,13,4.33,152.12,3,0,0,0,6,9.23,21.84
2009,Shoaib Ahmed,Deccan Chargers,11,4,1,0.53,18.97,0,0,0,0,2,9.71,29.93
2008,Shoaib Akhtar,Kolkata Knight Riders,4,1,2,2.72,24.81,0,0,0,0,8,7.3,10.98
2008,Shoaib Malik,Delhi Daredevils,4,3,63,16.1,116.28,6,0,0,0,2,10.22,39.38
2018,Shubman Gill,Gujarat Titans,8,8,531,29.99,130.36,32,21,6,0,0,8.83,30.28
2019,Shubman Gill,Kolkata Knight Riders,16,16,304,46.37,158.55,36,8,2,0,0,8.03,29.7
2020/21,Shubman Gill,Kolkata Knight Riders,7,7,282,45.49,150.18,48,10,4,0,0,9.17,31.39
2021,Shubman Gill,Kolkata Knight Riders,8,8,385,46.87,127.63,63,11,1,0,0,8.53,29.34
2022,Shubman Gill,Kolkata Knight Riders,7,7,275,33.52,134.42,63,12,2,0,0,8.63,26.06
2023,Shubman Gill,Kolkata Knight Riders,8,8,545,27.52,144.65,37,11,7,0,0,8.83,33.74
2024,Shubman Gill,Kolkata Knight Riders,15,15,181,32.6,133.47,63,7,1,0,0,9.05,30.59
2025,Shubman Gill,Kolkata Knight Riders,15,15,424,43.59,120.46,47,21,2,1,0,8.08,34.76
2026,Shubman Gill,Kolkata Knight Riders,10,10,183,32.7,148.35,24,21,3,0,0,8.48,30.1
2023,Sikandar Raza,Punjab Kings,5,5,126,24.92,153.63,6,5,1,0,2,9.29,45.71
2024,Sikandar Raza,Punjab Kings,6,6,118,19.92,114.67,6,5,1,0,1,9.77,46.38
2022,Simarjeet Singh,Chennai Super Kings,3,1,2,2.26,60.82,0,0,0,0,2,10.15,39.52
2023,Simarjeet Singh,Sunrisers Hyderabad,5,2,2,2.17,75.75,0,0,0,0,3,10.45,41.38
2024,Simarjeet Singh,Sunrisers Hyderabad,2,1,2,2.97,60.82,0,0,0,0,3,10.69,40.07
2025,Simarjeet Singh,Sunrisers Hyderabad,5,2,4,4.05,63.74,0,0,0,0,2,9.62,36.33
2008,Sohail Tanvir,Rajasthan Royals,11,5,15,8.33,120.66,3,1,0,0,18,6.89,11.59
2024,Sumit Kumar,Delhi Capitals,3,2,9,9.62,63.87,2,1,0,0,0,12.25,34.12
2012,Sunny Gupta,Delhi Daredevils,1,1,0,0,0,0,0,0,0,0,15.8,33.42
2011,Sunny Singh,Kings XI Punjab,7,6,29,12.51,151.97,4,1,0,0,0,8.28,32.59
2025,Suryansh Shedge,Punjab Kings,6,4,8,1.45,65.82,0,0,0,0,0,12.46,26.21
2023,Suyash Sharma,Kolkata Knight Riders,9,1,0,23.2,115.76,0,0,0,0,8,9.22,50.02
2024,Suyash Sharma,Royal Challengers Bengaluru,6,1,0,21.44,118.97,0,0,0,0,2,8.92,36.79
2025,Suyash Sharma,Royal Challengers Bengaluru,8,1,0,20.74,110.05,0,0,0,0,6,9.26,40.24
2026,Suyash Sharma,Royal Challengers Bengaluru,9,1,0,13.06,123.25,0,0,0,0,3,8.37,47.67
2016,Swapnil Singh,Kings XI Punjab,2,1,7,6.77,130.04,0,0,0,0,1,8.11,35.08
2017,Swapnil Singh,Lucknow Super Giants,1,1,3,13.41,110.72,0,0,0,0,0,9.55,35.31
2018,Swapnil Singh,Royal Challengers Bengaluru,1,1,7,12.25,116.91,0,0,0,0,1,9.54,36.05
2019,Swapnil Singh,Royal Challengers Bengaluru,2,1,6,9.11,114.0,0,0,0,0,1,9.23,31.54
2020/21,Swapnil Singh,Royal Challengers Bengaluru,1,1,7,13.5,123.99,0,0,0,0,1,8.36,36.17
2021,Swapnil Singh,Royal Challengers Bengaluru,2,1,3,8.8,120.34,0,0,0,0,1,8.62,39.75
2022,Swapnil Singh,Royal Challengers Bengaluru,2,1,9,14.14,125.39,0,0,0,0,1,9.06,32.76
2023,Swapnil Singh,Royal Challengers Bengaluru,2,1,6,7.04,122.18,0,0,0,0,1,8.33,35.0
2024,Swapnil Singh,Royal Challengers Bengaluru,2,1,8,10.92,108.72,0,0,0,0,1,8.89,37.68
2020/21,T Banton,Kolkata Knight Riders,2,2,25,6.2,86.61,1,1,0,0,0,8.79,27.02
2009,T Henderson,Rajasthan Royals,2,2,6,3.35,73.12,0,1,0,0,1,6.1,34.2
2024,T Kohler-Cadmore,Rajasthan Royals,5,4,41,11.0,100.92,10,1,1,0,0,8.85,31.21
2008,T Kohli,Kings XI Punjab,1,1,5,3.86,58.1,0,1,0,0,0,8.66,25.02
2009,T Kohli,Rajasthan Royals,3,3,3,3.71,60.15,0,0,0,0,0,9.1,32.17
2012,T Mishra,Deccan Chargers,1,1,0,15.34,105.38,0,0,0,0,0,8.12,31.55
2017,T Natarajan,Delhi Capitals,4,1,0,24.35,55.7,0,0,0,0,5,8.98,33.56
2018,T Natarajan,Kings XI Punjab,8,1,0,23.78,62.81,0,0,0,0,11,8.39,24.98
2019,T Natarajan,Sunrisers Hyderabad,5,1,0,20.24,63.6,0,0,0,0,8,8.81,27.43
2020/21,T Natarajan,Sunrisers Hyderabad,10,1,0,17.45,59.23,0,0,0,0,2,9.32,34.85
2021,T Natarajan,Sunrisers Hyderabad,7,1,0,20.63,61.96,0,0,0,0,10,9.83,34.68
2022,T Natarajan,Sunrisers Hyderabad,5,1,0,26.24,49.59,0,0,0,0,6,9.26,31.3
2023,T Natarajan,Sunrisers Hyderabad,5,1,0,13.84,55.57,0,0,0,0,4,8.35,25.31
2024,T Natarajan,Sunrisers Hyderabad,7,1,0,17.89,53.5,0,0,0,0,4,8.23,35.91
2025,T Natarajan,Sunrisers Hyderabad,10,1,1,16.29,56.4,0,0,0,0,10,8.74,27.78
2026,T Natarajan,Sunrisers Hyderabad,9,1,0,24.1,52.77,0,0,0,0,9,8.14,34.7
2016,T Shamsi,Rajasthan Royals,1,1,1,26.11,51.2,0,0,0,0,0,8.38,61.86
2017,T Shamsi,Royal Challengers Bangalore,1,1,0,22.7,53.32,0,0,0,0,0,9.22,51.66
2018,T Shamsi,Royal Challengers Bangalore,1,1,0,25.35,57.37,0,0,0,0,1,8.96,56.97
2019,T Shamsi,Royal Challengers Bangalore,1,1,0,16.54,46.38,0,0,0,0,0,9.59,59.97
2020/21,T Shamsi,Royal Challengers Bangalore,1,1,0,24.1,50.51,0,0,0,0,1,8.68,55.94
2021,T Shamsi,Royal Challengers Bangalore,1,1,0,26.85,46.91,0,0,0,0,0,9.84,50.63
2022,T Stubbs,Delhi Capitals,5,5,108,33.06,158.26,11,5,1,0,1,10.65,19.16
2023,T Stubbs,Mumbai Indians,4,4,260,58.97,182.27,8,10,1,0,0,10.82,17.44
2024,T Stubbs,Mumbai Indians,11,10,232,57.02,137.21,8,8,4,1,1,10.51,17.13
2025,T Stubbs,Mumbai Indians,5,5,182,57.39,161.7,8,12,0,0,1,12.43,20.27
2026,T Stubbs,Mumbai Indians,10,9,102,47.64,152.57,8,8,0,0,1,11.61,19.22
2008,T Taibu,Kolkata Knight Riders,2,2,49,12.53,132.79,3,0,0,0,0,8.6,28.16
2009,T Thushara,Chennai Super Kings,4,3,6,7.98,72.64,0,0,0,0,5,6.82,20.61
2010,T Thushara,Chennai Super Kings,4,3,2,4.82,60.67,0,0,0,0,6,7.5,23.28
2015,TA Boult,Delhi Capitals,11,3,7,5.84,106.59,1,0,0,0,6,7.63,21.96
2016,TA Boult,Delhi Daredevils,7,2,10,10.86,118.25,0,0,0,0,18,7.66,21.69
2017,TA Boult,Kolkata Knight Riders,6,1,5,6.08,108.21,0,0,0,0,4,8.48,29.95
2018,TA Boult,Mumbai Indians,8,2,8,5.36,103.17,0,0,0,0,19,7.75,31.12
2019,TA Boult,Rajasthan Royals,15,4,11,5.5,97.5,0,0,0,0,5,9.28,30.38
2020/21,TA Boult,Sunrisers Hyderabad,12,3,6,12.04,101.77,0,0,0,0,13,8.67,22.25
2021,TA Boult,Sunrisers Hyderabad,13,3,7,8.65,99.16,1,0,0,0,11,8.21,31.22
2022,TA Boult,Sunrisers Hyderabad,8,2,3,6.15,101.67,0,0,0,0,5,8.73,22.78
2023,TA Boult,Sunrisers Hyderabad,5,1,3,6.64,114.81,0,0,0,0,16,8.19,30.65
2024,TA Boult,Sunrisers Hyderabad,8,2,5,10.65,118.27,0,0,0,0,17,7.76,28.85
2025,TA Boult,Sunrisers Hyderabad,7,2,3,6.37,93.48,0,0,0,0,17,8.51,23.48
2026,TA Boult,Sunrisers Hyderabad,6,1,4,9.73,117.11,0,0,0,0,16,7.95,29.51
2011,TD Paine,Pune Warriors,2,2,9,4.82,36.09,0,0,0,0,0,7.95,28.21
2011,TG Southee,Chennai Super Kings,6,2,8,12.58,120.73,0,0,0,0,4,8.65,32.95
2012,TG Southee,Kolkata Knight Riders,5,2,13,7.06,106.7,0,0,0,0,3,9.09,42.3
2013,TG Southee,Mumbai Indians,6,2,9,8.87,108.24,1,0,0,0,5,8.08,43.16
2014,TG Southee,Rajasthan Royals,2,1,13,12.89,106.6,0,0,0,0,2,8.04,40.38
2015,TG Southee,Royal Challengers Bangalore,6,2,5,7.67,110.45,1,0,0,0,1,8.26,36.8
2016,TG Southee,Royal Challengers Bangalore,5,2,6,11.82,122.35,0,0,0,0,4,9.37,32.94
2017,TG Southee,Royal Challengers Bangalore,3,1,13,9.99,101.55,1,0,0,0,2,9.13,39.12
2018,TG Southee,Royal Challengers Bangalore,2,1,4,11.01,102.51,1,0,0,0,4,8.85,41.34
2019,TG Southee,Royal Challengers Bangalore,4,1,7,10.84,107.74,0,0,0,0,3,8.66,43.69
2020/21,TG Southee,Royal Challengers Bangalore,4,1,10,9.78,121.29,0,0,0,0,5,8.24,34.83
2021,TG Southee,Royal Challengers Bangalore,5,2,13,7.11,113.16,1,0,0,0,5,8.36,37.28
2022,TG Southee,Royal Challengers Bangalore,5,2,14,8.88,124.31,0,0,0,0,6,9.37,36.78
2023,TG Southee,Royal Challengers Bangalore,3,1,4,11.88,127.73,0,0,0,0,4,9.14,42.78
2021,TH David,Mumbai Indians,13,12,198,46.58,194.9,11,13,1,0,0,16.46,32.57
2022,TH David,Royal Challengers Bangalore,5,4,237,42.74,190.87,12,8,0,0,0,19.05,34.42
2023,TH David,Royal Challengers Bengaluru,8,7,76,27.66,161.55,12,6,0,0,0,17.08,24.92
2024,TH David,Royal Challengers Bengaluru,7,6,254,39.78,177.7,6,7,2,0,0,19.19,31.88
2025,TH David,Royal Challengers Bengaluru,8,7,218,28.19,189.85,8,7,0,1,0,18.8,34.71
2026,TH David,Royal Challengers Bengaluru,5,4,114,42.25,153.34,10,7,1,0,0,18.1,28.95
2018,TK Curran,Delhi Capitals,2,2,37,35.05,129.44,2,1,0,0,5,10.73,34.52
2019,TK Curran,Kolkata Knight Riders,5,4,37,33.77,129.9,2,0,0,0,3,9.87,34.32
2020/21,TK Curran,Rajasthan Royals,4,3,43,22.99,131.74,4,1,1,0,3,10.58,26.5
2021,TK Curran,Rajasthan Royals,3,2,44,17.28,133.62,3,1,0,0,4,10.04,28.0
2024,TK Kotian,Rajasthan Royals,1,1,19,30.62,66.63,4,0,0,0,0,9.06,33.14
2021,TL Seifert,Delhi Capitals,2,2,17,5.97,122.63,2,0,0,0,0,8.39,30.22
2022,TL Seifert,Kolkata Knight Riders,2,2,6,10.68,127.97,1,0,0,0,0,8.04,26.15
2009,TL Suman,Deccan Chargers,11,10,202,28.17,132.97,7,3,3,1,1,7.7,31.95
2010,TL Suman,Mumbai Indians,11,10,95,17.76,128.65,13,7,0,0,1,7.61,39.03
2011,TL Suman,Pune Warriors,12,11,162,26.07,132.23,9,5,1,0,2,7.51,33.16
2012,TL Suman,Pune Warriors,13,12,82,15.07,108.81,10,4,1,0,2,7.75,29.48
2013,TL Suman,Pune Warriors,7,7,126,28.61,129.69,10,6,1,0,2,7.33,28.29
2008,TM Dilshan,Delhi Daredevils,5,5,198,25.73,125.88,32,3,2,0,1,8.04,67.56
2009,TM Dilshan,Royal Challengers Bangalore,6,6,91,35.84,128.18,33,4,1,0,1,7.66,79.0
2010,TM Dilshan,Royal Challengers Bangalore,8,8,208,16.76,102.7,27,5,2,0,1,8.28,71.27
2011,TM Dilshan,Royal Challengers Bangalore,7,7,242,18.72,111.57,35,6,2,0,1,8.25,83.88
2012,TM Dilshan,Royal Challengers Bangalore,12,12,156,25.99,129.83,14,3,0,0,1,8.61,77.1
2013,TM Dilshan,Royal Challengers Bangalore,10,10,117,35.58,113.26,30,5,1,0,1,8.81,81.31
2016,TM Head,Royal Challengers Bangalore,4,4,85,33.71,159.86,15,5,0,0,0,12.38,67.37
2017,TM Head,Sunrisers Hyderabad,5,5,49,20.99,177.08,16,7,0,0,0,11.06,54.6
2018,TM Head,Sunrisers Hyderabad,5,5,121,35.15,194.4,19,7,0,0,0,12.8,52.11
2019,TM Head,Sunrisers Hyderabad,3,3,63,40.77,174.82,13,5,1,0,0,11.48,53.45
2020/21,TM Head,Sunrisers Hyderabad,4,4,178,46.61,187.17,17,5,1,0,0,10.51,49.76
2021,TM Head,Sunrisers Hyderabad,3,3,108,46.42,149.38,11,7,0,0,0,10.72,66.11
2022,TM Head,Sunrisers Hyderabad,2,2,79,27.61,172.28,18,4,1,0,0,11.79,64.98
2023,TM Head,Sunrisers Hyderabad,3,3,127,43.98,162.88,16,7,0,0,0,11.54,61.98
2024,TM Head,Sunrisers Hyderabad,4,4,128,42.61,147.49,7,3,1,0,0,12.51,51.86
2025,TM Head,Sunrisers Hyderabad,3,3,99,28.03,167.06,14,4,1,0,0,10.95,45.39
2026,TM Head,Sunrisers Hyderabad,5,5,156,31.49,155.85,16,5,1,0,0,10.72,50.77
2008,TM Srivastava,Kings XI Punjab,5,2,4,5.3,64.19,0,0,0,0,0,9.29,29.18
2009,TM Srivastava,Kings XI Punjab,4,2,5,9.48,81.2,0,0,0,0,0,7.99,32.8
2012,TP Sudhindra,Deccan Chargers,3,1,0,14.15,121.45,0,0,0,0,1,11.21,125.7
2011,TR Birt,Delhi Daredevils,5,5,83,14.86,122.95,12,2,0,0,0,9.26,29.81
2017,TS Mills,Mumbai Indians,2,1,1,2.14,51.63,0,0,0,0,3,9.42,29.24
2018,TS Mills,Royal Challengers Bangalore,1,1,1,2.22,59.04,0,0,0,0,1,10.35,35.38
2019,TS Mills,Royal Challengers Bangalore,2,1,2,2.35,56.11,0,0,0,0,2,9.6,36.59
2020/21,TS Mills,Royal Challengers Bangalore,1,1,1,1.59,64.5,0,0,0,0,3,8.92,33.32
2021,TS Mills,Royal Challengers Bangalore,2,1,2,1.49,59.53,0,0,0,0,2,9.26,35.45
2022,TS Mills,Royal Challengers Bangalore,1,1,1,2.35,56.96,0,0,0,0,1,9.29,26.13
2020/21,TU Deshpande,Chennai Super Kings,8,1,3,10.6,113.6,0,0,0,0,5,9.98,26.86
2021,TU Deshpande,Delhi Capitals,7,1,6,13.73,125.65,0,0,0,0,3,9.51,33.13
2022,TU Deshpande,Rajasthan Royals,7,1,6,18.64,138.09,0,0,0,0,5,10.64,34.27
2023,TU Deshpande,Rajasthan Royals,8,1,5,10.63,137.91,0,0,0,0,11,9.72,34.16
2024,TU Deshpande,Rajasthan Royals,8,1,5,16.28,129.5,0,0,0,0,4,10.24,30.63
2025,TU Deshpande,Rajasthan Royals,4,1,4,18.05,136.76,0,0,0,0,6,10.5,29.32
2026,TU Deshpande,Rajasthan Royals,7,1,6,16.67,127.96,0,0,0,0,8,9.42,25.66
2017,Tejas Baroka,Gujarat Lions,1,1,0,24.11,127.47,0,0,0,0,0,10.29,26.04
2008,U Kaul,Kings XI Punjab,6,1,0,23.45,0,0,0,0,0,0,7.94,32.22
2013,UA Birla,Pune Warriors,2,1,6,6.18,43.9,1,0,0,0,0,7.76,29.28
2011,UBT Chand,Delhi Daredevils,4,4,37,12.47,94.64,3,2,0,0,0,9.22,26.39
2012,UBT Chand,Mumbai Indians,4,4,78,17.86,99.07,5,2,1,0,0,8.75,27.52
2013,UBT Chand,Rajasthan Royals,2,2,33,13.82,91.02,8,1,0,0,0,8.27,34.31
2014,UBT Chand,Rajasthan Royals,3,3,41,17.25,109.41,4,2,0,0,0,7.74,36.0
2015,UBT Chand,Rajasthan Royals,5,5,46,9.54,96.6,5,1,0,0,0,8.26,30.19
2016,UBT Chand,Rajasthan Royals,4,4,45,13.15,110.42,5,2,0,0,0,8.31,35.74
2025,UM Patel,Chennai Super Kings,2,2,49,25.82,234.04,7,5,1,0,0,8.39,27.4
2016,UT Khawaja,Rising Pune Supergiants,3,3,185,22.04,134.1,16,3,2,0,0,8.52,25.27
2010,UT Yadav,Delhi Daredevils,11,4,16,9.72,105.54,1,0,0,0,10,8.62,26.62
2011,UT Yadav,Gujarat Titans,11,4,7,8.57,90.98,1,1,0,0,10,7.77,32.81
2012,UT Yadav,Kolkata Knight Riders,10,4,17,11.35,97.87,1,1,0,0,5,8.34,27.65
2013,UT Yadav,Royal Challengers Bangalore,7,2,7,12.24,113.84,1,1,0,0,15,8.21,32.96
2014,UT Yadav,Royal Challengers Bangalore,11,4,19,13.07,105.63,1,1,0,0,4,8.19,32.53
2015,UT Yadav,Royal Challengers Bangalore,13,5,11,10.83,117.53,1,0,0,0,9,8.27,25.09
2016,UT Yadav,Royal Challengers Bangalore,11,4,11,8.98,106.46,1,1,0,0,9,8.44,33.17
2017,UT Yadav,Royal Challengers Bangalore,14,5,22,7.49,91.73,1,1,0,0,13,7.68,26.39
2018,UT Yadav,Royal Challengers Bangalore,13,5,22,9.43,101.8,1,0,0,0,12,8.14,32.37
2019,UT Yadav,Royal Challengers Bangalore,14,5,22,7.66,118.4,1,0,0,0,12,7.82,25.5
2020/21,UT Yadav,Royal Challengers Bangalore,10,4,19,13.07,98.87,1,1,0,0,6,7.75,24.77
2021,UT Yadav,Royal Challengers Bangalore,11,4,11,9.25,105.43,1,0,0,0,9,8.91,30.52
2022,UT Yadav,Royal Challengers Bangalore,8,3,8,11.83,107.86,1,0,0,0,10,8.82,34.78
2023,UT Yadav,Royal Challengers Bangalore,9,3,13,13.05,106.92,1,1,0,0,13,9.3,35.3
2024,UT Yadav,Royal Challengers Bangalore,12,4,6,9.27,103.44,1,1,0,0,4,8.04,31.25
2008,Umar Gul,Kolkata Knight Riders,5,3,55,8.15,219.75,1,3,1,0,20,8.27,13.51
2021,Umran Malik,Sunrisers Hyderabad,4,1,7,15.2,131.58,0,1,0,0,11,8.97,27.92
2022,Umran Malik,Sunrisers Hyderabad,8,2,9,11.37,151.84,0,1,0,0,12,9.98,31.04
2023,Umran Malik,Sunrisers Hyderabad,9,2,7,7.79,162.99,0,1,0,0,12,9.34,29.72
2024,Umran Malik,Sunrisers Hyderabad,7,2,4,14.75,149.17,0,1,0,0,10,9.61,30.66
2024,V Kaverappa,Punjab Kings,1,1,0,27.39,132.33,0,0,0,0,2,9.27,18.81
2008,V Kohli,Royal Challengers Bangalore,10,10,587,49.46,117.21,53,22,9,0,0,9.05,105.09
2009,V Kohli,Royal Challengers Bengaluru,16,16,405,51.17,135.03,27,8,1,0,0,8.98,92.93
2010,V Kohli,Royal Challengers Bengaluru,8,8,314,25.47,126.02,28,19,5,0,0,8.08,83.63
2011,V Kohli,Royal Challengers Bengaluru,16,16,307,29.55,135.86,50,18,3,0,0,8.75,75.55
2012,V Kohli,Royal Challengers Bengaluru,8,8,337,54.93,138.66,23,20,1,0,0,9.24,95.33
2013,V Kohli,Royal Challengers Bengaluru,13,13,266,47.81,131.3,60,11,1,0,0,8.18,108.55
2014,V Kohli,Royal Challengers Bengaluru,16,16,589,55.32,118.17,47,19,3,0,0,9.55,107.31
2015,V Kohli,Royal Challengers Bengaluru,16,16,584,35.44,152.55,22,20,5,1,0,9.44,107.17
2016,V Kohli,Royal Challengers Bengaluru,16,16,671,32.79,152.43,28,12,5,0,0,8.29,99.96
2017,V Kohli,Royal Challengers Bengaluru,11,11,540,33.8,125.04,58,22,3,0,0,8.13,92.46
2018,V Kohli,Royal Challengers Bengaluru,16,16,448,51.07,139.72,61,18,1,1,0,9.58,100.37
2019,V Kohli,Royal Challengers Bengaluru,9,9,684,41.15,118.68,53,23,8,0,0,9.48,106.83
2020/21,V Kohli,Royal Challengers Bengaluru,10,10,312,32.61,115.76,55,18,2,0,0,9.55,95.19
2021,V Kohli,Royal Challengers Bengaluru,8,8,407,29.35,117.02,59,16,4,0,0,8.0,89.21
2022,V Kohli,Royal Challengers Bengaluru,16,16,701,30.71,133.81,58,15,2,0,0,8.7,77.15
2023,V Kohli,Royal Challengers Bengaluru,10,10,574,51.65,144.86,48,20,4,1,0,9.18,91.2
2024,V Kohli,Royal Challengers Bengaluru,16,16,508,37.39,119.78,62,12,2,0,0,8.5,89.88
2025,V Kohli,Royal Challengers Bengaluru,16,16,464,44.18,114.95,60,21,2,0,0,9.61,89.19
2026,V Kohli,Royal Challengers Bengaluru,16,16,418,44.44,146.3,32,19,5,1,0,9.06,91.51
2025,V Nigam,Delhi Capitals,5,3,66,24.78,173.83,7,6,1,0,6,9.62,30.24
2026,V Nigam,Delhi Capitals,7,4,110,16.6,190.08,9,3,2,0,9,10.06,30.34
2012,V Pratap Singh,Deccan Chargers,9,1,0,0,0,0,0,0,0,9,7.86,24.58
2025,V Puthur,Mumbai Indians,4,1,0,21.15,132.18,0,0,0,0,4,9.93,19.23
2008,V Sehwag,Delhi Daredevils,16,16,309,19.74,162.79,44,17,5,1,1,10.21,34.48
2009,V Sehwag,Kings XI Punjab,7,7,196,23.5,168.15,26,13,2,0,1,10.73,38.04
2010,V Sehwag,Kings XI Punjab,14,14,383,31.03,167.42,53,10,1,0,1,9.79,43.79
2011,V Sehwag,Kings XI Punjab,12,12,346,28.69,169.26,42,19,1,0,1,10.96,33.67
2012,V Sehwag,Kings XI Punjab,14,14,509,24.88,140.54,55,15,6,0,0,10.01,39.02
2013,V Sehwag,Kings XI Punjab,16,16,232,30.45,138.33,42,19,2,1,1,10.41,37.23
2014,V Sehwag,Kings XI Punjab,9,9,255,29.63,171.19,40,20,1,0,1,10.05,39.81
2015,V Sehwag,Kings XI Punjab,13,13,504,26.44,152.66,57,19,5,0,1,10.24,43.45
2014,V Shankar,Chennai Super Kings,4,3,164,36.37,112.08,7,5,2,0,1,8.56,44.45
2015,V Shankar,Delhi Daredevils,5,4,101,16.64,126.84,9,3,0,0,1,8.05,32.37
2016,V Shankar,Gujarat Titans,4,3,84,26.82,120.97,9,2,0,0,1,8.87,43.17
2017,V Shankar,Sunrisers Hyderabad,6,5,158,36.13,117.42,6,5,2,0,1,9.27,39.74
2018,V Shankar,Sunrisers Hyderabad,3,2,98,27.34,136.67,9,4,1,0,1,8.2,40.49
2019,V Shankar,Sunrisers Hyderabad,7,6,141,34.9,127.01,9,6,1,0,1,9.42,39.27
2020/21,V Shankar,Sunrisers Hyderabad,3,2,81,34.02,134.31,6,4,0,0,1,9.11,42.01
2021,V Shankar,Sunrisers Hyderabad,5,4,139,20.67,125.17,4,4,2,0,1,8.78,32.11
2022,V Shankar,Sunrisers Hyderabad,4,3,61,30.38,122.28,11,6,0,0,1,9.07,31.87
2023,V Shankar,Sunrisers Hyderabad,4,3,42,25.4,124.46,10,6,0,0,0,9.27,43.45
2024,V Shankar,Sunrisers Hyderabad,8,7,127,20.84,131.24,5,4,1,0,0,8.36,34.43
2025,V Shankar,Sunrisers Hyderabad,6,5,151,17.21,139.97,4,4,2,0,1,8.67,43.91
2025,V Sooryavanshi,Rajasthan Royals,8,8,190,53.73,218.87,12,14,1,0,0,9.12,34.72
2026,V Sooryavanshi,Rajasthan Royals,5,5,148,28.83,215.93,23,14,2,0,0,9.33,27.71
2024,V Viyaskanth,Sunrisers Hyderabad,2,1,7,21.02,127.36,0,0,0,0,2,8.15,71.52
2023,V Vyshak,Punjab Kings,4,1,4,8.48,120.08,0,0,0,0,7,9.38,30.1
2024,V Vyshak,Royal Challengers Bangalore,7,1,4,6.91,100.6,0,0,0,0,8,10.7,25.55
2025,V Vyshak,Royal Challengers Bengaluru,6,1,5,5.01,108.8,0,0,0,0,3,10.27,37.13
2026,V Vyshak,Royal Challengers Bengaluru,3,1,4,9.46,99.42,0,0,0,0,7,10.5,25.46
2022,VG Arora,Kolkata Knight Riders,4,1,3,2.99,39.28,0,0,0,0,4,9.56,25.45
2023,VG Arora,Punjab Kings,6,2,2,2.6,39.01,0,0,0,0,6,10.64,29.18
2024,VG Arora,Punjab Kings,6,2,1,3.04,43.13,0,0,0,0,10,10.6,30.23
2025,VG Arora,Punjab Kings,6,2,2,1.95,42.59,0,0,0,0,13,8.86,26.67
2026,VG Arora,Punjab Kings,6,2,1,1.52,33.81,0,0,0,0,12,10.53,30.06
2014,VH Zol,Royal Challengers Bangalore,3,2,25,18.4,123.12,2,1,0,0,0,7.7,28.19
2011,VR Aaron,Delhi Daredevils,4,1,3,10.3,70.99,0,0,0,0,5,8.89,36.34
2012,VR Aaron,Gujarat Titans,3,1,2,10.54,71.39,0,0,0,0,5,8.62,28.97
2013,VR Aaron,Kings XI Punjab,4,1,6,10.74,59.58,0,0,0,0,3,9.66,30.58
2014,VR Aaron,Rajasthan Royals,5,1,3,6.65,60.57,0,0,0,0,4,8.12,32.8
2015,VR Aaron,Royal Challengers Bangalore,6,2,6,6.87,63.59,0,0,0,0,5,8.48,35.16
2016,VR Aaron,Royal Challengers Bangalore,3,1,4,13.37,75.59,0,0,0,0,2,8.73,37.69
2017,VR Aaron,Royal Challengers Bangalore,6,2,4,9.23,77.75,0,0,0,0,4,8.78,34.07
2018,VR Aaron,Royal Challengers Bangalore,2,1,3,10.45,72.72,0,0,0,0,6,9.29,29.82
2019,VR Aaron,Royal Challengers Bangalore,6,2,6,8.16,73.29,0,0,0,0,6,9.37,40.0
2020/21,VR Aaron,Royal Challengers Bangalore,4,1,6,11.7,64.73,0,0,0,0,6,9.68,37.68
2021,VR Aaron,Royal Challengers Bangalore,5,1,6,13.86,76.52,0,0,0,0,6,8.52,32.39
2022,VR Aaron,Royal Challengers Bangalore,3,1,2,12.68,78.16,0,0,0,0,3,8.29,32.24
2021,VR Iyer,Kolkata Knight Riders,12,11,170,39.69,145.75,21,12,2,0,0,11.5,47.59
2022,VR Iyer,Royal Challengers Bengaluru,12,11,182,40.88,150.42,21,8,1,0,0,11.23,40.08
2023,VR Iyer,Royal Challengers Bengaluru,12,11,132,34.17,121.38,21,14,1,1,0,9.87,47.98
2024,VR Iyer,Royal Challengers Bengaluru,7,6,126,27.15,143.47,14,7,1,1,0,11.6,44.71
2025,VR Iyer,Royal Challengers Bengaluru,8,7,156,25.83,157.89,15,14,2,0,1,9.94,41.38
2026,VR Iyer,Royal Challengers Bengaluru,9,8,282,42.09,134.25,19,16,4,0,0,9.89,48.08
2008,VRV Singh,Kings XI Punjab,4,1,1,2.33,125.89,0,0,0,0,5,9.02,36.4
2009,VRV Singh,Kings XI Punjab,7,1,1,2.21,117.5,0,0,0,0,4,8.86,44.06
2010,VRV Singh,Kings XI Punjab,9,1,2,1.62,126.48,0,0,0,0,2,8.19,41.84
2009,VS Malik,Kings XI Punjab,2,1,1,4.92,113.75,0,0,0,0,1,7.7,34.91
2010,VS Malik,Rajasthan Royals,3,1,1,6.33,103.21,0,0,0,0,0,7.33,38.49
2011,VS Malik,Rajasthan Royals,1,1,1,7.63,93.28,0,0,0,0,2,7.03,46.72
2012,VS Malik,Rajasthan Royals,2,1,2,7.1,85.22,0,0,0,0,1,7.17,36.05
2013,VS Malik,Rajasthan Royals,2,1,1,4.77,113.71,0,0,0,0,2,7.02,44.94
2014,VS Malik,Rajasthan Royals,2,1,1,6.92,91.38,0,0,0,0,1,8.33,42.93
2008,VS Yeligati,Mumbai Indians,1,1,1,2.63,100.56,0,0,0,0,0,12.57,27.73
2008,VVS Laxman,Deccan Chargers,7,7,98,16.96,104.21,6,1,0,0,0,8.18,35.24
2009,VVS Laxman,Kochi Tuskers Kerala,4,4,28,13.88,112.7,11,1,0,0,0,8.69,30.14
2010,VVS Laxman,Kochi Tuskers Kerala,5,5,98,12.39,121.28,11,1,1,0,0,8.43,26.0
2011,VVS Laxman,Kochi Tuskers Kerala,3,3,99,11.23,110.33,8,1,1,0,0,8.21,24.58
2008,VY Mahesh,Chennai Super Kings,3,1,4,9.97,51.55,0,0,0,0,2,9.65,26.77
2009,VY Mahesh,Delhi Daredevils,2,1,2,6.71,50.46,0,0,0,0,5,9.38,24.59
2010,VY Mahesh,Delhi Daredevils,4,1,3,8.23,54.86,0,0,0,0,4,9.51,25.67
2011,VY Mahesh,Delhi Daredevils,3,1,2,4.91,57.47,0,0,0,0,2,8.3,22.5
2012,VY Mahesh,Delhi Daredevils,4,1,5,9.81,50.11,0,0,0,0,1,8.68,24.14
2021,Virat Singh,Sunrisers Hyderabad,2,1,21,8.16,59.7,1,0,0,0,0,8.66,35.09
2017,Vishnu Vinod,Mumbai Indians,1,1,9,7.68,97.83,0,0,0,0,0,8.11,29.34
2018,Vishnu Vinod,Royal Challengers Bangalore,1,1,8,12.22,103.29,0,0,0,0,0,7.99,26.26
2019,Vishnu Vinod,Royal Challengers Bangalore,1,1,3,6.85,101.99,1,0,0,0,0,8.74,35.19
2020/21,Vishnu Vinod,Royal Challengers Bangalore,1,1,6,6.15,91.97,1,1,0,0,0,9.05,28.03
2021,Vishnu Vinod,Royal Challengers Bangalore,1,1,8,10.29,101.73,0,0,0,0,0,9.3,30.74
2022,Vishnu Vinod,Royal Challengers Bangalore,1,1,5,8.15,90.84,0,0,0,0,0,7.94,24.77
2023,Vishnu Vinod,Royal Challengers Bangalore,1,1,11,12.62,96.25,1,1,0,0,0,8.63,30.78
2023,Vivrant Sharma,Sunrisers Hyderabad,2,1,57,84.43,143.07,5,3,1,0,0,12.44,31.97
2008,W Jaffer,Royal Challengers Bangalore,6,6,82,12.48,102.22,6,2,0,0,0,7.95,34.32
2009,W Jaffer,Royal Challengers Bangalore,3,3,46,13.15,95.39,6,2,0,0,0,9.04,31.53
2025,W O'Rourke,Lucknow Super Giants,2,1,0,13.7,125.26,0,0,0,0,4,11.81,23.04
2008,WA Mota,Kings XI Punjab,3,2,39,6.18,66.25,1,0,0,0,2,8.25,21.42
2009,WA Mota,Kings XI Punjab,7,5,18,8.25,69.48,1,0,0,0,2,7.34,21.26
2011,WD Parnell,Delhi Daredevils,3,1,7,6.21,82.9,0,0,0,0,2,7.3,27.29
2012,WD Parnell,Pune Warriors,4,2,6,6.17,88.03,0,0,0,0,3,7.0,23.37
2013,WD Parnell,Royal Challengers Bangalore,2,1,6,7.85,82.08,0,0,0,0,3,8.51,27.84
2014,WD Parnell,Royal Challengers Bangalore,3,1,4,6.87,82.86,0,0,0,0,3,8.47,32.11
2015,WD Parnell,Royal Challengers Bangalore,3,1,7,7.45,75.71,0,0,0,0,1,7.36,28.48
2016,WD Parnell,Royal Challengers Bangalore,2,1,3,8.31,77.03,0,0,0,0,4,8.4,31.04
2017,WD Parnell,Royal Challengers Bangalore,2,1,3,7.93,83.52,0,0,0,0,2,8.49,26.79
2018,WD Parnell,Royal Challengers Bangalore,3,1,3,4.36,73.0,0,0,0,0,1,8.1,28.85
2019,WD Parnell,Royal Challengers Bangalore,2,1,5,7.99,91.85,0,0,0,0,4,8.06,24.52
2020/21,WD Parnell,Royal Challengers Bangalore,3,1,8,7.44,93.4,0,0,0,0,4,7.71,27.55
2021,WD Parnell,Royal Challengers Bangalore,2,1,4,6.25,73.67,0,0,0,0,2,7.8,23.6
2022,WD Parnell,Royal Challengers Bangalore,2,1,6,4.78,86.3,0,0,0,0,4,7.84,21.9
2023,WD Parnell,Royal Challengers Bangalore,3,1,5,7.45,70.23,0,0,0,0,3,8.34,29.22
2024,WG Jacks,Mumbai Indians,8,7,121,16.38,165.98,14,11,1,0,4,8.63,22.87
2025,WG Jacks,Royal Challengers Bengaluru,12,11,345,33.41,141.55,18,12,1,0,6,8.93,26.53
2008,WP Saha,Chennai Super Kings,14,12,128,18.65,143.95,9,7,1,0,0,9.09,25.52
2009,WP Saha,Gujarat Titans,9,8,118,25.62,135.28,15,6,1,0,0,9.1,30.34
2010,WP Saha,Kings XI Punjab,10,9,106,25.57,129.4,26,5,0,0,0,7.93,27.68
2011,WP Saha,Kolkata Knight Riders,13,11,77,30.14,108.49,21,6,1,0,0,8.95,29.62
2012,WP Saha,Sunrisers Hyderabad,14,12,241,27.85,132.26,11,3,3,0,0,8.23,26.56
2013,WP Saha,Sunrisers Hyderabad,10,9,167,24.85,110.39,25,5,0,0,0,8.05,33.16
2014,WP Saha,Sunrisers Hyderabad,10,9,76,16.77,117.24,12,7,1,0,0,7.66,35.1
2015,WP Saha,Sunrisers Hyderabad,8,7,227,32.31,111.0,15,6,2,0,0,8.05,35.08
2016,WP Saha,Sunrisers Hyderabad,13,11,212,17.61,124.2,12,6,3,1,0,7.8,27.63
2017,WP Saha,Sunrisers Hyderabad,15,13,264,27.95,112.92,12,7,2,0,0,9.05,31.69
2018,WP Saha,Sunrisers Hyderabad,8,7,252,28.23,121.0,18,6,1,0,0,8.16,26.03
2019,WP Saha,Sunrisers Hyderabad,13,11,175,20.77,115.58,12,4,2,0,0,8.41,31.35
2020/21,WP Saha,Sunrisers Hyderabad,8,7,119,26.98,121.69,21,4,2,0,0,8.68,24.0
2021,WP Saha,Sunrisers Hyderabad,14,12,265,28.86,111.35,17,4,4,0,0,7.91,27.14
2022,WP Saha,Sunrisers Hyderabad,6,5,110,24.19,109.23,10,3,1,0,0,8.11,25.38
2023,WP Saha,Sunrisers Hyderabad,9,8,239,22.56,119.81,25,5,4,0,0,7.91,24.89
2024,WP Saha,Sunrisers Hyderabad,7,6,170,24.43,144.57,14,5,2,0,0,9.28,29.75
2008,WPUJC Vaas,Deccan Chargers,4,3,17,13.3,97.27,1,1,0,0,4,7.13,19.63
2009,WPUJC Vaas,Deccan Chargers,3,3,14,9.73,100.0,1,1,0,0,10,7.8,19.59
2010,WPUJC Vaas,Deccan Chargers,5,4,39,8.92,104.57,1,1,0,0,6,7.43,16.75
2017,Washington Sundar,Gujarat Titans,10,7,96,12.18,111.74,8,2,0,0,4,8.32,41.87
2018,Washington Sundar,Rising Pune Supergiant,6,4,31,10.29,146.27,4,3,0,0,3,8.0,34.91
2019,Washington Sundar,Royal Challengers Bangalore,10,7,63,10.77,131.96,3,1,1,0,3,8.33,35.72
2020/21,Washington Sundar,Sunrisers Hyderabad,5,4,79,16.68,143.27,4,1,0,0,5,8.13,30.53
2021,Washington Sundar,Sunrisers Hyderabad,8,6,90,21.96,135.01,6,3,1,0,7,7.94,41.75
2022,Washington Sundar,Sunrisers Hyderabad,8,6,96,10.62,116.55,7,1,0,0,2,8.18,33.05
2023,Washington Sundar,Sunrisers Hyderabad,8,6,29,19.6,147.97,7,2,0,0,5,8.49,38.07
2024,Washington Sundar,Sunrisers Hyderabad,8,6,68,16.08,149.3,3,2,1,0,3,7.63,37.34
2025,Washington Sundar,Sunrisers Hyderabad,5,4,68,15.33,144.66,4,1,1,0,6,7.59,31.01
2026,Washington Sundar,Sunrisers Hyderabad,5,4,26,15.6,142.61,8,2,0,0,3,7.06,39.44
2013,X Thalaivan Sargunam,Sunrisers Hyderabad,1,1,11,11.62,52.49,0,0,0,0,0,8.65,24.95
2025,XC Bartlett,Punjab Kings,5,1,12,30.79,123.15,0,1,0,0,3,9.86,42.42
2026,XC Bartlett,Punjab Kings,6,2,5,19.14,93.54,0,1,0,0,3,10.64,39.6
2011,Y Gnaneswara Rao,Kochi Tuskers Kerala,1,1,10,24.18,100.56,4,0,0,0,0,7.21,24.07
2009,Y Nagar,Delhi Daredevils,9,7,97,18.87,115.78,7,2,0,0,1,12.45,37.02
2010,Y Nagar,Delhi Daredevils,8,6,112,14.08,122.94,3,2,2,0,1,10.75,28.01
2011,Y Nagar,Delhi Daredevils,8,6,35,16.16,107.09,6,1,0,0,1,11.17,34.12
2012,Y Nagar,Delhi Daredevils,9,7,74,20.78,96.29,7,1,0,0,1,10.94,31.46
2019,Y Prithvi Raj,Kolkata Knight Riders,2,1,0,20.01,0,0,0,0,0,0,10.69,61.21
2008,Y Venugopal Rao,Deccan Chargers,6,5,158,15.24,112.11,9,3,0,0,1,10.15,60.07
2009,Y Venugopal Rao,Delhi Daredevils,6,5,216,15.11,113.72,15,6,2,0,0,9.86,53.26
2010,Y Venugopal Rao,Sunrisers Hyderabad,10,8,73,18.27,101.85,10,7,0,0,0,8.69,50.37
2011,Y Venugopal Rao,Sunrisers Hyderabad,8,7,80,15.13,119.98,12,7,1,0,0,9.41,59.15
2012,Y Venugopal Rao,Sunrisers Hyderabad,9,7,71,14.8,121.91,13,5,0,0,1,9.42,51.83
2013,Y Venugopal Rao,Sunrisers Hyderabad,5,4,194,26.71,109.18,6,8,1,1,1,8.43,59.01
2014,Y Venugopal Rao,Sunrisers Hyderabad,5,4,107,22.58,111.14,14,3,1,0,1,8.6,61.54
2009,YA Abdulla,Kings XI Punjab,6,1,0,14.35,0,0,0,0,0,7,8.46,24.0
2010,YA Abdulla,Kings XI Punjab,5,1,0,21.74,0,0,0,0,0,6,8.04,17.22
2020/21,YBK Jaiswal,Rajasthan Royals,5,5,447,46.5,133.83,47,13,5,0,0,37.46,25.28
2021,YBK Jaiswal,Rajasthan Royals,12,12,406,25.59,160.12,41,18,6,0,0,36.72,29.86
2022,YBK Jaiswal,Rajasthan Royals,10,10,365,39.15,141.01,34,9,5,0,0,38.86,24.67
2023,YBK Jaiswal,Rajasthan Royals,6,6,224,38.17,169.91,58,8,0,0,0,35.31,24.31
2024,YBK Jaiswal,Rajasthan Royals,12,12,253,24.84,164.48,21,14,3,0,0,33.79,34.73
2025,YBK Jaiswal,Rajasthan Royals,10,10,286,45.31,136.76,43,20,2,0,0,38.12,33.44
2026,YBK Jaiswal,Rajasthan Royals,13,13,155,44.92,152.76,23,20,0,0,0,39.08,32.33
2008,YK Pathan,Kolkata Knight Riders,12,11,381,33.62,125.85,13,13,5,0,3,7.24,32.61
2009,YK Pathan,Rajasthan Royals,9,8,119,28.98,126.01,22,14,1,0,4,6.69,31.5
2010,YK Pathan,Sunrisers Hyderabad,16,14,166,39.56,139.08,21,8,0,0,3,7.95,28.8
2011,YK Pathan,Sunrisers Hyderabad,16,14,167,37.78,147.58,29,12,1,0,4,7.62,34.17
2012,YK Pathan,Sunrisers Hyderabad,16,14,344,21.93,121.96,24,18,5,0,2,7.07,28.91
2013,YK Pathan,Sunrisers Hyderabad,16,14,146,33.54,124.29,29,7,0,1,2,7.99,34.28
2014,YK Pathan,Sunrisers Hyderabad,16,14,387,25.5,134.79,29,8,2,0,5,7.98,34.6
2015,YK Pathan,Sunrisers Hyderabad,16,14,154,25.67,145.04,12,11,0,0,1,7.75,37.74
2016,YK Pathan,Sunrisers Hyderabad,16,14,109,26.58,138.46,31,13,0,0,5,7.81,37.23
2017,YK Pathan,Sunrisers Hyderabad,15,13,280,26.33,139.05,15,19,3,0,6,7.27,32.52
2018,YK Pathan,Sunrisers Hyderabad,16,14,253,21.79,139.15,26,9,2,1,6,7.5,30.98
2019,YK Pathan,Sunrisers Hyderabad,16,14,309,28.24,144.68,26,10,4,0,5,7.65,30.52
2013,YS Chahal,Mumbai Indians,12,1,2,6.52,46.95,0,0,0,0,15,8.65,18.64
2014,YS Chahal,Punjab Kings,13,1,4,6.84,47.86,0,0,0,0,27,8.01,25.76
2015,YS Chahal,Rajasthan Royals,7,1,2,5.59,48.44,0,0,0,0,9,7.9,22.27
2016,YS Chahal,Royal Challengers Bangalore,8,1,2,5.8,45.04,0,0,0,0,17,7.66,23.31
2017,YS Chahal,Royal Challengers Bangalore,16,2,2,4.41,38.85,0,0,0,0,15,7.86,24.91
2018,YS Chahal,Royal Challengers Bangalore,12,1,2,7.04,39.57,0,0,0,0,16,8.07,20.47
2019,YS Chahal,Royal Challengers Bangalore,16,2,2,6.38,47.34,0,0,0,0,27,8.66,18.65
2020/21,YS Chahal,Royal Challengers Bangalore,12,1,3,6.56,45.15,0,0,0,0,6,8.6,23.44
2021,YS Chahal,Royal Challengers Bangalore,14,2,4,5.84,46.79,0,0,0,0,23,8.51,25.79
2022,YS Chahal,Royal Challengers Bangalore,14,2,2,3.56,37.08,0,0,0,0,21,7.72,24.92
2023,YS Chahal,Royal Challengers Bangalore,16,2,3,5.68,38.41,0,0,0,0,5,7.89,26.62
2024,YS Chahal,Royal Challengers Bangalore,7,1,2,4.33,41.01,0,0,0,0,24,8.49,21.75
2025,YS Chahal,Royal Challengers Bangalore,8,1,2,3.82,47.98,0,0,0,0,24,7.2,19.3
2026,YS Chahal,Royal Challengers Bangalore,14,2,1,3.99,36.94,0,0,0,0,21,8.19,24.74
2023,YV Dhull,Delhi Capitals,2,2,22,3.85,74.4,1,0,0,0,0,8.68,33.97
2008,YV Takawale,Mumbai Indians,2,1,27,26.14,100.45,5,0,0,0,0,9.12,27.9
2009,YV Takawale,Royal Challengers Bangalore,2,1,25,33.16,111.24,3,0,0,0,0,8.89,34.65
2010,YV Takawale,Royal Challengers Bangalore,3,2,28,27.39,105.89,5,0,0,0,0,9.05,28.4
2011,YV Takawale,Royal Challengers Bangalore,2,1,24,27.48,119.1,3,0,0,0,0,8.6,28.36
2012,YV Takawale,Royal Challengers Bangalore,3,2,22,16.06,106.79,2,0,0,0,0,8.06,35.93
2013,YV Takawale,Royal Challengers Bangalore,2,1,26,22.23,98.05,6,0,0,0,0,8.88,35.45
2014,YV Takawale,Royal Challengers Bangalore,3,2,44,30.15,107.77,5,1,0,0,0,9.26,35.62
2022,Yash Dayal,Gujarat Titans,9,1,1,1.63,47.51,0,0,0,0,6,8.63,36.42
2023,Yash Dayal,Royal Challengers Bengaluru,9,1,1,1.67,43.18,0,0,0,0,7,9.39,28.38
2024,Yash Dayal,Royal Challengers Bengaluru,6,1,0,1.75,46.8,0,0,0,0,6,9.61,35.64
2025,Yash Dayal,Royal Challengers Bengaluru,14,1,1,1.34,41.97,0,0,0,0,5,9.84,33.04
2023,Yash Thakur,Lucknow Super Giants,9,1,0,21.07,124.11,0,0,0,0,8,9.6,35.7
2024,Yash Thakur,Punjab Kings,6,1,0,16.21,115.89,0,0,0,0,13,10.08,33.12
2025,Yash Thakur,Punjab Kings,10,1,0,15.13,113.42,0,0,0,0,7,9.88,24.71
2009,Yashpal Singh,Kolkata Knight Riders,5,2,56,11.75,61.81,3,0,0,0,0,8.12,30.23
2008,Younis Khan,Rajasthan Royals,1,1,4,2.6,42.16,0,0,0,0,0,8.14,31.74
2023,Yudhvir Singh,Lucknow Super Giants,2,1,9,7.7,139.55,0,1,0,0,4,10.43,30.23
2024,Yudhvir Singh,Rajasthan Royals,3,1,9,5.61,132.96,0,1,0,0,3,11.56,27.91
2025,Yudhvir Singh,Rajasthan Royals,4,2,7,5.39,154.03,0,1,0,0,2,10.02,27.11
2008,Yuvraj Singh,Delhi Daredevils,12,11,360,29.25,133.68,14,13,6,0,2,8.07,24.26
2009,Yuvraj Singh,Kings XI Punjab,15,14,172,29.14,123.16,18,18,1,0,5,8.06,30.99
2010,Yuvraj Singh,Mumbai Indians,16,15,114,29.29,136.88,26,12,1,0,4,7.71,24.44
2011,Yuvraj Singh,Pune Warriors,12,11,117,16.45,115.64,11,8,1,0,2,7.8,28.01
2012,Yuvraj Singh,Royal Challengers Bangalore,11,10,100,20.62,114.46,18,6,1,0,3,7.18,35.85
2013,Yuvraj Singh,Sunrisers Hyderabad,10,10,261,29.74,118.26,13,16,2,0,2,7.76,24.25
2014,Yuvraj Singh,Sunrisers Hyderabad,10,10,354,32.31,122.3,10,16,1,0,2,7.63,24.86
2015,Yuvraj Singh,Sunrisers Hyderabad,16,15,314,30.93,119.7,10,11,2,0,4,8.11,29.68
2016,Yuvraj Singh,Sunrisers Hyderabad,15,14,168,21.62,147.6,11,8,2,1,3,6.91,27.18
2017,Yuvraj Singh,Sunrisers Hyderabad,16,15,351,24.81,130.48,18,8,1,0,4,6.94,26.39
2018,Yuvraj Singh,Sunrisers Hyderabad,11,10,274,23.79,112.53,27,14,3,0,3,7.61,32.0
2019,Yuvraj Singh,Sunrisers Hyderabad,15,14,317,20.82,142.38,10,9,1,0,3,7.66,35.46
2008,Z Khan,Delhi Daredevils,9,3,12,8.26,73.44,1,0,0,0,4,7.27,26.04
2009,Z Khan,Mumbai Indians,11,4,9,7.87,77.66,1,0,0,0,10,7.9,30.62
2010,Z Khan,Royal Challengers Bangalore,8,3,15,5.91,75.26,1,0,0,0,6,8.04,25.63
2011,Z Khan,Royal Challengers Bangalore,8,3,6,5.05,76.38,1,0,0,0,14,8.06,31.95
2012,Z Khan,Royal Challengers Bangalore,15,5,18,10.96,88.3,1,0,0,0,7,8.28,22.27
2013,Z Khan,Royal Challengers Bangalore,12,4,14,5.79,90.98,1,0,0,0,13,8.06,24.22
2014,Z Khan,Royal Challengers Bangalore,11,4,16,6.16,92.67,1,0,0,0,15,8.16,32.59
2015,Z Khan,Royal Challengers Bangalore,14,4,7,11.61,79.46,1,0,0,0,5,7.07,27.73
2016,Z Khan,Royal Challengers Bangalore,10,3,12,6.96,80.06,2,0,0,0,15,7.0,31.08
2017,Z Khan,Royal Challengers Bangalore,13,4,16,11.0,85.8,1,0,0,0,4,7.01,27.13
2025,Zeeshan Ansari,Sunrisers Hyderabad,9,1,0,23.64,115.14,0,0,0,0,8,10.39,48.46
