match_id,season,player_name,team_name,available,reason
335982,2008,T Natarajan,Kolkata Knight Riders,Yes,Fit
335982,2008,DJ Hooda,Royal Challengers Bangalore,Yes,Fit
335982,2008,KS Williamson,Royal Challengers Bangalore,Yes,Fit
335982,2008,N Rana,Royal Challengers Bangalore,Yes,Fit
335982,2008,AT Rayudu,Royal Challengers Bangalore,Yes,Fit
335982,2008,NV Ojha,Royal Challengers Bangalore,Yes,Fit
335982,2008,RD Gaikwad,Royal Challengers Bangalore,Yes,Fit
335982,2008,SS Tiwary,Kolkata Knight Riders,Yes,Fit
335982,2008,MA Agarwal,Kolkata Knight Riders,Yes,Fit
335982,2008,MM Ali,Royal Challengers Bangalore,Yes,Fit
335982,2008,Mohammed Siraj,Kolkata Knight Riders,Yes,Fit
335982,2008,MA Starc,Royal Challengers Bangalore,Yes,Fit
335982,2008,JH Kallis,Royal Challengers Bangalore,Yes,Fit
335982,2008,JC Buttler,Royal Challengers Bangalore,Yes,Fit
335982,2008,DW Steyn,Royal Challengers Bangalore,Yes,Fit
335982,2008,DS Kulkarni,Royal Challengers Bangalore,Yes,Fit
335982,2008,M Vijay,Kolkata Knight Riders,Yes,Fit
335982,2008,CV Varun,Kolkata Knight Riders,Yes,Fit
335982,2008,NT Tilak Varma,Kolkata Knight Riders,Yes,Fit
335982,2008,M Prasidh Krishna,Kolkata Knight Riders,Yes,Fit
1082591,2017,MG Johnson,Sunrisers Hyderabad,Yes,Fit
1082591,2017,MM Ali,Sunrisers Hyderabad,Yes,Fit
1082591,2017,JH Kallis,Sunrisers Hyderabad,No,Shoulder injury
1082591,2017,DW Steyn,Sunrisers Hyderabad,Yes,Fit
1082591,2017,TA Boult,Royal Challengers Bangalore,Yes,Fit
1082591,2017,MC Henriques,Royal Challengers Bangalore,Yes,Fit
1082591,2017,JP Faulkner,Sunrisers Hyderabad,Yes,Fit
1082591,2017,B Kumar,Sunrisers Hyderabad,Yes,Fit
1082591,2017,M Morkel,Royal Challengers Bangalore,Yes,Fit
1082591,2017,Shubman Gill,Royal Challengers Bangalore,Yes,Fit
1082591,2017,SS Iyer,Sunrisers Hyderabad,Yes,Fit
1082591,2017,DJ Bravo,Sunrisers Hyderabad,Yes,Fit
1082591,2017,Mohammed Shami,Sunrisers Hyderabad,Yes,Fit
1082591,2017,RA Tripathi,Sunrisers Hyderabad,Yes,Fit
1082591,2017,CV Varun,Sunrisers Hyderabad,Yes,Fit
1082591,2017,Imran Tahir,Sunrisers Hyderabad,Yes,Fit
1082591,2017,JP Duminy,Royal Challengers Bangalore,Yes,Fit
1082591,2017,BJ Hodge,Royal Challengers Bangalore,Yes,Fit
1082591,2017,AJ Finch,Sunrisers Hyderabad,Yes,Fit
1082591,2017,I Sharma,Sunrisers Hyderabad,No,Calf injury
1082592,2017,PP Chawla,Mumbai Indians,Yes,Fit
1082592,2017,RD Chahar,Rising Pune Supergiant,Yes,Fit
1082592,2017,K Rabada,Mumbai Indians,Yes,Fit
1082592,2017,F du Plessis,Rising Pune Supergiant,Yes,Fit
1082592,2017,CH Gayle,Rising Pune Supergiant,Yes,Fit
1082592,2017,G Gambhir,Rising Pune Supergiant,Yes,Fit
1082592,2017,SP Narine,Rising Pune Supergiant,Yes,Fit
1082592,2017,CH Morris,Rising Pune Supergiant,Yes,Fit
1082592,2017,B Sai Sudharsan,Mumbai Indians,Yes,Fit
1082592,2017,KL Rahul,Rising Pune Supergiant,Yes,Fit
1082592,2017,AM Rahane,Mumbai Indians,Yes,Fit
1082592,2017,Z Khan,Mumbai Indians,Yes,Fit
1082592,2017,Ishan Kishan,Mumbai Indians,Yes,Fit
1082592,2017,DJ Bravo,Mumbai Indians,Yes,Fit
1082592,2017,PJ Cummins,Mumbai Indians,Yes,Fit
1082592,2017,A Symonds,Rising Pune Supergiant,Yes,Fit
1082592,2017,AJ Finch,Rising Pune Supergiant,Yes,Fit
1082592,2017,D Padikkal,Rising Pune Supergiant,Yes,Fit
1082592,2017,DS Kulkarni,Rising Pune Supergiant,Yes,Fit
1082592,2017,MJ McClenaghan,Mumbai Indians,Yes,Fit
1082593,2017,AJ Finch,Kolkata Knight Riders,Yes,Fit
1082593,2017,MA Agarwal,Kolkata Knight Riders,Yes,Fit
1082593,2017,RD Gaikwad,Kolkata Knight Riders,Yes,Fit
1082593,2017,Mandeep Singh,Kolkata Knight Riders,Yes,Fit
1082593,2017,MG Johnson,Kolkata Knight Riders,Yes,Fit
1082593,2017,KD Karthik,Kolkata Knight Riders,Yes,Fit
1082593,2017,F du Plessis,Kolkata Knight Riders,Yes,Fit
1082593,2017,Avesh Khan,Kolkata Knight Riders,Yes,Fit
1082593,2017,MS Dhoni,Gujarat Lions,Yes,Fit
1082593,2017,NV Ojha,Kolkata Knight Riders,Yes,Fit
1082593,2017,CH Morris,Kolkata Knight Riders,Yes,Fit
1082593,2017,M Prasidh Krishna,Gujarat Lions,Yes,Fit
1082593,2017,DJ Hussey,Gujarat Lions,Yes,Fit
1082593,2017,YK Pathan,Gujarat Lions,Yes,Fit
1082593,2017,T Natarajan,Kolkata Knight Riders,Yes,Fit
1082593,2017,RR Pant,Gujarat Lions,Yes,Fit
1082593,2017,JJ Bumrah,Gujarat Lions,Yes,Fit
1082593,2017,GJ Maxwell,Kolkata Knight Riders,Yes,Fit
1082593,2017,DR Smith,Kolkata Knight Riders,Yes,Fit
1082593,2017,JP Duminy,Gujarat Lions,Yes,Fit
1082594,2017,P Kumar,Rising Pune Supergiant,Yes,Fit
1082594,2017,AB Dinda,Punjab Kings,Yes,Fit
1082594,2017,JC Buttler,Punjab Kings,Yes,Fit
1082594,2017,MP Stoinis,Punjab Kings,Yes,Fit
1082594,2017,BJ Hodge,Punjab Kings,Yes,Fit
1082594,2017,Q de Kock,Punjab Kings,Yes,Fit
1082594,2017,S Dhawan,Punjab Kings,Yes,Fit
1082594,2017,MC Henriques,Rising Pune Supergiant,Yes,Fit
1082594,2017,M Prasidh Krishna,Rising Pune Supergiant,No,Fever
1082594,2017,R Bhatia,Rising Pune Supergiant,Yes,Fit
1082594,2017,BB McCullum,Rising Pune Supergiant,Yes,Fit
1082594,2017,RV Uthappa,Punjab Kings,No,Travel delay
1082594,2017,DJ Hooda,Punjab Kings,Yes,Fit
1082594,2017,V Shankar,Punjab Kings,Yes,Fit
1082594,2017,SR Watson,Rising Pune Supergiant,Yes,Fit
1082594,2017,IK Pathan,Rising Pune Supergiant,Yes,Fit
1082594,2017,DR Smith,Rising Pune Supergiant,Yes,Fit
1082594,2017,SN Thakur,Rising Pune Supergiant,Yes,Fit
1082594,2017,PP Shaw,Rising Pune Supergiant,Yes,Fit
1082594,2017,DL Chahar,Punjab Kings,Yes,Fit
1082595,2017,PJ Cummins,Delhi Capitals,Yes,Fit
1082595,2017,Mohammed Shami,Delhi Capitals,Yes,Fit
1082595,2017,L Balaji,Royal Challengers Bangalore,Yes,Fit
1082595,2017,Shubman Gill,Royal Challengers Bangalore,Yes,Fit
1082595,2017,RA Tripathi,Delhi Capitals,Yes,Fit
1082595,2017,JP Duminy,Royal Challengers Bangalore,Yes,Fit
1082595,2017,Shakib Al Hasan,Royal Challengers Bangalore,Yes,Fit
1082595,2017,RP Singh,Royal Challengers Bangalore,Yes,Fit
1082595,2017,MR Marsh,Royal Challengers Bangalore,Yes,Fit
1082595,2017,AR Patel,Royal Challengers Bangalore,No,Suspension
1082595,2017,JP Faulkner,Royal Challengers Bangalore,Yes,Fit
1082595,2017,AJ Finch,Royal Challengers Bangalore,Yes,Fit
1082595,2017,WP Saha,Delhi Capitals,Yes,Fit
1082595,2017,MS Dhoni,Delhi Capitals,Yes,Fit
1082595,2017,SV Samson,Delhi Capitals,Yes,Fit
1082595,2017,N Pooran,Delhi Capitals,No,Covid protocol
1082595,2017,RD Gaikwad,Royal Challengers Bangalore,Yes,Fit
1082595,2017,MEK Hussey,Royal Challengers Bangalore,Yes,Fit
1082595,2017,DR Smith,Delhi Capitals,Yes,Fit
1082595,2017,K Rabada,Delhi Capitals,Yes,Fit
1082596,2017,YBK Jaiswal,Sunrisers Hyderabad,Yes,Fit
1082596,2017,RV Uthappa,Gujarat Lions,Yes,Fit
1082596,2017,DA Warner,Sunrisers Hyderabad,Yes,Fit
1082596,2017,RG Sharma,Gujarat Lions,Yes,Fit
1082596,2017,AK Markram,Sunrisers Hyderabad,Yes,Fit
1082596,2017,M Morkel,Gujarat Lions,Yes,Fit
1082596,2017,PA Patel,Gujarat Lions,Yes,Fit
1082596,2017,A Nehra,Gujarat Lions,Yes,Fit
1082596,2017,N Pooran,Sunrisers Hyderabad,Yes,Fit
1082596,2017,MG Johnson,Gujarat Lions,Yes,Fit
1082596,2017,RP Singh,Sunrisers Hyderabad,Yes,Fit
1082596,2017,Ishan Kishan,Gujarat Lions,Yes,Fit
1082596,2017,CV Varun,Gujarat Lions,Yes,Fit
1082596,2017,MR Marsh,Gujarat Lions,Yes,Fit
1082596,2017,G Gambhir,Gujarat Lions,Yes,Fit
1082596,2017,Harbhajan Singh,Sunrisers Hyderabad,Yes,Fit
1082596,2017,PP Chawla,Gujarat Lions,Yes,Fit
1082596,2017,BB McCullum,Gujarat Lions,Yes,Fit
1082596,2017,P Kumar,Gujarat Lions,Yes,Fit
1082596,2017,UT Yadav,Sunrisers Hyderabad,Yes,Fit
1082597,2017,D Padikkal,Mumbai Indians,Yes,Fit
1082597,2017,R Vinay Kumar,Kolkata Knight Riders,Yes,Fit
1082597,2017,KV Sharma,Kolkata Knight Riders,Yes,Fit
1082597,2017,RA Jadeja,Mumbai Indians,Yes,Fit
1082597,2017,AC Gilchrist,Kolkata Knight Riders,Yes,Fit
1082597,2017,NT Tilak Varma,Mumbai Indians,Yes,Fit
1082597,2017,MP Stoinis,Mumbai Indians,No,Shoulder injury
1082597,2017,B Sai Sudharsan,Kolkata Knight Riders,Yes,Fit
1082597,2017,AB de Villiers,Kolkata Knight Riders,Yes,Fit
1082597,2017,KK Nair,Mumbai Indians,Yes,Fit
1082597,2017,RR Pant,Mumbai Indians,Yes,Fit
1082597,2017,JH Kallis,Mumbai Indians,Yes,Fit
1082597,2017,V Shankar,Mumbai Indians,Yes,Fit
1082597,2017,VR Iyer,Kolkata Knight Riders,Yes,Fit
1082597,2017,MG Johnson,Mumbai Indians,Yes,Fit
1082597,2017,EJG Morgan,Kolkata Knight Riders,No,Covid protocol
1082597,2017,TA Boult,Kolkata Knight Riders,Yes,Fit
1082597,2017,MJ McClenaghan,Mumbai Indians,Yes,Fit
1082597,2017,RP Singh,Kolkata Knight Riders,Yes,Fit
1082597,2017,L Balaji,Mumbai Indians,Yes,Fit
1082598,2017,BJ Hodge,Royal Challengers Bangalore,Yes,Fit
1082598,2017,JM Bairstow,Royal Challengers Bangalore,Yes,Fit
1082598,2017,V Shankar,Punjab Kings,Yes,Fit
1082598,2017,SC Ganguly,Royal Challengers Bangalore,Yes,Fit
1082598,2017,AR Patel,Royal Challengers Bangalore,Yes,Fit
1082598,2017,AM Rahane,Punjab Kings,Yes,Fit
1082598,2017,CH Morris,Royal Challengers Bangalore,Yes,Fit
1082598,2017,NV Ojha,Punjab Kings,Yes,Fit
1082598,2017,KV Sharma,Punjab Kings,Yes,Fit
1082598,2017,A Symonds,Punjab Kings,Yes,Fit
1082598,2017,HH Pandya,Punjab Kings,Yes,Fit
1082598,2017,MR Marsh,Royal Challengers Bangalore,Yes,Fit
1082598,2017,SR Watson,Royal Challengers Bangalore,Yes,Fit
1082598,2017,S Dube,Royal Challengers Bangalore,Yes,Fit
1082598,2017,Yuvraj Singh,Royal Challengers Bangalore,Yes,Fit
1082598,2017,N Pooran,Punjab Kings,Yes,Fit
1082598,2017,T Natarajan,Royal Challengers Bangalore,No,Suspension
1082598,2017,MK Tiwary,Punjab Kings,Yes,Fit
1082598,2017,NT Tilak Varma,Royal Challengers Bangalore,Yes,Fit
1082598,2017,R Vinay Kumar,Punjab Kings,Yes,Fit
1082599,2017,VR Iyer,Rising Pune Supergiant,Yes,Fit
1082599,2017,Kuldeep Yadav,Rising Pune Supergiant,Yes,Fit
1082599,2017,A Mishra,Rising Pune Supergiant,Yes,Fit
1082599,2017,M Prasidh Krishna,Delhi Capitals,Yes,Fit
1082599,2017,I Sharma,Delhi Capitals,Yes,Fit
1082599,2017,Ravi Bishnoi,Delhi Capitals,Yes,Fit
1082599,2017,Mandeep Singh,Rising Pune Supergiant,Yes,Fit
1082599,2017,SE Marsh,Delhi Capitals,Yes,Fit
1082599,2017,B Kumar,Delhi Capitals,Yes,Fit
1082599,2017,R Tewatia,Rising Pune Supergiant,Yes,Fit
1082599,2017,KS Williamson,Rising Pune Supergiant,Yes,Fit
1082599,2017,IK Pathan,Rising Pune Supergiant,Yes,Fit
1082599,2017,BJ Hodge,Rising Pune Supergiant,Yes,Fit
1082599,2017,RP Singh,Rising Pune Supergiant,No,Back spasm
1082599,2017,MM Ali,Rising Pune Supergiant,Yes,Fit
1082599,2017,R Bhatia,Delhi Capitals,Yes,Fit
1082599,2017,T Natarajan,Rising Pune Supergiant,Yes,Fit
1082599,2017,AJ Finch,Rising Pune Supergiant,Yes,Fit
1082599,2017,DPMD Jayawardene,Rising Pune Supergiant,Yes,Fit
1082599,2017,WP Saha,Delhi Capitals,No,Back spasm
1082600,2017,RA Tripathi,Mumbai Indians,Yes,Fit
1082600,2017,M Prasidh Krishna,Sunrisers Hyderabad,Yes,Fit
1082600,2017,RD Gaikwad,Mumbai Indians,Yes,Fit
1082600,2017,V Shankar,Mumbai Indians,Yes,Fit
1082600,2017,PP Chawla,Sunrisers Hyderabad,Yes,Fit
1082600,2017,SM Curran,Sunrisers Hyderabad,Yes,Fit
1082600,2017,JM Bairstow,Mumbai Indians,Yes,Fit
1082600,2017,Washington Sundar,Sunrisers Hyderabad,Yes,Fit
1082600,2017,R Parag,Sunrisers Hyderabad,Yes,Fit
1082600,2017,SA Yadav,Sunrisers Hyderabad,Yes,Fit
1082600,2017,JD Unadkat,Mumbai Indians,Yes,Fit
1082600,2017,Rashid Khan,Sunrisers Hyderabad,Yes,Fit
1082600,2017,UT Yadav,Mumbai Indians,Yes,Fit
1082600,2017,VR Iyer,Sunrisers Hyderabad,Yes,Fit
1082600,2017,AD Russell,Sunrisers Hyderabad,Yes,Fit
1082600,2017,Ishan Kishan,Mumbai Indians,Yes,Fit
1082600,2017,SV Samson,Mumbai Indians,Yes,Fit
1082600,2017,Q de Kock,Mumbai Indians,Yes,Fit
1082600,2017,SN Thakur,Mumbai Indians,Yes,Fit
1082600,2017,Abhishek Sharma,Mumbai Indians,Yes,Fit
1082601,2017,G Gambhir,Punjab Kings,Yes,Fit
1082601,2017,NT Tilak Varma,Kolkata Knight Riders,Yes,Fit
1082601,2017,R Bhatia,Punjab Kings,Yes,Fit
1082601,2017,SR Watson,Kolkata Knight Riders,Yes,Fit
1082601,2017,NV Ojha,Kolkata Knight Riders,Yes,Fit
1082601,2017,MC Henriques,Kolkata Knight Riders,Yes,Fit
1082601,2017,IK Pathan,Punjab Kings,Yes,Fit
1082601,2017,MP Stoinis,Punjab Kings,Yes,Fit
1082601,2017,Kuldeep Yadav,Punjab Kings,Yes,Fit
1082601,2017,JD Unadkat,Punjab Kings,Yes,Fit
1082601,2017,MR Marsh,Punjab Kings,Yes,Fit
1082601,2017,MM Sharma,Punjab Kings,Yes,Fit
1082601,2017,A Symonds,Kolkata Knight Riders,Yes,Fit
1082601,2017,Shakib Al Hasan,Kolkata Knight Riders,Yes,Fit
1082601,2017,DJ Bravo,Kolkata Knight Riders,Yes,Fit
1082601,2017,S Badrinath,Punjab Kings,Yes,Fit
1082601,2017,Q de Kock,Kolkata Knight Riders,No,Travel delay
1082601,2017,Washington Sundar,Kolkata Knight Riders,Yes,Fit
1082601,2017,SK Raina,Kolkata Knight Riders,No,Covid protocol
1082601,2017,TA Boult,Kolkata Knight Riders,No,Covid protocol
1082602,2017,KC Sangakkara,Royal Challengers Bangalore,Yes,Fit
1082602,2017,BA Stokes,Mumbai Indians,Yes,Fit
1082602,2017,S Dhawan,Royal Challengers Bangalore,Yes,Fit
1082602,2017,DPMD Jayawardene,Royal Challengers Bangalore,Yes,Fit
1082602,2017,AK Markram,Royal Challengers Bangalore,Yes,Fit
1082602,2017,Prabhsimran Singh,Mumbai Indians,Yes,Fit
1082602,2017,A Mishra,Mumbai Indians,Yes,Fit
1082602,2017,JP Duminy,Mumbai Indians,Yes,Fit
1082602,2017,KK Ahmed,Mumbai Indians,Yes,Fit
1082602,2017,SM Curran,Royal Challengers Bangalore,Yes,Fit
1082602,2017,TA Boult,Royal Challengers Bangalore,Yes,Fit
1082602,2017,RG Sharma,Mumbai Indians,Yes,Fit
1082602,2017,JJ Bumrah,Royal Challengers Bangalore,Yes,Fit
1082602,2017,JH Kallis,Royal Challengers Bangalore,Yes,Fit
1082602,2017,DA Miller,Royal Challengers Bangalore,Yes,Fit
1082602,2017,Yuvraj Singh,Mumbai Indians,Yes,Fit
1082602,2017,YK Pathan,Mumbai Indians,Yes,Fit
1082602,2017,MK Pandey,Mumbai Indians,Yes,Fit
1082602,2017,SC Ganguly,Royal Challengers Bangalore,Yes,Fit
1082602,2017,S Badrinath,Mumbai Indians,Yes,Fit
1082603,2017,Sandeep Sharma,Rising Pune Supergiant,Yes,Fit
1082603,2017,JJ Bumrah,Rising Pune Supergiant,Yes,Fit
1082603,2017,JC Buttler,Gujarat Lions,Yes,Fit
1082603,2017,IK Pathan,Rising Pune Supergiant,Yes,Fit
1082603,2017,Mohammed Shami,Gujarat Lions,Yes,Fit
1082603,2017,MK Tiwary,Rising Pune Supergiant,Yes,Fit
1082603,2017,R Dravid,Gujarat Lions,Yes,Fit
1082603,2017,HV Patel,Rising Pune Supergiant,Yes,Fit
1082603,2017,R Ashwin,Gujarat Lions,Yes,Fit
1082603,2017,RD Gaikwad,Gujarat Lions,Yes,Fit
1082603,2017,DW Steyn,Gujarat Lions,Yes,Fit
1082603,2017,S Dube,Gujarat Lions,Yes,Fit
1082603,2017,Kuldeep Yadav,Gujarat Lions,Yes,Fit
1082603,2017,SN Thakur,Rising Pune Supergiant,No,Quad strain
1082603,2017,Rashid Khan,Rising Pune Supergiant,Yes,Fit
1082603,2017,KH Pandya,Rising Pune Supergiant,Yes,Fit
1082603,2017,Imran Tahir,Rising Pune Supergiant,Yes,Fit
1082603,2017,SP Narine,Rising Pune Supergiant,Yes,Fit
1082603,2017,AB de Villiers,Rising Pune Supergiant,Yes,Fit
1082603,2017,CH Morris,Gujarat Lions,Yes,Fit
1082604,2017,R Dravid,Kolkata Knight Riders,Yes,Fit
1082604,2017,M Prasidh Krishna,Kolkata Knight Riders,Yes,Fit
1082604,2017,MM Sharma,Kolkata Knight Riders,Yes,Fit
1082604,2017,V Sehwag,Sunrisers Hyderabad,Yes,Fit
1082604,2017,P Kumar,Kolkata Knight Riders,Yes,Fit
1082604,2017,PA Patel,Sunrisers Hyderabad,Yes,Fit
1082604,2017,VR Iyer,Sunrisers Hyderabad,Yes,Fit
1082604,2017,DR Smith,Sunrisers Hyderabad,Yes,Fit
1082604,2017,RD Chahar,Kolkata Knight Riders,Yes,Fit
1082604,2017,KL Rahul,Kolkata Knight Riders,Yes,Fit
1082604,2017,Ishan Kishan,Sunrisers Hyderabad,Yes,Fit
1082604,2017,JA Morkel,Kolkata Knight Riders,Yes,Fit
1082604,2017,MJ McClenaghan,Kolkata Knight Riders,Yes,Fit
1082604,2017,YBK Jaiswal,Sunrisers Hyderabad,Yes,Fit
1082604,2017,AD Russell,Sunrisers Hyderabad,Yes,Fit
1082604,2017,A Nehra,Sunrisers Hyderabad,Yes,Fit
1082604,2017,R Parag,Sunrisers Hyderabad,Yes,Fit
1082604,2017,DJ Hooda,Sunrisers Hyderabad,Yes,Fit
1082604,2017,I Sharma,Sunrisers Hyderabad,Yes,Fit
1082604,2017,B Kumar,Sunrisers Hyderabad,Yes,Fit
1082605,2017,SR Tendulkar,Delhi Capitals,Yes,Fit
1082605,2017,RD Gaikwad,Delhi Capitals,Yes,Fit
1082605,2017,NV Ojha,Punjab Kings,Yes,Fit
1082605,2017,MA Starc,Delhi Capitals,Yes,Fit
1082605,2017,CH Gayle,Punjab Kings,Yes,Fit
1082605,2017,Ravi Bishnoi,Delhi Capitals,Yes,Fit
1082605,2017,Shubman Gill,Delhi Capitals,Yes,Fit
1082605,2017,PP Shaw,Delhi Capitals,Yes,Fit
1082605,2017,M Morkel,Delhi Capitals,Yes,Fit
1082605,2017,JC Archer,Delhi Capitals,Yes,Fit
1082605,2017,SC Ganguly,Punjab Kings,Yes,Fit
1082605,2017,AB de Villiers,Delhi Capitals,Yes,Fit
1082605,2017,MA Agarwal,Delhi Capitals,Yes,Fit
1082605,2017,DA Warner,Delhi Capitals,Yes,Fit
1082605,2017,SL Malinga,Punjab Kings,Yes,Fit
1082605,2017,Mohammed Siraj,Delhi Capitals,Yes,Fit
1082605,2017,EJG Morgan,Punjab Kings,Yes,Fit
1082605,2017,SS Iyer,Delhi Capitals,Yes,Fit
1082605,2017,PA Patel,Punjab Kings,Yes,Fit
1082605,2017,V Kohli,Punjab Kings,Yes,Fit
1082606,2017,Mohammed Shami,Gujarat Lions,Yes,Fit
1082606,2017,A Mishra,Mumbai Indians,Yes,Fit
1082606,2017,HV Patel,Mumbai Indians,Yes,Fit
1082606,2017,A Symonds,Mumbai Indians,Yes,Fit
1082606,2017,SS Iyer,Gujarat Lions,Yes,Fit
1082606,2017,AK Markram,Gujarat Lions,Yes,Fit
1082606,2017,MM Patel,Gujarat Lions,No,Covid protocol
1082606,2017,KL Rahul,Gujarat Lions,Yes,Fit
1082606,2017,Harbhajan Singh,Gujarat Lions,Yes,Fit
1082606,2017,NT Tilak Varma,Gujarat Lions,Yes,Fit
1082606,2017,MA Agarwal,Mumbai Indians,Yes,Fit
1082606,2017,EJG Morgan,Mumbai Indians,Yes,Fit
1082606,2017,SS Tiwary,Gujarat Lions,No,Knee injury
1082606,2017,DL Chahar,Gujarat Lions,Yes,Fit
1082606,2017,MP Stoinis,Mumbai Indians,Yes,Fit
1082606,2017,SA Yadav,Gujarat Lions,Yes,Fit
1082606,2017,DPMD Jayawardene,Mumbai Indians,Yes,Fit
1082606,2017,SP Narine,Mumbai Indians,Yes,Fit
1082606,2017,JD Unadkat,Mumbai Indians,Yes,Fit
1082606,2017,PP Ojha,Gujarat Lions,Yes,Fit
1082607,2017,Q de Kock,Rising Pune Supergiant,Yes,Fit
1082607,2017,V Sehwag,Royal Challengers Bangalore,Yes,Fit
1082607,2017,DA Warner,Rising Pune Supergiant,Yes,Fit
1082607,2017,Rashid Khan,Rising Pune Supergiant,Yes,Fit
1082607,2017,GJ Maxwell,Rising Pune Supergiant,Yes,Fit
1082607,2017,JM Bairstow,Rising Pune Supergiant,Yes,Fit
1082607,2017,DA Miller,Rising Pune Supergiant,Yes,Fit
1082607,2017,M Morkel,Rising Pune Supergiant,Yes,Fit
1082607,2017,Arshdeep Singh,Rising Pune Supergiant,Yes,Fit
1082607,2017,RR Pant,Rising Pune Supergiant,Yes,Fit
1082607,2017,G Gambhir,Rising Pune Supergiant,Yes,Fit
1082607,2017,DW Steyn,Royal Challengers Bangalore,Yes,Fit
1082607,2017,Yuvraj Singh,Royal Challengers Bangalore,Yes,Fit
1082607,2017,JJ Bumrah,Rising Pune Supergiant,Yes,Fit
1082607,2017,IK Pathan,Rising Pune Supergiant,Yes,Fit
1082607,2017,SV Samson,Rising Pune Supergiant,Yes,Fit
1082607,2017,YK Pathan,Rising Pune Supergiant,Yes,Fit
1082607,2017,JP Duminy,Royal Challengers Bangalore,Yes,Fit
1082607,2017,PA Patel,Rising Pune Supergiant,Yes,Fit
1082607,2017,Mohammed Siraj,Royal Challengers Bangalore,Yes,Fit
1082608,2017,D Padikkal,Kolkata Knight Riders,Yes,Fit
1082608,2017,DA Warner,Kolkata Knight Riders,Yes,Fit
1082608,2017,A Nehra,Delhi Capitals,Yes,Fit
1082608,2017,IK Pathan,Delhi Capitals,Yes,Fit
1082608,2017,V Kohli,Delhi Capitals,Yes,Fit
1082608,2017,DJ Hussey,Delhi Capitals,Yes,Fit
1082608,2017,KD Karthik,Delhi Capitals,Yes,Fit
1082608,2017,AR Patel,Delhi Capitals,Yes,Fit
1082608,2017,RA Jadeja,Kolkata Knight Riders,Yes,Fit
1082608,2017,SK Raina,Kolkata Knight Riders,Yes,Fit
1082608,2017,MS Dhoni,Kolkata Knight Riders,Yes,Fit
1082608,2017,AK Markram,Kolkata Knight Riders,Yes,Fit
1082608,2017,KC Sangakkara,Kolkata Knight Riders,Yes,Fit
1082608,2017,SS Tiwary,Kolkata Knight Riders,Yes,Fit
1082608,2017,MA Agarwal,Kolkata Knight Riders,Yes,Fit
1082608,2017,G Gambhir,Delhi Capitals,Yes,Fit
1082608,2017,JC Archer,Kolkata Knight Riders,Yes,Fit
1082608,2017,RR Pant,Kolkata Knight Riders,Yes,Fit
1082608,2017,RP Singh,Delhi Capitals,Yes,Fit
1082608,2017,WP Saha,Delhi Capitals,Yes,Fit
1082609,2017,RP Singh,Sunrisers Hyderabad,Yes,Fit
1082609,2017,B Sai Sudharsan,Punjab Kings,Yes,Fit
1082609,2017,T Natarajan,Punjab Kings,Yes,Fit
1082609,2017,D Padikkal,Sunrisers Hyderabad,Yes,Fit
1082609,2017,JP Faulkner,Sunrisers Hyderabad,Yes,Fit
1082609,2017,Washington Sundar,Sunrisers Hyderabad,Yes,Fit
1082609,2017,EJG Morgan,Punjab Kings,Yes,Fit
1082609,2017,RD Gaikwad,Sunrisers Hyderabad,Yes,Fit
1082609,2017,MK Pandey,Punjab Kings,Yes,Fit
1082609,2017,RG Sharma,Sunrisers Hyderabad,Yes,Fit
1082609,2017,MM Ali,Punjab Kings,Yes,Fit
1082609,2017,YK Pathan,Punjab Kings,Yes,Fit
1082609,2017,BB McCullum,Sunrisers Hyderabad,Yes,Fit
1082609,2017,KC Sangakkara,Sunrisers Hyderabad,Yes,Fit
1082609,2017,PP Ojha,Sunrisers Hyderabad,Yes,Fit
1082609,2017,MJ McClenaghan,Punjab Kings,Yes,Fit
1082609,2017,SL Malinga,Punjab Kings,Yes,Fit
1082609,2017,UT Yadav,Sunrisers Hyderabad,Yes,Fit
1082609,2017,AR Patel,Punjab Kings,Yes,Fit
1082609,2017,V Shankar,Sunrisers Hyderabad,No,Back spasm
1082610,2017,AC Gilchrist,Gujarat Lions,Yes,Fit
1082610,2017,Rashid Khan,Gujarat Lions,Yes,Fit
1082610,2017,AD Russell,Royal Challengers Bangalore,Yes,Fit
1082610,2017,DJ Bravo,Gujarat Lions,Yes,Fit
1082610,2017,CH Morris,Royal Challengers Bangalore,Yes,Fit
1082610,2017,K Rabada,Gujarat Lions,Yes,Fit
1082610,2017,Ishan Kishan,Royal Challengers Bangalore,Yes,Fit
1082610,2017,MA Starc,Royal Challengers Bangalore,Yes,Fit
1082610,2017,SV Samson,Gujarat Lions,Yes,Fit
1082610,2017,SS Tiwary,Royal Challengers Bangalore,Yes,Fit
1082610,2017,RR Pant,Gujarat Lions,Yes,Fit
1082610,2017,VR Iyer,Royal Challengers Bangalore,Yes,Fit
1082610,2017,YK Pathan,Gujarat Lions,Yes,Fit
1082610,2017,KH Pandya,Royal Challengers Bangalore,No,Calf injury
1082610,2017,YBK Jaiswal,Royal Challengers Bangalore,Yes,Fit
1082610,2017,AK Markram,Royal Challengers Bangalore,Yes,Fit
1082610,2017,DL Chahar,Royal Challengers Bangalore,Yes,Fit
1082610,2017,DPMD Jayawardene,Royal Challengers Bangalore,No,Finger fracture
1082610,2017,R Tewatia,Royal Challengers Bangalore,Yes,Fit
1082610,2017,M Prasidh Krishna,Gujarat Lions,Yes,Fit
1082611,2017,M Vijay,Sunrisers Hyderabad,Yes,Fit
1082611,2017,AB de Villiers,Delhi Capitals,Yes,Fit
1082611,2017,HH Pandya,Delhi Capitals,Yes,Fit
1082611,2017,AM Rahane,Sunrisers Hyderabad,Yes,Fit
1082611,2017,KK Nair,Sunrisers Hyderabad,Yes,Fit
1082611,2017,CV Varun,Delhi Capitals,Yes,Fit
1082611,2017,Q de Kock,Delhi Capitals,Yes,Fit
1082611,2017,S Badrinath,Delhi Capitals,Yes,Fit
1082611,2017,JP Faulkner,Delhi Capitals,Yes,Fit
1082611,2017,JM Bairstow,Delhi Capitals,Yes,Fit
1082611,2017,SL Malinga,Delhi Capitals,Yes,Fit
1082611,2017,A Mishra,Sunrisers Hyderabad,Yes,Fit
1082611,2017,KS Williamson,Delhi Capitals,Yes,Fit
1082611,2017,KC Sangakkara,Delhi Capitals,Yes,Fit
1082611,2017,Abhishek Sharma,Sunrisers Hyderabad,Yes,Fit
1082611,2017,MK Pandey,Sunrisers Hyderabad,Yes,Fit
1082611,2017,JA Morkel,Delhi Capitals,Yes,Fit
1082611,2017,YK Pathan,Delhi Capitals,Yes,Fit
1082611,2017,RR Pant,Sunrisers Hyderabad,No,Calf injury
1082611,2017,Ishan Kishan,Delhi Capitals,Yes,Fit
1082612,2017,SS Iyer,Mumbai Indians,Yes,Fit
1082612,2017,Yuvraj Singh,Mumbai Indians,Yes,Fit
1082612,2017,JC Buttler,Punjab Kings,Yes,Fit
1082612,2017,RD Chahar,Mumbai Indians,Yes,Fit
1082612,2017,D Padikkal,Punjab Kings,Yes,Fit
1082612,2017,JD Unadkat,Mumbai Indians,Yes,Fit
1082612,2017,MJ McClenaghan,Punjab Kings,Yes,Fit
1082612,2017,RA Jadeja,Punjab Kings,Yes,Fit
1082612,2017,BB McCullum,Punjab Kings,Yes,Fit
1082612,2017,PP Shaw,Punjab Kings,Yes,Fit
1082612,2017,SV Samson,Mumbai Indians,Yes,Fit
1082612,2017,Mohammed Siraj,Mumbai Indians,Yes,Fit
1082612,2017,S Dube,Punjab Kings,Yes,Fit
1082612,2017,Kuldeep Yadav,Punjab Kings,Yes,Fit
1082612,2017,M Vijay,Mumbai Indians,Yes,Fit
1082612,2017,SR Watson,Punjab Kings,Yes,Fit
1082612,2017,DA Miller,Mumbai Indians,Yes,Fit
1082612,2017,R Ashwin,Punjab Kings,Yes,Fit
1082612,2017,Shakib Al Hasan,Punjab Kings,Yes,Fit
1082612,2017,I Sharma,Punjab Kings,Yes,Fit
1082613,2017,KK Ahmed,Gujarat Lions,Yes,Fit
1082613,2017,KD Karthik,Gujarat Lions,Yes,Fit
1082613,2017,MS Dhoni,Gujarat Lions,Yes,Fit
1082613,2017,SS Tiwary,Kolkata Knight Riders,Yes,Fit
1082613,2017,CH Morris,Gujarat Lions,Yes,Fit
1082613,2017,A Nehra,Kolkata Knight Riders,Yes,Fit
1082613,2017,DL Chahar,Gujarat Lions,Yes,Fit
1082613,2017,TA Boult,Gujarat Lions,Yes,Fit
1082613,2017,F du Plessis,Gujarat Lions,Yes,Fit
1082613,2017,M Vijay,Kolkata Knight Riders,Yes,Fit
1082613,2017,MK Tiwary,Kolkata Knight Riders,Yes,Fit
1082613,2017,B Kumar,Gujarat Lions,Yes,Fit
1082613,2017,HV Patel,Gujarat Lions,Yes,Fit
1082613,2017,DPMD Jayawardene,Gujarat Lions,Yes,Fit
1082613,2017,P Kumar,Gujarat Lions,Yes,Fit
1082613,2017,AM Rahane,Gujarat Lions,Yes,Fit
1082613,2017,SO Hetmyer,Gujarat Lions,No,Hamstring strain
1082613,2017,BA Stokes,Kolkata Knight Riders,Yes,Fit
1082613,2017,M Morkel,Gujarat Lions,Yes,Fit
1082613,2017,Shakib Al Hasan,Gujarat Lions,Yes,Fit
1082614,2017,MM Sharma,Mumbai Indians,Yes,Fit
1082614,2017,SL Malinga,Mumbai Indians,Yes,Fit
1082614,2017,M Prasidh Krishna,Mumbai Indians,Yes,Fit
1082614,2017,CV Varun,Delhi Capitals,No,Travel delay
1082614,2017,RA Tripathi,Mumbai Indians,Yes,Fit
1082614,2017,AR Patel,Delhi Capitals,Yes,Fit
1082614,2017,KA Pollard,Delhi Capitals,Yes,Fit
1082614,2017,Abhishek Sharma,Delhi Capitals,Yes,Fit
1082614,2017,PP Ojha,Delhi Capitals,No,Covid protocol
1082614,2017,JH Kallis,Mumbai Indians,Yes,Fit
1082614,2017,JM Bairstow,Mumbai Indians,Yes,Fit
1082614,2017,Mandeep Singh,Delhi Capitals,Yes,Fit
1082614,2017,AB de Villiers,Mumbai Indians,Yes,Fit
1082614,2017,DW Steyn,Mumbai Indians,Yes,Fit
1082614,2017,MEK Hussey,Mumbai Indians,Yes,Fit
1082614,2017,GJ Maxwell,Mumbai Indians,Yes,Fit
1082614,2017,D Padikkal,Mumbai Indians,Yes,Fit
1082614,2017,PP Shaw,Delhi Capitals,Yes,Fit
1082614,2017,MA Starc,Delhi Capitals,Yes,Fit
1082614,2017,BA Stokes,Mumbai Indians,Yes,Fit
1082615,2017,VR Iyer,Sunrisers Hyderabad,No,Shoulder injury
1082615,2017,Q de Kock,Rising Pune Supergiant,Yes,Fit
1082615,2017,S Dhawan,Rising Pune Supergiant,Yes,Fit
1082615,2017,B Sai Sudharsan,Sunrisers Hyderabad,Yes,Fit
1082615,2017,PP Ojha,Sunrisers Hyderabad,Yes,Fit
1082615,2017,R Parag,Rising Pune Supergiant,Yes,Fit
1082615,2017,Abhishek Sharma,Rising Pune Supergiant,Yes,Fit
1082615,2017,MP Stoinis,Sunrisers Hyderabad,Yes,Fit
1082615,2017,RD Gaikwad,Sunrisers Hyderabad,Yes,Fit
1082615,2017,RD Chahar,Sunrisers Hyderabad,No,Calf injury
1082615,2017,MK Tiwary,Rising Pune Supergiant,Yes,Fit
1082615,2017,YS Chahal,Rising Pune Supergiant,Yes,Fit
1082615,2017,MS Dhoni,Rising Pune Supergiant,Yes,Fit
1082615,2017,Washington Sundar,Rising Pune Supergiant,Yes,Fit
1082615,2017,SK Raina,Sunrisers Hyderabad,Yes,Fit
1082615,2017,JH Kallis,Rising Pune Supergiant,Yes,Fit
1082615,2017,BA Stokes,Rising Pune Supergiant,Yes,Fit
1082615,2017,AR Patel,Sunrisers Hyderabad,Yes,Fit
1082615,2017,V Kohli,Sunrisers Hyderabad,Yes,Fit
1082615,2017,CH Gayle,Sunrisers Hyderabad,Yes,Fit
1082616,2017,SL Malinga,Punjab Kings,Yes,Fit
1082616,2017,Mohammed Siraj,Gujarat Lions,Yes,Fit
1082616,2017,SS Iyer,Punjab Kings,Yes,Fit
1082616,2017,UT Yadav,Gujarat Lions,No,Travel delay
1082616,2017,DR Smith,Gujarat Lions,Yes,Fit
1082616,2017,SO Hetmyer,Gujarat Lions,Yes,Fit
1082616,2017,SR Watson,Punjab Kings,Yes,Fit
1082616,2017,JC Buttler,Gujarat Lions,Yes,Fit
1082616,2017,AM Rahane,Punjab Kings,Yes,Fit
1082616,2017,JM Bairstow,Gujarat Lions,Yes,Fit
1082616,2017,DJ Bravo,Punjab Kings,Yes,Fit
1082616,2017,G Gambhir,Gujarat Lions,Yes,Fit
1082616,2017,R Bhatia,Gujarat Lions,Yes,Fit
1082616,2017,KK Nair,Gujarat Lions,Yes,Fit
1082616,2017,N Pooran,Punjab Kings,Yes,Fit
1082616,2017,RA Tripathi,Punjab Kings,Yes,Fit
1082616,2017,DL Chahar,Gujarat Lions,Yes,Fit
1082616,2017,SK Raina,Gujarat Lions,Yes,Fit
1082616,2017,SS Tiwary,Punjab Kings,Yes,Fit
1082616,2017,PA Patel,Gujarat Lions,Yes,Fit
1082617,2017,Rashid Khan,Royal Challengers Bangalore,Yes,Fit
1082617,2017,BJ Hodge,Kolkata Knight Riders,Yes,Fit
1082617,2017,SO Hetmyer,Royal Challengers Bangalore,Yes,Fit
1082617,2017,B Sai Sudharsan,Kolkata Knight Riders,Yes,Fit
1082617,2017,MS Dhoni,Kolkata Knight Riders,Yes,Fit
1082617,2017,RR Pant,Royal Challengers Bangalore,Yes,Fit
1082617,2017,MM Patel,Royal Challengers Bangalore,Yes,Fit
1082617,2017,YBK Jaiswal,Royal Challengers Bangalore,Yes,Fit
1082617,2017,MC Henriques,Royal Challengers Bangalore,Yes,Fit
1082617,2017,BB McCullum,Kolkata Knight Riders,Yes,Fit
1082617,2017,Shakib Al Hasan,Kolkata Knight Riders,Yes,Fit
1082617,2017,CV Varun,Kolkata Knight Riders,Yes,Fit
1082617,2017,S Dube,Kolkata Knight Riders,No,Hamstring strain
1082617,2017,DA Warner,Royal Challengers Bangalore,Yes,Fit
1082617,2017,SV Samson,Kolkata Knight Riders,No,Quad strain
1082617,2017,Harbhajan Singh,Royal Challengers Bangalore,Yes,Fit
1082617,2017,KD Karthik,Kolkata Knight Riders,No,Personal reasons
1082617,2017,Washington Sundar,Kolkata Knight Riders,Yes,Fit
1082617,2017,R Ashwin,Kolkata Knight Riders,Yes,Fit
1082617,2017,CH Morris,Royal Challengers Bangalore,No,Finger fracture
1082618,2017,KC Sangakkara,Rising Pune Supergiant,Yes,Fit
1082618,2017,AC Gilchrist,Rising Pune Supergiant,Yes,Fit
1082618,2017,Harbhajan Singh,Rising Pune Supergiant,Yes,Fit
1082618,2017,R Ashwin,Rising Pune Supergiant,Yes,Fit
1082618,2017,CH Gayle,Rising Pune Supergiant,Yes,Fit
1082618,2017,RV Uthappa,Mumbai Indians,Yes,Fit
1082618,2017,MM Patel,Rising Pune Supergiant,Yes,Fit
1082618,2017,R Vinay Kumar,Mumbai Indians,Yes,Fit
1082618,2017,Prabhsimran Singh,Mumbai Indians,Yes,Fit
1082618,2017,R Tewatia,Rising Pune Supergiant,Yes,Fit
1082618,2017,SM Curran,Rising Pune Supergiant,Yes,Fit
1082618,2017,SR Tendulkar,Mumbai Indians,Yes,Fit
1082618,2017,Q de Kock,Mumbai Indians,Yes,Fit
1082618,2017,DW Steyn,Rising Pune Supergiant,Yes,Fit
1082618,2017,Z Khan,Rising Pune Supergiant,Yes,Fit
1082618,2017,JC Archer,Mumbai Indians,Yes,Fit
1082618,2017,MEK Hussey,Rising Pune Supergiant,Yes,Fit
1082618,2017,DA Miller,Mumbai Indians,No,Personal reasons
1082618,2017,SL Malinga,Rising Pune Supergiant,Yes,Fit
1082618,2017,AD Russell,Rising Pune Supergiant,Yes,Fit
1082620,2017,JA Morkel,Rising Pune Supergiant,Yes,Fit
1082620,2017,Yuvraj Singh,Rising Pune Supergiant,Yes,Fit
1082620,2017,Shakib Al Hasan,Rising Pune Supergiant,Yes,Fit
1082620,2017,AJ Finch,Rising Pune Supergiant,Yes,Fit
1082620,2017,DR Smith,Kolkata Knight Riders,Yes,Fit
1082620,2017,DJ Hussey,Kolkata Knight Riders,Yes,Fit
1082620,2017,RR Pant,Rising Pune Supergiant,Yes,Fit
1082620,2017,DJ Hooda,Rising Pune Supergiant,Yes,Fit
1082620,2017,RA Tripathi,Kolkata Knight Riders,Yes,Fit
1082620,2017,BB McCullum,Rising Pune Supergiant,Yes,Fit
1082620,2017,T Natarajan,Rising Pune Supergiant,Yes,Fit
1082620,2017,MM Sharma,Kolkata Knight Riders,Yes,Fit
1082620,2017,KH Pandya,Rising Pune Supergiant,Yes,Fit
1082620,2017,DL Chahar,Rising Pune Supergiant,Yes,Fit
1082620,2017,GJ Maxwell,Rising Pune Supergiant,Yes,Fit
1082620,2017,MK Pandey,Kolkata Knight Riders,Yes,Fit
1082620,2017,KS Williamson,Rising Pune Supergiant,Yes,Fit
1082620,2017,AD Russell,Rising Pune Supergiant,Yes,Fit
1082620,2017,KK Ahmed,Rising Pune Supergiant,Yes,Fit
1082620,2017,MP Stoinis,Rising Pune Supergiant,Yes,Fit
1082621,2017,SN Thakur,Gujarat Lions,Yes,Fit
1082621,2017,CH Gayle,Gujarat Lions,Yes,Fit
1082621,2017,MG Johnson,Gujarat Lions,Yes,Fit
1082621,2017,RP Singh,Gujarat Lions,Yes,Fit
1082621,2017,SK Raina,Royal Challengers Bangalore,Yes,Fit
1082621,2017,AD Russell,Gujarat Lions,Yes,Fit
1082621,2017,SO Hetmyer,Royal Challengers Bangalore,Yes,Fit
1082621,2017,AK Markram,Royal Challengers Bangalore,Yes,Fit
1082621,2017,Avesh Khan,Gujarat Lions,Yes,Fit
1082621,2017,VR Iyer,Gujarat Lions,Yes,Fit
1082621,2017,YBK Jaiswal,Gujarat Lions,Yes,Fit
1082621,2017,MM Patel,Royal Challengers Bangalore,Yes,Fit
1082621,2017,B Sai Sudharsan,Royal Challengers Bangalore,Yes,Fit
1082621,2017,Arshdeep Singh,Gujarat Lions,Yes,Fit
1082621,2017,A Nehra,Gujarat Lions,Yes,Fit
1082621,2017,NT Tilak Varma,Royal Challengers Bangalore,Yes,Fit
1082621,2017,Kuldeep Yadav,Gujarat Lions,Yes,Fit
1082621,2017,KH Pandya,Gujarat Lions,Yes,Fit
1082621,2017,GJ Maxwell,Royal Challengers Bangalore,Yes,Fit
1082621,2017,MR Marsh,Royal Challengers Bangalore,Yes,Fit
1082622,2017,R Dravid,Kolkata Knight Riders,Yes,Fit
1082622,2017,Mandeep Singh,Delhi Capitals,Yes,Fit
1082622,2017,RD Chahar,Delhi Capitals,Yes,Fit
1082622,2017,JP Faulkner,Delhi Capitals,Yes,Fit
1082622,2017,PA Patel,Kolkata Knight Riders,Yes,Fit
1082622,2017,YK Pathan,Delhi Capitals,Yes,Fit
1082622,2017,HV Patel,Delhi Capitals,Yes,Fit
1082622,2017,M Vijay,Delhi Capitals,Yes,Fit
1082622,2017,AM Rahane,Delhi Capitals,Yes,Fit
1082622,2017,YBK Jaiswal,Delhi Capitals,Yes,Fit
1082622,2017,K Rabada,Delhi Capitals,Yes,Fit
1082622,2017,JC Archer,Kolkata Knight Riders,Yes,Fit
1082622,2017,MEK Hussey,Delhi Capitals,Yes,Fit
1082622,2017,DR Smith,Kolkata Knight Riders,Yes,Fit
1082622,2017,MM Ali,Delhi Capitals,Yes,Fit
1082622,2017,JJ Bumrah,Delhi Capitals,Yes,Fit
1082622,2017,Mohammed Shami,Kolkata Knight Riders,Yes,Fit
1082622,2017,SV Samson,Delhi Capitals,Yes,Fit
1082622,2017,Ravi Bishnoi,Kolkata Knight Riders,Yes,Fit
1082622,2017,KS Williamson,Kolkata Knight Riders,Yes,Fit
1082623,2017,RP Singh,Sunrisers Hyderabad,Yes,Fit
1082623,2017,MJ McClenaghan,Sunrisers Hyderabad,Yes,Fit
1082623,2017,M Prasidh Krishna,Punjab Kings,Yes,Fit
1082623,2017,G Gambhir,Punjab Kings,Yes,Fit
1082623,2017,SK Raina,Punjab Kings,Yes,Fit
1082623,2017,DJ Hooda,Sunrisers Hyderabad,Yes,Fit
1082623,2017,SM Curran,Sunrisers Hyderabad,Yes,Fit
1082623,2017,SR Watson,Punjab Kings,Yes,Fit
1082623,2017,R Dravid,Sunrisers Hyderabad,Yes,Fit
1082623,2017,DL Chahar,Punjab Kings,Yes,Fit
1082623,2017,R Ashwin,Sunrisers Hyderabad,Yes,Fit
1082623,2017,HH Pandya,Sunrisers Hyderabad,Yes,Fit
1082623,2017,DW Steyn,Sunrisers Hyderabad,Yes,Fit
1082623,2017,AC Gilchrist,Punjab Kings,No,Covid protocol
1082623,2017,CV Varun,Sunrisers Hyderabad,Yes,Fit
1082623,2017,SA Yadav,Sunrisers Hyderabad,Yes,Fit
1082623,2017,DJ Bravo,Punjab Kings,Yes,Fit
1082623,2017,H Klaasen,Punjab Kings,Yes,Fit
1082623,2017,SR Tendulkar,Punjab Kings,Yes,Fit
1082623,2017,DJ Hussey,Punjab Kings,Yes,Fit
1082624,2017,SV Samson,Rising Pune Supergiant,Yes,Fit
1082624,2017,SR Tendulkar,Rising Pune Supergiant,Yes,Fit
1082624,2017,MK Tiwary,Rising Pune Supergiant,Yes,Fit
1082624,2017,AR Patel,Royal Challengers Bangalore,Yes,Fit
1082624,2017,MG Johnson,Rising Pune Supergiant,Yes,Fit
1082624,2017,V Kohli,Rising Pune Supergiant,Yes,Fit
1082624,2017,Rashid Khan,Rising Pune Supergiant,Yes,Fit
1082624,2017,JA Morkel,Royal Challengers Bangalore,Yes,Fit
1082624,2017,Q de Kock,Royal Challengers Bangalore,Yes,Fit
1082624,2017,RD Chahar,Rising Pune Supergiant,Yes,Fit
1082624,2017,B Kumar,Royal Challengers Bangalore,Yes,Fit
1082624,2017,MS Dhoni,Royal Challengers Bangalore,Yes,Fit
1082624,2017,JM Bairstow,Rising Pune Supergiant,Yes,Fit
1082624,2017,MK Pandey,Royal Challengers Bangalore,Yes,Fit
1082624,2017,AJ Finch,Rising Pune Supergiant,Yes,Fit
1082624,2017,JP Faulkner,Royal Challengers Bangalore,Yes,Fit
1082624,2017,CV Varun,Royal Challengers Bangalore,Yes,Fit
1082624,2017,A Mishra,Rising Pune Supergiant,Yes,Fit
1082624,2017,YK Pathan,Rising Pune Supergiant,Yes,Fit
1082624,2017,DA Miller,Rising Pune Supergiant,Yes,Fit
1082625,2017,JH Kallis,Mumbai Indians,Yes,Fit
1082625,2017,S Dube,Mumbai Indians,Yes,Fit
1082625,2017,YBK Jaiswal,Gujarat Lions,Yes,Fit
1082625,2017,BJ Hodge,Mumbai Indians,Yes,Fit
1082625,2017,V Kohli,Gujarat Lions,Yes,Fit
1082625,2017,EJG Morgan,Mumbai Indians,Yes,Fit
1082625,2017,MG Johnson,Gujarat Lions,Yes,Fit
1082625,2017,RD Chahar,Gujarat Lions,Yes,Fit
1082625,2017,N Rana,Mumbai Indians,Yes,Fit
1082625,2017,SN Thakur,Mumbai Indians,Yes,Fit
1082625,2017,B Kumar,Mumbai Indians,Yes,Fit
1082625,2017,MA Agarwal,Mumbai Indians,Yes,Fit
1082625,2017,SK Raina,Mumbai Indians,Yes,Fit
1082625,2017,AJ Finch,Gujarat Lions,Yes,Fit
1082625,2017,SE Marsh,Mumbai Indians,Yes,Fit
1082625,2017,RG Sharma,Gujarat Lions,Yes,Fit
1082625,2017,JP Faulkner,Gujarat Lions,Yes,Fit
1082625,2017,MC Henriques,Mumbai Indians,Yes,Fit
1082625,2017,AK Markram,Gujarat Lions,Yes,Fit
1082625,2017,JC Buttler,Mumbai Indians,Yes,Fit
1082626,2017,N Rana,Delhi Capitals,Yes,Fit
1082626,2017,R Vinay Kumar,Delhi Capitals,Yes,Fit
1082626,2017,SN Thakur,Delhi Capitals,Yes,Fit
1082626,2017,SPD Smith,Delhi Capitals,Yes,Fit
1082626,2017,MR Marsh,Punjab Kings,Yes,Fit
1082626,2017,Shubman Gill,Delhi Capitals,Yes,Fit
1082626,2017,KL Rahul,Delhi Capitals,Yes,Fit
1082626,2017,Avesh Khan,Delhi Capitals,Yes,Fit
1082626,2017,R Bhatia,Delhi Capitals,Yes,Fit
1082626,2017,Ravi Bishnoi,Delhi Capitals,Yes,Fit
1082626,2017,SR Tendulkar,Delhi Capitals,Yes,Fit
1082626,2017,Harbhajan Singh,Punjab Kings,Yes,Fit
1082626,2017,KD Karthik,Delhi Capitals,Yes,Fit
1082626,2017,RG Sharma,Punjab Kings,Yes,Fit
1082626,2017,T Natarajan,Punjab Kings,Yes,Fit
1082626,2017,RA Jadeja,Punjab Kings,Yes,Fit
1082626,2017,DS Kulkarni,Delhi Capitals,Yes,Fit
1082626,2017,MP Stoinis,Delhi Capitals,Yes,Fit
1082626,2017,JD Unadkat,Punjab Kings,Yes,Fit
1082626,2017,N Pooran,Delhi Capitals,Yes,Fit
1082627,2017,Ravi Bishnoi,Sunrisers Hyderabad,Yes,Fit
1082627,2017,JC Buttler,Kolkata Knight Riders,Yes,Fit
1082627,2017,PA Patel,Kolkata Knight Riders,Yes,Fit
1082627,2017,Imran Tahir,Sunrisers Hyderabad,Yes,Fit
1082627,2017,S Dhawan,Sunrisers Hyderabad,Yes,Fit
1082627,2017,KS Williamson,Sunrisers Hyderabad,Yes,Fit
1082627,2017,SO Hetmyer,Kolkata Knight Riders,Yes,Fit
1082627,2017,H Klaasen,Sunrisers Hyderabad,Yes,Fit
1082627,2017,P Kumar,Kolkata Knight Riders,Yes,Fit
1082627,2017,A Mishra,Sunrisers Hyderabad,Yes,Fit
1082627,2017,GJ Maxwell,Kolkata Knight Riders,Yes,Fit
1082627,2017,DA Miller,Kolkata Knight Riders,Yes,Fit
1082627,2017,AR Patel,Kolkata Knight Riders,Yes,Fit
1082627,2017,DJ Bravo,Kolkata Knight Riders,Yes,Fit
1082627,2017,MS Dhoni,Sunrisers Hyderabad,Yes,Fit
1082627,2017,RA Tripathi,Kolkata Knight Riders,Yes,Fit
1082627,2017,RA Jadeja,Kolkata Knight Riders,Yes,Fit
1082627,2017,JH Kallis,Sunrisers Hyderabad,Yes,Fit
1082627,2017,DR Smith,Kolkata Knight Riders,Yes,Fit
1082627,2017,SE Marsh,Sunrisers Hyderabad,Yes,Fit
1082628,2017,Ravi Bishnoi,Mumbai Indians,Yes,Fit
1082628,2017,SM Curran,Mumbai Indians,Yes,Fit
1082628,2017,MG Johnson,Mumbai Indians,Yes,Fit
1082628,2017,PJ Cummins,Mumbai Indians,Yes,Fit
1082628,2017,KH Pandya,Royal Challengers Bangalore,Yes,Fit
1082628,2017,SS Tiwary,Royal Challengers Bangalore,Yes,Fit
1082628,2017,MP Stoinis,Royal Challengers Bangalore,Yes,Fit
1082628,2017,YS Chahal,Mumbai Indians,Yes,Fit
1082628,2017,VR Iyer,Royal Challengers Bangalore,Yes,Fit
1082628,2017,DJ Hussey,Royal Challengers Bangalore,Yes,Fit
1082628,2017,MM Patel,Royal Challengers Bangalore,Yes,Fit
1082628,2017,B Sai Sudharsan,Royal Challengers Bangalore,Yes,Fit
1082628,2017,AT Rayudu,Mumbai Indians,Yes,Fit
1082628,2017,DL Chahar,Royal Challengers Bangalore,Yes,Fit
1082628,2017,DPMD Jayawardene,Royal Challengers Bangalore,Yes,Fit
1082628,2017,PP Shaw,Mumbai Indians,Yes,Fit
1082628,2017,Mohammed Shami,Mumbai Indians,Yes,Fit
1082628,2017,K Rabada,Mumbai Indians,Yes,Fit
1082628,2017,SR Tendulkar,Royal Challengers Bangalore,Yes,Fit
1082628,2017,Ishan Kishan,Royal Challengers Bangalore,Yes,Fit
1082629,2017,SL Malinga,Gujarat Lions,Yes,Fit
1082629,2017,MA Starc,Gujarat Lions,Yes,Fit
1082629,2017,BB McCullum,Gujarat Lions,Yes,Fit
1082629,2017,PA Patel,Gujarat Lions,Yes,Fit
1082629,2017,Kuldeep Yadav,Rising Pune Supergiant,Yes,Fit
1082629,2017,A Nehra,Gujarat Lions,Yes,Fit
1082629,2017,KK Ahmed,Gujarat Lions,Yes,Fit
1082629,2017,Z Khan,Gujarat Lions,Yes,Fit
1082629,2017,AT Rayudu,Rising Pune Supergiant,Yes,Fit
1082629,2017,P Kumar,Rising Pune Supergiant,Yes,Fit
1082629,2017,MJ McClenaghan,Rising Pune Supergiant,Yes,Fit
1082629,2017,KH Pandya,Rising Pune Supergiant,Yes,Fit
1082629,2017,DR Smith,Rising Pune Supergiant,Yes,Fit
1082629,2017,AB de Villiers,Rising Pune Supergiant,Yes,Fit
1082629,2017,SR Tendulkar,Rising Pune Supergiant,Yes,Fit
1082629,2017,M Morkel,Rising Pune Supergiant,Yes,Fit
1082629,2017,PP Shaw,Rising Pune Supergiant,Yes,Fit
1082629,2017,KL Rahul,Gujarat Lions,Yes,Fit
1082629,2017,AJ Finch,Gujarat Lions,Yes,Fit
1082629,2017,Washington Sundar,Gujarat Lions,Yes,Fit
1082630,2017,MK Tiwary,Sunrisers Hyderabad,Yes,Fit
1082630,2017,MM Patel,Delhi Capitals,Yes,Fit
1082630,2017,R Parag,Sunrisers Hyderabad,Yes,Fit
1082630,2017,JP Faulkner,Delhi Capitals,Yes,Fit
1082630,2017,TA Boult,Sunrisers Hyderabad,Yes,Fit
1082630,2017,Rashid Khan,Delhi Capitals,Yes,Fit
1082630,2017,V Kohli,Sunrisers Hyderabad,Yes,Fit
1082630,2017,DJ Hooda,Sunrisers Hyderabad,Yes,Fit
1082630,2017,KD Karthik,Delhi Capitals,Yes,Fit
1082630,2017,MJ McClenaghan,Sunrisers Hyderabad,Yes,Fit
1082630,2017,YS Chahal,Sunrisers Hyderabad,Yes,Fit
1082630,2017,SA Yadav,Delhi Capitals,Yes,Fit
1082630,2017,Avesh Khan,Sunrisers Hyderabad,Yes,Fit
1082630,2017,M Vijay,Sunrisers Hyderabad,Yes,Fit
1082630,2017,G Gambhir,Delhi Capitals,Yes,Fit
1082630,2017,S Badrinath,Sunrisers Hyderabad,Yes,Fit
1082630,2017,Harbhajan Singh,Delhi Capitals,Yes,Fit
1082630,2017,B Sai Sudharsan,Delhi Capitals,Yes,Fit
1082630,2017,RD Chahar,Delhi Capitals,Yes,Fit
1082630,2017,AR Patel,Sunrisers Hyderabad,Yes,Fit
1082631,2017,JP Faulkner,Rising Pune Supergiant,Yes,Fit
1082631,2017,JD Unadkat,Rising Pune Supergiant,Yes,Fit
1082631,2017,V Sehwag,Kolkata Knight Riders,Yes,Fit
1082631,2017,YS Chahal,Rising Pune Supergiant,Yes,Fit
1082631,2017,T Natarajan,Kolkata Knight Riders,Yes,Fit
1082631,2017,Washington Sundar,Rising Pune Supergiant,No,Finger fracture
1082631,2017,G Gambhir,Kolkata Knight Riders,Yes,Fit
1082631,2017,KL Rahul,Kolkata Knight Riders,Yes,Fit
1082631,2017,SP Narine,Rising Pune Supergiant,Yes,Fit
1082631,2017,PJ Cummins,Rising Pune Supergiant,Yes,Fit
1082631,2017,A Symonds,Kolkata Knight Riders,Yes,Fit
1082631,2017,HV Patel,Kolkata Knight Riders,Yes,Fit
1082631,2017,SN Thakur,Rising Pune Supergiant,Yes,Fit
1082631,2017,PP Shaw,Kolkata Knight Riders,Yes,Fit
1082631,2017,YK Pathan,Rising Pune Supergiant,Yes,Fit
1082631,2017,JH Kallis,Rising Pune Supergiant,Yes,Fit
1082631,2017,SS Tiwary,Rising Pune Supergiant,Yes,Fit
1082631,2017,S Dube,Kolkata Knight Riders,Yes,Fit
1082631,2017,RD Gaikwad,Rising Pune Supergiant,Yes,Fit
1082631,2017,EJG Morgan,Rising Pune Supergiant,Yes,Fit
1082632,2017,F du Plessis,Delhi Capitals,Yes,Fit
1082632,2017,Q de Kock,Delhi Capitals,Yes,Fit
1082632,2017,R Ashwin,Gujarat Lions,Yes,Fit
1082632,2017,JH Kallis,Gujarat Lions,Yes,Fit
1082632,2017,MA Agarwal,Gujarat Lions,Yes,Fit
1082632,2017,R Vinay Kumar,Gujarat Lions,Yes,Fit
1082632,2017,Washington Sundar,Gujarat Lions,Yes,Fit
1082632,2017,I Sharma,Gujarat Lions,Yes,Fit
1082632,2017,MS Dhoni,Delhi Capitals,Yes,Fit
1082632,2017,MR Marsh,Gujarat Lions,Yes,Fit
1082632,2017,WP Saha,Gujarat Lions,Yes,Fit
1082632,2017,RD Chahar,Gujarat Lions,Yes,Fit
1082632,2017,CH Gayle,Gujarat Lions,Yes,Fit
1082632,2017,B Sai Sudharsan,Delhi Capitals,Yes,Fit
1082632,2017,JJ Bumrah,Gujarat Lions,Yes,Fit
1082632,2017,KK Nair,Gujarat Lions,Yes,Fit
1082632,2017,Harbhajan Singh,Gujarat Lions,Yes,Fit
1082632,2017,V Sehwag,Gujarat Lions,Yes,Fit
1082632,2017,P Kumar,Delhi Capitals,Yes,Fit
1082632,2017,A Mishra,Gujarat Lions,Yes,Fit
1082633,2017,KS Williamson,Royal Challengers Bangalore,Yes,Fit
1082633,2017,BB McCullum,Royal Challengers Bangalore,Yes,Fit
1082633,2017,MP Stoinis,Royal Challengers Bangalore,Yes,Fit
1082633,2017,CH Gayle,Punjab Kings,Yes,Fit
1082633,2017,Mohammed Shami,Royal Challengers Bangalore,Yes,Fit
1082633,2017,B Sai Sudharsan,Punjab Kings,Yes,Fit
1082633,2017,F du Plessis,Royal Challengers Bangalore,Yes,Fit
1082633,2017,AB Dinda,Punjab Kings,Yes,Fit
1082633,2017,MA Starc,Royal Challengers Bangalore,Yes,Fit
1082633,2017,MK Pandey,Punjab Kings,No,Finger fracture
1082633,2017,MM Ali,Punjab Kings,Yes,Fit
1082633,2017,SK Raina,Punjab Kings,Yes,Fit
1082633,2017,JA Morkel,Punjab Kings,Yes,Fit
1082633,2017,SS Tiwary,Royal Challengers Bangalore,Yes,Fit
1082633,2017,DL Chahar,Royal Challengers Bangalore,Yes,Fit
1082633,2017,JC Buttler,Royal Challengers Bangalore,Yes,Fit
1082633,2017,Arshdeep Singh,Royal Challengers Bangalore,Yes,Fit
1082633,2017,R Bhatia,Royal Challengers Bangalore,Yes,Fit
1082633,2017,Mohammed Siraj,Punjab Kings,Yes,Fit
1082633,2017,Rashid Khan,Royal Challengers Bangalore,Yes,Fit
1082634,2017,SA Yadav,Sunrisers Hyderabad,Yes,Fit
1082634,2017,AD Russell,Rising Pune Supergiant,Yes,Fit
1082634,2017,MM Sharma,Rising Pune Supergiant,Yes,Fit
1082634,2017,Ravi Bishnoi,Sunrisers Hyderabad,Yes,Fit
1082634,2017,AB Dinda,Sunrisers Hyderabad,Yes,Fit
1082634,2017,S Badrinath,Sunrisers Hyderabad,Yes,Fit
1082634,2017,Ishan Kishan,Sunrisers Hyderabad,Yes,Fit
1082634,2017,SP Narine,Sunrisers Hyderabad,Yes,Fit
1082634,2017,Kuldeep Yadav,Rising Pune Supergiant,Yes,Fit
1082634,2017,BA Stokes,Rising Pune Supergiant,Yes,Fit
1082634,2017,MK Tiwary,Sunrisers Hyderabad,Yes,Fit
1082634,2017,MA Starc,Rising Pune Supergiant,Yes,Fit
1082634,2017,BB McCullum,Rising Pune Supergiant,No,Calf injury
1082634,2017,RD Chahar,Sunrisers Hyderabad,Yes,Fit
1082634,2017,DJ Bravo,Sunrisers Hyderabad,Yes,Fit
1082634,2017,PP Chawla,Sunrisers Hyderabad,Yes,Fit
1082634,2017,Q de Kock,Sunrisers Hyderabad,Yes,Fit
1082634,2017,TA Boult,Rising Pune Supergiant,Yes,Fit
1082634,2017,P Kumar,Rising Pune Supergiant,Yes,Fit
1082634,2017,Washington Sundar,Sunrisers Hyderabad,Yes,Fit
1082635,2017,R Tewatia,Delhi Capitals,Yes,Fit
1082635,2017,V Shankar,Mumbai Indians,Yes,Fit
1082635,2017,V Sehwag,Mumbai Indians,Yes,Fit
1082635,2017,YS Chahal,Mumbai Indians,Yes,Fit
1082635,2017,IK Pathan,Delhi Capitals,Yes,Fit
1082635,2017,S Badrinath,Delhi Capitals,Yes,Fit
1082635,2017,RA Jadeja,Mumbai Indians,Yes,Fit
1082635,2017,DA Warner,Delhi Capitals,Yes,Fit
1082635,2017,BB McCullum,Delhi Capitals,Yes,Fit
1082635,2017,JA Morkel,Delhi Capitals,Yes,Fit
1082635,2017,Sandeep Sharma,Mumbai Indians,Yes,Fit
1082635,2017,MA Agarwal,Mumbai Indians,Yes,Fit
1082635,2017,R Parag,Delhi Capitals,Yes,Fit
1082635,2017,Mandeep Singh,Delhi Capitals,Yes,Fit
1082635,2017,Avesh Khan,Delhi Capitals,No,Hamstring strain
1082635,2017,SV Samson,Mumbai Indians,Yes,Fit
1082635,2017,SR Tendulkar,Delhi Capitals,Yes,Fit
1082635,2017,RV Uthappa,Delhi Capitals,Yes,Fit
1082635,2017,R Vinay Kumar,Mumbai Indians,Yes,Fit
1082635,2017,RD Chahar,Mumbai Indians,Yes,Fit
1082636,2017,JC Archer,Kolkata Knight Riders,Yes,Fit
1082636,2017,MA Agarwal,Kolkata Knight Riders,Yes,Fit
1082636,2017,MS Dhoni,Kolkata Knight Riders,Yes,Fit
1082636,2017,PP Chawla,Royal Challengers Bangalore,No,Fever
1082636,2017,PJ Cummins,Royal Challengers Bangalore,Yes,Fit
1082636,2017,JP Duminy,Royal Challengers Bangalore,Yes,Fit
1082636,2017,Shubman Gill,Royal Challengers Bangalore,Yes,Fit
1082636,2017,RG Sharma,Royal Challengers Bangalore,Yes,Fit
1082636,2017,NV Ojha,Royal Challengers Bangalore,No,Covid protocol
1082636,2017,BA Stokes,Kolkata Knight Riders,Yes,Fit
1082636,2017,WP Saha,Royal Challengers Bangalore,Yes,Fit
1082636,2017,RA Tripathi,Royal Challengers Bangalore,Yes,Fit
1082636,2017,M Vijay,Royal Challengers Bangalore,Yes,Fit
1082636,2017,JH Kallis,Royal Challengers Bangalore,No,Calf injury
1082636,2017,KS Williamson,Kolkata Knight Riders,Yes,Fit
1082636,2017,JA Morkel,Royal Challengers Bangalore,Yes,Fit
1082636,2017,M Morkel,Kolkata Knight Riders,Yes,Fit
1082636,2017,YBK Jaiswal,Royal Challengers Bangalore,Yes,Fit
1082636,2017,A Mishra,Royal Challengers Bangalore,Yes,Fit
1082636,2017,SR Tendulkar,Kolkata Knight Riders,Yes,Fit
1082637,2017,R Vinay Kumar,Punjab Kings,Yes,Fit
1082637,2017,KD Karthik,Punjab Kings,Yes,Fit
1082637,2017,S Badrinath,Gujarat Lions,Yes,Fit
1082637,2017,M Prasidh Krishna,Punjab Kings,Yes,Fit
1082637,2017,R Tewatia,Punjab Kings,Yes,Fit
1082637,2017,SS Tiwary,Punjab Kings,Yes,Fit
1082637,2017,DS Kulkarni,Gujarat Lions,Yes,Fit
1082637,2017,YS Chahal,Punjab Kings,Yes,Fit
1082637,2017,KC Sangakkara,Punjab Kings,Yes,Fit
1082637,2017,PP Ojha,Gujarat Lions,Yes,Fit
1082637,2017,MJ McClenaghan,Gujarat Lions,Yes,Fit
1082637,2017,R Bhatia,Punjab Kings,Yes,Fit
1082637,2017,Ishan Kishan,Gujarat Lions,Yes,Fit
1082637,2017,MA Starc,Gujarat Lions,Yes,Fit
1082637,2017,MK Pandey,Gujarat Lions,Yes,Fit
1082637,2017,SK Raina,Punjab Kings,Yes,Fit
1082637,2017,Kuldeep Yadav,Punjab Kings,Yes,Fit
1082637,2017,Yuvraj Singh,Gujarat Lions,Yes,Fit
1082637,2017,H Klaasen,Punjab Kings,Yes,Fit
1082637,2017,CV Varun,Punjab Kings,Yes,Fit
1082638,2017,RD Gaikwad,Sunrisers Hyderabad,Yes,Fit
1082638,2017,MK Pandey,Sunrisers Hyderabad,Yes,Fit
1082638,2017,AM Rahane,Sunrisers Hyderabad,Yes,Fit
1082638,2017,R Vinay Kumar,Mumbai Indians,Yes,Fit
1082638,2017,Imran Tahir,Sunrisers Hyderabad,Yes,Fit
1082638,2017,MP Stoinis,Sunrisers Hyderabad,No,Fever
1082638,2017,SK Raina,Sunrisers Hyderabad,Yes,Fit
1082638,2017,MM Patel,Sunrisers Hyderabad,Yes,Fit
1082638,2017,R Bhatia,Mumbai Indians,Yes,Fit
1082638,2017,V Shankar,Sunrisers Hyderabad,Yes,Fit
1082638,2017,DJ Hussey,Mumbai Indians,Yes,Fit
1082638,2017,Z Khan,Sunrisers Hyderabad,Yes,Fit
1082638,2017,MEK Hussey,Sunrisers Hyderabad,Yes,Fit
1082638,2017,V Sehwag,Mumbai Indians,Yes,Fit
1082638,2017,GJ Maxwell,Mumbai Indians,Yes,Fit
1082638,2017,SL Malinga,Sunrisers Hyderabad,Yes,Fit
1082638,2017,NT Tilak Varma,Mumbai Indians,Yes,Fit
1082638,2017,SN Thakur,Sunrisers Hyderabad,Yes,Fit
1082638,2017,N Pooran,Mumbai Indians,Yes,Fit
1082638,2017,G Gambhir,Sunrisers Hyderabad,Yes,Fit
1082639,2017,VR Iyer,Kolkata Knight Riders,Yes,Fit
1082639,2017,AB Dinda,Kolkata Knight Riders,Yes,Fit
1082639,2017,JH Kallis,Punjab Kings,Yes,Fit
1082639,2017,RA Tripathi,Kolkata Knight Riders,Yes,Fit
1082639,2017,DW Steyn,Punjab Kings,Yes,Fit
1082639,2017,SM Curran,Punjab Kings,Yes,Fit
1082639,2017,JP Faulkner,Kolkata Knight Riders,Yes,Fit
1082639,2017,Mohammed Siraj,Kolkata Knight Riders,Yes,Fit
1082639,2017,DPMD Jayawardene,Kolkata Knight Riders,Yes,Fit
1082639,2017,N Pooran,Punjab Kings,Yes,Fit
1082639,2017,MM Sharma,Punjab Kings,Yes,Fit
1082639,2017,Sandeep Sharma,Punjab Kings,Yes,Fit
1082639,2017,AD Russell,Kolkata Knight Riders,Yes,Fit
1082639,2017,SPD Smith,Kolkata Knight Riders,Yes,Fit
1082639,2017,DA Warner,Kolkata Knight Riders,Yes,Fit
1082639,2017,BB McCullum,Punjab Kings,Yes,Fit
1082639,2017,DJ Bravo,Punjab Kings,Yes,Fit
1082639,2017,KS Williamson,Punjab Kings,No,Travel delay
1082639,2017,S Badrinath,Kolkata Knight Riders,Yes,Fit
1082639,2017,R Ashwin,Punjab Kings,Yes,Fit
1082640,2017,JP Faulkner,Gujarat Lions,Yes,Fit
1082640,2017,KV Sharma,Gujarat Lions,Yes,Fit
1082640,2017,KD Karthik,Delhi Capitals,Yes,Fit
1082640,2017,DR Smith,Delhi Capitals,Yes,Fit
1082640,2017,Ishan Kishan,Gujarat Lions,Yes,Fit
1082640,2017,SE Marsh,Gujarat Lions,Yes,Fit
1082640,2017,DL Chahar,Delhi Capitals,Yes,Fit
1082640,2017,A Nehra,Delhi Capitals,Yes,Fit
1082640,2017,F du Plessis,Delhi Capitals,Yes,Fit
1082640,2017,DJ Hussey,Gujarat Lions,Yes,Fit
1082640,2017,UT Yadav,Gujarat Lions,Yes,Fit
1082640,2017,HH Pandya,Gujarat Lions,Yes,Fit
1082640,2017,SN Thakur,Delhi Capitals,Yes,Fit
1082640,2017,R Parag,Delhi Capitals,Yes,Fit
1082640,2017,G Gambhir,Delhi Capitals,Yes,Fit
1082640,2017,SL Malinga,Gujarat Lions,Yes,Fit
1082640,2017,DJ Bravo,Delhi Capitals,Yes,Fit
1082640,2017,CH Morris,Gujarat Lions,Yes,Fit
1082640,2017,CH Gayle,Gujarat Lions,Yes,Fit
1082640,2017,Mandeep Singh,Gujarat Lions,Yes,Fit
1082641,2017,AM Rahane,Punjab Kings,No,Covid protocol
1082641,2017,MS Dhoni,Punjab Kings,Yes,Fit
1082641,2017,SS Iyer,Punjab Kings,Yes,Fit
1082641,2017,SM Curran,Mumbai Indians,Yes,Fit
1082641,2017,AB Dinda,Mumbai Indians,Yes,Fit
1082641,2017,Sandeep Sharma,Mumbai Indians,Yes,Fit
1082641,2017,H Klaasen,Punjab Kings,Yes,Fit
1082641,2017,P Kumar,Punjab Kings,Yes,Fit
1082641,2017,SS Tiwary,Punjab Kings,Yes,Fit
1082641,2017,AR Patel,Mumbai Indians,Yes,Fit
1082641,2017,MJ McClenaghan,Punjab Kings,Yes,Fit
1082641,2017,Mohammed Shami,Punjab Kings,Yes,Fit
1082641,2017,AJ Finch,Mumbai Indians,Yes,Fit
1082641,2017,KL Rahul,Punjab Kings,Yes,Fit
1082641,2017,DJ Bravo,Mumbai Indians,Yes,Fit
1082641,2017,Ishan Kishan,Mumbai Indians,Yes,Fit
1082641,2017,JJ Bumrah,Mumbai Indians,No,Knee injury
1082641,2017,V Shankar,Punjab Kings,Yes,Fit
1082641,2017,JM Bairstow,Punjab Kings,Yes,Fit
1082641,2017,JP Duminy,Punjab Kings,No,Personal reasons
1082642,2017,UT Yadav,Rising Pune Supergiant,Yes,Fit
1082642,2017,MM Sharma,Delhi Capitals,Yes,Fit
1082642,2017,S Dhawan,Delhi Capitals,Yes,Fit
1082642,2017,YBK Jaiswal,Delhi Capitals,Yes,Fit
1082642,2017,PA Patel,Delhi Capitals,Yes,Fit
1082642,2017,M Vijay,Delhi Capitals,Yes,Fit
1082642,2017,SPD Smith,Delhi Capitals,Yes,Fit
1082642,2017,T Natarajan,Rising Pune Supergiant,Yes,Fit
1082642,2017,JC Buttler,Rising Pune Supergiant,No,Knee injury
1082642,2017,Shakib Al Hasan,Rising Pune Supergiant,Yes,Fit
1082642,2017,Washington Sundar,Rising Pune Supergiant,Yes,Fit
1082642,2017,V Shankar,Rising Pune Supergiant,Yes,Fit
1082642,2017,NV Ojha,Rising Pune Supergiant,Yes,Fit
1082642,2017,Harbhajan Singh,Rising Pune Supergiant,Yes,Fit
1082642,2017,D Padikkal,Delhi Capitals,Yes,Fit
1082642,2017,JC Archer,Rising Pune Supergiant,Yes,Fit
1082642,2017,KC Sangakkara,Rising Pune Supergiant,Yes,Fit
1082642,2017,IK Pathan,Rising Pune Supergiant,Yes,Fit
1082642,2017,H Klaasen,Delhi Capitals,No,Travel delay
1082642,2017,WP Saha,Delhi Capitals,Yes,Fit
1082643,2017,SO Hetmyer,Sunrisers Hyderabad,Yes,Fit
1082643,2017,MJ McClenaghan,Gujarat Lions,Yes,Fit
1082643,2017,T Natarajan,Sunrisers Hyderabad,Yes,Fit
1082643,2017,SA Yadav,Sunrisers Hyderabad,Yes,Fit
1082643,2017,B Sai Sudharsan,Sunrisers Hyderabad,Yes,Fit
1082643,2017,R Ashwin,Gujarat Lions,Yes,Fit
1082643,2017,MM Sharma,Gujarat Lions,Yes,Fit
1082643,2017,DJ Hooda,Gujarat Lions,Yes,Fit
1082643,2017,AR Patel,Gujarat Lions,Yes,Fit
1082643,2017,MG Johnson,Sunrisers Hyderabad,Yes,Fit
1082643,2017,A Nehra,Gujarat Lions,Yes,Fit
1082643,2017,SC Ganguly,Gujarat Lions,Yes,Fit
1082643,2017,BA Stokes,Sunrisers Hyderabad,Yes,Fit
1082643,2017,SP Narine,Sunrisers Hyderabad,No,Finger fracture
1082643,2017,Ravi Bishnoi,Sunrisers Hyderabad,Yes,Fit
1082643,2017,V Sehwag,Sunrisers Hyderabad,Yes,Fit
1082643,2017,Harbhajan Singh,Gujarat Lions,Yes,Fit
1082643,2017,M Morkel,Gujarat Lions,Yes,Fit
1082643,2017,Shubman Gill,Gujarat Lions,Yes,Fit
1082643,2017,RA Tripathi,Sunrisers Hyderabad,Yes,Fit
1082644,2017,BA Stokes,Kolkata Knight Riders,Yes,Fit
1082644,2017,SR Watson,Kolkata Knight Riders,Yes,Fit
1082644,2017,A Nehra,Kolkata Knight Riders,Yes,Fit
1082644,2017,PP Chawla,Kolkata Knight Riders,Yes,Fit
1082644,2017,M Vijay,Mumbai Indians,Yes,Fit
1082644,2017,MA Agarwal,Kolkata Knight Riders,Yes,Fit
1082644,2017,JC Archer,Mumbai Indians,Yes,Fit
1082644,2017,NT Tilak Varma,Kolkata Knight Riders,Yes,Fit
1082644,2017,HV Patel,Kolkata Knight Riders,Yes,Fit
1082644,2017,JM Bairstow,Mumbai Indians,Yes,Fit
1082644,2017,V Sehwag,Mumbai Indians,Yes,Fit
1082644,2017,M Morkel,Kolkata Knight Riders,Yes,Fit
1082644,2017,JP Duminy,Kolkata Knight Riders,Yes,Fit
1082644,2017,MG Johnson,Mumbai Indians,Yes,Fit
1082644,2017,DJ Bravo,Mumbai Indians,Yes,Fit
1082644,2017,AB Dinda,Kolkata Knight Riders,Yes,Fit
1082644,2017,RD Gaikwad,Mumbai Indians,Yes,Fit
1082644,2017,SE Marsh,Kolkata Knight Riders,Yes,Fit
1082644,2017,RD Chahar,Kolkata Knight Riders,Yes,Fit
1082644,2017,MJ McClenaghan,Mumbai Indians,Yes,Fit
1082645,2017,DS Kulkarni,Rising Pune Supergiant,Yes,Fit
1082645,2017,Shakib Al Hasan,Rising Pune Supergiant,Yes,Fit
1082645,2017,SS Iyer,Rising Pune Supergiant,Yes,Fit
1082645,2017,MJ McClenaghan,Punjab Kings,Yes,Fit
1082645,2017,CV Varun,Rising Pune Supergiant,Yes,Fit
1082645,2017,B Kumar,Rising Pune Supergiant,Yes,Fit
1082645,2017,RD Gaikwad,Rising Pune Supergiant,Yes,Fit
1082645,2017,AT Rayudu,Rising Pune Supergiant,Yes,Fit
1082645,2017,V Kohli,Punjab Kings,Yes,Fit
1082645,2017,SC Ganguly,Punjab Kings,Yes,Fit
1082645,2017,DA Miller,Rising Pune Supergiant,Yes,Fit
1082645,2017,MK Tiwary,Punjab Kings,Yes,Fit
1082645,2017,SE Marsh,Rising Pune Supergiant,Yes,Fit
1082645,2017,R Dravid,Punjab Kings,Yes,Fit
1082645,2017,JP Faulkner,Rising Pune Supergiant,Yes,Fit
1082645,2017,JD Unadkat,Rising Pune Supergiant,Yes,Fit
1082645,2017,Arshdeep Singh,Punjab Kings,Yes,Fit
1082645,2017,MC Henriques,Punjab Kings,Yes,Fit
1082645,2017,MR Marsh,Punjab Kings,Yes,Fit
1082645,2017,MG Johnson,Rising Pune Supergiant,Yes,Fit
1082646,2017,DL Chahar,Royal Challengers Bangalore,Yes,Fit
1082646,2017,B Sai Sudharsan,Delhi Capitals,Yes,Fit
1082646,2017,Ravi Bishnoi,Royal Challengers Bangalore,Yes,Fit
1082646,2017,Mohammed Shami,Delhi Capitals,Yes,Fit
1082646,2017,A Nehra,Royal Challengers Bangalore,Yes,Fit
1082646,2017,Harbhajan Singh,Royal Challengers Bangalore,Yes,Fit
1082646,2017,HH Pandya,Royal Challengers Bangalore,Yes,Fit
1082646,2017,PP Shaw,Delhi Capitals,Yes,Fit
1082646,2017,DA Warner,Delhi Capitals,Yes,Fit
1082646,2017,NT Tilak Varma,Royal Challengers Bangalore,Yes,Fit
1082646,2017,JA Morkel,Delhi Capitals,Yes,Fit
1082646,2017,SR Tendulkar,Delhi Capitals,Yes,Fit
1082646,2017,DJ Bravo,Royal Challengers Bangalore,Yes,Fit
1082646,2017,SL Malinga,Delhi Capitals,Yes,Fit
1082646,2017,L Balaji,Royal Challengers Bangalore,Yes,Fit
1082646,2017,Mandeep Singh,Royal Challengers Bangalore,Yes,Fit
1082646,2017,SE Marsh,Royal Challengers Bangalore,Yes,Fit
1082646,2017,V Kohli,Royal Challengers Bangalore,Yes,Fit
1082646,2017,DR Smith,Royal Challengers Bangalore,Yes,Fit
1082646,2017,A Symonds,Delhi Capitals,Yes,Fit
1082647,2017,SE Marsh,Mumbai Indians,Yes,Fit
1082647,2017,AJ Finch,Mumbai Indians,Yes,Fit
1082647,2017,V Sehwag,Mumbai Indians,Yes,Fit
1082647,2017,BJ Hodge,Rising Pune Supergiant,Yes,Fit
1082647,2017,D Padikkal,Rising Pune Supergiant,Yes,Fit
1082647,2017,Mandeep Singh,Mumbai Indians,Yes,Fit
1082647,2017,HH Pandya,Mumbai Indians,Yes,Fit
1082647,2017,R Parag,Rising Pune Supergiant,Yes,Fit
1082647,2017,A Mishra,Mumbai Indians,Yes,Fit
1082647,2017,DJ Hooda,Mumbai Indians,Yes,Fit
1082647,2017,PP Shaw,Rising Pune Supergiant,Yes,Fit
1082647,2017,JH Kallis,Rising Pune Supergiant,Yes,Fit
1082647,2017,SPD Smith,Mumbai Indians,Yes,Fit
1082647,2017,K Rabada,Rising Pune Supergiant,Yes,Fit
1082647,2017,EJG Morgan,Rising Pune Supergiant,Yes,Fit
1082647,2017,RP Singh,Rising Pune Supergiant,Yes,Fit
1082647,2017,AM Rahane,Rising Pune Supergiant,Yes,Fit
1082647,2017,PA Patel,Mumbai Indians,Yes,Fit
1082647,2017,KL Rahul,Rising Pune Supergiant,No,Personal reasons
1082647,2017,M Prasidh Krishna,Rising Pune Supergiant,Yes,Fit
1082648,2017,Mandeep Singh,Kolkata Knight Riders,Yes,Fit
1082648,2017,GJ Maxwell,Kolkata Knight Riders,Yes,Fit
1082648,2017,A Symonds,Kolkata Knight Riders,Yes,Fit
1082648,2017,MM Sharma,Sunrisers Hyderabad,Yes,Fit
1082648,2017,PP Shaw,Sunrisers Hyderabad,Yes,Fit
1082648,2017,HH Pandya,Kolkata Knight Riders,Yes,Fit
1082648,2017,D Padikkal,Sunrisers Hyderabad,Yes,Fit
1082648,2017,MC Henriques,Kolkata Knight Riders,Yes,Fit
1082648,2017,KH Pandya,Sunrisers Hyderabad,Yes,Fit
1082648,2017,CH Gayle,Sunrisers Hyderabad,Yes,Fit
1082648,2017,DJ Hussey,Sunrisers Hyderabad,Yes,Fit
1082648,2017,BJ Hodge,Kolkata Knight Riders,Yes,Fit
1082648,2017,AB Dinda,Sunrisers Hyderabad,Yes,Fit
1082648,2017,Rashid Khan,Sunrisers Hyderabad,Yes,Fit
1082648,2017,Washington Sundar,Kolkata Knight Riders,No,Covid protocol
1082648,2017,B Sai Sudharsan,Kolkata Knight Riders,Yes,Fit
1082648,2017,SS Tiwary,Kolkata Knight Riders,Yes,Fit
1082648,2017,MEK Hussey,Sunrisers Hyderabad,Yes,Fit
1082648,2017,PP Ojha,Sunrisers Hyderabad,Yes,Fit
1082648,2017,Ravi Bishnoi,Kolkata Knight Riders,Yes,Fit
1082649,2017,CH Gayle,Mumbai Indians,Yes,Fit
1082649,2017,Yuvraj Singh,Kolkata Knight Riders,Yes,Fit
1082649,2017,Prabhsimran Singh,Mumbai Indians,Yes,Fit
1082649,2017,V Kohli,Mumbai Indians,Yes,Fit
1082649,2017,Rashid Khan,Mumbai Indians,Yes,Fit
1082649,2017,V Shankar,Mumbai Indians,Yes,Fit
1082649,2017,SR Watson,Kolkata Knight Riders,Yes,Fit
1082649,2017,JJ Bumrah,Mumbai Indians,No,Suspension
1082649,2017,HV Patel,Kolkata Knight Riders,Yes,Fit
1082649,2017,Kuldeep Yadav,Mumbai Indians,Yes,Fit
1082649,2017,N Pooran,Kolkata Knight Riders,Yes,Fit
1082649,2017,D Padikkal,Kolkata Knight Riders,Yes,Fit
1082649,2017,R Tewatia,Kolkata Knight Riders,Yes,Fit
1082649,2017,AR Patel,Mumbai Indians,Yes,Fit
1082649,2017,MC Henriques,Kolkata Knight Riders,Yes,Fit
1082649,2017,A Nehra,Kolkata Knight Riders,Yes,Fit
1082649,2017,PP Chawla,Kolkata Knight Riders,No,Knee injury
1082649,2017,JM Bairstow,Mumbai Indians,Yes,Fit
1082649,2017,Shakib Al Hasan,Mumbai Indians,Yes,Fit
1082649,2017,DL Chahar,Kolkata Knight Riders,Yes,Fit
1082650,2017,A Nehra,Rising Pune Supergiant,Yes,Fit
1082650,2017,Harbhajan Singh,Mumbai Indians,Yes,Fit
1082650,2017,MC Henriques,Mumbai Indians,Yes,Fit
1082650,2017,DJ Hooda,Mumbai Indians,No,Covid protocol
1082650,2017,M Vijay,Rising Pune Supergiant,Yes,Fit
1082650,2017,KC Sangakkara,Mumbai Indians,Yes,Fit
1082650,2017,JC Buttler,Mumbai Indians,Yes,Fit
1082650,2017,VR Iyer,Rising Pune Supergiant,Yes,Fit
1082650,2017,F du Plessis,Mumbai Indians,Yes,Fit
1082650,2017,PP Ojha,Mumbai Indians,No,Personal reasons
1082650,2017,RP Singh,Rising Pune Supergiant,Yes,Fit
1082650,2017,SS Tiwary,Rising Pune Supergiant,Yes,Fit
1082650,2017,DJ Bravo,Mumbai Indians,Yes,Fit
1082650,2017,Ravi Bishnoi,Mumbai Indians,Yes,Fit
1082650,2017,MM Sharma,Rising Pune Supergiant,Yes,Fit
1082650,2017,G Gambhir,Mumbai Indians,Yes,Fit
1082650,2017,SP Narine,Mumbai Indians,Yes,Fit
1082650,2017,R Ashwin,Mumbai Indians,Yes,Fit
1082650,2017,MK Tiwary,Rising Pune Supergiant,Yes,Fit
1082650,2017,Washington Sundar,Rising Pune Supergiant,Yes,Fit
1136561,2018,RR Pant,Chennai Super Kings,Yes,Fit
1136561,2018,Z Khan,Mumbai Indians,Yes,Fit
1136561,2018,SM Curran,Mumbai Indians,Yes,Fit
1136561,2018,SA Yadav,Mumbai Indians,Yes,Fit
1136561,2018,BJ Hodge,Chennai Super Kings,Yes,Fit
1136561,2018,D Padikkal,Mumbai Indians,Yes,Fit
1136561,2018,R Dravid,Chennai Super Kings,Yes,Fit
1136561,2018,DS Kulkarni,Chennai Super Kings,Yes,Fit
1136561,2018,V Shankar,Mumbai Indians,Yes,Fit
1136561,2018,PA Patel,Mumbai Indians,Yes,Fit
1136561,2018,DPMD Jayawardene,Mumbai Indians,Yes,Fit
1136561,2018,Kuldeep Yadav,Chennai Super Kings,Yes,Fit
1136561,2018,Abhishek Sharma,Chennai Super Kings,Yes,Fit
1136561,2018,SR Watson,Mumbai Indians,Yes,Fit
1136561,2018,HV Patel,Mumbai Indians,Yes,Fit
1136561,2018,RP Singh,Chennai Super Kings,Yes,Fit
1136561,2018,JJ Bumrah,Mumbai Indians,Yes,Fit
1136561,2018,NV Ojha,Chennai Super Kings,Yes,Fit
1136561,2018,AK Markram,Chennai Super Kings,Yes,Fit
1136561,2018,KV Sharma,Mumbai Indians,Yes,Fit
1136562,2018,UT Yadav,Punjab Kings,Yes,Fit
1136562,2018,HH Pandya,Punjab Kings,Yes,Fit
1136562,2018,Harbhajan Singh,Delhi Capitals,Yes,Fit
1136562,2018,DJ Hooda,Punjab Kings,Yes,Fit
1136562,2018,AK Markram,Punjab Kings,Yes,Fit
1136562,2018,KL Rahul,Delhi Capitals,Yes,Fit
1136562,2018,KS Williamson,Punjab Kings,Yes,Fit
1136562,2018,SS Tiwary,Punjab Kings,Yes,Fit
1136562,2018,RD Chahar,Delhi Capitals,Yes,Fit
1136562,2018,P Kumar,Punjab Kings,Yes,Fit
1136562,2018,F du Plessis,Delhi Capitals,Yes,Fit
1136562,2018,L Balaji,Delhi Capitals,Yes,Fit
1136562,2018,AJ Finch,Punjab Kings,No,Calf injury
1136562,2018,DR Smith,Punjab Kings,Yes,Fit
1136562,2018,M Vijay,Delhi Capitals,Yes,Fit
1136562,2018,DA Miller,Punjab Kings,Yes,Fit
1136562,2018,EJG Morgan,Delhi Capitals,Yes,Fit
1136562,2018,JP Faulkner,Punjab Kings,Yes,Fit
1136562,2018,AB de Villiers,Delhi Capitals,Yes,Fit
1136562,2018,Mohammed Shami,Punjab Kings,Yes,Fit
1136563,2018,R Bhatia,Royal Challengers Bangalore,Yes,Fit
1136563,2018,R Vinay Kumar,Kolkata Knight Riders,Yes,Fit
1136563,2018,DL Chahar,Royal Challengers Bangalore,Yes,Fit
1136563,2018,M Prasidh Krishna,Kolkata Knight Riders,Yes,Fit
1136563,2018,SM Curran,Kolkata Knight Riders,Yes,Fit
1136563,2018,M Morkel,Kolkata Knight Riders,Yes,Fit
1136563,2018,PA Patel,Royal Challengers Bangalore,Yes,Fit
1136563,2018,Yuvraj Singh,Royal Challengers Bangalore,Yes,Fit
1136563,2018,R Dravid,Royal Challengers Bangalore,Yes,Fit
1136563,2018,AR Patel,Kolkata Knight Riders,Yes,Fit
1136563,2018,M Vijay,Kolkata Knight Riders,Yes,Fit
1136563,2018,AT Rayudu,Kolkata Knight Riders,Yes,Fit
1136563,2018,P Kumar,Royal Challengers Bangalore,Yes,Fit
1136563,2018,DPMD Jayawardene,Kolkata Knight Riders,Yes,Fit
1136563,2018,SV Samson,Kolkata Knight Riders,Yes,Fit
1136563,2018,Mandeep Singh,Kolkata Knight Riders,Yes,Fit
1136563,2018,UT Yadav,Royal Challengers Bangalore,Yes,Fit
1136563,2018,YS Chahal,Royal Challengers Bangalore,Yes,Fit
1136563,2018,HV Patel,Royal Challengers Bangalore,Yes,Fit
1136563,2018,SE Marsh,Kolkata Knight Riders,Yes,Fit
1136564,2018,AD Russell,Sunrisers Hyderabad,Yes,Fit
1136564,2018,Prabhsimran Singh,Sunrisers Hyderabad,Yes,Fit
1136564,2018,MG Johnson,Sunrisers Hyderabad,Yes,Fit
1136564,2018,Rashid Khan,Sunrisers Hyderabad,Yes,Fit
1136564,2018,L Balaji,Sunrisers Hyderabad,Yes,Fit
1136564,2018,TA Boult,Rajasthan Royals,Yes,Fit
1136564,2018,DJ Bravo,Rajasthan Royals,Yes,Fit
1136564,2018,JH Kallis,Rajasthan Royals,Yes,Fit
1136564,2018,JJ Bumrah,Sunrisers Hyderabad,Yes,Fit
1136564,2018,F du Plessis,Sunrisers Hyderabad,Yes,Fit
1136564,2018,V Sehwag,Rajasthan Royals,Yes,Fit
1136564,2018,WP Saha,Rajasthan Royals,Yes,Fit
1136564,2018,KK Nair,Rajasthan Royals,Yes,Fit
1136564,2018,SP Narine,Sunrisers Hyderabad,Yes,Fit
1136564,2018,M Vijay,Sunrisers Hyderabad,Yes,Fit
1136564,2018,Abhishek Sharma,Sunrisers Hyderabad,Yes,Fit
1136564,2018,CH Gayle,Sunrisers Hyderabad,Yes,Fit
1136564,2018,BB McCullum,Rajasthan Royals,Yes,Fit
1136564,2018,SC Ganguly,Rajasthan Royals,Yes,Fit
1136564,2018,RP Singh,Sunrisers Hyderabad,Yes,Fit
1136565,2018,MR Marsh,Kolkata Knight Riders,Yes,Fit
1136565,2018,R Dravid,Kolkata Knight Riders,Yes,Fit
1136565,2018,RR Pant,Kolkata Knight Riders,No,Shoulder injury
1136565,2018,Shubman Gill,Chennai Super Kings,Yes,Fit
1136565,2018,B Kumar,Chennai Super Kings,Yes,Fit
1136565,2018,KL Rahul,Chennai Super Kings,Yes,Fit
1136565,2018,Z Khan,Chennai Super Kings,Yes,Fit
1136565,2018,DR Smith,Chennai Super Kings,Yes,Fit
1136565,2018,R Ashwin,Chennai Super Kings,No,Travel delay
1136565,2018,DL Chahar,Chennai Super Kings,Yes,Fit
1136565,2018,JC Buttler,Kolkata Knight Riders,Yes,Fit
1136565,2018,P Kumar,Kolkata Knight Riders,Yes,Fit
1136565,2018,I Sharma,Chennai Super Kings,Yes,Fit
1136565,2018,B Sai Sudharsan,Chennai Super Kings,Yes,Fit
1136565,2018,KC Sangakkara,Chennai Super Kings,Yes,Fit
1136565,2018,Prabhsimran Singh,Kolkata Knight Riders,Yes,Fit
1136565,2018,KS Williamson,Kolkata Knight Riders,Yes,Fit
1136565,2018,BJ Hodge,Kolkata Knight Riders,Yes,Fit
1136565,2018,JP Duminy,Chennai Super Kings,Yes,Fit
1136565,2018,KA Pollard,Kolkata Knight Riders,Yes,Fit
1136566,2018,DW Steyn,Rajasthan Royals,Yes,Fit
1136566,2018,Rashid Khan,Delhi Capitals,Yes,Fit
1136566,2018,B Kumar,Delhi Capitals,Yes,Fit
1136566,2018,MA Starc,Delhi Capitals,Yes,Fit
1136566,2018,MM Patel,Delhi Capitals,Yes,Fit
1136566,2018,AB Dinda,Delhi Capitals,Yes,Fit
1136566,2018,DA Warner,Delhi Capitals,Yes,Fit
1136566,2018,Ishan Kishan,Rajasthan Royals,Yes,Fit
1136566,2018,V Kohli,Delhi Capitals,Yes,Fit
1136566,2018,RD Chahar,Rajasthan Royals,Yes,Fit
1136566,2018,M Prasidh Krishna,Rajasthan Royals,Yes,Fit
1136566,2018,N Rana,Rajasthan Royals,Yes,Fit
1136566,2018,AB de Villiers,Delhi Capitals,Yes,Fit
1136566,2018,MJ McClenaghan,Delhi Capitals,Yes,Fit
1136566,2018,VR Iyer,Rajasthan Royals,Yes,Fit
1136566,2018,PP Chawla,Rajasthan Royals,Yes,Fit
1136566,2018,Z Khan,Delhi Capitals,Yes,Fit
1136566,2018,Mohammed Shami,Rajasthan Royals,Yes,Fit
1136566,2018,SK Raina,Rajasthan Royals,Yes,Fit
1136566,2018,GJ Maxwell,Delhi Capitals,Yes,Fit
1136567,2018,Kuldeep Yadav,Sunrisers Hyderabad,Yes,Fit
1136567,2018,SPD Smith,Sunrisers Hyderabad,Yes,Fit
1136567,2018,PJ Cummins,Sunrisers Hyderabad,Yes,Fit
1136567,2018,SC Ganguly,Sunrisers Hyderabad,Yes,Fit
1136567,2018,MR Marsh,Sunrisers Hyderabad,No,Fever
1136567,2018,RA Jadeja,Sunrisers Hyderabad,Yes,Fit
1136567,2018,JJ Bumrah,Mumbai Indians,No,Covid protocol
1136567,2018,SR Tendulkar,Sunrisers Hyderabad,Yes,Fit
1136567,2018,RP Singh,Mumbai Indians,No,Personal reasons
1136567,2018,KA Pollard,Mumbai Indians,Yes,Fit
1136567,2018,DA Warner,Sunrisers Hyderabad,Yes,Fit
1136567,2018,D Padikkal,Mumbai Indians,Yes,Fit
1136567,2018,MJ McClenaghan,Sunrisers Hyderabad,Yes,Fit
1136567,2018,PP Chawla,Mumbai Indians,Yes,Fit
1136567,2018,V Kohli,Sunrisers Hyderabad,Yes,Fit
1136567,2018,H Klaasen,Mumbai Indians,Yes,Fit
1136567,2018,B Kumar,Mumbai Indians,Yes,Fit
1136567,2018,JA Morkel,Mumbai Indians,Yes,Fit
1136567,2018,AK Markram,Sunrisers Hyderabad,Yes,Fit
1136567,2018,M Morkel,Sunrisers Hyderabad,Yes,Fit
1136568,2018,PP Ojha,Punjab Kings,Yes,Fit
1136568,2018,DJ Hooda,Punjab Kings,Yes,Fit
1136568,2018,R Bhatia,Royal Challengers Bangalore,Yes,Fit
1136568,2018,DW Steyn,Punjab Kings,Yes,Fit
1136568,2018,MEK Hussey,Royal Challengers Bangalore,Yes,Fit
1136568,2018,N Pooran,Royal Challengers Bangalore,Yes,Fit
1136568,2018,PP Shaw,Punjab Kings,Yes,Fit
1136568,2018,VR Iyer,Punjab Kings,Yes,Fit
1136568,2018,TA Boult,Punjab Kings,Yes,Fit
1136568,2018,I Sharma,Punjab Kings,Yes,Fit
1136568,2018,IK Pathan,Royal Challengers Bangalore,Yes,Fit
1136568,2018,WP Saha,Punjab Kings,Yes,Fit
1136568,2018,JH Kallis,Royal Challengers Bangalore,Yes,Fit
1136568,2018,MS Dhoni,Royal Challengers Bangalore,Yes,Fit
1136568,2018,Washington Sundar,Punjab Kings,Yes,Fit
1136568,2018,R Vinay Kumar,Royal Challengers Bangalore,Yes,Fit
1136568,2018,NT Tilak Varma,Royal Challengers Bangalore,Yes,Fit
1136568,2018,SA Yadav,Royal Challengers Bangalore,Yes,Fit
1136568,2018,RP Singh,Royal Challengers Bangalore,Yes,Fit
1136568,2018,L Balaji,Royal Challengers Bangalore,Yes,Fit
1136569,2018,Ravi Bishnoi,Mumbai Indians,Yes,Fit
1136569,2018,DR Smith,Delhi Capitals,Yes,Fit
1136569,2018,JH Kallis,Mumbai Indians,Yes,Fit
1136569,2018,JA Morkel,Delhi Capitals,Yes,Fit
1136569,2018,RR Pant,Mumbai Indians,Yes,Fit
1136569,2018,SN Thakur,Delhi Capitals,Yes,Fit
1136569,2018,SL Malinga,Mumbai Indians,Yes,Fit
1136569,2018,YS Chahal,Mumbai Indians,Yes,Fit
1136569,2018,MM Sharma,Mumbai Indians,Yes,Fit
1136569,2018,A Mishra,Delhi Capitals,Yes,Fit
1136569,2018,RA Tripathi,Mumbai Indians,Yes,Fit
1136569,2018,RG Sharma,Delhi Capitals,Yes,Fit
1136569,2018,B Sai Sudharsan,Delhi Capitals,Yes,Fit
1136569,2018,KA Pollard,Delhi Capitals,Yes,Fit
1136569,2018,JC Archer,Delhi Capitals,No,Calf injury
1136569,2018,Avesh Khan,Mumbai Indians,Yes,Fit
1136569,2018,Mohammed Siraj,Delhi Capitals,Yes,Fit
1136569,2018,SK Raina,Delhi Capitals,Yes,Fit
1136569,2018,S Dube,Mumbai Indians,Yes,Fit
1136569,2018,DL Chahar,Delhi Capitals,Yes,Fit
1136570,2018,AD Russell,Sunrisers Hyderabad,Yes,Fit
1136570,2018,SN Thakur,Kolkata Knight Riders,Yes,Fit
1136570,2018,Avesh Khan,Sunrisers Hyderabad,Yes,Fit
1136570,2018,SR Tendulkar,Kolkata Knight Riders,Yes,Fit
1136570,2018,JA Morkel,Kolkata Knight Riders,Yes,Fit
1136570,2018,SR Watson,Kolkata Knight Riders,Yes,Fit
1136570,2018,R Bhatia,Sunrisers Hyderabad,Yes,Fit
1136570,2018,GJ Maxwell,Kolkata Knight Riders,Yes,Fit
1136570,2018,RA Tripathi,Sunrisers Hyderabad,Yes,Fit
1136570,2018,KK Nair,Kolkata Knight Riders,Yes,Fit
1136570,2018,B Sai Sudharsan,Kolkata Knight Riders,Yes,Fit
1136570,2018,D Padikkal,Kolkata Knight Riders,Yes,Fit
1136570,2018,S Dhawan,Sunrisers Hyderabad,Yes,Fit
1136570,2018,S Dube,Sunrisers Hyderabad,Yes,Fit
1136570,2018,BB McCullum,Kolkata Knight Riders,Yes,Fit
1136570,2018,KA Pollard,Kolkata Knight Riders,Yes,Fit
1136570,2018,AK Markram,Kolkata Knight Riders,Yes,Fit
1136570,2018,SO Hetmyer,Sunrisers Hyderabad,Yes,Fit
1136570,2018,MP Stoinis,Kolkata Knight Riders,Yes,Fit
1136570,2018,R Vinay Kumar,Sunrisers Hyderabad,Yes,Fit
1136571,2018,KL Rahul,Rajasthan Royals,Yes,Fit
1136571,2018,V Shankar,Royal Challengers Bangalore,Yes,Fit
1136571,2018,KK Ahmed,Rajasthan Royals,Yes,Fit
1136571,2018,KC Sangakkara,Rajasthan Royals,Yes,Fit
1136571,2018,UT Yadav,Rajasthan Royals,Yes,Fit
1136571,2018,Harbhajan Singh,Rajasthan Royals,Yes,Fit
1136571,2018,Abhishek Sharma,Royal Challengers Bangalore,Yes,Fit
1136571,2018,NT Tilak Varma,Royal Challengers Bangalore,Yes,Fit
1136571,2018,B Sai Sudharsan,Royal Challengers Bangalore,Yes,Fit
1136571,2018,VR Iyer,Royal Challengers Bangalore,No,Finger fracture
1136571,2018,JP Duminy,Rajasthan Royals,Yes,Fit
1136571,2018,KA Pollard,Rajasthan Royals,Yes,Fit
1136571,2018,SP Narine,Rajasthan Royals,Yes,Fit
1136571,2018,MM Ali,Royal Challengers Bangalore,Yes,Fit
1136571,2018,RR Pant,Royal Challengers Bangalore,Yes,Fit
1136571,2018,JD Unadkat,Rajasthan Royals,Yes,Fit
1136571,2018,DJ Hooda,Rajasthan Royals,Yes,Fit
1136571,2018,F du Plessis,Royal Challengers Bangalore,Yes,Fit
1136571,2018,D Padikkal,Royal Challengers Bangalore,Yes,Fit
1136571,2018,DW Steyn,Rajasthan Royals,Yes,Fit
1136572,2018,TA Boult,Punjab Kings,Yes,Fit
1136572,2018,A Nehra,Chennai Super Kings,Yes,Fit
1136572,2018,N Pooran,Punjab Kings,Yes,Fit
1136572,2018,V Sehwag,Chennai Super Kings,Yes,Fit
1136572,2018,CV Varun,Punjab Kings,Yes,Fit
1136572,2018,SV Samson,Punjab Kings,Yes,Fit
1136572,2018,GJ Maxwell,Punjab Kings,Yes,Fit
1136572,2018,DA Warner,Punjab Kings,Yes,Fit
1136572,2018,PJ Cummins,Punjab Kings,Yes,Fit
1136572,2018,Shakib Al Hasan,Punjab Kings,Yes,Fit
1136572,2018,DJ Hussey,Chennai Super Kings,Yes,Fit
1136572,2018,MA Starc,Punjab Kings,Yes,Fit
1136572,2018,DS Kulkarni,Punjab Kings,Yes,Fit
1136572,2018,PA Patel,Chennai Super Kings,Yes,Fit
1136572,2018,Prabhsimran Singh,Punjab Kings,Yes,Fit
1136572,2018,AC Gilchrist,Punjab Kings,Yes,Fit
1136572,2018,A Mishra,Punjab Kings,Yes,Fit
1136572,2018,YBK Jaiswal,Chennai Super Kings,Yes,Fit
1136572,2018,AM Rahane,Chennai Super Kings,Yes,Fit
1136572,2018,KS Williamson,Punjab Kings,Yes,Fit
1136573,2018,AK Markram,Delhi Capitals,Yes,Fit
1136573,2018,Prabhsimran Singh,Delhi Capitals,Yes,Fit
1136573,2018,JC Buttler,Delhi Capitals,Yes,Fit
1136573,2018,CV Varun,Delhi Capitals,Yes,Fit
1136573,2018,RD Gaikwad,Delhi Capitals,Yes,Fit
1136573,2018,UT Yadav,Kolkata Knight Riders,Yes,Fit
1136573,2018,MEK Hussey,Delhi Capitals,Yes,Fit
1136573,2018,YS Chahal,Delhi Capitals,Yes,Fit
1136573,2018,SV Samson,Kolkata Knight Riders,Yes,Fit
1136573,2018,SM Curran,Kolkata Knight Riders,Yes,Fit
1136573,2018,IK Pathan,Delhi Capitals,Yes,Fit
1136573,2018,T Natarajan,Kolkata Knight Riders,Yes,Fit
1136573,2018,PA Patel,Delhi Capitals,Yes,Fit
1136573,2018,MM Ali,Delhi Capitals,Yes,Fit
1136573,2018,D Padikkal,Kolkata Knight Riders,No,Calf injury
1136573,2018,RA Tripathi,Kolkata Knight Riders,Yes,Fit
1136573,2018,R Vinay Kumar,Delhi Capitals,Yes,Fit
1136573,2018,Sandeep Sharma,Delhi Capitals,Yes,Fit
1136573,2018,M Prasidh Krishna,Delhi Capitals,Yes,Fit
1136573,2018,Mohammed Shami,Delhi Capitals,Yes,Fit
1136574,2018,YBK Jaiswal,Royal Challengers Bangalore,Yes,Fit
1136574,2018,SS Tiwary,Royal Challengers Bangalore,Yes,Fit
1136574,2018,SP Narine,Royal Challengers Bangalore,Yes,Fit
1136574,2018,JH Kallis,Mumbai Indians,Yes,Fit
1136574,2018,Mandeep Singh,Royal Challengers Bangalore,Yes,Fit
1136574,2018,RD Chahar,Royal Challengers Bangalore,Yes,Fit
1136574,2018,SS Iyer,Royal Challengers Bangalore,Yes,Fit
1136574,2018,TA Boult,Royal Challengers Bangalore,Yes,Fit
1136574,2018,RA Jadeja,Mumbai Indians,Yes,Fit
1136574,2018,JC Buttler,Royal Challengers Bangalore,Yes,Fit
1136574,2018,PP Ojha,Royal Challengers Bangalore,Yes,Fit
1136574,2018,A Symonds,Mumbai Indians,Yes,Fit
1136574,2018,RA Tripathi,Royal Challengers Bangalore,Yes,Fit
1136574,2018,DL Chahar,Mumbai Indians,Yes,Fit
1136574,2018,Arshdeep Singh,Mumbai Indians,Yes,Fit
1136574,2018,KH Pandya,Royal Challengers Bangalore,Yes,Fit
1136574,2018,AT Rayudu,Royal Challengers Bangalore,Yes,Fit
1136574,2018,JM Bairstow,Mumbai Indians,Yes,Fit
1136574,2018,B Sai Sudharsan,Royal Challengers Bangalore,Yes,Fit
1136574,2018,SM Curran,Royal Challengers Bangalore,Yes,Fit
1136575,2018,WP Saha,Rajasthan Royals,Yes,Fit
1136575,2018,EJG Morgan,Kolkata Knight Riders,Yes,Fit
1136575,2018,JP Faulkner,Kolkata Knight Riders,Yes,Fit
1136575,2018,B Sai Sudharsan,Kolkata Knight Riders,Yes,Fit
1136575,2018,NT Tilak Varma,Rajasthan Royals,Yes,Fit
1136575,2018,KK Nair,Kolkata Knight Riders,Yes,Fit
1136575,2018,MEK Hussey,Rajasthan Royals,Yes,Fit
1136575,2018,CV Varun,Rajasthan Royals,Yes,Fit
1136575,2018,A Symonds,Rajasthan Royals,Yes,Fit
1136575,2018,RP Singh,Rajasthan Royals,Yes,Fit
1136575,2018,N Pooran,Kolkata Knight Riders,Yes,Fit
1136575,2018,RD Chahar,Kolkata Knight Riders,Yes,Fit
1136575,2018,AT Rayudu,Rajasthan Royals,Yes,Fit
1136575,2018,MJ McClenaghan,Kolkata Knight Riders,Yes,Fit
1136575,2018,R Ashwin,Rajasthan Royals,Yes,Fit
1136575,2018,AK Markram,Rajasthan Royals,Yes,Fit
1136575,2018,S Dube,Rajasthan Royals,Yes,Fit
1136575,2018,Mohammed Shami,Rajasthan Royals,Yes,Fit
1136575,2018,JP Duminy,Kolkata Knight Riders,Yes,Fit
1136575,2018,KL Rahul,Rajasthan Royals,Yes,Fit
1136576,2018,Kuldeep Yadav,Punjab Kings,Yes,Fit
1136576,2018,N Rana,Punjab Kings,Yes,Fit
1136576,2018,DPMD Jayawardene,Sunrisers Hyderabad,Yes,Fit
1136576,2018,MG Johnson,Sunrisers Hyderabad,Yes,Fit
1136576,2018,VR Iyer,Sunrisers Hyderabad,Yes,Fit
1136576,2018,KA Pollard,Punjab Kings,Yes,Fit
1136576,2018,MK Pandey,Punjab Kings,Yes,Fit
1136576,2018,DJ Bravo,Punjab Kings,Yes,Fit
1136576,2018,R Tewatia,Sunrisers Hyderabad,Yes,Fit
1136576,2018,JM Bairstow,Punjab Kings,Yes,Fit
1136576,2018,T Natarajan,Punjab Kings,Yes,Fit
1136576,2018,MK Tiwary,Sunrisers Hyderabad,Yes,Fit
1136576,2018,RR Pant,Sunrisers Hyderabad,Yes,Fit
1136576,2018,KK Ahmed,Sunrisers Hyderabad,Yes,Fit
1136576,2018,DJ Hooda,Sunrisers Hyderabad,Yes,Fit
1136576,2018,YK Pathan,Punjab Kings,Yes,Fit
1136576,2018,KV Sharma,Punjab Kings,Yes,Fit
1136576,2018,A Symonds,Punjab Kings,Yes,Fit
1136576,2018,YS Chahal,Sunrisers Hyderabad,No,Finger fracture
1136576,2018,M Prasidh Krishna,Sunrisers Hyderabad,Yes,Fit
1136577,2018,JP Faulkner,Rajasthan Royals,Yes,Fit
1136577,2018,RA Tripathi,Rajasthan Royals,Yes,Fit
1136577,2018,G Gambhir,Chennai Super Kings,Yes,Fit
1136577,2018,SR Tendulkar,Chennai Super Kings,Yes,Fit
1136577,2018,SPD Smith,Rajasthan Royals,Yes,Fit
1136577,2018,SS Iyer,Chennai Super Kings,Yes,Fit
1136577,2018,AD Russell,Rajasthan Royals,Yes,Fit
1136577,2018,AR Patel,Chennai Super Kings,Yes,Fit
1136577,2018,L Balaji,Rajasthan Royals,No,Finger fracture
1136577,2018,V Kohli,Rajasthan Royals,Yes,Fit
1136577,2018,MP Stoinis,Chennai Super Kings,Yes,Fit
1136577,2018,Mohammed Siraj,Chennai Super Kings,Yes,Fit
1136577,2018,Harbhajan Singh,Rajasthan Royals,Yes,Fit
1136577,2018,MM Ali,Chennai Super Kings,Yes,Fit
1136577,2018,S Badrinath,Rajasthan Royals,Yes,Fit
1136577,2018,M Prasidh Krishna,Chennai Super Kings,Yes,Fit
1136577,2018,Q de Kock,Chennai Super Kings,Yes,Fit
1136577,2018,SV Samson,Chennai Super Kings,Yes,Fit
1136577,2018,RD Chahar,Chennai Super Kings,Yes,Fit
1136577,2018,SP Narine,Chennai Super Kings,Yes,Fit
1136578,2018,HH Pandya,Punjab Kings,Yes,Fit
1136578,2018,MA Agarwal,Punjab Kings,Yes,Fit
1136578,2018,SK Raina,Punjab Kings,Yes,Fit
1136578,2018,CV Varun,Kolkata Knight Riders,Yes,Fit
1136578,2018,SR Watson,Punjab Kings,Yes,Fit
1136578,2018,AB Dinda,Punjab Kings,Yes,Fit
1136578,2018,I Sharma,Punjab Kings,Yes,Fit
1136578,2018,RD Gaikwad,Punjab Kings,Yes,Fit
1136578,2018,M Morkel,Kolkata Knight Riders,Yes,Fit
1136578,2018,S Badrinath,Kolkata Knight Riders,Yes,Fit
1136578,2018,N Rana,Kolkata Knight Riders,Yes,Fit
1136578,2018,N Pooran,Kolkata Knight Riders,Yes,Fit
1136578,2018,SO Hetmyer,Punjab Kings,Yes,Fit
1136578,2018,KA Pollard,Kolkata Knight Riders,Yes,Fit
1136578,2018,JP Duminy,Kolkata Knight Riders,No,Fever
1136578,2018,DL Chahar,Punjab Kings,Yes,Fit
1136578,2018,RG Sharma,Kolkata Knight Riders,Yes,Fit
1136578,2018,T Natarajan,Punjab Kings,Yes,Fit
1136578,2018,JJ Bumrah,Punjab Kings,Yes,Fit
1136578,2018,BJ Hodge,Punjab Kings,Yes,Fit
1136579,2018,F du Plessis,Royal Challengers Bangalore,Yes,Fit
1136579,2018,G Gambhir,Royal Challengers Bangalore,Yes,Fit
1136579,2018,V Sehwag,Delhi Capitals,Yes,Fit
1136579,2018,MM Patel,Royal Challengers Bangalore,Yes,Fit
1136579,2018,BA Stokes,Royal Challengers Bangalore,Yes,Fit
1136579,2018,DR Smith,Royal Challengers Bangalore,Yes,Fit
1136579,2018,RV Uthappa,Delhi Capitals,Yes,Fit
1136579,2018,DA Warner,Delhi Capitals,Yes,Fit
1136579,2018,SPD Smith,Royal Challengers Bangalore,Yes,Fit
1136579,2018,AJ Finch,Delhi Capitals,Yes,Fit
1136579,2018,NV Ojha,Royal Challengers Bangalore,Yes,Fit
1136579,2018,YS Chahal,Delhi Capitals,Yes,Fit
1136579,2018,DL Chahar,Royal Challengers Bangalore,Yes,Fit
1136579,2018,KC Sangakkara,Delhi Capitals,Yes,Fit
1136579,2018,Ishan Kishan,Royal Challengers Bangalore,Yes,Fit
1136579,2018,AR Patel,Royal Challengers Bangalore,Yes,Fit
1136579,2018,K Rabada,Royal Challengers Bangalore,Yes,Fit
1136579,2018,S Dhawan,Royal Challengers Bangalore,No,Calf injury
1136579,2018,Rashid Khan,Delhi Capitals,Yes,Fit
1136579,2018,MS Dhoni,Delhi Capitals,Yes,Fit
1136580,2018,MK Pandey,Chennai Super Kings,Yes,Fit
1136580,2018,SS Iyer,Sunrisers Hyderabad,Yes,Fit
1136580,2018,AB de Villiers,Sunrisers Hyderabad,Yes,Fit
1136580,2018,Ravi Bishnoi,Chennai Super Kings,Yes,Fit
1136580,2018,MEK Hussey,Chennai Super Kings,Yes,Fit
1136580,2018,SE Marsh,Chennai Super Kings,Yes,Fit
1136580,2018,SS Tiwary,Sunrisers Hyderabad,Yes,Fit
1136580,2018,KD Karthik,Chennai Super Kings,Yes,Fit
1136580,2018,Prabhsimran Singh,Chennai Super Kings,Yes,Fit
1136580,2018,UT Yadav,Chennai Super Kings,Yes,Fit
1136580,2018,V Shankar,Sunrisers Hyderabad,Yes,Fit
1136580,2018,Yuvraj Singh,Chennai Super Kings,Yes,Fit
1136580,2018,MR Marsh,Sunrisers Hyderabad,Yes,Fit
1136580,2018,KS Williamson,Chennai Super Kings,Yes,Fit
1136580,2018,YK Pathan,Sunrisers Hyderabad,Yes,Fit
1136580,2018,N Pooran,Chennai Super Kings,Yes,Fit
1136580,2018,PA Patel,Sunrisers Hyderabad,Yes,Fit
1136580,2018,HV Patel,Sunrisers Hyderabad,Yes,Fit
1136580,2018,F du Plessis,Sunrisers Hyderabad,Yes,Fit
1136580,2018,G Gambhir,Sunrisers Hyderabad,Yes,Fit
1136581,2018,EJG Morgan,Mumbai Indians,Yes,Fit
1136581,2018,RR Pant,Mumbai Indians,Yes,Fit
1136581,2018,V Kohli,Rajasthan Royals,No,Shoulder injury
1136581,2018,CH Morris,Mumbai Indians,Yes,Fit
1136581,2018,R Tewatia,Mumbai Indians,Yes,Fit
1136581,2018,BA Stokes,Mumbai Indians,Yes,Fit
1136581,2018,KA Pollard,Mumbai Indians,No,Suspension
1136581,2018,SV Samson,Mumbai Indians,Yes,Fit
1136581,2018,R Bhatia,Mumbai Indians,Yes,Fit
1136581,2018,Harbhajan Singh,Rajasthan Royals,Yes,Fit
1136581,2018,AR Patel,Rajasthan Royals,Yes,Fit
1136581,2018,Mohammed Shami,Mumbai Indians,Yes,Fit
1136581,2018,Imran Tahir,Mumbai Indians,Yes,Fit
1136581,2018,AB de Villiers,Mumbai Indians,Yes,Fit
1136581,2018,DA Miller,Rajasthan Royals,Yes,Fit
1136581,2018,MEK Hussey,Mumbai Indians,Yes,Fit
1136581,2018,Ravi Bishnoi,Rajasthan Royals,Yes,Fit
1136581,2018,PP Chawla,Rajasthan Royals,Yes,Fit
1136581,2018,JM Bairstow,Rajasthan Royals,Yes,Fit
1136581,2018,RD Chahar,Mumbai Indians,Yes,Fit
1136582,2018,MP Stoinis,Punjab Kings,Yes,Fit
1136582,2018,CH Gayle,Punjab Kings,Yes,Fit
1136582,2018,Kuldeep Yadav,Delhi Capitals,Yes,Fit
1136582,2018,Harbhajan Singh,Punjab Kings,Yes,Fit
1136582,2018,MM Sharma,Delhi Capitals,Yes,Fit
1136582,2018,L Balaji,Delhi Capitals,Yes,Fit
1136582,2018,KC Sangakkara,Delhi Capitals,Yes,Fit
1136582,2018,PP Shaw,Punjab Kings,Yes,Fit
1136582,2018,SK Raina,Delhi Capitals,Yes,Fit
1136582,2018,RG Sharma,Punjab Kings,Yes,Fit
1136582,2018,RA Jadeja,Punjab Kings,Yes,Fit
1136582,2018,AK Markram,Punjab Kings,Yes,Fit
1136582,2018,DJ Hooda,Delhi Capitals,Yes,Fit
1136582,2018,PP Ojha,Punjab Kings,Yes,Fit
1136582,2018,R Vinay Kumar,Punjab Kings,No,Travel delay
1136582,2018,RR Pant,Punjab Kings,Yes,Fit
1136582,2018,Mandeep Singh,Punjab Kings,Yes,Fit
1136582,2018,MS Dhoni,Delhi Capitals,Yes,Fit
1136582,2018,KK Nair,Delhi Capitals,Yes,Fit
1136582,2018,SO Hetmyer,Delhi Capitals,Yes,Fit
1136583,2018,R Tewatia,Sunrisers Hyderabad,Yes,Fit
1136583,2018,Mohammed Siraj,Sunrisers Hyderabad,Yes,Fit
1136583,2018,DL Chahar,Sunrisers Hyderabad,Yes,Fit
1136583,2018,S Dhawan,Sunrisers Hyderabad,No,Covid protocol
1136583,2018,V Shankar,Sunrisers Hyderabad,Yes,Fit
1136583,2018,MK Tiwary,Mumbai Indians,Yes,Fit
1136583,2018,SS Iyer,Mumbai Indians,Yes,Fit
1136583,2018,KS Williamson,Sunrisers Hyderabad,Yes,Fit
1136583,2018,M Vijay,Sunrisers Hyderabad,Yes,Fit
1136583,2018,RD Chahar,Mumbai Indians,Yes,Fit
1136583,2018,H Klaasen,Sunrisers Hyderabad,Yes,Fit
1136583,2018,Z Khan,Sunrisers Hyderabad,Yes,Fit
1136583,2018,MA Agarwal,Sunrisers Hyderabad,Yes,Fit
1136583,2018,NV Ojha,Mumbai Indians,Yes,Fit
1136583,2018,S Badrinath,Mumbai Indians,Yes,Fit
1136583,2018,YK Pathan,Mumbai Indians,Yes,Fit
1136583,2018,JP Faulkner,Sunrisers Hyderabad,Yes,Fit
1136583,2018,R Parag,Sunrisers Hyderabad,Yes,Fit
1136583,2018,BA Stokes,Mumbai Indians,Yes,Fit
1136583,2018,V Sehwag,Sunrisers Hyderabad,Yes,Fit
1136584,2018,G Gambhir,Royal Challengers Bangalore,Yes,Fit
1136584,2018,Imran Tahir,Chennai Super Kings,Yes,Fit
1136584,2018,SPD Smith,Chennai Super Kings,Yes,Fit
1136584,2018,JC Archer,Chennai Super Kings,Yes,Fit
1136584,2018,N Pooran,Royal Challengers Bangalore,Yes,Fit
1136584,2018,GJ Maxwell,Royal Challengers Bangalore,Yes,Fit
1136584,2018,R Dravid,Chennai Super Kings,Yes,Fit
1136584,2018,JP Duminy,Chennai Super Kings,Yes,Fit
1136584,2018,RP Singh,Royal Challengers Bangalore,Yes,Fit
1136584,2018,KK Nair,Royal Challengers Bangalore,Yes,Fit
1136584,2018,YK Pathan,Royal Challengers Bangalore,Yes,Fit
1136584,2018,BB McCullum,Royal Challengers Bangalore,Yes,Fit
1136584,2018,RV Uthappa,Chennai Super Kings,Yes,Fit
1136584,2018,I Sharma,Royal Challengers Bangalore,Yes,Fit
1136584,2018,M Morkel,Chennai Super Kings,Yes,Fit
1136584,2018,Sandeep Sharma,Chennai Super Kings,Yes,Fit
1136584,2018,MG Johnson,Royal Challengers Bangalore,Yes,Fit
1136584,2018,SR Watson,Chennai Super Kings,Yes,Fit
1136584,2018,SO Hetmyer,Chennai Super Kings,Yes,Fit
1136584,2018,AC Gilchrist,Chennai Super Kings,Yes,Fit
1136585,2018,Harbhajan Singh,Punjab Kings,Yes,Fit
1136585,2018,M Prasidh Krishna,Punjab Kings,Yes,Fit
1136585,2018,JC Buttler,Punjab Kings,No,Finger fracture
1136585,2018,MM Ali,Sunrisers Hyderabad,Yes,Fit
1136585,2018,KK Ahmed,Sunrisers Hyderabad,Yes,Fit
1136585,2018,SM Curran,Sunrisers Hyderabad,Yes,Fit
1136585,2018,DS Kulkarni,Sunrisers Hyderabad,No,Covid protocol
1136585,2018,R Vinay Kumar,Punjab Kings,Yes,Fit
1136585,2018,AC Gilchrist,Sunrisers Hyderabad,Yes,Fit
1136585,2018,Shakib Al Hasan,Sunrisers Hyderabad,Yes,Fit
1136585,2018,BB McCullum,Sunrisers Hyderabad,Yes,Fit
1136585,2018,GJ Maxwell,Punjab Kings,No,Hamstring strain
1136585,2018,NT Tilak Varma,Punjab Kings,Yes,Fit
1136585,2018,RD Gaikwad,Sunrisers Hyderabad,Yes,Fit
1136585,2018,DA Warner,Punjab Kings,Yes,Fit
1136585,2018,WP Saha,Punjab Kings,Yes,Fit
1136585,2018,JP Duminy,Sunrisers Hyderabad,Yes,Fit
1136585,2018,M Morkel,Punjab Kings,Yes,Fit
1136585,2018,R Tewatia,Sunrisers Hyderabad,Yes,Fit
1136585,2018,PP Shaw,Sunrisers Hyderabad,Yes,Fit
1136586,2018,R Tewatia,Kolkata Knight Riders,Yes,Fit
1136586,2018,SPD Smith,Kolkata Knight Riders,Yes,Fit
1136586,2018,RV Uthappa,Delhi Capitals,Yes,Fit
1136586,2018,MC Henriques,Kolkata Knight Riders,Yes,Fit
1136586,2018,P Kumar,Delhi Capitals,Yes,Fit
1136586,2018,SS Tiwary,Delhi Capitals,Yes,Fit
1136586,2018,MS Dhoni,Delhi Capitals,Yes,Fit
1136586,2018,Shakib Al Hasan,Delhi Capitals,Yes,Fit
1136586,2018,F du Plessis,Delhi Capitals,Yes,Fit
1136586,2018,SC Ganguly,Delhi Capitals,Yes,Fit
1136586,2018,PJ Cummins,Delhi Capitals,Yes,Fit
1136586,2018,DJ Bravo,Delhi Capitals,Yes,Fit
1136586,2018,N Pooran,Delhi Capitals,Yes,Fit
1136586,2018,H Klaasen,Delhi Capitals,Yes,Fit
1136586,2018,M Morkel,Kolkata Knight Riders,Yes,Fit
1136586,2018,IK Pathan,Delhi Capitals,Yes,Fit
1136586,2018,AC Gilchrist,Delhi Capitals,Yes,Fit
1136586,2018,KL Rahul,Delhi Capitals,Yes,Fit
1136586,2018,MA Agarwal,Kolkata Knight Riders,Yes,Fit
1136586,2018,YK Pathan,Kolkata Knight Riders,Yes,Fit
1136587,2018,MM Ali,Mumbai Indians,Yes,Fit
1136587,2018,A Mishra,Chennai Super Kings,Yes,Fit
1136587,2018,K Rabada,Mumbai Indians,Yes,Fit
1136587,2018,BB McCullum,Chennai Super Kings,Yes,Fit
1136587,2018,KL Rahul,Chennai Super Kings,Yes,Fit
1136587,2018,SN Thakur,Chennai Super Kings,Yes,Fit
1136587,2018,DJ Hooda,Chennai Super Kings,Yes,Fit
1136587,2018,EJG Morgan,Mumbai Indians,Yes,Fit
1136587,2018,JP Faulkner,Chennai Super Kings,Yes,Fit
1136587,2018,Avesh Khan,Chennai Super Kings,Yes,Fit
1136587,2018,SC Ganguly,Chennai Super Kings,Yes,Fit
1136587,2018,MM Patel,Chennai Super Kings,Yes,Fit
1136587,2018,KS Williamson,Chennai Super Kings,Yes,Fit
1136587,2018,JP Duminy,Chennai Super Kings,Yes,Fit
1136587,2018,Sandeep Sharma,Chennai Super Kings,Yes,Fit
1136587,2018,RD Gaikwad,Mumbai Indians,Yes,Fit
1136587,2018,MEK Hussey,Mumbai Indians,Yes,Fit
1136587,2018,JD Unadkat,Chennai Super Kings,Yes,Fit
1136587,2018,A Nehra,Mumbai Indians,Yes,Fit
1136587,2018,L Balaji,Mumbai Indians,Yes,Fit
1136588,2018,MR Marsh,Rajasthan Royals,Yes,Fit
1136588,2018,DS Kulkarni,Rajasthan Royals,Yes,Fit
1136588,2018,MA Agarwal,Sunrisers Hyderabad,Yes,Fit
1136588,2018,JP Faulkner,Rajasthan Royals,Yes,Fit
1136588,2018,DJ Bravo,Sunrisers Hyderabad,Yes,Fit
1136588,2018,H Klaasen,Sunrisers Hyderabad,Yes,Fit
1136588,2018,KL Rahul,Rajasthan Royals,Yes,Fit
1136588,2018,RD Gaikwad,Sunrisers Hyderabad,Yes,Fit
1136588,2018,JM Bairstow,Sunrisers Hyderabad,Yes,Fit
1136588,2018,N Rana,Rajasthan Royals,Yes,Fit
1136588,2018,Mandeep Singh,Rajasthan Royals,Yes,Fit
1136588,2018,KV Sharma,Rajasthan Royals,Yes,Fit
1136588,2018,R Ashwin,Rajasthan Royals,Yes,Fit
1136588,2018,SN Thakur,Rajasthan Royals,Yes,Fit
1136588,2018,Arshdeep Singh,Sunrisers Hyderabad,Yes,Fit
1136588,2018,IK Pathan,Rajasthan Royals,Yes,Fit
1136588,2018,Abhishek Sharma,Rajasthan Royals,Yes,Fit
1136588,2018,CH Morris,Rajasthan Royals,Yes,Fit
1136588,2018,PP Ojha,Rajasthan Royals,Yes,Fit
1136588,2018,SL Malinga,Rajasthan Royals,Yes,Fit
1136589,2018,KV Sharma,Royal Challengers Bangalore,Yes,Fit
1136589,2018,PP Ojha,Royal Challengers Bangalore,Yes,Fit
1136589,2018,SV Samson,Royal Challengers Bangalore,Yes,Fit
1136589,2018,GJ Maxwell,Royal Challengers Bangalore,No,Personal reasons
1136589,2018,K Rabada,Royal Challengers Bangalore,Yes,Fit
1136589,2018,YBK Jaiswal,Kolkata Knight Riders,No,Shoulder injury
1136589,2018,DA Warner,Royal Challengers Bangalore,Yes,Fit
1136589,2018,DJ Bravo,Kolkata Knight Riders,Yes,Fit
1136589,2018,R Ashwin,Kolkata Knight Riders,Yes,Fit
1136589,2018,A Nehra,Royal Challengers Bangalore,Yes,Fit
1136589,2018,SS Iyer,Royal Challengers Bangalore,Yes,Fit
1136589,2018,HV Patel,Royal Challengers Bangalore,Yes,Fit
1136589,2018,SR Watson,Kolkata Knight Riders,Yes,Fit
1136589,2018,N Pooran,Kolkata Knight Riders,Yes,Fit
1136589,2018,YS Chahal,Royal Challengers Bangalore,Yes,Fit
1136589,2018,S Dube,Royal Challengers Bangalore,Yes,Fit
1136589,2018,AK Markram,Kolkata Knight Riders,Yes,Fit
1136589,2018,R Tewatia,Kolkata Knight Riders,Yes,Fit
1136589,2018,SL Malinga,Kolkata Knight Riders,Yes,Fit
1136589,2018,SPD Smith,Kolkata Knight Riders,Yes,Fit
1136590,2018,GJ Maxwell,Delhi Capitals,No,Travel delay
1136590,2018,Abhishek Sharma,Delhi Capitals,Yes,Fit
1136590,2018,MJ McClenaghan,Delhi Capitals,Yes,Fit
1136590,2018,R Dravid,Chennai Super Kings,Yes,Fit
1136590,2018,JA Morkel,Delhi Capitals,Yes,Fit
1136590,2018,AB Dinda,Chennai Super Kings,Yes,Fit
1136590,2018,AJ Finch,Chennai Super Kings,Yes,Fit
1136590,2018,YK Pathan,Delhi Capitals,Yes,Fit
1136590,2018,SM Curran,Chennai Super Kings,Yes,Fit
1136590,2018,SPD Smith,Delhi Capitals,Yes,Fit
1136590,2018,B Kumar,Chennai Super Kings,Yes,Fit
1136590,2018,YBK Jaiswal,Delhi Capitals,Yes,Fit
1136590,2018,DPMD Jayawardene,Chennai Super Kings,Yes,Fit
1136590,2018,AB de Villiers,Chennai Super Kings,Yes,Fit
1136590,2018,Mohammed Siraj,Delhi Capitals,Yes,Fit
1136590,2018,IK Pathan,Delhi Capitals,Yes,Fit
1136590,2018,S Badrinath,Chennai Super Kings,No,Knee injury
1136590,2018,H Klaasen,Delhi Capitals,Yes,Fit
1136590,2018,MK Pandey,Delhi Capitals,Yes,Fit
1136590,2018,MA Agarwal,Delhi Capitals,No,Personal reasons
1136591,2018,MC Henriques,Royal Challengers Bangalore,Yes,Fit
1136591,2018,VR Iyer,Royal Challengers Bangalore,Yes,Fit
1136591,2018,RV Uthappa,Mumbai Indians,Yes,Fit
1136591,2018,Prabhsimran Singh,Royal Challengers Bangalore,No,Covid protocol
1136591,2018,AC Gilchrist,Royal Challengers Bangalore,Yes,Fit
1136591,2018,DL Chahar,Royal Challengers Bangalore,Yes,Fit
1136591,2018,S Badrinath,Royal Challengers Bangalore,Yes,Fit
1136591,2018,MA Agarwal,Royal Challengers Bangalore,Yes,Fit
1136591,2018,SM Curran,Mumbai Indians,No,Knee injury
1136591,2018,AB de Villiers,Royal Challengers Bangalore,Yes,Fit
1136591,2018,HH Pandya,Mumbai Indians,Yes,Fit
1136591,2018,MM Patel,Mumbai Indians,Yes,Fit
1136591,2018,JD Unadkat,Mumbai Indians,Yes,Fit
1136591,2018,RA Tripathi,Royal Challengers Bangalore,Yes,Fit
1136591,2018,SP Narine,Mumbai Indians,No,Finger fracture
1136591,2018,DA Miller,Royal Challengers Bangalore,Yes,Fit
1136591,2018,DJ Hooda,Royal Challengers Bangalore,Yes,Fit
1136591,2018,Shakib Al Hasan,Royal Challengers Bangalore,Yes,Fit
1136591,2018,CH Morris,Mumbai Indians,Yes,Fit
1136591,2018,Ravi Bishnoi,Royal Challengers Bangalore,Yes,Fit
1136592,2018,EJG Morgan,Rajasthan Royals,Yes,Fit
1136592,2018,CH Gayle,Delhi Capitals,Yes,Fit
1136592,2018,RD Gaikwad,Rajasthan Royals,Yes,Fit
1136592,2018,S Dube,Delhi Capitals,Yes,Fit
1136592,2018,KS Williamson,Rajasthan Royals,Yes,Fit
1136592,2018,N Pooran,Rajasthan Royals,Yes,Fit
1136592,2018,N Rana,Rajasthan Royals,Yes,Fit
1136592,2018,DS Kulkarni,Rajasthan Royals,Yes,Fit
1136592,2018,Ishan Kishan,Rajasthan Royals,Yes,Fit
1136592,2018,PA Patel,Delhi Capitals,Yes,Fit
1136592,2018,R Ashwin,Rajasthan Royals,Yes,Fit
1136592,2018,DR Smith,Delhi Capitals,Yes,Fit
1136592,2018,KA Pollard,Delhi Capitals,Yes,Fit
1136592,2018,KH Pandya,Rajasthan Royals,Yes,Fit
1136592,2018,F du Plessis,Rajasthan Royals,Yes,Fit
1136592,2018,DJ Bravo,Delhi Capitals,Yes,Fit
1136592,2018,T Natarajan,Rajasthan Royals,Yes,Fit
1136592,2018,Shubman Gill,Rajasthan Royals,Yes,Fit
1136592,2018,YK Pathan,Delhi Capitals,Yes,Fit
1136592,2018,BB McCullum,Rajasthan Royals,Yes,Fit
1136593,2018,Imran Tahir,Chennai Super Kings,No,Shoulder injury
1136593,2018,K Rabada,Chennai Super Kings,No,Hamstring strain
1136593,2018,SC Ganguly,Chennai Super Kings,Yes,Fit
1136593,2018,R Vinay Kumar,Kolkata Knight Riders,Yes,Fit
1136593,2018,JA Morkel,Chennai Super Kings,Yes,Fit
1136593,2018,R Dravid,Kolkata Knight Riders,Yes,Fit
1136593,2018,DR Smith,Kolkata Knight Riders,Yes,Fit
1136593,2018,M Morkel,Chennai Super Kings,Yes,Fit
1136593,2018,HV Patel,Chennai Super Kings,Yes,Fit
1136593,2018,KV Sharma,Kolkata Knight Riders,Yes,Fit
1136593,2018,JC Archer,Kolkata Knight Riders,Yes,Fit
1136593,2018,RA Jadeja,Chennai Super Kings,Yes,Fit
1136593,2018,PP Chawla,Kolkata Knight Riders,Yes,Fit
1136593,2018,KS Williamson,Chennai Super Kings,Yes,Fit
1136593,2018,MM Sharma,Chennai Super Kings,Yes,Fit
1136593,2018,NT Tilak Varma,Kolkata Knight Riders,Yes,Fit
1136593,2018,AB Dinda,Chennai Super Kings,Yes,Fit
1136593,2018,MC Henriques,Chennai Super Kings,Yes,Fit
1136593,2018,KH Pandya,Chennai Super Kings,Yes,Fit
1136593,2018,DA Warner,Chennai Super Kings,Yes,Fit
1136594,2018,B Sai Sudharsan,Punjab Kings,Yes,Fit
1136594,2018,JD Unadkat,Punjab Kings,Yes,Fit
1136594,2018,B Kumar,Mumbai Indians,Yes,Fit
1136594,2018,TA Boult,Mumbai Indians,Yes,Fit
1136594,2018,Abhishek Sharma,Punjab Kings,Yes,Fit
1136594,2018,Imran Tahir,Mumbai Indians,Yes,Fit
1136594,2018,RD Gaikwad,Mumbai Indians,Yes,Fit
1136594,2018,MM Patel,Punjab Kings,Yes,Fit
1136594,2018,S Dube,Punjab Kings,Yes,Fit
1136594,2018,Avesh Khan,Punjab Kings,Yes,Fit
1136594,2018,JP Duminy,Punjab Kings,Yes,Fit
1136594,2018,A Mishra,Punjab Kings,Yes,Fit
1136594,2018,Arshdeep Singh,Punjab Kings,Yes,Fit
1136594,2018,JH Kallis,Mumbai Indians,Yes,Fit
1136594,2018,Ravi Bishnoi,Punjab Kings,Yes,Fit
1136594,2018,KS Williamson,Mumbai Indians,Yes,Fit
1136594,2018,DR Smith,Punjab Kings,Yes,Fit
1136594,2018,PP Chawla,Mumbai Indians,Yes,Fit
1136594,2018,BJ Hodge,Mumbai Indians,Yes,Fit
1136594,2018,A Symonds,Mumbai Indians,Yes,Fit
1136595,2018,SR Tendulkar,Chennai Super Kings,Yes,Fit
1136595,2018,JC Buttler,Royal Challengers Bangalore,Yes,Fit
1136595,2018,SA Yadav,Chennai Super Kings,Yes,Fit
1136595,2018,Rashid Khan,Royal Challengers Bangalore,Yes,Fit
1136595,2018,VR Iyer,Chennai Super Kings,Yes,Fit
1136595,2018,PJ Cummins,Royal Challengers Bangalore,Yes,Fit
1136595,2018,Mohammed Siraj,Chennai Super Kings,Yes,Fit
1136595,2018,Q de Kock,Chennai Super Kings,Yes,Fit
1136595,2018,PP Chawla,Chennai Super Kings,Yes,Fit
1136595,2018,AK Markram,Royal Challengers Bangalore,No,Quad strain
1136595,2018,M Morkel,Royal Challengers Bangalore,Yes,Fit
1136595,2018,M Vijay,Royal Challengers Bangalore,Yes,Fit
1136595,2018,JH Kallis,Chennai Super Kings,Yes,Fit
1136595,2018,F du Plessis,Royal Challengers Bangalore,No,Travel delay
1136595,2018,SN Thakur,Royal Challengers Bangalore,Yes,Fit
1136595,2018,AD Russell,Chennai Super Kings,Yes,Fit
1136595,2018,JM Bairstow,Chennai Super Kings,Yes,Fit
1136595,2018,T Natarajan,Chennai Super Kings,Yes,Fit
1136595,2018,MA Starc,Royal Challengers Bangalore,Yes,Fit
1136595,2018,YS Chahal,Chennai Super Kings,Yes,Fit
1136596,2018,D Padikkal,Sunrisers Hyderabad,Yes,Fit
1136596,2018,MP Stoinis,Delhi Capitals,Yes,Fit
1136596,2018,N Pooran,Sunrisers Hyderabad,Yes,Fit
1136596,2018,MEK Hussey,Sunrisers Hyderabad,Yes,Fit
1136596,2018,RD Gaikwad,Delhi Capitals,Yes,Fit
1136596,2018,AK Markram,Delhi Capitals,Yes,Fit
1136596,2018,SN Thakur,Delhi Capitals,Yes,Fit
1136596,2018,Washington Sundar,Sunrisers Hyderabad,Yes,Fit
1136596,2018,R Tewatia,Delhi Capitals,Yes,Fit
1136596,2018,KS Williamson,Sunrisers Hyderabad,Yes,Fit
1136596,2018,Shubman Gill,Sunrisers Hyderabad,Yes,Fit
1136596,2018,JA Morkel,Delhi Capitals,Yes,Fit
1136596,2018,HH Pandya,Sunrisers Hyderabad,Yes,Fit
1136596,2018,AR Patel,Delhi Capitals,Yes,Fit
1136596,2018,RA Jadeja,Delhi Capitals,Yes,Fit
1136596,2018,KA Pollard,Delhi Capitals,Yes,Fit
1136596,2018,Arshdeep Singh,Sunrisers Hyderabad,Yes,Fit
1136596,2018,MK Pandey,Sunrisers Hyderabad,Yes,Fit
1136596,2018,SL Malinga,Delhi Capitals,Yes,Fit
1136596,2018,SO Hetmyer,Sunrisers Hyderabad,Yes,Fit
1136597,2018,DA Miller,Mumbai Indians,Yes,Fit
1136597,2018,V Sehwag,Kolkata Knight Riders,Yes,Fit
1136597,2018,R Bhatia,Mumbai Indians,Yes,Fit
1136597,2018,S Dube,Kolkata Knight Riders,Yes,Fit
1136597,2018,JD Unadkat,Mumbai Indians,Yes,Fit
1136597,2018,AJ Finch,Mumbai Indians,Yes,Fit
1136597,2018,Arshdeep Singh,Kolkata Knight Riders,Yes,Fit
1136597,2018,Shubman Gill,Mumbai Indians,Yes,Fit
1136597,2018,BJ Hodge,Kolkata Knight Riders,Yes,Fit
1136597,2018,MM Sharma,Mumbai Indians,Yes,Fit
1136597,2018,N Rana,Mumbai Indians,Yes,Fit
1136597,2018,RG Sharma,Kolkata Knight Riders,Yes,Fit
1136597,2018,SV Samson,Mumbai Indians,Yes,Fit
1136597,2018,RP Singh,Mumbai Indians,Yes,Fit
1136597,2018,KS Williamson,Mumbai Indians,Yes,Fit
1136597,2018,CH Morris,Kolkata Knight Riders,Yes,Fit
1136597,2018,L Balaji,Mumbai Indians,Yes,Fit
1136597,2018,Mandeep Singh,Kolkata Knight Riders,Yes,Fit
1136597,2018,B Sai Sudharsan,Kolkata Knight Riders,Yes,Fit
1136597,2018,KV Sharma,Mumbai Indians,Yes,Fit
1136598,2018,S Badrinath,Rajasthan Royals,Yes,Fit
1136598,2018,RA Jadeja,Rajasthan Royals,Yes,Fit
1136598,2018,P Kumar,Punjab Kings,Yes,Fit
1136598,2018,JP Duminy,Punjab Kings,No,Covid protocol
1136598,2018,S Dhawan,Rajasthan Royals,Yes,Fit
1136598,2018,SP Narine,Punjab Kings,Yes,Fit
1136598,2018,JC Archer,Rajasthan Royals,Yes,Fit
1136598,2018,A Nehra,Punjab Kings,Yes,Fit
1136598,2018,V Sehwag,Punjab Kings,Yes,Fit
1136598,2018,SPD Smith,Rajasthan Royals,Yes,Fit
1136598,2018,RR Pant,Punjab Kings,Yes,Fit
1136598,2018,DA Warner,Punjab Kings,Yes,Fit
1136598,2018,M Prasidh Krishna,Punjab Kings,Yes,Fit
1136598,2018,DL Chahar,Rajasthan Royals,Yes,Fit
1136598,2018,AT Rayudu,Punjab Kings,Yes,Fit
1136598,2018,KL Rahul,Punjab Kings,Yes,Fit
1136598,2018,KK Nair,Punjab Kings,Yes,Fit
1136598,2018,SS Tiwary,Rajasthan Royals,Yes,Fit
1136598,2018,PP Ojha,Punjab Kings,Yes,Fit
1136598,2018,Z Khan,Punjab Kings,Yes,Fit
1136599,2018,AR Patel,Royal Challengers Bangalore,Yes,Fit
1136599,2018,KV Sharma,Royal Challengers Bangalore,Yes,Fit
1136599,2018,DA Warner,Royal Challengers Bangalore,Yes,Fit
1136599,2018,PP Shaw,Royal Challengers Bangalore,Yes,Fit
1136599,2018,SC Ganguly,Sunrisers Hyderabad,Yes,Fit
1136599,2018,A Symonds,Royal Challengers Bangalore,Yes,Fit
1136599,2018,T Natarajan,Royal Challengers Bangalore,Yes,Fit
1136599,2018,AJ Finch,Sunrisers Hyderabad,No,Fever
1136599,2018,YS Chahal,Sunrisers Hyderabad,Yes,Fit
1136599,2018,AT Rayudu,Royal Challengers Bangalore,Yes,Fit
1136599,2018,DJ Hussey,Royal Challengers Bangalore,Yes,Fit
1136599,2018,Prabhsimran Singh,Royal Challengers Bangalore,Yes,Fit
1136599,2018,PP Chawla,Royal Challengers Bangalore,Yes,Fit
1136599,2018,R Ashwin,Sunrisers Hyderabad,Yes,Fit
1136599,2018,I Sharma,Royal Challengers Bangalore,Yes,Fit
1136599,2018,Ravi Bishnoi,Sunrisers Hyderabad,Yes,Fit
1136599,2018,MJ McClenaghan,Royal Challengers Bangalore,Yes,Fit
1136599,2018,TA Boult,Sunrisers Hyderabad,Yes,Fit
1136599,2018,SPD Smith,Royal Challengers Bangalore,Yes,Fit
1136599,2018,NV Ojha,Sunrisers Hyderabad,Yes,Fit
1136600,2018,Q de Kock,Rajasthan Royals,Yes,Fit
1136600,2018,PA Patel,Punjab Kings,Yes,Fit
1136600,2018,JC Archer,Punjab Kings,Yes,Fit
1136600,2018,BJ Hodge,Rajasthan Royals,Yes,Fit
1136600,2018,BA Stokes,Punjab Kings,Yes,Fit
1136600,2018,UT Yadav,Punjab Kings,Yes,Fit
1136600,2018,DJ Bravo,Rajasthan Royals,Yes,Fit
1136600,2018,TA Boult,Rajasthan Royals,Yes,Fit
1136600,2018,G Gambhir,Punjab Kings,Yes,Fit
1136600,2018,N Pooran,Punjab Kings,Yes,Fit
1136600,2018,M Prasidh Krishna,Rajasthan Royals,Yes,Fit
1136600,2018,B Sai Sudharsan,Punjab Kings,Yes,Fit
1136600,2018,AB de Villiers,Rajasthan Royals,Yes,Fit
1136600,2018,JD Unadkat,Punjab Kings,Yes,Fit
1136600,2018,V Kohli,Punjab Kings,Yes,Fit
1136600,2018,AB Dinda,Punjab Kings,Yes,Fit
1136600,2018,DL Chahar,Rajasthan Royals,Yes,Fit
1136600,2018,Ishan Kishan,Rajasthan Royals,Yes,Fit
1136600,2018,KK Ahmed,Rajasthan Royals,No,Finger fracture
1136600,2018,Harbhajan Singh,Rajasthan Royals,Yes,Fit
1136601,2018,BJ Hodge,Kolkata Knight Riders,Yes,Fit
1136601,2018,AB de Villiers,Mumbai Indians,Yes,Fit
1136601,2018,SE Marsh,Mumbai Indians,Yes,Fit
1136601,2018,MG Johnson,Kolkata Knight Riders,Yes,Fit
1136601,2018,DPMD Jayawardene,Kolkata Knight Riders,Yes,Fit
1136601,2018,M Morkel,Kolkata Knight Riders,No,Travel delay
1136601,2018,JH Kallis,Mumbai Indians,Yes,Fit
1136601,2018,A Symonds,Mumbai Indians,Yes,Fit
1136601,2018,SR Tendulkar,Kolkata Knight Riders,Yes,Fit
1136601,2018,SS Iyer,Kolkata Knight Riders,Yes,Fit
1136601,2018,MK Tiwary,Mumbai Indians,Yes,Fit
1136601,2018,AR Patel,Mumbai Indians,No,Shoulder injury
1136601,2018,SV Samson,Mumbai Indians,Yes,Fit
1136601,2018,PP Ojha,Kolkata Knight Riders,No,Fever
1136601,2018,DR Smith,Kolkata Knight Riders,Yes,Fit
1136601,2018,JP Faulkner,Mumbai Indians,Yes,Fit
1136601,2018,NT Tilak Varma,Kolkata Knight Riders,Yes,Fit
1136601,2018,SP Narine,Kolkata Knight Riders,Yes,Fit
1136601,2018,KL Rahul,Mumbai Indians,Yes,Fit
1136601,2018,JP Duminy,Mumbai Indians,Yes,Fit
1136602,2018,AT Rayudu,Delhi Capitals,Yes,Fit
1136602,2018,SC Ganguly,Sunrisers Hyderabad,Yes,Fit
1136602,2018,Shubman Gill,Sunrisers Hyderabad,Yes,Fit
1136602,2018,DJ Hussey,Delhi Capitals,Yes,Fit
1136602,2018,RV Uthappa,Sunrisers Hyderabad,Yes,Fit
1136602,2018,MA Agarwal,Sunrisers Hyderabad,Yes,Fit
1136602,2018,SE Marsh,Sunrisers Hyderabad,Yes,Fit
1136602,2018,UT Yadav,Delhi Capitals,Yes,Fit
1136602,2018,SP Narine,Delhi Capitals,Yes,Fit
1136602,2018,Mandeep Singh,Sunrisers Hyderabad,Yes,Fit
1136602,2018,B Kumar,Sunrisers Hyderabad,Yes,Fit
1136602,2018,Kuldeep Yadav,Sunrisers Hyderabad,Yes,Fit
1136602,2018,SS Tiwary,Sunrisers Hyderabad,No,Finger fracture
1136602,2018,S Badrinath,Delhi Capitals,Yes,Fit
1136602,2018,BB McCullum,Sunrisers Hyderabad,Yes,Fit
1136602,2018,CH Gayle,Sunrisers Hyderabad,Yes,Fit
1136602,2018,Z Khan,Sunrisers Hyderabad,Yes,Fit
1136602,2018,RA Tripathi,Sunrisers Hyderabad,Yes,Fit
1136602,2018,DW Steyn,Delhi Capitals,Yes,Fit
1136602,2018,SR Watson,Sunrisers Hyderabad,Yes,Fit
1136603,2018,DW Steyn,Chennai Super Kings,Yes,Fit
1136603,2018,SR Watson,Chennai Super Kings,Yes,Fit
1136603,2018,AR Patel,Rajasthan Royals,Yes,Fit
1136603,2018,SV Samson,Chennai Super Kings,Yes,Fit
1136603,2018,R Tewatia,Rajasthan Royals,Yes,Fit
1136603,2018,KL Rahul,Rajasthan Royals,Yes,Fit
1136603,2018,HH Pandya,Chennai Super Kings,Yes,Fit
1136603,2018,RR Pant,Chennai Super Kings,Yes,Fit
1136603,2018,SPD Smith,Chennai Super Kings,Yes,Fit
1136603,2018,G Gambhir,Rajasthan Royals,Yes,Fit
1136603,2018,Prabhsimran Singh,Rajasthan Royals,Yes,Fit
1136603,2018,B Kumar,Rajasthan Royals,No,Knee injury
1136603,2018,RP Singh,Rajasthan Royals,Yes,Fit
1136603,2018,AB de Villiers,Rajasthan Royals,Yes,Fit
1136603,2018,Mandeep Singh,Rajasthan Royals,Yes,Fit
1136603,2018,DL Chahar,Rajasthan Royals,Yes,Fit
1136603,2018,HV Patel,Rajasthan Royals,Yes,Fit
1136603,2018,SK Raina,Chennai Super Kings,Yes,Fit
1136603,2018,A Symonds,Chennai Super Kings,Yes,Fit
1136603,2018,PP Shaw,Rajasthan Royals,Yes,Fit
1136604,2018,KL Rahul,Kolkata Knight Riders,Yes,Fit
1136604,2018,R Parag,Kolkata Knight Riders,Yes,Fit
1136604,2018,AM Rahane,Kolkata Knight Riders,Yes,Fit
1136604,2018,PJ Cummins,Kolkata Knight Riders,Yes,Fit
1136604,2018,JP Duminy,Punjab Kings,Yes,Fit
1136604,2018,D Padikkal,Punjab Kings,Yes,Fit
1136604,2018,Harbhajan Singh,Kolkata Knight Riders,Yes,Fit
1136604,2018,DA Warner,Kolkata Knight Riders,Yes,Fit
1136604,2018,MP Stoinis,Kolkata Knight Riders,Yes,Fit
1136604,2018,BJ Hodge,Punjab Kings,Yes,Fit
1136604,2018,R Vinay Kumar,Kolkata Knight Riders,Yes,Fit
1136604,2018,Mohammed Siraj,Kolkata Knight Riders,Yes,Fit
1136604,2018,AC Gilchrist,Kolkata Knight Riders,Yes,Fit
1136604,2018,JM Bairstow,Kolkata Knight Riders,Yes,Fit
1136604,2018,KA Pollard,Punjab Kings,Yes,Fit
1136604,2018,EJG Morgan,Kolkata Knight Riders,Yes,Fit
1136604,2018,F du Plessis,Kolkata Knight Riders,Yes,Fit
1136604,2018,Imran Tahir,Punjab Kings,Yes,Fit
1136604,2018,TA Boult,Kolkata Knight Riders,Yes,Fit
1136604,2018,JJ Bumrah,Punjab Kings,Yes,Fit
1136605,2018,AM Rahane,Delhi Capitals,Yes,Fit
1136605,2018,SP Narine,Delhi Capitals,Yes,Fit
1136605,2018,SE Marsh,Delhi Capitals,Yes,Fit
1136605,2018,VR Iyer,Royal Challengers Bangalore,Yes,Fit
1136605,2018,AB Dinda,Royal Challengers Bangalore,Yes,Fit
1136605,2018,Shakib Al Hasan,Royal Challengers Bangalore,Yes,Fit
1136605,2018,GJ Maxwell,Royal Challengers Bangalore,Yes,Fit
1136605,2018,CH Morris,Royal Challengers Bangalore,Yes,Fit
1136605,2018,YK Pathan,Royal Challengers Bangalore,Yes,Fit
1136605,2018,JP Duminy,Royal Challengers Bangalore,Yes,Fit
1136605,2018,PA Patel,Royal Challengers Bangalore,Yes,Fit
1136605,2018,CV Varun,Delhi Capitals,Yes,Fit
1136605,2018,PP Ojha,Delhi Capitals,Yes,Fit
1136605,2018,RA Tripathi,Royal Challengers Bangalore,Yes,Fit
1136605,2018,RP Singh,Delhi Capitals,Yes,Fit
1136605,2018,DL Chahar,Delhi Capitals,Yes,Fit
1136605,2018,BB McCullum,Royal Challengers Bangalore,Yes,Fit
1136605,2018,AK Markram,Royal Challengers Bangalore,Yes,Fit
1136605,2018,R Ashwin,Delhi Capitals,Yes,Fit
1136605,2018,CH Gayle,Royal Challengers Bangalore,Yes,Fit
1136606,2018,Mohammed Siraj,Chennai Super Kings,Yes,Fit
1136606,2018,SS Iyer,Sunrisers Hyderabad,Yes,Fit
1136606,2018,YK Pathan,Sunrisers Hyderabad,Yes,Fit
1136606,2018,RA Tripathi,Sunrisers Hyderabad,Yes,Fit
1136606,2018,PP Shaw,Chennai Super Kings,Yes,Fit
1136606,2018,SA Yadav,Chennai Super Kings,Yes,Fit
1136606,2018,RA Jadeja,Sunrisers Hyderabad,Yes,Fit
1136606,2018,DA Warner,Sunrisers Hyderabad,No,Quad strain
1136606,2018,R Vinay Kumar,Sunrisers Hyderabad,Yes,Fit
1136606,2018,AB Dinda,Chennai Super Kings,No,Hamstring strain
1136606,2018,SC Ganguly,Chennai Super Kings,Yes,Fit
1136606,2018,N Rana,Sunrisers Hyderabad,Yes,Fit
1136606,2018,SM Curran,Chennai Super Kings,Yes,Fit
1136606,2018,CH Gayle,Chennai Super Kings,Yes,Fit
1136606,2018,AB de Villiers,Chennai Super Kings,Yes,Fit
1136606,2018,P Kumar,Sunrisers Hyderabad,Yes,Fit
1136606,2018,VR Iyer,Chennai Super Kings,Yes,Fit
1136606,2018,HH Pandya,Sunrisers Hyderabad,Yes,Fit
1136606,2018,V Shankar,Sunrisers Hyderabad,Yes,Fit
1136606,2018,KK Ahmed,Chennai Super Kings,Yes,Fit
1136607,2018,A Symonds,Mumbai Indians,Yes,Fit
1136607,2018,Abhishek Sharma,Mumbai Indians,Yes,Fit
1136607,2018,V Kohli,Mumbai Indians,Yes,Fit
1136607,2018,UT Yadav,Rajasthan Royals,Yes,Fit
1136607,2018,HH Pandya,Mumbai Indians,Yes,Fit
1136607,2018,JJ Bumrah,Mumbai Indians,Yes,Fit
1136607,2018,SA Yadav,Mumbai Indians,Yes,Fit
1136607,2018,Shakib Al Hasan,Mumbai Indians,Yes,Fit
1136607,2018,KS Williamson,Rajasthan Royals,Yes,Fit
1136607,2018,AB Dinda,Rajasthan Royals,Yes,Fit
1136607,2018,S Dube,Mumbai Indians,Yes,Fit
1136607,2018,EJG Morgan,Mumbai Indians,Yes,Fit
1136607,2018,KV Sharma,Rajasthan Royals,Yes,Fit
1136607,2018,Q de Kock,Rajasthan Royals,Yes,Fit
1136607,2018,JP Duminy,Mumbai Indians,Yes,Fit
1136607,2018,SV Samson,Mumbai Indians,Yes,Fit
1136607,2018,R Bhatia,Rajasthan Royals,Yes,Fit
1136607,2018,JC Buttler,Rajasthan Royals,Yes,Fit
1136607,2018,R Tewatia,Mumbai Indians,Yes,Fit
1136607,2018,B Sai Sudharsan,Mumbai Indians,Yes,Fit
1136608,2018,H Klaasen,Punjab Kings,Yes,Fit
1136608,2018,MA Agarwal,Punjab Kings,Yes,Fit
1136608,2018,Imran Tahir,Punjab Kings,Yes,Fit
1136608,2018,RA Jadeja,Punjab Kings,Yes,Fit
1136608,2018,Q de Kock,Royal Challengers Bangalore,Yes,Fit
1136608,2018,Shubman Gill,Royal Challengers Bangalore,Yes,Fit
1136608,2018,Arshdeep Singh,Royal Challengers Bangalore,Yes,Fit
1136608,2018,MP Stoinis,Punjab Kings,Yes,Fit
1136608,2018,DJ Hussey,Royal Challengers Bangalore,Yes,Fit
1136608,2018,SN Thakur,Punjab Kings,Yes,Fit
1136608,2018,MR Marsh,Royal Challengers Bangalore,Yes,Fit
1136608,2018,CH Gayle,Royal Challengers Bangalore,Yes,Fit
1136608,2018,WP Saha,Punjab Kings,No,Finger fracture
1136608,2018,Shakib Al Hasan,Royal Challengers Bangalore,Yes,Fit
1136608,2018,A Nehra,Punjab Kings,Yes,Fit
1136608,2018,A Symonds,Punjab Kings,Yes,Fit
1136608,2018,DL Chahar,Royal Challengers Bangalore,Yes,Fit
1136608,2018,KK Nair,Royal Challengers Bangalore,Yes,Fit
1136608,2018,V Sehwag,Royal Challengers Bangalore,Yes,Fit
1136608,2018,YS Chahal,Punjab Kings,Yes,Fit
1136609,2018,KK Ahmed,Kolkata Knight Riders,No,Hamstring strain
1136609,2018,RV Uthappa,Kolkata Knight Riders,Yes,Fit
1136609,2018,SP Narine,Rajasthan Royals,Yes,Fit
1136609,2018,Imran Tahir,Kolkata Knight Riders,Yes,Fit
1136609,2018,N Pooran,Rajasthan Royals,Yes,Fit
1136609,2018,JC Archer,Kolkata Knight Riders,Yes,Fit
1136609,2018,AT Rayudu,Rajasthan Royals,Yes,Fit
1136609,2018,TA Boult,Kolkata Knight Riders,Yes,Fit
1136609,2018,UT Yadav,Kolkata Knight Riders,Yes,Fit
1136609,2018,KV Sharma,Kolkata Knight Riders,Yes,Fit
1136609,2018,MA Agarwal,Rajasthan Royals,No,Fever
1136609,2018,DR Smith,Rajasthan Royals,Yes,Fit
1136609,2018,K Rabada,Rajasthan Royals,Yes,Fit
1136609,2018,PP Ojha,Kolkata Knight Riders,Yes,Fit
1136609,2018,JD Unadkat,Rajasthan Royals,Yes,Fit
1136609,2018,KD Karthik,Kolkata Knight Riders,Yes,Fit
1136609,2018,BJ Hodge,Rajasthan Royals,Yes,Fit
1136609,2018,MR Marsh,Rajasthan Royals,Yes,Fit
1136609,2018,JC Buttler,Kolkata Knight Riders,Yes,Fit
1136609,2018,VR Iyer,Kolkata Knight Riders,Yes,Fit
1136610,2018,JA Morkel,Punjab Kings,Yes,Fit
1136610,2018,WP Saha,Mumbai Indians,Yes,Fit
1136610,2018,DJ Hussey,Mumbai Indians,Yes,Fit
1136610,2018,EJG Morgan,Punjab Kings,Yes,Fit
1136610,2018,DJ Hooda,Punjab Kings,Yes,Fit
1136610,2018,P Kumar,Mumbai Indians,No,Hamstring strain
1136610,2018,RA Tripathi,Punjab Kings,Yes,Fit
1136610,2018,Ravi Bishnoi,Punjab Kings,Yes,Fit
1136610,2018,SK Raina,Mumbai Indians,Yes,Fit
1136610,2018,YK Pathan,Mumbai Indians,Yes,Fit
1136610,2018,R Ashwin,Punjab Kings,Yes,Fit
1136610,2018,DA Miller,Mumbai Indians,Yes,Fit
1136610,2018,AR Patel,Mumbai Indians,Yes,Fit
1136610,2018,Mohammed Siraj,Punjab Kings,Yes,Fit
1136610,2018,Sandeep Sharma,Mumbai Indians,Yes,Fit
1136610,2018,S Dube,Mumbai Indians,Yes,Fit
1136610,2018,UT Yadav,Punjab Kings,Yes,Fit
1136610,2018,Mohammed Shami,Mumbai Indians,Yes,Fit
1136610,2018,Washington Sundar,Mumbai Indians,Yes,Fit
1136610,2018,RD Gaikwad,Punjab Kings,Yes,Fit
1136611,2018,SR Watson,Sunrisers Hyderabad,Yes,Fit
1136611,2018,B Sai Sudharsan,Sunrisers Hyderabad,Yes,Fit
1136611,2018,JJ Bumrah,Royal Challengers Bangalore,Yes,Fit
1136611,2018,KK Ahmed,Sunrisers Hyderabad,Yes,Fit
1136611,2018,Sandeep Sharma,Royal Challengers Bangalore,Yes,Fit
1136611,2018,SS Tiwary,Royal Challengers Bangalore,Yes,Fit
1136611,2018,Mohammed Shami,Sunrisers Hyderabad,Yes,Fit
1136611,2018,JC Buttler,Sunrisers Hyderabad,Yes,Fit
1136611,2018,A Mishra,Royal Challengers Bangalore,Yes,Fit
1136611,2018,A Symonds,Royal Challengers Bangalore,Yes,Fit
1136611,2018,N Pooran,Sunrisers Hyderabad,Yes,Fit
1136611,2018,KC Sangakkara,Royal Challengers Bangalore,Yes,Fit
1136611,2018,VR Iyer,Sunrisers Hyderabad,Yes,Fit
1136611,2018,SE Marsh,Royal Challengers Bangalore,Yes,Fit
1136611,2018,AC Gilchrist,Sunrisers Hyderabad,Yes,Fit
1136611,2018,SN Thakur,Sunrisers Hyderabad,Yes,Fit
1136611,2018,Shakib Al Hasan,Royal Challengers Bangalore,Yes,Fit
1136611,2018,DPMD Jayawardene,Sunrisers Hyderabad,Yes,Fit
1136611,2018,RA Jadeja,Royal Challengers Bangalore,Yes,Fit
1136611,2018,N Rana,Royal Challengers Bangalore,Yes,Fit
1136612,2018,SN Thakur,Delhi Capitals,Yes,Fit
1136612,2018,MK Tiwary,Chennai Super Kings,Yes,Fit
1136612,2018,V Kohli,Delhi Capitals,Yes,Fit
1136612,2018,T Natarajan,Chennai Super Kings,Yes,Fit
1136612,2018,HV Patel,Delhi Capitals,Yes,Fit
1136612,2018,Sandeep Sharma,Chennai Super Kings,Yes,Fit
1136612,2018,YS Chahal,Chennai Super Kings,Yes,Fit
1136612,2018,MM Ali,Chennai Super Kings,Yes,Fit
1136612,2018,JC Buttler,Delhi Capitals,Yes,Fit
1136612,2018,KC Sangakkara,Delhi Capitals,Yes,Fit
1136612,2018,Harbhajan Singh,Delhi Capitals,Yes,Fit
1136612,2018,AC Gilchrist,Chennai Super Kings,Yes,Fit
1136612,2018,SC Ganguly,Delhi Capitals,No,Quad strain
1136612,2018,DJ Hussey,Delhi Capitals,Yes,Fit
1136612,2018,SS Iyer,Delhi Capitals,Yes,Fit
1136612,2018,JC Archer,Delhi Capitals,Yes,Fit
1136612,2018,RD Gaikwad,Chennai Super Kings,Yes,Fit
1136612,2018,CH Morris,Delhi Capitals,Yes,Fit
1136612,2018,Yuvraj Singh,Delhi Capitals,Yes,Fit
1136612,2018,BJ Hodge,Chennai Super Kings,No,Fever
1136613,2018,SC Ganguly,Royal Challengers Bangalore,Yes,Fit
1136613,2018,YK Pathan,Royal Challengers Bangalore,Yes,Fit
1136613,2018,IK Pathan,Rajasthan Royals,Yes,Fit
1136613,2018,BJ Hodge,Royal Challengers Bangalore,Yes,Fit
1136613,2018,Z Khan,Rajasthan Royals,Yes,Fit
1136613,2018,AR Patel,Royal Challengers Bangalore,Yes,Fit
1136613,2018,R Tewatia,Royal Challengers Bangalore,Yes,Fit
1136613,2018,DA Miller,Royal Challengers Bangalore,Yes,Fit
1136613,2018,CH Morris,Rajasthan Royals,Yes,Fit
1136613,2018,Arshdeep Singh,Royal Challengers Bangalore,Yes,Fit
1136613,2018,JH Kallis,Rajasthan Royals,Yes,Fit
1136613,2018,MS Dhoni,Royal Challengers Bangalore,Yes,Fit
1136613,2018,CV Varun,Rajasthan Royals,Yes,Fit
1136613,2018,Shakib Al Hasan,Rajasthan Royals,Yes,Fit
1136613,2018,L Balaji,Royal Challengers Bangalore,Yes,Fit
1136613,2018,MA Starc,Rajasthan Royals,Yes,Fit
1136613,2018,M Prasidh Krishna,Rajasthan Royals,Yes,Fit
1136613,2018,Q de Kock,Royal Challengers Bangalore,Yes,Fit
1136613,2018,MM Sharma,Royal Challengers Bangalore,Yes,Fit
1136613,2018,KD Karthik,Royal Challengers Bangalore,Yes,Fit
1136614,2018,Imran Tahir,Sunrisers Hyderabad,Yes,Fit
1136614,2018,R Tewatia,Kolkata Knight Riders,Yes,Fit
1136614,2018,UT Yadav,Kolkata Knight Riders,Yes,Fit
1136614,2018,Rashid Khan,Sunrisers Hyderabad,Yes,Fit
1136614,2018,Arshdeep Singh,Kolkata Knight Riders,Yes,Fit
1136614,2018,YK Pathan,Kolkata Knight Riders,Yes,Fit
1136614,2018,B Sai Sudharsan,Kolkata Knight Riders,Yes,Fit
1136614,2018,MC Henriques,Sunrisers Hyderabad,Yes,Fit
1136614,2018,MK Pandey,Sunrisers Hyderabad,Yes,Fit
1136614,2018,KA Pollard,Kolkata Knight Riders,Yes,Fit
1136614,2018,MR Marsh,Kolkata Knight Riders,Yes,Fit
1136614,2018,KK Ahmed,Kolkata Knight Riders,Yes,Fit
1136614,2018,JM Bairstow,Sunrisers Hyderabad,Yes,Fit
1136614,2018,SPD Smith,Kolkata Knight Riders,Yes,Fit
1136614,2018,T Natarajan,Kolkata Knight Riders,Yes,Fit
1136614,2018,MM Ali,Sunrisers Hyderabad,Yes,Fit
1136614,2018,WP Saha,Sunrisers Hyderabad,Yes,Fit
1136614,2018,RD Chahar,Sunrisers Hyderabad,No,Knee injury
1136614,2018,R Vinay Kumar,Kolkata Knight Riders,Yes,Fit
1136614,2018,Ravi Bishnoi,Kolkata Knight Riders,No,Fever
1136615,2018,YS Chahal,Mumbai Indians,Yes,Fit
1136615,2018,Imran Tahir,Delhi Capitals,Yes,Fit
1136615,2018,JP Duminy,Mumbai Indians,Yes,Fit
1136615,2018,MA Starc,Delhi Capitals,Yes,Fit
1136615,2018,BJ Hodge,Delhi Capitals,Yes,Fit
1136615,2018,RD Gaikwad,Mumbai Indians,Yes,Fit
1136615,2018,KS Williamson,Delhi Capitals,Yes,Fit
1136615,2018,RA Jadeja,Delhi Capitals,Yes,Fit
1136615,2018,SK Raina,Delhi Capitals,Yes,Fit
1136615,2018,AM Rahane,Delhi Capitals,Yes,Fit
1136615,2018,PP Ojha,Mumbai Indians,Yes,Fit
1136615,2018,JM Bairstow,Mumbai Indians,Yes,Fit
1136615,2018,KA Pollard,Delhi Capitals,Yes,Fit
1136615,2018,Q de Kock,Delhi Capitals,Yes,Fit
1136615,2018,Abhishek Sharma,Delhi Capitals,Yes,Fit
1136615,2018,Mohammed Shami,Delhi Capitals,Yes,Fit
1136615,2018,Mohammed Siraj,Mumbai Indians,Yes,Fit
1136615,2018,DPMD Jayawardene,Delhi Capitals,No,Quad strain
1136615,2018,AT Rayudu,Delhi Capitals,Yes,Fit
1136615,2018,SA Yadav,Mumbai Indians,Yes,Fit
1136616,2018,MEK Hussey,Punjab Kings,No,Calf injury
1136616,2018,M Prasidh Krishna,Chennai Super Kings,Yes,Fit
1136616,2018,RA Jadeja,Punjab Kings,No,Suspension
1136616,2018,V Shankar,Punjab Kings,Yes,Fit
1136616,2018,RV Uthappa,Punjab Kings,Yes,Fit
1136616,2018,S Dhawan,Punjab Kings,Yes,Fit
1136616,2018,PP Ojha,Chennai Super Kings,Yes,Fit
1136616,2018,AB de Villiers,Chennai Super Kings,Yes,Fit
1136616,2018,AJ Finch,Chennai Super Kings,Yes,Fit
1136616,2018,DPMD Jayawardene,Punjab Kings,Yes,Fit
1136616,2018,YBK Jaiswal,Chennai Super Kings,Yes,Fit
1136616,2018,SP Narine,Punjab Kings,Yes,Fit
1136616,2018,AC Gilchrist,Punjab Kings,Yes,Fit
1136616,2018,SA Yadav,Chennai Super Kings,Yes,Fit
1136616,2018,YS Chahal,Punjab Kings,Yes,Fit
1136616,2018,SS Tiwary,Punjab Kings,Yes,Fit
1136616,2018,Mohammed Shami,Punjab Kings,Yes,Fit
1136616,2018,HV Patel,Chennai Super Kings,Yes,Fit
1136616,2018,Prabhsimran Singh,Chennai Super Kings,Yes,Fit
1136616,2018,JD Unadkat,Chennai Super Kings,Yes,Fit
1136617,2018,JP Duminy,Chennai Super Kings,Yes,Fit
1136617,2018,A Nehra,Sunrisers Hyderabad,Yes,Fit
1136617,2018,Avesh Khan,Chennai Super Kings,Yes,Fit
1136617,2018,NV Ojha,Chennai Super Kings,Yes,Fit
1136617,2018,JD Unadkat,Sunrisers Hyderabad,Yes,Fit
1136617,2018,R Bhatia,Sunrisers Hyderabad,Yes,Fit
1136617,2018,AB de Villiers,Sunrisers Hyderabad,Yes,Fit
1136617,2018,BB McCullum,Chennai Super Kings,Yes,Fit
1136617,2018,R Ashwin,Chennai Super Kings,Yes,Fit
1136617,2018,Arshdeep Singh,Chennai Super Kings,Yes,Fit
1136617,2018,Ravi Bishnoi,Sunrisers Hyderabad,Yes,Fit
1136617,2018,Washington Sundar,Sunrisers Hyderabad,Yes,Fit
1136617,2018,PP Ojha,Sunrisers Hyderabad,Yes,Fit
1136617,2018,Z Khan,Sunrisers Hyderabad,Yes,Fit
1136617,2018,MA Starc,Chennai Super Kings,Yes,Fit
1136617,2018,B Kumar,Sunrisers Hyderabad,Yes,Fit
1136617,2018,DA Miller,Sunrisers Hyderabad,No,Back spasm
1136617,2018,K Rabada,Sunrisers Hyderabad,Yes,Fit
1136617,2018,M Vijay,Sunrisers Hyderabad,Yes,Fit
1136617,2018,SN Thakur,Sunrisers Hyderabad,Yes,Fit
1136618,2018,R Vinay Kumar,Rajasthan Royals,Yes,Fit
1136618,2018,DJ Hooda,Kolkata Knight Riders,Yes,Fit
1136618,2018,V Kohli,Kolkata Knight Riders,Yes,Fit
1136618,2018,NV Ojha,Rajasthan Royals,Yes,Fit
1136618,2018,JP Duminy,Rajasthan Royals,Yes,Fit
1136618,2018,JD Unadkat,Kolkata Knight Riders,Yes,Fit
1136618,2018,M Vijay,Kolkata Knight Riders,Yes,Fit
1136618,2018,SN Thakur,Kolkata Knight Riders,Yes,Fit
1136618,2018,SM Curran,Rajasthan Royals,Yes,Fit
1136618,2018,Mohammed Shami,Rajasthan Royals,Yes,Fit
1136618,2018,SS Iyer,Kolkata Knight Riders,Yes,Fit
1136618,2018,MR Marsh,Rajasthan Royals,Yes,Fit
1136618,2018,Avesh Khan,Kolkata Knight Riders,Yes,Fit
1136618,2018,KC Sangakkara,Rajasthan Royals,Yes,Fit
1136618,2018,YS Chahal,Rajasthan Royals,Yes,Fit
1136618,2018,KD Karthik,Kolkata Knight Riders,Yes,Fit
1136618,2018,MA Starc,Rajasthan Royals,Yes,Fit
1136618,2018,Z Khan,Rajasthan Royals,Yes,Fit
1136618,2018,F du Plessis,Kolkata Knight Riders,Yes,Fit
1136618,2018,RG Sharma,Rajasthan Royals,Yes,Fit
1136619,2018,TA Boult,Kolkata Knight Riders,Yes,Fit
1136619,2018,Harbhajan Singh,Kolkata Knight Riders,Yes,Fit
1136619,2018,KK Nair,Kolkata Knight Riders,Yes,Fit
1136619,2018,DS Kulkarni,Sunrisers Hyderabad,Yes,Fit
1136619,2018,KA Pollard,Kolkata Knight Riders,Yes,Fit
1136619,2018,CH Gayle,Kolkata Knight Riders,Yes,Fit
1136619,2018,MA Agarwal,Kolkata Knight Riders,Yes,Fit
1136619,2018,MK Tiwary,Kolkata Knight Riders,Yes,Fit
1136619,2018,KC Sangakkara,Sunrisers Hyderabad,Yes,Fit
1136619,2018,JP Faulkner,Sunrisers Hyderabad,Yes,Fit
1136619,2018,JA Morkel,Sunrisers Hyderabad,Yes,Fit
1136619,2018,YS Chahal,Sunrisers Hyderabad,Yes,Fit
1136619,2018,SA Yadav,Kolkata Knight Riders,Yes,Fit
1136619,2018,S Dhawan,Kolkata Knight Riders,Yes,Fit
1136619,2018,Yuvraj Singh,Sunrisers Hyderabad,Yes,Fit
1136619,2018,R Dravid,Kolkata Knight Riders,Yes,Fit
1136619,2018,N Rana,Kolkata Knight Riders,Yes,Fit
1136619,2018,Mandeep Singh,Kolkata Knight Riders,Yes,Fit
1136619,2018,MG Johnson,Kolkata Knight Riders,Yes,Fit
1136619,2018,PA Patel,Sunrisers Hyderabad,Yes,Fit
1136620,2018,Rashid Khan,Chennai Super Kings,Yes,Fit
1136620,2018,Arshdeep Singh,Chennai Super Kings,Yes,Fit
1136620,2018,SPD Smith,Chennai Super Kings,Yes,Fit
1136620,2018,B Sai Sudharsan,Sunrisers Hyderabad,Yes,Fit
1136620,2018,I Sharma,Chennai Super Kings,Yes,Fit
1136620,2018,SP Narine,Sunrisers Hyderabad,Yes,Fit
1136620,2018,M Morkel,Chennai Super Kings,Yes,Fit
1136620,2018,RG Sharma,Chennai Super Kings,Yes,Fit
1136620,2018,HV Patel,Chennai Super Kings,Yes,Fit
1136620,2018,S Badrinath,Sunrisers Hyderabad,Yes,Fit
1136620,2018,KC Sangakkara,Chennai Super Kings,Yes,Fit
1136620,2018,DR Smith,Chennai Super Kings,Yes,Fit
1136620,2018,H Klaasen,Sunrisers Hyderabad,Yes,Fit
1136620,2018,MK Pandey,Sunrisers Hyderabad,Yes,Fit
1136620,2018,MP Stoinis,Sunrisers Hyderabad,Yes,Fit
1136620,2018,Shakib Al Hasan,Sunrisers Hyderabad,Yes,Fit
1136620,2018,Mandeep Singh,Chennai Super Kings,Yes,Fit
1136620,2018,G Gambhir,Chennai Super Kings,Yes,Fit
1136620,2018,KH Pandya,Sunrisers Hyderabad,Yes,Fit
1136620,2018,Avesh Khan,Chennai Super Kings,Yes,Fit
1175356,2019,DS Kulkarni,Royal Challengers Bangalore,Yes,Fit
1175356,2019,M Vijay,Royal Challengers Bangalore,Yes,Fit
1175356,2019,MR Marsh,Chennai Super Kings,Yes,Fit
1175356,2019,RA Jadeja,Royal Challengers Bangalore,Yes,Fit
1175356,2019,R Vinay Kumar,Royal Challengers Bangalore,Yes,Fit
1175356,2019,PJ Cummins,Chennai Super Kings,Yes,Fit
1175356,2019,Yuvraj Singh,Royal Challengers Bangalore,No,Covid protocol
1175356,2019,RD Gaikwad,Chennai Super Kings,Yes,Fit
1175356,2019,SR Watson,Royal Challengers Bangalore,Yes,Fit
1175356,2019,YBK Jaiswal,Royal Challengers Bangalore,Yes,Fit
1175356,2019,SA Yadav,Royal Challengers Bangalore,Yes,Fit
1175356,2019,Avesh Khan,Royal Challengers Bangalore,Yes,Fit
1175356,2019,BB McCullum,Royal Challengers Bangalore,Yes,Fit
1175356,2019,PP Chawla,Royal Challengers Bangalore,Yes,Fit
1175356,2019,KK Ahmed,Royal Challengers Bangalore,Yes,Fit
1175356,2019,MEK Hussey,Chennai Super Kings,No,Travel delay
1175356,2019,Mohammed Siraj,Royal Challengers Bangalore,Yes,Fit
1175356,2019,M Morkel,Chennai Super Kings,Yes,Fit
1175356,2019,AD Russell,Chennai Super Kings,Yes,Fit
1175356,2019,AB de Villiers,Royal Challengers Bangalore,Yes,Fit
1175357,2019,SE Marsh,Sunrisers Hyderabad,Yes,Fit
1175357,2019,SM Curran,Sunrisers Hyderabad,Yes,Fit
1175357,2019,NT Tilak Varma,Kolkata Knight Riders,Yes,Fit
1175357,2019,R Parag,Sunrisers Hyderabad,Yes,Fit
1175357,2019,RV Uthappa,Kolkata Knight Riders,Yes,Fit
1175357,2019,YS Chahal,Kolkata Knight Riders,Yes,Fit
1175357,2019,A Nehra,Kolkata Knight Riders,Yes,Fit
1175357,2019,KL Rahul,Sunrisers Hyderabad,Yes,Fit
1175357,2019,DJ Bravo,Kolkata Knight Riders,Yes,Fit
1175357,2019,SO Hetmyer,Kolkata Knight Riders,Yes,Fit
1175357,2019,Arshdeep Singh,Kolkata Knight Riders,Yes,Fit
1175357,2019,T Natarajan,Sunrisers Hyderabad,Yes,Fit
1175357,2019,Abhishek Sharma,Kolkata Knight Riders,Yes,Fit
1175357,2019,SPD Smith,Kolkata Knight Riders,Yes,Fit
1175357,2019,EJG Morgan,Sunrisers Hyderabad,Yes,Fit
1175357,2019,SV Samson,Sunrisers Hyderabad,Yes,Fit
1175357,2019,YBK Jaiswal,Sunrisers Hyderabad,Yes,Fit
1175357,2019,D Padikkal,Sunrisers Hyderabad,Yes,Fit
1175357,2019,MR Marsh,Kolkata Knight Riders,Yes,Fit
1175357,2019,RD Chahar,Kolkata Knight Riders,Yes,Fit
1175358,2019,K Rabada,Delhi Capitals,Yes,Fit
1175358,2019,IK Pathan,Delhi Capitals,Yes,Fit
1175358,2019,RG Sharma,Delhi Capitals,Yes,Fit
1175358,2019,AJ Finch,Delhi Capitals,Yes,Fit
1175358,2019,T Natarajan,Mumbai Indians,Yes,Fit
1175358,2019,R Ashwin,Mumbai Indians,Yes,Fit
1175358,2019,BA Stokes,Delhi Capitals,Yes,Fit
1175358,2019,RD Chahar,Delhi Capitals,Yes,Fit
1175358,2019,I Sharma,Delhi Capitals,Yes,Fit
1175358,2019,SL Malinga,Mumbai Indians,Yes,Fit
1175358,2019,R Vinay Kumar,Delhi Capitals,Yes,Fit
1175358,2019,V Kohli,Mumbai Indians,Yes,Fit
1175358,2019,SE Marsh,Delhi Capitals,Yes,Fit
1175358,2019,PP Ojha,Delhi Capitals,Yes,Fit
1175358,2019,MM Ali,Delhi Capitals,Yes,Fit
1175358,2019,PP Chawla,Mumbai Indians,Yes,Fit
1175358,2019,SP Narine,Delhi Capitals,Yes,Fit
1175358,2019,KD Karthik,Delhi Capitals,Yes,Fit
1175358,2019,MS Dhoni,Delhi Capitals,Yes,Fit
1175358,2019,R Parag,Delhi Capitals,Yes,Fit
1175359,2019,IK Pathan,Punjab Kings,Yes,Fit
1175359,2019,DR Smith,Rajasthan Royals,Yes,Fit
1175359,2019,DJ Hussey,Punjab Kings,Yes,Fit
1175359,2019,Mandeep Singh,Rajasthan Royals,Yes,Fit
1175359,2019,WP Saha,Rajasthan Royals,Yes,Fit
1175359,2019,DA Warner,Punjab Kings,Yes,Fit
1175359,2019,DJ Bravo,Rajasthan Royals,Yes,Fit
1175359,2019,MEK Hussey,Punjab Kings,Yes,Fit
1175359,2019,KL Rahul,Punjab Kings,Yes,Fit
1175359,2019,MA Agarwal,Rajasthan Royals,Yes,Fit
1175359,2019,RR Pant,Rajasthan Royals,Yes,Fit
1175359,2019,L Balaji,Punjab Kings,Yes,Fit
1175359,2019,BJ Hodge,Rajasthan Royals,Yes,Fit
1175359,2019,S Dube,Rajasthan Royals,Yes,Fit
1175359,2019,KK Nair,Punjab Kings,Yes,Fit
1175359,2019,Mohammed Shami,Punjab Kings,Yes,Fit
1175359,2019,M Prasidh Krishna,Punjab Kings,Yes,Fit
1175359,2019,KV Sharma,Punjab Kings,Yes,Fit
1175359,2019,R Parag,Rajasthan Royals,Yes,Fit
1175359,2019,N Pooran,Rajasthan Royals,Yes,Fit
1175360,2019,AT Rayudu,Delhi Capitals,Yes,Fit
1175360,2019,MA Agarwal,Chennai Super Kings,Yes,Fit
1175360,2019,DR Smith,Delhi Capitals,Yes,Fit
1175360,2019,UT Yadav,Delhi Capitals,Yes,Fit
1175360,2019,S Dhawan,Delhi Capitals,Yes,Fit
1175360,2019,MR Marsh,Delhi Capitals,Yes,Fit
1175360,2019,PP Ojha,Delhi Capitals,Yes,Fit
1175360,2019,HH Pandya,Delhi Capitals,Yes,Fit
1175360,2019,Mohammed Shami,Delhi Capitals,Yes,Fit
1175360,2019,F du Plessis,Delhi Capitals,Yes,Fit
1175360,2019,Shubman Gill,Delhi Capitals,No,Covid protocol
1175360,2019,K Rabada,Delhi Capitals,Yes,Fit
1175360,2019,H Klaasen,Chennai Super Kings,Yes,Fit
1175360,2019,A Mishra,Delhi Capitals,Yes,Fit
1175360,2019,WP Saha,Delhi Capitals,Yes,Fit
1175360,2019,DPMD Jayawardene,Chennai Super Kings,Yes,Fit
1175360,2019,KC Sangakkara,Delhi Capitals,Yes,Fit
1175360,2019,AB de Villiers,Chennai Super Kings,Yes,Fit
1175360,2019,NV Ojha,Chennai Super Kings,Yes,Fit
1175360,2019,DA Miller,Chennai Super Kings,Yes,Fit
1175361,2019,HV Patel,Punjab Kings,Yes,Fit
1175361,2019,SS Tiwary,Punjab Kings,Yes,Fit
1175361,2019,JA Morkel,Kolkata Knight Riders,Yes,Fit
1175361,2019,KV Sharma,Punjab Kings,Yes,Fit
1175361,2019,L Balaji,Punjab Kings,Yes,Fit
1175361,2019,V Shankar,Kolkata Knight Riders,No,Calf injury
1175361,2019,S Dhawan,Punjab Kings,Yes,Fit
1175361,2019,Shakib Al Hasan,Kolkata Knight Riders,No,Shoulder injury
1175361,2019,MM Patel,Punjab Kings,Yes,Fit
1175361,2019,JP Faulkner,Kolkata Knight Riders,Yes,Fit
1175361,2019,M Morkel,Kolkata Knight Riders,Yes,Fit
1175361,2019,R Parag,Punjab Kings,Yes,Fit
1175361,2019,VR Iyer,Kolkata Knight Riders,Yes,Fit
1175361,2019,KL Rahul,Punjab Kings,Yes,Fit
1175361,2019,DJ Hooda,Kolkata Knight Riders,Yes,Fit
1175361,2019,RP Singh,Kolkata Knight Riders,Yes,Fit
1175361,2019,T Natarajan,Kolkata Knight Riders,Yes,Fit
1175361,2019,H Klaasen,Punjab Kings,Yes,Fit
1175361,2019,Washington Sundar,Punjab Kings,Yes,Fit
1175361,2019,AB de Villiers,Kolkata Knight Riders,Yes,Fit
1175362,2019,SPD Smith,Mumbai Indians,Yes,Fit
1175362,2019,AB de Villiers,Royal Challengers Bangalore,Yes,Fit
1175362,2019,JA Morkel,Royal Challengers Bangalore,Yes,Fit
1175362,2019,BA Stokes,Mumbai Indians,Yes,Fit
1175362,2019,M Vijay,Royal Challengers Bangalore,Yes,Fit
1175362,2019,AJ Finch,Royal Challengers Bangalore,Yes,Fit
1175362,2019,JD Unadkat,Royal Challengers Bangalore,Yes,Fit
1175362,2019,A Nehra,Mumbai Indians,Yes,Fit
1175362,2019,IK Pathan,Royal Challengers Bangalore,Yes,Fit
1175362,2019,DPMD Jayawardene,Mumbai Indians,Yes,Fit
1175362,2019,Mandeep Singh,Royal Challengers Bangalore,Yes,Fit
1175362,2019,Washington Sundar,Royal Challengers Bangalore,Yes,Fit
1175362,2019,UT Yadav,Mumbai Indians,Yes,Fit
1175362,2019,Q de Kock,Mumbai Indians,Yes,Fit
1175362,2019,DS Kulkarni,Royal Challengers Bangalore,Yes,Fit
1175362,2019,BB McCullum,Royal Challengers Bangalore,Yes,Fit
1175362,2019,RD Gaikwad,Royal Challengers Bangalore,No,Knee injury
1175362,2019,DW Steyn,Mumbai Indians,Yes,Fit
1175362,2019,BJ Hodge,Royal Challengers Bangalore,Yes,Fit
1175362,2019,AD Russell,Royal Challengers Bangalore,No,Covid protocol
1175363,2019,Mohammed Siraj,Sunrisers Hyderabad,Yes,Fit
1175363,2019,DR Smith,Rajasthan Royals,Yes,Fit
1175363,2019,R Parag,Rajasthan Royals,Yes,Fit
1175363,2019,DA Warner,Sunrisers Hyderabad,Yes,Fit
1175363,2019,SPD Smith,Rajasthan Royals,Yes,Fit
1175363,2019,MJ McClenaghan,Sunrisers Hyderabad,Yes,Fit
1175363,2019,SC Ganguly,Sunrisers Hyderabad,Yes,Fit
1175363,2019,DL Chahar,Sunrisers Hyderabad,Yes,Fit
1175363,2019,KD Karthik,Sunrisers Hyderabad,Yes,Fit
1175363,2019,AT Rayudu,Sunrisers Hyderabad,Yes,Fit
1175363,2019,H Klaasen,Rajasthan Royals,Yes,Fit
1175363,2019,R Vinay Kumar,Rajasthan Royals,Yes,Fit
1175363,2019,Abhishek Sharma,Sunrisers Hyderabad,Yes,Fit
1175363,2019,R Bhatia,Rajasthan Royals,Yes,Fit
1175363,2019,SM Curran,Sunrisers Hyderabad,Yes,Fit
1175363,2019,Avesh Khan,Sunrisers Hyderabad,Yes,Fit
1175363,2019,NT Tilak Varma,Sunrisers Hyderabad,Yes,Fit
1175363,2019,Rashid Khan,Rajasthan Royals,Yes,Fit
1175363,2019,R Tewatia,Sunrisers Hyderabad,Yes,Fit
1175363,2019,RA Jadeja,Sunrisers Hyderabad,Yes,Fit
1175364,2019,SK Raina,Mumbai Indians,Yes,Fit
1175364,2019,JJ Bumrah,Punjab Kings,Yes,Fit
1175364,2019,B Sai Sudharsan,Mumbai Indians,Yes,Fit
1175364,2019,Shubman Gill,Mumbai Indians,No,Calf injury
1175364,2019,AM Rahane,Punjab Kings,Yes,Fit
1175364,2019,Z Khan,Mumbai Indians,Yes,Fit
1175364,2019,NT Tilak Varma,Punjab Kings,Yes,Fit
1175364,2019,R Dravid,Punjab Kings,Yes,Fit
1175364,2019,JH Kallis,Mumbai Indians,No,Travel delay
1175364,2019,I Sharma,Punjab Kings,Yes,Fit
1175364,2019,MP Stoinis,Punjab Kings,Yes,Fit
1175364,2019,Yuvraj Singh,Mumbai Indians,Yes,Fit
1175364,2019,AR Patel,Mumbai Indians,Yes,Fit
1175364,2019,DJ Bravo,Mumbai Indians,Yes,Fit
1175364,2019,BJ Hodge,Punjab Kings,Yes,Fit
1175364,2019,KS Williamson,Mumbai Indians,Yes,Fit
1175364,2019,KC Sangakkara,Mumbai Indians,Yes,Fit
1175364,2019,JM Bairstow,Mumbai Indians,Yes,Fit
1175364,2019,SC Ganguly,Mumbai Indians,Yes,Fit
1175364,2019,S Badrinath,Mumbai Indians,Yes,Fit
1175365,2019,SPD Smith,Delhi Capitals,Yes,Fit
1175365,2019,MP Stoinis,Delhi Capitals,Yes,Fit
1175365,2019,CH Morris,Delhi Capitals,Yes,Fit
1175365,2019,R Tewatia,Kolkata Knight Riders,Yes,Fit
1175365,2019,MM Sharma,Kolkata Knight Riders,Yes,Fit
1175365,2019,Arshdeep Singh,Kolkata Knight Riders,Yes,Fit
1175365,2019,MK Tiwary,Delhi Capitals,Yes,Fit
1175365,2019,B Kumar,Kolkata Knight Riders,Yes,Fit
1175365,2019,MJ McClenaghan,Kolkata Knight Riders,Yes,Fit
1175365,2019,SO Hetmyer,Delhi Capitals,Yes,Fit
1175365,2019,PP Shaw,Kolkata Knight Riders,Yes,Fit
1175365,2019,BA Stokes,Delhi Capitals,Yes,Fit
1175365,2019,Sandeep Sharma,Delhi Capitals,Yes,Fit
1175365,2019,R Dravid,Kolkata Knight Riders,Yes,Fit
1175365,2019,SE Marsh,Kolkata Knight Riders,Yes,Fit
1175365,2019,KC Sangakkara,Delhi Capitals,Yes,Fit
1175365,2019,M Prasidh Krishna,Delhi Capitals,Yes,Fit
1175365,2019,Mohammed Siraj,Delhi Capitals,Yes,Fit
1175365,2019,P Kumar,Kolkata Knight Riders,Yes,Fit
1175365,2019,DJ Hooda,Kolkata Knight Riders,Yes,Fit
1175366,2019,PP Shaw,Royal Challengers Bangalore,Yes,Fit
1175366,2019,K Rabada,Sunrisers Hyderabad,Yes,Fit
1175366,2019,MK Pandey,Royal Challengers Bangalore,Yes,Fit
1175366,2019,L Balaji,Royal Challengers Bangalore,Yes,Fit
1175366,2019,DJ Hooda,Sunrisers Hyderabad,Yes,Fit
1175366,2019,JP Faulkner,Sunrisers Hyderabad,Yes,Fit
1175366,2019,Abhishek Sharma,Sunrisers Hyderabad,Yes,Fit
1175366,2019,KS Williamson,Sunrisers Hyderabad,Yes,Fit
1175366,2019,RD Gaikwad,Royal Challengers Bangalore,Yes,Fit
1175366,2019,VR Iyer,Sunrisers Hyderabad,Yes,Fit
1175366,2019,Mohammed Siraj,Royal Challengers Bangalore,Yes,Fit
1175366,2019,KL Rahul,Sunrisers Hyderabad,Yes,Fit
1175366,2019,RA Jadeja,Royal Challengers Bangalore,Yes,Fit
1175366,2019,R Vinay Kumar,Sunrisers Hyderabad,Yes,Fit
1175366,2019,JH Kallis,Sunrisers Hyderabad,Yes,Fit
1175366,2019,SV Samson,Sunrisers Hyderabad,Yes,Fit
1175366,2019,V Kohli,Sunrisers Hyderabad,Yes,Fit
1175366,2019,EJG Morgan,Sunrisers Hyderabad,Yes,Fit
1175366,2019,M Morkel,Sunrisers Hyderabad,Yes,Fit
1175366,2019,NT Tilak Varma,Royal Challengers Bangalore,Yes,Fit
1175367,2019,JH Kallis,Chennai Super Kings,Yes,Fit
1175367,2019,MM Ali,Rajasthan Royals,Yes,Fit
1175367,2019,RD Gaikwad,Rajasthan Royals,Yes,Fit
1175367,2019,DL Chahar,Chennai Super Kings,Yes,Fit
1175367,2019,AK Markram,Chennai Super Kings,No,Shoulder injury
1175367,2019,Mohammed Siraj,Chennai Super Kings,Yes,Fit
1175367,2019,M Vijay,Chennai Super Kings,Yes,Fit
1175367,2019,Abhishek Sharma,Chennai Super Kings,Yes,Fit
1175367,2019,MC Henriques,Rajasthan Royals,Yes,Fit
1175367,2019,N Rana,Chennai Super Kings,Yes,Fit
1175367,2019,HV Patel,Chennai Super Kings,Yes,Fit
1175367,2019,JJ Bumrah,Rajasthan Royals,Yes,Fit
1175367,2019,Z Khan,Chennai Super Kings,Yes,Fit
1175367,2019,SK Raina,Chennai Super Kings,Yes,Fit
1175367,2019,CV Varun,Rajasthan Royals,Yes,Fit
1175367,2019,RA Tripathi,Rajasthan Royals,Yes,Fit
1175367,2019,I Sharma,Rajasthan Royals,Yes,Fit
1175367,2019,M Prasidh Krishna,Chennai Super Kings,Yes,Fit
1175367,2019,NT Tilak Varma,Rajasthan Royals,Yes,Fit
1175367,2019,VR Iyer,Rajasthan Royals,Yes,Fit
1175368,2019,SM Curran,Punjab Kings,Yes,Fit
1175368,2019,AT Rayudu,Punjab Kings,Yes,Fit
1175368,2019,HV Patel,Punjab Kings,Yes,Fit
1175368,2019,JH Kallis,Delhi Capitals,Yes,Fit
1175368,2019,RA Jadeja,Delhi Capitals,No,Covid protocol
1175368,2019,M Morkel,Punjab Kings,Yes,Fit
1175368,2019,A Mishra,Punjab Kings,Yes,Fit
1175368,2019,AR Patel,Delhi Capitals,Yes,Fit
1175368,2019,R Dravid,Punjab Kings,Yes,Fit
1175368,2019,AB Dinda,Punjab Kings,Yes,Fit
1175368,2019,DJ Hussey,Punjab Kings,Yes,Fit
1175368,2019,AM Rahane,Punjab Kings,No,Calf injury
1175368,2019,Z Khan,Delhi Capitals,Yes,Fit
1175368,2019,MEK Hussey,Punjab Kings,Yes,Fit
1175368,2019,RG Sharma,Delhi Capitals,Yes,Fit
1175368,2019,Ishan Kishan,Punjab Kings,Yes,Fit
1175368,2019,JP Duminy,Delhi Capitals,Yes,Fit
1175368,2019,H Klaasen,Delhi Capitals,Yes,Fit
1175368,2019,KL Rahul,Punjab Kings,Yes,Fit
1175368,2019,MM Sharma,Delhi Capitals,Yes,Fit
1175369,2019,SN Thakur,Royal Challengers Bangalore,Yes,Fit
1175369,2019,V Kohli,Royal Challengers Bangalore,Yes,Fit
1175369,2019,I Sharma,Royal Challengers Bangalore,Yes,Fit
1175369,2019,JD Unadkat,Royal Challengers Bangalore,Yes,Fit
1175369,2019,HH Pandya,Rajasthan Royals,Yes,Fit
1175369,2019,Arshdeep Singh,Royal Challengers Bangalore,Yes,Fit
1175369,2019,AT Rayudu,Royal Challengers Bangalore,Yes,Fit
1175369,2019,Shubman Gill,Rajasthan Royals,Yes,Fit
1175369,2019,NV Ojha,Royal Challengers Bangalore,No,Shoulder injury
1175369,2019,SS Iyer,Royal Challengers Bangalore,Yes,Fit
1175369,2019,DA Miller,Royal Challengers Bangalore,Yes,Fit
1175369,2019,Yuvraj Singh,Royal Challengers Bangalore,Yes,Fit
1175369,2019,Mohammed Siraj,Rajasthan Royals,Yes,Fit
1175369,2019,JC Buttler,Royal Challengers Bangalore,Yes,Fit
1175369,2019,V Sehwag,Royal Challengers Bangalore,Yes,Fit
1175369,2019,SL Malinga,Rajasthan Royals,Yes,Fit
1175369,2019,EJG Morgan,Rajasthan Royals,Yes,Fit
1175369,2019,RV Uthappa,Royal Challengers Bangalore,Yes,Fit
1175369,2019,F du Plessis,Royal Challengers Bangalore,Yes,Fit
1175369,2019,SR Watson,Royal Challengers Bangalore,Yes,Fit
1175370,2019,Abhishek Sharma,Mumbai Indians,Yes,Fit
1175370,2019,YK Pathan,Mumbai Indians,Yes,Fit
1175370,2019,Kuldeep Yadav,Mumbai Indians,Yes,Fit
1175370,2019,Shubman Gill,Chennai Super Kings,Yes,Fit
1175370,2019,AB Dinda,Mumbai Indians,Yes,Fit
1175370,2019,M Prasidh Krishna,Chennai Super Kings,Yes,Fit
1175370,2019,BA Stokes,Chennai Super Kings,Yes,Fit
1175370,2019,YS Chahal,Mumbai Indians,Yes,Fit
1175370,2019,M Morkel,Mumbai Indians,Yes,Fit
1175370,2019,RP Singh,Mumbai Indians,Yes,Fit
1175370,2019,IK Pathan,Chennai Super Kings,Yes,Fit
1175370,2019,SK Raina,Chennai Super Kings,Yes,Fit
1175370,2019,AT Rayudu,Mumbai Indians,Yes,Fit
1175370,2019,B Kumar,Mumbai Indians,Yes,Fit
1175370,2019,MR Marsh,Mumbai Indians,Yes,Fit
1175370,2019,JD Unadkat,Chennai Super Kings,Yes,Fit
1175370,2019,MP Stoinis,Chennai Super Kings,Yes,Fit
1175370,2019,G Gambhir,Chennai Super Kings,Yes,Fit
1175370,2019,R Parag,Mumbai Indians,Yes,Fit
1175370,2019,MK Tiwary,Chennai Super Kings,Yes,Fit
1175371,2019,BJ Hodge,Sunrisers Hyderabad,Yes,Fit
1175371,2019,KA Pollard,Delhi Capitals,Yes,Fit
1175371,2019,Harbhajan Singh,Sunrisers Hyderabad,Yes,Fit
1175371,2019,KK Nair,Sunrisers Hyderabad,Yes,Fit
1175371,2019,PJ Cummins,Sunrisers Hyderabad,Yes,Fit
1175371,2019,SPD Smith,Delhi Capitals,Yes,Fit
1175371,2019,DA Warner,Delhi Capitals,Yes,Fit
1175371,2019,SA Yadav,Delhi Capitals,Yes,Fit
1175371,2019,Mohammed Shami,Delhi Capitals,Yes,Fit
1175371,2019,SK Raina,Sunrisers Hyderabad,Yes,Fit
1175371,2019,MR Marsh,Sunrisers Hyderabad,Yes,Fit
1175371,2019,EJG Morgan,Delhi Capitals,No,Finger fracture
1175371,2019,JP Faulkner,Sunrisers Hyderabad,Yes,Fit
1175371,2019,Rashid Khan,Sunrisers Hyderabad,Yes,Fit
1175371,2019,Abhishek Sharma,Delhi Capitals,Yes,Fit
1175371,2019,TA Boult,Sunrisers Hyderabad,Yes,Fit
1175371,2019,JA Morkel,Delhi Capitals,Yes,Fit
1175371,2019,SL Malinga,Sunrisers Hyderabad,Yes,Fit
1175371,2019,A Symonds,Delhi Capitals,Yes,Fit
1175371,2019,Mandeep Singh,Sunrisers Hyderabad,Yes,Fit
1175372,2019,P Kumar,Royal Challengers Bangalore,Yes,Fit
1175372,2019,DJ Hussey,Royal Challengers Bangalore,Yes,Fit
1175372,2019,Ishan Kishan,Kolkata Knight Riders,Yes,Fit
1175372,2019,R Bhatia,Kolkata Knight Riders,Yes,Fit
1175372,2019,S Badrinath,Royal Challengers Bangalore,Yes,Fit
1175372,2019,KD Karthik,Royal Challengers Bangalore,Yes,Fit
1175372,2019,R Vinay Kumar,Kolkata Knight Riders,Yes,Fit
1175372,2019,JM Bairstow,Royal Challengers Bangalore,Yes,Fit
1175372,2019,KL Rahul,Royal Challengers Bangalore,Yes,Fit
1175372,2019,AJ Finch,Royal Challengers Bangalore,Yes,Fit
1175372,2019,R Parag,Royal Challengers Bangalore,Yes,Fit
1175372,2019,Kuldeep Yadav,Royal Challengers Bangalore,Yes,Fit
1175372,2019,KK Nair,Kolkata Knight Riders,No,Knee injury
1175372,2019,SA Yadav,Royal Challengers Bangalore,Yes,Fit
1175372,2019,AK Markram,Kolkata Knight Riders,Yes,Fit
1175372,2019,JJ Bumrah,Kolkata Knight Riders,Yes,Fit
1175372,2019,MG Johnson,Kolkata Knight Riders,Yes,Fit
1175372,2019,Shubman Gill,Kolkata Knight Riders,Yes,Fit
1175372,2019,Yuvraj Singh,Kolkata Knight Riders,Yes,Fit
1175372,2019,PP Shaw,Royal Challengers Bangalore,Yes,Fit
1178393,2019,DW Steyn,Punjab Kings,Yes,Fit
1178393,2019,MS Dhoni,Punjab Kings,Yes,Fit
1178393,2019,M Vijay,Chennai Super Kings,Yes,Fit
1178393,2019,N Pooran,Chennai Super Kings,Yes,Fit
1178393,2019,Kuldeep Yadav,Punjab Kings,Yes,Fit
1178393,2019,MA Starc,Punjab Kings,Yes,Fit
1178393,2019,A Mishra,Punjab Kings,Yes,Fit
1178393,2019,DA Warner,Punjab Kings,Yes,Fit
1178393,2019,Arshdeep Singh,Chennai Super Kings,Yes,Fit
1178393,2019,SE Marsh,Punjab Kings,Yes,Fit
1178393,2019,R Dravid,Punjab Kings,Yes,Fit
1178393,2019,CV Varun,Punjab Kings,No,Personal reasons
1178393,2019,SPD Smith,Punjab Kings,Yes,Fit
1178393,2019,YS Chahal,Chennai Super Kings,Yes,Fit
1178393,2019,DA Miller,Chennai Super Kings,Yes,Fit
1178393,2019,MM Patel,Chennai Super Kings,Yes,Fit
1178393,2019,MP Stoinis,Chennai Super Kings,Yes,Fit
1178393,2019,KA Pollard,Punjab Kings,No,Calf injury
1178393,2019,HH Pandya,Chennai Super Kings,Yes,Fit
1178393,2019,JP Faulkner,Chennai Super Kings,Yes,Fit
1178394,2019,B Kumar,Mumbai Indians,Yes,Fit
1178394,2019,YK Pathan,Sunrisers Hyderabad,Yes,Fit
1178394,2019,L Balaji,Mumbai Indians,Yes,Fit
1178394,2019,R Vinay Kumar,Sunrisers Hyderabad,Yes,Fit
1178394,2019,I Sharma,Sunrisers Hyderabad,Yes,Fit
1178394,2019,RR Pant,Sunrisers Hyderabad,Yes,Fit
1178394,2019,K Rabada,Sunrisers Hyderabad,Yes,Fit
1178394,2019,AR Patel,Sunrisers Hyderabad,Yes,Fit
1178394,2019,R Parag,Sunrisers Hyderabad,Yes,Fit
1178394,2019,MM Ali,Mumbai Indians,Yes,Fit
1178394,2019,KV Sharma,Mumbai Indians,Yes,Fit
1178394,2019,D Padikkal,Sunrisers Hyderabad,Yes,Fit
1178394,2019,V Sehwag,Sunrisers Hyderabad,Yes,Fit
1178394,2019,PP Ojha,Sunrisers Hyderabad,Yes,Fit
1178394,2019,PA Patel,Mumbai Indians,Yes,Fit
1178394,2019,V Kohli,Mumbai Indians,Yes,Fit
1178394,2019,AM Rahane,Sunrisers Hyderabad,Yes,Fit
1178394,2019,N Pooran,Sunrisers Hyderabad,Yes,Fit
1178394,2019,N Rana,Sunrisers Hyderabad,Yes,Fit
1178394,2019,TA Boult,Sunrisers Hyderabad,Yes,Fit
1178395,2019,PP Shaw,Royal Challengers Bangalore,Yes,Fit
1178395,2019,PJ Cummins,Delhi Capitals,Yes,Fit
1178395,2019,RA Jadeja,Royal Challengers Bangalore,Yes,Fit
1178395,2019,DL Chahar,Royal Challengers Bangalore,Yes,Fit
1178395,2019,DR Smith,Royal Challengers Bangalore,Yes,Fit
1178395,2019,K Rabada,Delhi Capitals,Yes,Fit
1178395,2019,MEK Hussey,Delhi Capitals,Yes,Fit
1178395,2019,S Dube,Royal Challengers Bangalore,Yes,Fit
1178395,2019,AJ Finch,Delhi Capitals,Yes,Fit
1178395,2019,NV Ojha,Delhi Capitals,Yes,Fit
1178395,2019,B Sai Sudharsan,Royal Challengers Bangalore,Yes,Fit
1178395,2019,G Gambhir,Royal Challengers Bangalore,Yes,Fit
1178395,2019,MK Tiwary,Royal Challengers Bangalore,Yes,Fit
1178395,2019,AR Patel,Delhi Capitals,Yes,Fit
1178395,2019,AD Russell,Delhi Capitals,Yes,Fit
1178395,2019,KK Ahmed,Royal Challengers Bangalore,Yes,Fit
1178395,2019,AB Dinda,Delhi Capitals,Yes,Fit
1178395,2019,RP Singh,Delhi Capitals,Yes,Fit
1178395,2019,DJ Hooda,Royal Challengers Bangalore,No,Knee injury
1178395,2019,D Padikkal,Delhi Capitals,Yes,Fit
1178396,2019,PJ Cummins,Kolkata Knight Riders,Yes,Fit
1178396,2019,SS Tiwary,Kolkata Knight Riders,Yes,Fit
1178396,2019,AD Russell,Rajasthan Royals,Yes,Fit
1178396,2019,B Sai Sudharsan,Rajasthan Royals,Yes,Fit
1178396,2019,AT Rayudu,Rajasthan Royals,Yes,Fit
1178396,2019,NV Ojha,Kolkata Knight Riders,Yes,Fit
1178396,2019,I Sharma,Kolkata Knight Riders,Yes,Fit
1178396,2019,Kuldeep Yadav,Rajasthan Royals,Yes,Fit
1178396,2019,Prabhsimran Singh,Rajasthan Royals,Yes,Fit
1178396,2019,H Klaasen,Rajasthan Royals,Yes,Fit
1178396,2019,MM Ali,Kolkata Knight Riders,Yes,Fit
1178396,2019,RG Sharma,Rajasthan Royals,Yes,Fit
1178396,2019,NT Tilak Varma,Kolkata Knight Riders,Yes,Fit
1178396,2019,KV Sharma,Kolkata Knight Riders,Yes,Fit
1178396,2019,JP Faulkner,Kolkata Knight Riders,Yes,Fit
1178396,2019,RA Tripathi,Kolkata Knight Riders,Yes,Fit
1178396,2019,PP Ojha,Kolkata Knight Riders,Yes,Fit
1178396,2019,SR Watson,Rajasthan Royals,Yes,Fit
1178396,2019,WP Saha,Rajasthan Royals,Yes,Fit
1178396,2019,TA Boult,Rajasthan Royals,Yes,Fit
1178397,2019,Sandeep Sharma,Punjab Kings,Yes,Fit
1178397,2019,SN Thakur,Punjab Kings,Yes,Fit
1178397,2019,A Symonds,Sunrisers Hyderabad,Yes,Fit
1178397,2019,KS Williamson,Sunrisers Hyderabad,Yes,Fit
1178397,2019,MK Tiwary,Sunrisers Hyderabad,Yes,Fit
1178397,2019,Q de Kock,Sunrisers Hyderabad,Yes,Fit
1178397,2019,JP Duminy,Sunrisers Hyderabad,Yes,Fit
1178397,2019,CH Morris,Punjab Kings,Yes,Fit
1178397,2019,YS Chahal,Punjab Kings,Yes,Fit
1178397,2019,Mandeep Singh,Sunrisers Hyderabad,Yes,Fit
1178397,2019,R Tewatia,Sunrisers Hyderabad,Yes,Fit
1178397,2019,SPD Smith,Sunrisers Hyderabad,Yes,Fit
1178397,2019,BA Stokes,Punjab Kings,Yes,Fit
1178397,2019,Ishan Kishan,Sunrisers Hyderabad,Yes,Fit
1178397,2019,KK Ahmed,Punjab Kings,Yes,Fit
1178397,2019,SA Yadav,Punjab Kings,Yes,Fit
1178397,2019,Kuldeep Yadav,Punjab Kings,Yes,Fit
1178397,2019,MM Patel,Punjab Kings,Yes,Fit
1178397,2019,KA Pollard,Sunrisers Hyderabad,Yes,Fit
1178397,2019,SR Watson,Sunrisers Hyderabad,Yes,Fit
1178398,2019,RA Jadeja,Chennai Super Kings,Yes,Fit
1178398,2019,SS Tiwary,Chennai Super Kings,Yes,Fit
1178398,2019,R Bhatia,Chennai Super Kings,Yes,Fit
1178398,2019,S Dube,Kolkata Knight Riders,Yes,Fit
1178398,2019,SO Hetmyer,Kolkata Knight Riders,Yes,Fit
1178398,2019,MEK Hussey,Kolkata Knight Riders,Yes,Fit
1178398,2019,DR Smith,Chennai Super Kings,Yes,Fit
1178398,2019,T Natarajan,Chennai Super Kings,Yes,Fit
1178398,2019,SP Narine,Chennai Super Kings,Yes,Fit
1178398,2019,RD Gaikwad,Kolkata Knight Riders,Yes,Fit
1178398,2019,AD Russell,Kolkata Knight Riders,Yes,Fit
1178398,2019,N Pooran,Kolkata Knight Riders,Yes,Fit
1178398,2019,JP Duminy,Kolkata Knight Riders,Yes,Fit
1178398,2019,HH Pandya,Kolkata Knight Riders,Yes,Fit
1178398,2019,D Padikkal,Chennai Super Kings,Yes,Fit
1178398,2019,F du Plessis,Chennai Super Kings,Yes,Fit
1178398,2019,DL Chahar,Chennai Super Kings,Yes,Fit
1178398,2019,Avesh Khan,Kolkata Knight Riders,Yes,Fit
1178398,2019,TA Boult,Chennai Super Kings,Yes,Fit
1178398,2019,V Kohli,Kolkata Knight Riders,Yes,Fit
1178399,2019,RV Uthappa,Punjab Kings,Yes,Fit
1178399,2019,Shubman Gill,Mumbai Indians,Yes,Fit
1178399,2019,Abhishek Sharma,Mumbai Indians,Yes,Fit
1178399,2019,Rashid Khan,Punjab Kings,Yes,Fit
1178399,2019,DL Chahar,Punjab Kings,Yes,Fit
1178399,2019,F du Plessis,Punjab Kings,Yes,Fit
1178399,2019,JD Unadkat,Mumbai Indians,Yes,Fit
1178399,2019,AC Gilchrist,Punjab Kings,Yes,Fit
1178399,2019,BJ Hodge,Mumbai Indians,Yes,Fit
1178399,2019,JC Archer,Punjab Kings,Yes,Fit
1178399,2019,Yuvraj Singh,Mumbai Indians,Yes,Fit
1178399,2019,N Pooran,Punjab Kings,Yes,Fit
1178399,2019,KV Sharma,Punjab Kings,Yes,Fit
1178399,2019,PP Shaw,Mumbai Indians,Yes,Fit
1178399,2019,KK Ahmed,Punjab Kings,Yes,Fit
1178399,2019,Mohammed Shami,Mumbai Indians,Yes,Fit
1178399,2019,R Parag,Punjab Kings,Yes,Fit
1178399,2019,DR Smith,Mumbai Indians,Yes,Fit
1178399,2019,AM Rahane,Punjab Kings,Yes,Fit
1178399,2019,S Dube,Mumbai Indians,Yes,Fit
1178400,2019,YS Chahal,Chennai Super Kings,No,Personal reasons
1178400,2019,Q de Kock,Chennai Super Kings,Yes,Fit
1178400,2019,DA Warner,Rajasthan Royals,Yes,Fit
1178400,2019,Abhishek Sharma,Rajasthan Royals,Yes,Fit
1178400,2019,M Morkel,Rajasthan Royals,Yes,Fit
1178400,2019,PJ Cummins,Rajasthan Royals,Yes,Fit
1178400,2019,MK Pandey,Chennai Super Kings,Yes,Fit
1178400,2019,SV Samson,Chennai Super Kings,No,Suspension
1178400,2019,PA Patel,Chennai Super Kings,Yes,Fit
1178400,2019,MJ McClenaghan,Chennai Super Kings,Yes,Fit
1178400,2019,KK Ahmed,Rajasthan Royals,Yes,Fit
1178400,2019,V Kohli,Chennai Super Kings,Yes,Fit
1178400,2019,I Sharma,Chennai Super Kings,Yes,Fit
1178400,2019,L Balaji,Rajasthan Royals,Yes,Fit
1178400,2019,Ishan Kishan,Chennai Super Kings,Yes,Fit
1178400,2019,SO Hetmyer,Chennai Super Kings,Yes,Fit
1178400,2019,JP Faulkner,Chennai Super Kings,Yes,Fit
1178400,2019,SS Iyer,Rajasthan Royals,No,Covid protocol
1178400,2019,NV Ojha,Rajasthan Royals,No,Calf injury
1178400,2019,MK Tiwary,Rajasthan Royals,Yes,Fit
1178401,2019,DR Smith,Delhi Capitals,Yes,Fit
1178401,2019,SV Samson,Kolkata Knight Riders,Yes,Fit
1178401,2019,DA Miller,Delhi Capitals,Yes,Fit
1178401,2019,UT Yadav,Kolkata Knight Riders,Yes,Fit
1178401,2019,SK Raina,Delhi Capitals,Yes,Fit
1178401,2019,Mohammed Shami,Delhi Capitals,Yes,Fit
1178401,2019,PP Shaw,Kolkata Knight Riders,Yes,Fit
1178401,2019,RD Chahar,Delhi Capitals,Yes,Fit
1178401,2019,RR Pant,Kolkata Knight Riders,Yes,Fit
1178401,2019,PP Ojha,Kolkata Knight Riders,Yes,Fit
1178401,2019,VR Iyer,Delhi Capitals,Yes,Fit
1178401,2019,R Vinay Kumar,Delhi Capitals,Yes,Fit
1178401,2019,R Bhatia,Delhi Capitals,Yes,Fit
1178401,2019,CH Gayle,Kolkata Knight Riders,Yes,Fit
1178401,2019,SS Tiwary,Delhi Capitals,Yes,Fit
1178401,2019,YS Chahal,Delhi Capitals,Yes,Fit
1178401,2019,MC Henriques,Delhi Capitals,Yes,Fit
1178401,2019,Sandeep Sharma,Kolkata Knight Riders,Yes,Fit
1178401,2019,AJ Finch,Kolkata Knight Riders,Yes,Fit
1178401,2019,SP Narine,Kolkata Knight Riders,Yes,Fit
1178402,2019,KC Sangakkara,Mumbai Indians,Yes,Fit
1178402,2019,RA Jadeja,Rajasthan Royals,Yes,Fit
1178402,2019,IK Pathan,Mumbai Indians,Yes,Fit
1178402,2019,L Balaji,Rajasthan Royals,Yes,Fit
1178402,2019,JP Faulkner,Mumbai Indians,Yes,Fit
1178402,2019,H Klaasen,Rajasthan Royals,Yes,Fit
1178402,2019,YBK Jaiswal,Rajasthan Royals,Yes,Fit
1178402,2019,R Tewatia,Rajasthan Royals,Yes,Fit
1178402,2019,JP Duminy,Mumbai Indians,Yes,Fit
1178402,2019,MM Sharma,Rajasthan Royals,No,Back spasm
1178402,2019,AJ Finch,Mumbai Indians,Yes,Fit
1178402,2019,DA Warner,Rajasthan Royals,Yes,Fit
1178402,2019,MM Patel,Mumbai Indians,Yes,Fit
1178402,2019,JC Archer,Mumbai Indians,Yes,Fit
1178402,2019,SL Malinga,Rajasthan Royals,Yes,Fit
1178402,2019,Arshdeep Singh,Rajasthan Royals,Yes,Fit
1178402,2019,SP Narine,Rajasthan Royals,Yes,Fit
1178402,2019,R Vinay Kumar,Mumbai Indians,Yes,Fit
1178402,2019,KS Williamson,Rajasthan Royals,Yes,Fit
1178402,2019,MR Marsh,Mumbai Indians,Yes,Fit
1178403,2019,SC Ganguly,Royal Challengers Bangalore,Yes,Fit
1178403,2019,IK Pathan,Punjab Kings,Yes,Fit
1178403,2019,MC Henriques,Royal Challengers Bangalore,Yes,Fit
1178403,2019,P Kumar,Punjab Kings,Yes,Fit
1178403,2019,YBK Jaiswal,Royal Challengers Bangalore,Yes,Fit
1178403,2019,MM Patel,Royal Challengers Bangalore,Yes,Fit
1178403,2019,A Symonds,Royal Challengers Bangalore,Yes,Fit
1178403,2019,SR Tendulkar,Royal Challengers Bangalore,Yes,Fit
1178403,2019,Sandeep Sharma,Punjab Kings,Yes,Fit
1178403,2019,BB McCullum,Punjab Kings,Yes,Fit
1178403,2019,S Dhawan,Punjab Kings,Yes,Fit
1178403,2019,CV Varun,Royal Challengers Bangalore,Yes,Fit
1178403,2019,MM Sharma,Royal Challengers Bangalore,Yes,Fit
1178403,2019,M Vijay,Royal Challengers Bangalore,Yes,Fit
1178403,2019,BJ Hodge,Punjab Kings,Yes,Fit
1178403,2019,R Ashwin,Royal Challengers Bangalore,Yes,Fit
1178403,2019,D Padikkal,Royal Challengers Bangalore,Yes,Fit
1178403,2019,H Klaasen,Royal Challengers Bangalore,Yes,Fit
1178403,2019,VR Iyer,Punjab Kings,Yes,Fit
1178403,2019,CH Gayle,Royal Challengers Bangalore,Yes,Fit
1178404,2019,PJ Cummins,Chennai Super Kings,Yes,Fit
1178404,2019,YK Pathan,Chennai Super Kings,Yes,Fit
1178404,2019,SP Narine,Chennai Super Kings,Yes,Fit
1178404,2019,A Nehra,Kolkata Knight Riders,Yes,Fit
1178404,2019,PP Shaw,Kolkata Knight Riders,Yes,Fit
1178404,2019,MC Henriques,Kolkata Knight Riders,Yes,Fit
1178404,2019,N Rana,Kolkata Knight Riders,Yes,Fit
1178404,2019,Rashid Khan,Chennai Super Kings,Yes,Fit
1178404,2019,HV Patel,Chennai Super Kings,Yes,Fit
1178404,2019,JD Unadkat,Chennai Super Kings,Yes,Fit
1178404,2019,KK Ahmed,Kolkata Knight Riders,Yes,Fit
1178404,2019,BB McCullum,Chennai Super Kings,Yes,Fit
1178404,2019,MS Dhoni,Chennai Super Kings,Yes,Fit
1178404,2019,DA Miller,Kolkata Knight Riders,Yes,Fit
1178404,2019,AJ Finch,Chennai Super Kings,Yes,Fit
1178404,2019,H Klaasen,Kolkata Knight Riders,Yes,Fit
1178404,2019,SS Tiwary,Kolkata Knight Riders,Yes,Fit
1178404,2019,DS Kulkarni,Kolkata Knight Riders,Yes,Fit
1178404,2019,KS Williamson,Chennai Super Kings,Yes,Fit
1178404,2019,MM Sharma,Kolkata Knight Riders,No,Shoulder injury
1178405,2019,V Sehwag,Sunrisers Hyderabad,Yes,Fit
1178405,2019,NV Ojha,Sunrisers Hyderabad,Yes,Fit
1178405,2019,SK Raina,Sunrisers Hyderabad,Yes,Fit
1178405,2019,JD Unadkat,Sunrisers Hyderabad,Yes,Fit
1178405,2019,MK Tiwary,Delhi Capitals,Yes,Fit
1178405,2019,K Rabada,Delhi Capitals,Yes,Fit
1178405,2019,JH Kallis,Delhi Capitals,Yes,Fit
1178405,2019,Ravi Bishnoi,Sunrisers Hyderabad,Yes,Fit
1178405,2019,DA Miller,Sunrisers Hyderabad,Yes,Fit
1178405,2019,MK Pandey,Sunrisers Hyderabad,Yes,Fit
1178405,2019,SPD Smith,Delhi Capitals,Yes,Fit
1178405,2019,UT Yadav,Delhi Capitals,Yes,Fit
1178405,2019,SM Curran,Delhi Capitals,Yes,Fit
1178405,2019,SS Tiwary,Sunrisers Hyderabad,Yes,Fit
1178405,2019,HH Pandya,Sunrisers Hyderabad,Yes,Fit
1178405,2019,B Kumar,Sunrisers Hyderabad,No,Shoulder injury
1178405,2019,PP Ojha,Delhi Capitals,Yes,Fit
1178405,2019,SS Iyer,Delhi Capitals,Yes,Fit
1178405,2019,DW Steyn,Sunrisers Hyderabad,Yes,Fit
1178405,2019,AB Dinda,Delhi Capitals,Yes,Fit
1178406,2019,Arshdeep Singh,Mumbai Indians,Yes,Fit
1178406,2019,RA Tripathi,Royal Challengers Bangalore,Yes,Fit
1178406,2019,RV Uthappa,Mumbai Indians,Yes,Fit
1178406,2019,NV Ojha,Royal Challengers Bangalore,Yes,Fit
1178406,2019,SM Curran,Royal Challengers Bangalore,Yes,Fit
1178406,2019,S Badrinath,Royal Challengers Bangalore,Yes,Fit
1178406,2019,YBK Jaiswal,Royal Challengers Bangalore,Yes,Fit
1178406,2019,RR Pant,Royal Challengers Bangalore,Yes,Fit
1178406,2019,V Kohli,Royal Challengers Bangalore,Yes,Fit
1178406,2019,SR Tendulkar,Mumbai Indians,Yes,Fit
1178406,2019,Shakib Al Hasan,Royal Challengers Bangalore,Yes,Fit
1178406,2019,M Vijay,Mumbai Indians,Yes,Fit
1178406,2019,HV Patel,Royal Challengers Bangalore,Yes,Fit
1178406,2019,VR Iyer,Royal Challengers Bangalore,Yes,Fit
1178406,2019,H Klaasen,Royal Challengers Bangalore,No,Personal reasons
1178406,2019,D Padikkal,Royal Challengers Bangalore,Yes,Fit
1178406,2019,M Prasidh Krishna,Royal Challengers Bangalore,Yes,Fit
1178406,2019,KS Williamson,Royal Challengers Bangalore,Yes,Fit
1178406,2019,R Tewatia,Mumbai Indians,Yes,Fit
1178406,2019,JP Faulkner,Mumbai Indians,Yes,Fit
1178407,2019,SN Thakur,Rajasthan Royals,Yes,Fit
1178407,2019,JD Unadkat,Rajasthan Royals,Yes,Fit
1178407,2019,SO Hetmyer,Punjab Kings,Yes,Fit
1178407,2019,GJ Maxwell,Punjab Kings,Yes,Fit
1178407,2019,MA Starc,Rajasthan Royals,Yes,Fit
1178407,2019,R Tewatia,Rajasthan Royals,Yes,Fit
1178407,2019,R Ashwin,Rajasthan Royals,Yes,Fit
1178407,2019,SL Malinga,Punjab Kings,Yes,Fit
1178407,2019,RA Jadeja,Punjab Kings,Yes,Fit
1178407,2019,SM Curran,Punjab Kings,Yes,Fit
1178407,2019,JJ Bumrah,Rajasthan Royals,Yes,Fit
1178407,2019,NV Ojha,Rajasthan Royals,Yes,Fit
1178407,2019,MK Tiwary,Rajasthan Royals,Yes,Fit
1178407,2019,SP Narine,Punjab Kings,Yes,Fit
1178407,2019,KL Rahul,Rajasthan Royals,Yes,Fit
1178407,2019,YK Pathan,Rajasthan Royals,Yes,Fit
1178407,2019,EJG Morgan,Rajasthan Royals,No,Hamstring strain
1178407,2019,AM Rahane,Rajasthan Royals,Yes,Fit
1178407,2019,MM Ali,Rajasthan Royals,Yes,Fit
1178407,2019,RR Pant,Punjab Kings,Yes,Fit
1178408,2019,AJ Finch,Chennai Super Kings,Yes,Fit
1178408,2019,JP Faulkner,Chennai Super Kings,Yes,Fit
1178408,2019,T Natarajan,Sunrisers Hyderabad,Yes,Fit
1178408,2019,SN Thakur,Chennai Super Kings,Yes,Fit
1178408,2019,WP Saha,Sunrisers Hyderabad,Yes,Fit
1178408,2019,DJ Hooda,Sunrisers Hyderabad,Yes,Fit
1178408,2019,PP Chawla,Sunrisers Hyderabad,Yes,Fit
1178408,2019,B Kumar,Sunrisers Hyderabad,Yes,Fit
1178408,2019,JM Bairstow,Chennai Super Kings,Yes,Fit
1178408,2019,KA Pollard,Chennai Super Kings,Yes,Fit
1178408,2019,MR Marsh,Chennai Super Kings,Yes,Fit
1178408,2019,Avesh Khan,Sunrisers Hyderabad,Yes,Fit
1178408,2019,AT Rayudu,Chennai Super Kings,Yes,Fit
1178408,2019,KD Karthik,Sunrisers Hyderabad,Yes,Fit
1178408,2019,KC Sangakkara,Sunrisers Hyderabad,No,Covid protocol
1178408,2019,DJ Hussey,Sunrisers Hyderabad,Yes,Fit
1178408,2019,R Ashwin,Chennai Super Kings,Yes,Fit
1178408,2019,VR Iyer,Chennai Super Kings,Yes,Fit
1178408,2019,V Shankar,Chennai Super Kings,Yes,Fit
1178408,2019,M Morkel,Sunrisers Hyderabad,Yes,Fit
1178409,2019,KD Karthik,Mumbai Indians,Yes,Fit
1178409,2019,Kuldeep Yadav,Mumbai Indians,Yes,Fit
1178409,2019,KK Ahmed,Delhi Capitals,Yes,Fit
1178409,2019,WP Saha,Mumbai Indians,Yes,Fit
1178409,2019,AR Patel,Mumbai Indians,Yes,Fit
1178409,2019,AB de Villiers,Mumbai Indians,Yes,Fit
1178409,2019,Harbhajan Singh,Delhi Capitals,Yes,Fit
1178409,2019,DJ Hooda,Mumbai Indians,Yes,Fit
1178409,2019,N Pooran,Mumbai Indians,Yes,Fit
1178409,2019,Q de Kock,Mumbai Indians,Yes,Fit
1178409,2019,BB McCullum,Delhi Capitals,Yes,Fit
1178409,2019,KC Sangakkara,Mumbai Indians,Yes,Fit
1178409,2019,L Balaji,Delhi Capitals,Yes,Fit
1178409,2019,N Rana,Mumbai Indians,Yes,Fit
1178409,2019,MK Tiwary,Mumbai Indians,Yes,Fit
1178409,2019,A Mishra,Delhi Capitals,Yes,Fit
1178409,2019,MA Agarwal,Delhi Capitals,Yes,Fit
1178409,2019,JC Buttler,Mumbai Indians,Yes,Fit
1178409,2019,JD Unadkat,Delhi Capitals,Yes,Fit
1178409,2019,RG Sharma,Mumbai Indians,Yes,Fit
1178410,2019,PP Ojha,Royal Challengers Bangalore,Yes,Fit
1178410,2019,JA Morkel,Royal Challengers Bangalore,Yes,Fit
1178410,2019,RD Chahar,Royal Challengers Bangalore,Yes,Fit
1178410,2019,R Vinay Kumar,Kolkata Knight Riders,Yes,Fit
1178410,2019,MK Tiwary,Royal Challengers Bangalore,Yes,Fit
1178410,2019,MM Patel,Kolkata Knight Riders,Yes,Fit
1178410,2019,NT Tilak Varma,Kolkata Knight Riders,No,Knee injury
1178410,2019,SO Hetmyer,Royal Challengers Bangalore,Yes,Fit
1178410,2019,Harbhajan Singh,Kolkata Knight Riders,Yes,Fit
1178410,2019,SR Tendulkar,Kolkata Knight Riders,Yes,Fit
1178410,2019,Z Khan,Royal Challengers Bangalore,Yes,Fit
1178410,2019,Shubman Gill,Royal Challengers Bangalore,Yes,Fit
1178410,2019,MJ McClenaghan,Kolkata Knight Riders,Yes,Fit
1178410,2019,JC Buttler,Royal Challengers Bangalore,Yes,Fit
1178410,2019,BB McCullum,Royal Challengers Bangalore,Yes,Fit
1178410,2019,DR Smith,Royal Challengers Bangalore,Yes,Fit
1178410,2019,Washington Sundar,Kolkata Knight Riders,Yes,Fit
1178410,2019,YK Pathan,Royal Challengers Bangalore,Yes,Fit
1178410,2019,Ravi Bishnoi,Royal Challengers Bangalore,Yes,Fit
1178410,2019,JH Kallis,Royal Challengers Bangalore,No,Quad strain
1178411,2019,KC Sangakkara,Mumbai Indians,Yes,Fit
1178411,2019,Prabhsimran Singh,Mumbai Indians,Yes,Fit
1178411,2019,DJ Hooda,Rajasthan Royals,Yes,Fit
1178411,2019,SC Ganguly,Mumbai Indians,Yes,Fit
1178411,2019,MA Starc,Rajasthan Royals,Yes,Fit
1178411,2019,DPMD Jayawardene,Rajasthan Royals,Yes,Fit
1178411,2019,H Klaasen,Mumbai Indians,Yes,Fit
1178411,2019,S Dube,Mumbai Indians,Yes,Fit
1178411,2019,WP Saha,Rajasthan Royals,Yes,Fit
1178411,2019,I Sharma,Rajasthan Royals,Yes,Fit
1178411,2019,S Dhawan,Mumbai Indians,Yes,Fit
1178411,2019,V Kohli,Mumbai Indians,Yes,Fit
1178411,2019,JD Unadkat,Mumbai Indians,Yes,Fit
1178411,2019,SM Curran,Mumbai Indians,Yes,Fit
1178411,2019,Kuldeep Yadav,Rajasthan Royals,Yes,Fit
1178411,2019,AJ Finch,Rajasthan Royals,Yes,Fit
1178411,2019,RD Chahar,Rajasthan Royals,Yes,Fit
1178411,2019,R Vinay Kumar,Mumbai Indians,Yes,Fit
1178411,2019,A Mishra,Rajasthan Royals,Yes,Fit
1178411,2019,KV Sharma,Rajasthan Royals,Yes,Fit
1178412,2019,MA Agarwal,Punjab Kings,Yes,Fit
1178412,2019,L Balaji,Punjab Kings,Yes,Fit
1178412,2019,KC Sangakkara,Punjab Kings,No,Calf injury
1178412,2019,SK Raina,Punjab Kings,Yes,Fit
1178412,2019,R Parag,Delhi Capitals,Yes,Fit
1178412,2019,RD Gaikwad,Delhi Capitals,Yes,Fit
1178412,2019,MS Dhoni,Delhi Capitals,Yes,Fit
1178412,2019,F du Plessis,Delhi Capitals,No,Calf injury
1178412,2019,WP Saha,Delhi Capitals,Yes,Fit
1178412,2019,H Klaasen,Punjab Kings,Yes,Fit
1178412,2019,JP Duminy,Punjab Kings,Yes,Fit
1178412,2019,Prabhsimran Singh,Delhi Capitals,Yes,Fit
1178412,2019,EJG Morgan,Punjab Kings,Yes,Fit
1178412,2019,B Sai Sudharsan,Punjab Kings,Yes,Fit
1178412,2019,RD Chahar,Punjab Kings,Yes,Fit
1178412,2019,T Natarajan,Punjab Kings,No,Knee injury
1178412,2019,Rashid Khan,Punjab Kings,Yes,Fit
1178412,2019,PP Ojha,Punjab Kings,Yes,Fit
1178412,2019,PA Patel,Delhi Capitals,Yes,Fit
1178412,2019,Ravi Bishnoi,Punjab Kings,Yes,Fit
1178413,2019,T Natarajan,Kolkata Knight Riders,Yes,Fit
1178413,2019,SA Yadav,Kolkata Knight Riders,Yes,Fit
1178413,2019,KK Nair,Kolkata Knight Riders,Yes,Fit
1178413,2019,AK Markram,Sunrisers Hyderabad,Yes,Fit
1178413,2019,CH Morris,Kolkata Knight Riders,Yes,Fit
1178413,2019,RG Sharma,Sunrisers Hyderabad,Yes,Fit
1178413,2019,MM Patel,Sunrisers Hyderabad,Yes,Fit
1178413,2019,PJ Cummins,Kolkata Knight Riders,Yes,Fit
1178413,2019,JM Bairstow,Sunrisers Hyderabad,Yes,Fit
1178413,2019,EJG Morgan,Sunrisers Hyderabad,Yes,Fit
1178413,2019,BJ Hodge,Sunrisers Hyderabad,Yes,Fit
1178413,2019,CV Varun,Kolkata Knight Riders,Yes,Fit
1178413,2019,DR Smith,Sunrisers Hyderabad,Yes,Fit
1178413,2019,F du Plessis,Sunrisers Hyderabad,Yes,Fit
1178413,2019,YK Pathan,Sunrisers Hyderabad,Yes,Fit
1178413,2019,Shakib Al Hasan,Kolkata Knight Riders,Yes,Fit
1178413,2019,YBK Jaiswal,Sunrisers Hyderabad,Yes,Fit
1178413,2019,Abhishek Sharma,Kolkata Knight Riders,Yes,Fit
1178413,2019,KD Karthik,Kolkata Knight Riders,Yes,Fit
1178413,2019,DPMD Jayawardene,Kolkata Knight Riders,Yes,Fit
1178414,2019,GJ Maxwell,Royal Challengers Bangalore,Yes,Fit
1178414,2019,SL Malinga,Chennai Super Kings,Yes,Fit
1178414,2019,SK Raina,Royal Challengers Bangalore,Yes,Fit
1178414,2019,RP Singh,Royal Challengers Bangalore,Yes,Fit
1178414,2019,YBK Jaiswal,Chennai Super Kings,Yes,Fit
1178414,2019,PP Shaw,Royal Challengers Bangalore,Yes,Fit
1178414,2019,HV Patel,Chennai Super Kings,Yes,Fit
1178414,2019,DPMD Jayawardene,Royal Challengers Bangalore,Yes,Fit
1178414,2019,PP Ojha,Chennai Super Kings,Yes,Fit
1178414,2019,M Morkel,Royal Challengers Bangalore,Yes,Fit
1178414,2019,Q de Kock,Royal Challengers Bangalore,Yes,Fit
1178414,2019,VR Iyer,Chennai Super Kings,Yes,Fit
1178414,2019,IK Pathan,Royal Challengers Bangalore,Yes,Fit
1178414,2019,DS Kulkarni,Chennai Super Kings,Yes,Fit
1178414,2019,AR Patel,Royal Challengers Bangalore,Yes,Fit
1178414,2019,RA Tripathi,Royal Challengers Bangalore,Yes,Fit
1178414,2019,SP Narine,Royal Challengers Bangalore,Yes,Fit
1178414,2019,DA Miller,Royal Challengers Bangalore,Yes,Fit
1178414,2019,Avesh Khan,Royal Challengers Bangalore,Yes,Fit
1178414,2019,TA Boult,Royal Challengers Bangalore,Yes,Fit
1178415,2019,DA Warner,Rajasthan Royals,Yes,Fit
1178415,2019,Imran Tahir,Rajasthan Royals,Yes,Fit
1178415,2019,DR Smith,Rajasthan Royals,No,Suspension
1178415,2019,MM Patel,Delhi Capitals,Yes,Fit
1178415,2019,V Shankar,Rajasthan Royals,Yes,Fit
1178415,2019,RV Uthappa,Delhi Capitals,Yes,Fit
1178415,2019,F du Plessis,Rajasthan Royals,Yes,Fit
1178415,2019,Harbhajan Singh,Rajasthan Royals,Yes,Fit
1178415,2019,SL Malinga,Delhi Capitals,Yes,Fit
1178415,2019,YS Chahal,Delhi Capitals,No,Calf injury
1178415,2019,SS Iyer,Rajasthan Royals,Yes,Fit
1178415,2019,CH Morris,Delhi Capitals,Yes,Fit
1178415,2019,Sandeep Sharma,Rajasthan Royals,Yes,Fit
1178415,2019,DS Kulkarni,Rajasthan Royals,Yes,Fit
1178415,2019,MR Marsh,Delhi Capitals,Yes,Fit
1178415,2019,MK Pandey,Delhi Capitals,Yes,Fit
1178415,2019,SA Yadav,Rajasthan Royals,Yes,Fit
1178415,2019,MS Dhoni,Rajasthan Royals,Yes,Fit
1178415,2019,BJ Hodge,Rajasthan Royals,Yes,Fit
1178415,2019,SPD Smith,Rajasthan Royals,Yes,Fit
1178416,2019,T Natarajan,Chennai Super Kings,Yes,Fit
1178416,2019,S Dhawan,Sunrisers Hyderabad,Yes,Fit
1178416,2019,R Bhatia,Sunrisers Hyderabad,No,Knee injury
1178416,2019,SA Yadav,Chennai Super Kings,Yes,Fit
1178416,2019,R Vinay Kumar,Sunrisers Hyderabad,Yes,Fit
1178416,2019,IK Pathan,Sunrisers Hyderabad,Yes,Fit
1178416,2019,H Klaasen,Chennai Super Kings,Yes,Fit
1178416,2019,AT Rayudu,Sunrisers Hyderabad,Yes,Fit
1178416,2019,PP Chawla,Sunrisers Hyderabad,Yes,Fit
1178416,2019,MS Dhoni,Chennai Super Kings,Yes,Fit
1178416,2019,JD Unadkat,Sunrisers Hyderabad,Yes,Fit
1178416,2019,KV Sharma,Sunrisers Hyderabad,Yes,Fit
1178416,2019,JC Buttler,Chennai Super Kings,Yes,Fit
1178416,2019,Kuldeep Yadav,Sunrisers Hyderabad,Yes,Fit
1178416,2019,Shubman Gill,Sunrisers Hyderabad,Yes,Fit
1178416,2019,SN Thakur,Sunrisers Hyderabad,Yes,Fit
1178416,2019,I Sharma,Chennai Super Kings,Yes,Fit
1178416,2019,BA Stokes,Chennai Super Kings,Yes,Fit
1178416,2019,VR Iyer,Chennai Super Kings,Yes,Fit
1178416,2019,YK Pathan,Chennai Super Kings,Yes,Fit
1178417,2019,SO Hetmyer,Punjab Kings,Yes,Fit
1178417,2019,Z Khan,Royal Challengers Bangalore,Yes,Fit
1178417,2019,L Balaji,Royal Challengers Bangalore,Yes,Fit
1178417,2019,Prabhsimran Singh,Punjab Kings,Yes,Fit
1178417,2019,KA Pollard,Punjab Kings,Yes,Fit
1178417,2019,HH Pandya,Punjab Kings,Yes,Fit
1178417,2019,DJ Hussey,Royal Challengers Bangalore,Yes,Fit
1178417,2019,Arshdeep Singh,Punjab Kings,Yes,Fit
1178417,2019,MR Marsh,Royal Challengers Bangalore,Yes,Fit
1178417,2019,JP Faulkner,Punjab Kings,Yes,Fit
1178417,2019,JM Bairstow,Punjab Kings,Yes,Fit
1178417,2019,AR Patel,Royal Challengers Bangalore,Yes,Fit
1178417,2019,KC Sangakkara,Punjab Kings,Yes,Fit
1178417,2019,SK Raina,Punjab Kings,Yes,Fit
1178417,2019,BJ Hodge,Royal Challengers Bangalore,Yes,Fit
1178417,2019,Shakib Al Hasan,Punjab Kings,Yes,Fit
1178417,2019,PP Ojha,Royal Challengers Bangalore,Yes,Fit
1178417,2019,R Tewatia,Punjab Kings,Yes,Fit
1178417,2019,Rashid Khan,Punjab Kings,Yes,Fit
1178417,2019,KK Nair,Royal Challengers Bangalore,Yes,Fit
1178418,2019,PP Shaw,Kolkata Knight Riders,Yes,Fit
1178418,2019,Q de Kock,Rajasthan Royals,Yes,Fit
1178418,2019,DS Kulkarni,Rajasthan Royals,Yes,Fit
1178418,2019,BB McCullum,Rajasthan Royals,Yes,Fit
1178418,2019,DW Steyn,Rajasthan Royals,Yes,Fit
1178418,2019,SA Yadav,Rajasthan Royals,Yes,Fit
1178418,2019,A Symonds,Kolkata Knight Riders,No,Back spasm
1178418,2019,NT Tilak Varma,Kolkata Knight Riders,Yes,Fit
1178418,2019,AT Rayudu,Rajasthan Royals,Yes,Fit
1178418,2019,Mohammed Shami,Kolkata Knight Riders,Yes,Fit
1178418,2019,MJ McClenaghan,Rajasthan Royals,Yes,Fit
1178418,2019,MM Sharma,Rajasthan Royals,Yes,Fit
1178418,2019,UT Yadav,Kolkata Knight Riders,Yes,Fit
1178418,2019,SE Marsh,Kolkata Knight Riders,Yes,Fit
1178418,2019,Kuldeep Yadav,Kolkata Knight Riders,Yes,Fit
1178418,2019,R Ashwin,Rajasthan Royals,Yes,Fit
1178418,2019,R Dravid,Kolkata Knight Riders,Yes,Fit
1178418,2019,KS Williamson,Rajasthan Royals,Yes,Fit
1178418,2019,DA Miller,Kolkata Knight Riders,No,Hamstring strain
1178418,2019,AB Dinda,Kolkata Knight Riders,Yes,Fit
1178419,2019,Z Khan,Chennai Super Kings,Yes,Fit
1178419,2019,SR Watson,Mumbai Indians,No,Covid protocol
1178419,2019,A Symonds,Mumbai Indians,Yes,Fit
1178419,2019,SPD Smith,Mumbai Indians,Yes,Fit
1178419,2019,RP Singh,Mumbai Indians,Yes,Fit
1178419,2019,MEK Hussey,Mumbai Indians,Yes,Fit
1178419,2019,DL Chahar,Mumbai Indians,Yes,Fit
1178419,2019,V Kohli,Chennai Super Kings,Yes,Fit
1178419,2019,P Kumar,Chennai Super Kings,Yes,Fit
1178419,2019,DS Kulkarni,Mumbai Indians,Yes,Fit
1178419,2019,JC Archer,Mumbai Indians,Yes,Fit
1178419,2019,Washington Sundar,Mumbai Indians,Yes,Fit
1178419,2019,DA Miller,Mumbai Indians,Yes,Fit
1178419,2019,CV Varun,Mumbai Indians,Yes,Fit
1178419,2019,KV Sharma,Mumbai Indians,Yes,Fit
1178419,2019,RR Pant,Chennai Super Kings,Yes,Fit
1178419,2019,L Balaji,Mumbai Indians,Yes,Fit
1178419,2019,NT Tilak Varma,Chennai Super Kings,Yes,Fit
1178419,2019,Mandeep Singh,Chennai Super Kings,Yes,Fit
1178419,2019,Sandeep Sharma,Mumbai Indians,No,Fever
1178420,2019,JA Morkel,Sunrisers Hyderabad,Yes,Fit
1178420,2019,JP Faulkner,Sunrisers Hyderabad,Yes,Fit
1178420,2019,N Pooran,Sunrisers Hyderabad,Yes,Fit
1178420,2019,SPD Smith,Sunrisers Hyderabad,Yes,Fit
1178420,2019,Ravi Bishnoi,Sunrisers Hyderabad,Yes,Fit
1178420,2019,YK Pathan,Sunrisers Hyderabad,Yes,Fit
1178420,2019,DW Steyn,Sunrisers Hyderabad,Yes,Fit
1178420,2019,MM Ali,Rajasthan Royals,No,Covid protocol
1178420,2019,S Dube,Rajasthan Royals,Yes,Fit
1178420,2019,AB de Villiers,Rajasthan Royals,Yes,Fit
1178420,2019,BB McCullum,Rajasthan Royals,Yes,Fit
1178420,2019,JM Bairstow,Rajasthan Royals,Yes,Fit
1178420,2019,HH Pandya,Rajasthan Royals,Yes,Fit
1178420,2019,Abhishek Sharma,Sunrisers Hyderabad,Yes,Fit
1178420,2019,SP Narine,Rajasthan Royals,Yes,Fit
1178420,2019,S Dhawan,Rajasthan Royals,Yes,Fit
1178420,2019,AK Markram,Rajasthan Royals,Yes,Fit
1178420,2019,SN Thakur,Rajasthan Royals,Yes,Fit
1178420,2019,T Natarajan,Rajasthan Royals,Yes,Fit
1178420,2019,SC Ganguly,Sunrisers Hyderabad,Yes,Fit
1178421,2019,MP Stoinis,Delhi Capitals,Yes,Fit
1178421,2019,YK Pathan,Delhi Capitals,Yes,Fit
1178421,2019,DW Steyn,Royal Challengers Bangalore,Yes,Fit
1178421,2019,AT Rayudu,Royal Challengers Bangalore,Yes,Fit
1178421,2019,JC Buttler,Royal Challengers Bangalore,Yes,Fit
1178421,2019,S Dhawan,Royal Challengers Bangalore,Yes,Fit
1178421,2019,T Natarajan,Delhi Capitals,Yes,Fit
1178421,2019,R Ashwin,Royal Challengers Bangalore,Yes,Fit
1178421,2019,H Klaasen,Delhi Capitals,Yes,Fit
1178421,2019,SC Ganguly,Royal Challengers Bangalore,Yes,Fit
1178421,2019,Sandeep Sharma,Delhi Capitals,Yes,Fit
1178421,2019,Mohammed Shami,Royal Challengers Bangalore,Yes,Fit
1178421,2019,Z Khan,Delhi Capitals,Yes,Fit
1178421,2019,DJ Hooda,Delhi Capitals,Yes,Fit
1178421,2019,KA Pollard,Royal Challengers Bangalore,Yes,Fit
1178421,2019,RV Uthappa,Royal Challengers Bangalore,Yes,Fit
1178421,2019,RP Singh,Royal Challengers Bangalore,Yes,Fit
1178421,2019,KK Ahmed,Royal Challengers Bangalore,Yes,Fit
1178421,2019,AK Markram,Delhi Capitals,Yes,Fit
1178421,2019,Shakib Al Hasan,Royal Challengers Bangalore,Yes,Fit
1178422,2019,JP Faulkner,Kolkata Knight Riders,Yes,Fit
1178422,2019,AT Rayudu,Mumbai Indians,Yes,Fit
1178422,2019,Ravi Bishnoi,Mumbai Indians,Yes,Fit
1178422,2019,SM Curran,Kolkata Knight Riders,Yes,Fit
1178422,2019,R Parag,Kolkata Knight Riders,Yes,Fit
1178422,2019,MM Ali,Kolkata Knight Riders,Yes,Fit
1178422,2019,JA Morkel,Mumbai Indians,Yes,Fit
1178422,2019,MG Johnson,Kolkata Knight Riders,Yes,Fit
1178422,2019,V Kohli,Mumbai Indians,Yes,Fit
1178422,2019,N Rana,Kolkata Knight Riders,Yes,Fit
1178422,2019,L Balaji,Mumbai Indians,Yes,Fit
1178422,2019,SV Samson,Mumbai Indians,Yes,Fit
1178422,2019,BA Stokes,Kolkata Knight Riders,No,Fever
1178422,2019,KK Ahmed,Mumbai Indians,No,Suspension
1178422,2019,NT Tilak Varma,Mumbai Indians,Yes,Fit
1178422,2019,TA Boult,Kolkata Knight Riders,Yes,Fit
1178422,2019,GJ Maxwell,Mumbai Indians,Yes,Fit
1178422,2019,RV Uthappa,Kolkata Knight Riders,Yes,Fit
1178422,2019,S Dhawan,Mumbai Indians,Yes,Fit
1178422,2019,M Prasidh Krishna,Mumbai Indians,Yes,Fit
1178423,2019,G Gambhir,Punjab Kings,Yes,Fit
1178423,2019,S Dhawan,Punjab Kings,Yes,Fit
1178423,2019,Avesh Khan,Punjab Kings,Yes,Fit
1178423,2019,SO Hetmyer,Punjab Kings,Yes,Fit
1178423,2019,RD Gaikwad,Sunrisers Hyderabad,Yes,Fit
1178423,2019,RP Singh,Sunrisers Hyderabad,Yes,Fit
1178423,2019,KK Ahmed,Punjab Kings,Yes,Fit
1178423,2019,R Parag,Punjab Kings,Yes,Fit
1178423,2019,S Dube,Punjab Kings,Yes,Fit
1178423,2019,DS Kulkarni,Sunrisers Hyderabad,Yes,Fit
1178423,2019,CV Varun,Sunrisers Hyderabad,Yes,Fit
1178423,2019,SS Tiwary,Sunrisers Hyderabad,Yes,Fit
1178423,2019,M Vijay,Sunrisers Hyderabad,Yes,Fit
1178423,2019,MS Dhoni,Punjab Kings,Yes,Fit
1178423,2019,R Vinay Kumar,Sunrisers Hyderabad,Yes,Fit
1178423,2019,Ishan Kishan,Sunrisers Hyderabad,Yes,Fit
1178423,2019,MG Johnson,Sunrisers Hyderabad,Yes,Fit
1178423,2019,AR Patel,Punjab Kings,Yes,Fit
1178423,2019,RV Uthappa,Sunrisers Hyderabad,Yes,Fit
1178423,2019,BB McCullum,Sunrisers Hyderabad,Yes,Fit
1178424,2019,H Klaasen,Royal Challengers Bangalore,Yes,Fit
1178424,2019,AR Patel,Rajasthan Royals,Yes,Fit
1178424,2019,F du Plessis,Rajasthan Royals,Yes,Fit
1178424,2019,BB McCullum,Rajasthan Royals,Yes,Fit
1178424,2019,CV Varun,Rajasthan Royals,Yes,Fit
1178424,2019,SP Narine,Rajasthan Royals,Yes,Fit
1178424,2019,Mohammed Shami,Rajasthan Royals,Yes,Fit
1178424,2019,UT Yadav,Royal Challengers Bangalore,Yes,Fit
1178424,2019,RP Singh,Royal Challengers Bangalore,Yes,Fit
1178424,2019,MC Henriques,Royal Challengers Bangalore,Yes,Fit
1178424,2019,JC Archer,Royal Challengers Bangalore,Yes,Fit
1178424,2019,Mohammed Siraj,Rajasthan Royals,Yes,Fit
1178424,2019,Harbhajan Singh,Rajasthan Royals,Yes,Fit
1178424,2019,V Shankar,Royal Challengers Bangalore,Yes,Fit
1178424,2019,WP Saha,Royal Challengers Bangalore,Yes,Fit
1178424,2019,PP Ojha,Royal Challengers Bangalore,Yes,Fit
1178424,2019,JM Bairstow,Royal Challengers Bangalore,Yes,Fit
1178424,2019,AK Markram,Royal Challengers Bangalore,Yes,Fit
1178424,2019,SE Marsh,Rajasthan Royals,Yes,Fit
1178424,2019,N Pooran,Rajasthan Royals,Yes,Fit
1178425,2019,Abhishek Sharma,Delhi Capitals,Yes,Fit
1178425,2019,SPD Smith,Delhi Capitals,Yes,Fit
1178425,2019,KC Sangakkara,Delhi Capitals,Yes,Fit
1178425,2019,G Gambhir,Chennai Super Kings,Yes,Fit
1178425,2019,SL Malinga,Delhi Capitals,Yes,Fit
1178425,2019,AM Rahane,Delhi Capitals,Yes,Fit
1178425,2019,KL Rahul,Chennai Super Kings,Yes,Fit
1178425,2019,R Bhatia,Delhi Capitals,Yes,Fit
1178425,2019,MM Sharma,Delhi Capitals,Yes,Fit
1178425,2019,YS Chahal,Delhi Capitals,Yes,Fit
1178425,2019,MEK Hussey,Delhi Capitals,Yes,Fit
1178425,2019,T Natarajan,Chennai Super Kings,Yes,Fit
1178425,2019,CH Gayle,Chennai Super Kings,Yes,Fit
1178425,2019,BA Stokes,Delhi Capitals,Yes,Fit
1178425,2019,DJ Bravo,Chennai Super Kings,Yes,Fit
1178425,2019,I Sharma,Delhi Capitals,Yes,Fit
1178425,2019,V Shankar,Delhi Capitals,Yes,Fit
1178425,2019,DA Miller,Delhi Capitals,Yes,Fit
1178425,2019,Harbhajan Singh,Chennai Super Kings,Yes,Fit
1178425,2019,K Rabada,Delhi Capitals,No,Calf injury
1178426,2019,K Rabada,Sunrisers Hyderabad,Yes,Fit
1178426,2019,RD Chahar,Mumbai Indians,Yes,Fit
1178426,2019,RG Sharma,Sunrisers Hyderabad,Yes,Fit
1178426,2019,R Bhatia,Mumbai Indians,Yes,Fit
1178426,2019,Yuvraj Singh,Mumbai Indians,Yes,Fit
1178426,2019,KA Pollard,Mumbai Indians,Yes,Fit
1178426,2019,V Shankar,Sunrisers Hyderabad,Yes,Fit
1178426,2019,Arshdeep Singh,Sunrisers Hyderabad,Yes,Fit
1178426,2019,KL Rahul,Mumbai Indians,Yes,Fit
1178426,2019,MK Pandey,Mumbai Indians,Yes,Fit
1178426,2019,A Mishra,Mumbai Indians,Yes,Fit
1178426,2019,B Sai Sudharsan,Sunrisers Hyderabad,Yes,Fit
1178426,2019,KD Karthik,Sunrisers Hyderabad,No,Calf injury
1178426,2019,PP Shaw,Sunrisers Hyderabad,Yes,Fit
1178426,2019,JA Morkel,Mumbai Indians,Yes,Fit
1178426,2019,RA Tripathi,Mumbai Indians,Yes,Fit
1178426,2019,DJ Bravo,Mumbai Indians,Yes,Fit
1178426,2019,AJ Finch,Mumbai Indians,Yes,Fit
1178426,2019,R Vinay Kumar,Mumbai Indians,Yes,Fit
1178426,2019,D Padikkal,Mumbai Indians,Yes,Fit
1178427,2019,Prabhsimran Singh,Kolkata Knight Riders,Yes,Fit
1178427,2019,Ravi Bishnoi,Punjab Kings,Yes,Fit
1178427,2019,SE Marsh,Punjab Kings,Yes,Fit
1178427,2019,DJ Bravo,Kolkata Knight Riders,Yes,Fit
1178427,2019,AD Russell,Punjab Kings,Yes,Fit
1178427,2019,H Klaasen,Punjab Kings,Yes,Fit
1178427,2019,M Vijay,Punjab Kings,Yes,Fit
1178427,2019,V Sehwag,Punjab Kings,Yes,Fit
1178427,2019,Harbhajan Singh,Kolkata Knight Riders,Yes,Fit
1178427,2019,MEK Hussey,Punjab Kings,No,Covid protocol
1178427,2019,SL Malinga,Punjab Kings,Yes,Fit
1178427,2019,BA Stokes,Kolkata Knight Riders,Yes,Fit
1178427,2019,DR Smith,Kolkata Knight Riders,Yes,Fit
1178427,2019,M Morkel,Kolkata Knight Riders,Yes,Fit
1178427,2019,CH Gayle,Kolkata Knight Riders,Yes,Fit
1178427,2019,R Dravid,Punjab Kings,Yes,Fit
1178427,2019,MM Ali,Punjab Kings,Yes,Fit
1178427,2019,JM Bairstow,Punjab Kings,No,Travel delay
1178427,2019,A Mishra,Punjab Kings,Yes,Fit
1178427,2019,JD Unadkat,Punjab Kings,Yes,Fit
1178428,2019,Mohammed Siraj,Rajasthan Royals,Yes,Fit
1178428,2019,Harbhajan Singh,Rajasthan Royals,Yes,Fit
1178428,2019,SE Marsh,Delhi Capitals,Yes,Fit
1178428,2019,JC Buttler,Delhi Capitals,Yes,Fit
1178428,2019,Yuvraj Singh,Delhi Capitals,Yes,Fit
1178428,2019,R Parag,Delhi Capitals,Yes,Fit
1178428,2019,V Sehwag,Delhi Capitals,Yes,Fit
1178428,2019,S Dube,Delhi Capitals,Yes,Fit
1178428,2019,H Klaasen,Delhi Capitals,Yes,Fit
1178428,2019,KV Sharma,Delhi Capitals,Yes,Fit
1178428,2019,GJ Maxwell,Rajasthan Royals,Yes,Fit
1178428,2019,A Mishra,Rajasthan Royals,Yes,Fit
1178428,2019,SC Ganguly,Delhi Capitals,Yes,Fit
1178428,2019,NV Ojha,Rajasthan Royals,Yes,Fit
1178428,2019,Mohammed Shami,Delhi Capitals,Yes,Fit
1178428,2019,JH Kallis,Delhi Capitals,Yes,Fit
1178428,2019,SP Narine,Rajasthan Royals,Yes,Fit
1178428,2019,PA Patel,Delhi Capitals,Yes,Fit
1178428,2019,Ravi Bishnoi,Rajasthan Royals,Yes,Fit
1178428,2019,CH Morris,Rajasthan Royals,Yes,Fit
1178429,2019,AT Rayudu,Sunrisers Hyderabad,Yes,Fit
1178429,2019,D Padikkal,Royal Challengers Bangalore,Yes,Fit
1178429,2019,Z Khan,Royal Challengers Bangalore,Yes,Fit
1178429,2019,BB McCullum,Sunrisers Hyderabad,Yes,Fit
1178429,2019,G Gambhir,Royal Challengers Bangalore,Yes,Fit
1178429,2019,JJ Bumrah,Sunrisers Hyderabad,Yes,Fit
1178429,2019,DPMD Jayawardene,Sunrisers Hyderabad,Yes,Fit
1178429,2019,M Vijay,Sunrisers Hyderabad,Yes,Fit
1178429,2019,DW Steyn,Sunrisers Hyderabad,Yes,Fit
1178429,2019,I Sharma,Sunrisers Hyderabad,Yes,Fit
1178429,2019,MM Ali,Sunrisers Hyderabad,No,Covid protocol
1178429,2019,BJ Hodge,Sunrisers Hyderabad,Yes,Fit
1178429,2019,AC Gilchrist,Royal Challengers Bangalore,Yes,Fit
1178429,2019,MS Dhoni,Sunrisers Hyderabad,Yes,Fit
1178429,2019,Imran Tahir,Royal Challengers Bangalore,Yes,Fit
1178429,2019,PP Chawla,Sunrisers Hyderabad,Yes,Fit
1178429,2019,Shakib Al Hasan,Royal Challengers Bangalore,Yes,Fit
1178429,2019,YS Chahal,Royal Challengers Bangalore,Yes,Fit
1178429,2019,SS Tiwary,Sunrisers Hyderabad,Yes,Fit
1178429,2019,V Sehwag,Sunrisers Hyderabad,Yes,Fit
1178430,2019,MC Henriques,Punjab Kings,Yes,Fit
1178430,2019,R Vinay Kumar,Chennai Super Kings,Yes,Fit
1178430,2019,DJ Hussey,Chennai Super Kings,Yes,Fit
1178430,2019,SS Tiwary,Chennai Super Kings,Yes,Fit
1178430,2019,RP Singh,Punjab Kings,Yes,Fit
1178430,2019,Mohammed Shami,Chennai Super Kings,Yes,Fit
1178430,2019,NV Ojha,Punjab Kings,Yes,Fit
1178430,2019,JP Faulkner,Punjab Kings,Yes,Fit
1178430,2019,SM Curran,Chennai Super Kings,Yes,Fit
1178430,2019,PP Ojha,Chennai Super Kings,Yes,Fit
1178430,2019,V Shankar,Chennai Super Kings,Yes,Fit
1178430,2019,HH Pandya,Punjab Kings,Yes,Fit
1178430,2019,EJG Morgan,Chennai Super Kings,Yes,Fit
1178430,2019,Yuvraj Singh,Punjab Kings,Yes,Fit
1178430,2019,Washington Sundar,Chennai Super Kings,Yes,Fit
1178430,2019,Z Khan,Punjab Kings,Yes,Fit
1178430,2019,AB Dinda,Chennai Super Kings,Yes,Fit
1178430,2019,R Ashwin,Punjab Kings,Yes,Fit
1178430,2019,YS Chahal,Punjab Kings,Yes,Fit
1178430,2019,DA Warner,Punjab Kings,Yes,Fit
1178431,2019,MC Henriques,Kolkata Knight Riders,Yes,Fit
1178431,2019,P Kumar,Mumbai Indians,Yes,Fit
1178431,2019,JJ Bumrah,Kolkata Knight Riders,Yes,Fit
1178431,2019,N Rana,Kolkata Knight Riders,Yes,Fit
1178431,2019,DS Kulkarni,Mumbai Indians,Yes,Fit
1178431,2019,Arshdeep Singh,Kolkata Knight Riders,Yes,Fit
1178431,2019,KC Sangakkara,Kolkata Knight Riders,Yes,Fit
1178431,2019,V Shankar,Kolkata Knight Riders,Yes,Fit
1178431,2019,JH Kallis,Kolkata Knight Riders,Yes,Fit
1178431,2019,R Tewatia,Kolkata Knight Riders,Yes,Fit
1178431,2019,A Symonds,Kolkata Knight Riders,Yes,Fit
1178431,2019,DA Warner,Mumbai Indians,Yes,Fit
1178431,2019,AB de Villiers,Kolkata Knight Riders,Yes,Fit
1178431,2019,MM Patel,Mumbai Indians,Yes,Fit
1178431,2019,RA Jadeja,Kolkata Knight Riders,Yes,Fit
1178431,2019,V Kohli,Kolkata Knight Riders,Yes,Fit
1178431,2019,R Vinay Kumar,Mumbai Indians,Yes,Fit
1178431,2019,Mandeep Singh,Kolkata Knight Riders,Yes,Fit
1178431,2019,Sandeep Sharma,Kolkata Knight Riders,Yes,Fit
1178431,2019,Ishan Kishan,Kolkata Knight Riders,Yes,Fit
1181764,2019,CH Gayle,Mumbai Indians,Yes,Fit
1181764,2019,SA Yadav,Chennai Super Kings,Yes,Fit
1181764,2019,Shakib Al Hasan,Chennai Super Kings,Yes,Fit
1181764,2019,HH Pandya,Mumbai Indians,Yes,Fit
1181764,2019,RG Sharma,Chennai Super Kings,Yes,Fit
1181764,2019,DS Kulkarni,Mumbai Indians,Yes,Fit
1181764,2019,AM Rahane,Chennai Super Kings,Yes,Fit
1181764,2019,Ravi Bishnoi,Chennai Super Kings,Yes,Fit
1181764,2019,SC Ganguly,Chennai Super Kings,Yes,Fit
1181764,2019,Kuldeep Yadav,Mumbai Indians,Yes,Fit
1181764,2019,MA Starc,Chennai Super Kings,Yes,Fit
1181764,2019,AK Markram,Mumbai Indians,Yes,Fit
1181764,2019,SR Watson,Chennai Super Kings,No,Finger fracture
1181764,2019,R Vinay Kumar,Chennai Super Kings,Yes,Fit
1181764,2019,KH Pandya,Mumbai Indians,Yes,Fit
1181764,2019,MS Dhoni,Mumbai Indians,Yes,Fit
1181764,2019,MG Johnson,Mumbai Indians,No,Covid protocol
1181764,2019,R Bhatia,Mumbai Indians,Yes,Fit
1181764,2019,DJ Hooda,Chennai Super Kings,Yes,Fit
1181764,2019,Avesh Khan,Mumbai Indians,Yes,Fit
1181766,2019,MG Johnson,Delhi Capitals,Yes,Fit
1181766,2019,DR Smith,Delhi Capitals,Yes,Fit
1181766,2019,DS Kulkarni,Sunrisers Hyderabad,Yes,Fit
1181766,2019,S Dhawan,Sunrisers Hyderabad,Yes,Fit
1181766,2019,KA Pollard,Sunrisers Hyderabad,Yes,Fit
1181766,2019,DL Chahar,Sunrisers Hyderabad,Yes,Fit
1181766,2019,R Ashwin,Delhi Capitals,No,Suspension
1181766,2019,R Parag,Sunrisers Hyderabad,Yes,Fit
1181766,2019,SC Ganguly,Sunrisers Hyderabad,Yes,Fit
1181766,2019,JM Bairstow,Sunrisers Hyderabad,Yes,Fit
1181766,2019,MEK Hussey,Delhi Capitals,Yes,Fit
1181766,2019,V Sehwag,Sunrisers Hyderabad,Yes,Fit
1181766,2019,SP Narine,Sunrisers Hyderabad,Yes,Fit
1181766,2019,M Morkel,Sunrisers Hyderabad,Yes,Fit
1181766,2019,TA Boult,Sunrisers Hyderabad,Yes,Fit
1181766,2019,M Prasidh Krishna,Delhi Capitals,Yes,Fit
1181766,2019,GJ Maxwell,Sunrisers Hyderabad,Yes,Fit
1181766,2019,JH Kallis,Delhi Capitals,Yes,Fit
1181766,2019,SM Curran,Sunrisers Hyderabad,Yes,Fit
1181766,2019,AK Markram,Sunrisers Hyderabad,Yes,Fit
1181767,2019,Shakib Al Hasan,Delhi Capitals,Yes,Fit
1181767,2019,I Sharma,Delhi Capitals,Yes,Fit
1181767,2019,D Padikkal,Delhi Capitals,Yes,Fit
1181767,2019,KS Williamson,Chennai Super Kings,Yes,Fit
1181767,2019,R Bhatia,Chennai Super Kings,Yes,Fit
1181767,2019,JP Faulkner,Delhi Capitals,Yes,Fit
1181767,2019,DPMD Jayawardene,Delhi Capitals,Yes,Fit
1181767,2019,RA Jadeja,Chennai Super Kings,Yes,Fit
1181767,2019,Avesh Khan,Chennai Super Kings,Yes,Fit
1181767,2019,AT Rayudu,Chennai Super Kings,Yes,Fit
1181767,2019,JH Kallis,Delhi Capitals,Yes,Fit
1181767,2019,S Dube,Chennai Super Kings,Yes,Fit
1181767,2019,Shubman Gill,Chennai Super Kings,Yes,Fit
1181767,2019,M Morkel,Chennai Super Kings,Yes,Fit
1181767,2019,RD Gaikwad,Chennai Super Kings,Yes,Fit
1181767,2019,MA Agarwal,Chennai Super Kings,Yes,Fit
1181767,2019,Kuldeep Yadav,Chennai Super Kings,Yes,Fit
1181767,2019,Q de Kock,Chennai Super Kings,Yes,Fit
1181767,2019,SP Narine,Delhi Capitals,Yes,Fit
1181767,2019,SS Tiwary,Chennai Super Kings,Yes,Fit
1181768,2019,CH Gayle,Mumbai Indians,No,Back spasm
1181768,2019,DA Miller,Chennai Super Kings,Yes,Fit
1181768,2019,S Badrinath,Chennai Super Kings,Yes,Fit
1181768,2019,RR Pant,Mumbai Indians,Yes,Fit
1181768,2019,JM Bairstow,Mumbai Indians,Yes,Fit
1181768,2019,Mandeep Singh,Mumbai Indians,Yes,Fit
1181768,2019,SR Tendulkar,Mumbai Indians,Yes,Fit
1181768,2019,MC Henriques,Mumbai Indians,Yes,Fit
1181768,2019,SE Marsh,Chennai Super Kings,Yes,Fit
1181768,2019,DJ Hussey,Mumbai Indians,Yes,Fit
1181768,2019,P Kumar,Chennai Super Kings,Yes,Fit
1181768,2019,YBK Jaiswal,Chennai Super Kings,Yes,Fit
1181768,2019,SM Curran,Chennai Super Kings,Yes,Fit
1181768,2019,M Prasidh Krishna,Chennai Super Kings,Yes,Fit
1181768,2019,I Sharma,Chennai Super Kings,Yes,Fit
1181768,2019,K Rabada,Mumbai Indians,Yes,Fit
1181768,2019,N Pooran,Mumbai Indians,Yes,Fit
1181768,2019,JP Faulkner,Mumbai Indians,Yes,Fit
1181768,2019,T Natarajan,Chennai Super Kings,Yes,Fit
1181768,2019,Yuvraj Singh,Mumbai Indians,Yes,Fit
1216492,2020/21,M Morkel,Chennai Super Kings,Yes,Fit
1216492,2020/21,KK Nair,Chennai Super Kings,Yes,Fit
1216492,2020/21,MA Starc,Mumbai Indians,Yes,Fit
1216492,2020/21,DA Warner,Mumbai Indians,Yes,Fit
1216492,2020/21,SP Narine,Chennai Super Kings,Yes,Fit
1216492,2020/21,PP Chawla,Mumbai Indians,Yes,Fit
1216492,2020/21,Rashid Khan,Chennai Super Kings,Yes,Fit
1216492,2020/21,YS Chahal,Chennai Super Kings,Yes,Fit
1216492,2020/21,Shakib Al Hasan,Chennai Super Kings,Yes,Fit
1216492,2020/21,N Rana,Mumbai Indians,Yes,Fit
1216492,2020/21,DA Miller,Chennai Super Kings,Yes,Fit
1216492,2020/21,JA Morkel,Chennai Super Kings,Yes,Fit
1216492,2020/21,VR Iyer,Mumbai Indians,Yes,Fit
1216492,2020/21,DJ Hussey,Chennai Super Kings,Yes,Fit
1216492,2020/21,PJ Cummins,Chennai Super Kings,Yes,Fit
1216492,2020/21,RV Uthappa,Mumbai Indians,Yes,Fit
1216492,2020/21,Washington Sundar,Chennai Super Kings,Yes,Fit
1216492,2020/21,KS Williamson,Mumbai Indians,Yes,Fit
1216492,2020/21,KV Sharma,Mumbai Indians,Yes,Fit
1216492,2020/21,S Dhawan,Mumbai Indians,Yes,Fit
1216493,2020/21,T Natarajan,Punjab Kings,Yes,Fit
1216493,2020/21,JP Faulkner,Delhi Capitals,Yes,Fit
1216493,2020/21,R Bhatia,Delhi Capitals,Yes,Fit
1216493,2020/21,SO Hetmyer,Punjab Kings,Yes,Fit
1216493,2020/21,H Klaasen,Delhi Capitals,Yes,Fit
1216493,2020/21,RV Uthappa,Punjab Kings,Yes,Fit
1216493,2020/21,SR Watson,Delhi Capitals,Yes,Fit
1216493,2020/21,RG Sharma,Delhi Capitals,Yes,Fit
1216493,2020/21,Washington Sundar,Punjab Kings,Yes,Fit
1216493,2020/21,AJ Finch,Punjab Kings,Yes,Fit
1216493,2020/21,SPD Smith,Delhi Capitals,Yes,Fit
1216493,2020/21,DW Steyn,Punjab Kings,Yes,Fit
1216493,2020/21,AD Russell,Punjab Kings,Yes,Fit
1216493,2020/21,RP Singh,Punjab Kings,Yes,Fit
1216493,2020/21,WP Saha,Delhi Capitals,Yes,Fit
1216493,2020/21,JM Bairstow,Punjab Kings,Yes,Fit
1216493,2020/21,PP Shaw,Delhi Capitals,Yes,Fit
1216493,2020/21,IK Pathan,Delhi Capitals,No,Knee injury
1216493,2020/21,SC Ganguly,Punjab Kings,Yes,Fit
1216493,2020/21,G Gambhir,Delhi Capitals,Yes,Fit
1216494,2020/21,JD Unadkat,Royal Challengers Bangalore,Yes,Fit
1216494,2020/21,JP Duminy,Kolkata Knight Riders,Yes,Fit
1216494,2020/21,SV Samson,Kolkata Knight Riders,Yes,Fit
1216494,2020/21,D Padikkal,Kolkata Knight Riders,Yes,Fit
1216494,2020/21,AR Patel,Kolkata Knight Riders,Yes,Fit
1216494,2020/21,CV Varun,Kolkata Knight Riders,Yes,Fit
1216494,2020/21,DJ Bravo,Royal Challengers Bangalore,Yes,Fit
1216494,2020/21,Ishan Kishan,Kolkata Knight Riders,Yes,Fit
1216494,2020/21,V Shankar,Kolkata Knight Riders,Yes,Fit
1216494,2020/21,R Bhatia,Kolkata Knight Riders,Yes,Fit
1216494,2020/21,JH Kallis,Kolkata Knight Riders,Yes,Fit
1216494,2020/21,DS Kulkarni,Kolkata Knight Riders,Yes,Fit
1216494,2020/21,Q de Kock,Royal Challengers Bangalore,Yes,Fit
1216494,2020/21,A Mishra,Kolkata Knight Riders,Yes,Fit
1216494,2020/21,A Nehra,Royal Challengers Bangalore,Yes,Fit
1216494,2020/21,KS Williamson,Royal Challengers Bangalore,Yes,Fit
1216494,2020/21,P Kumar,Kolkata Knight Riders,Yes,Fit
1216494,2020/21,MK Tiwary,Royal Challengers Bangalore,Yes,Fit
1216494,2020/21,Kuldeep Yadav,Kolkata Knight Riders,Yes,Fit
1216494,2020/21,AT Rayudu,Kolkata Knight Riders,Yes,Fit
1216495,2020/21,L Balaji,Sunrisers Hyderabad,Yes,Fit
1216495,2020/21,RP Singh,Sunrisers Hyderabad,Yes,Fit
1216495,2020/21,Prabhsimran Singh,Mumbai Indians,No,Calf injury
1216495,2020/21,G Gambhir,Sunrisers Hyderabad,Yes,Fit
1216495,2020/21,A Nehra,Sunrisers Hyderabad,Yes,Fit
1216495,2020/21,AT Rayudu,Sunrisers Hyderabad,Yes,Fit
1216495,2020/21,Shakib Al Hasan,Sunrisers Hyderabad,Yes,Fit
1216495,2020/21,MC Henriques,Sunrisers Hyderabad,Yes,Fit
1216495,2020/21,M Prasidh Krishna,Mumbai Indians,Yes,Fit
1216495,2020/21,Kuldeep Yadav,Mumbai Indians,Yes,Fit
1216495,2020/21,DA Warner,Mumbai Indians,Yes,Fit
1216495,2020/21,M Morkel,Mumbai Indians,Yes,Fit
1216495,2020/21,M Vijay,Sunrisers Hyderabad,Yes,Fit
1216495,2020/21,AB Dinda,Sunrisers Hyderabad,Yes,Fit
1216495,2020/21,SA Yadav,Sunrisers Hyderabad,Yes,Fit
1216495,2020/21,R Bhatia,Sunrisers Hyderabad,No,Personal reasons
1216495,2020/21,SP Narine,Mumbai Indians,Yes,Fit
1216495,2020/21,KK Ahmed,Sunrisers Hyderabad,Yes,Fit
1216495,2020/21,SS Tiwary,Sunrisers Hyderabad,Yes,Fit
1216495,2020/21,HH Pandya,Mumbai Indians,Yes,Fit
1216496,2020/21,P Kumar,Chennai Super Kings,Yes,Fit
1216496,2020/21,MC Henriques,Chennai Super Kings,Yes,Fit
1216496,2020/21,MG Johnson,Rajasthan Royals,Yes,Fit
1216496,2020/21,DW Steyn,Rajasthan Royals,Yes,Fit
1216496,2020/21,KD Karthik,Rajasthan Royals,Yes,Fit
1216496,2020/21,Harbhajan Singh,Chennai Super Kings,Yes,Fit
1216496,2020/21,Arshdeep Singh,Rajasthan Royals,Yes,Fit
1216496,2020/21,SV Samson,Rajasthan Royals,Yes,Fit
1216496,2020/21,KK Ahmed,Rajasthan Royals,Yes,Fit
1216496,2020/21,SS Iyer,Chennai Super Kings,Yes,Fit
1216496,2020/21,VR Iyer,Rajasthan Royals,Yes,Fit
1216496,2020/21,SP Narine,Chennai Super Kings,Yes,Fit
1216496,2020/21,Q de Kock,Rajasthan Royals,Yes,Fit
1216496,2020/21,I Sharma,Rajasthan Royals,Yes,Fit
1216496,2020/21,AT Rayudu,Rajasthan Royals,Yes,Fit
1216496,2020/21,JD Unadkat,Chennai Super Kings,Yes,Fit
1216496,2020/21,HV Patel,Chennai Super Kings,Yes,Fit
1216496,2020/21,JH Kallis,Rajasthan Royals,Yes,Fit
1216496,2020/21,MM Patel,Rajasthan Royals,Yes,Fit
1216496,2020/21,YBK Jaiswal,Rajasthan Royals,Yes,Fit
1216497,2020/21,PP Chawla,Kolkata Knight Riders,Yes,Fit
1216497,2020/21,PA Patel,Kolkata Knight Riders,Yes,Fit
1216497,2020/21,Kuldeep Yadav,Kolkata Knight Riders,Yes,Fit
1216497,2020/21,A Symonds,Kolkata Knight Riders,Yes,Fit
1216497,2020/21,SN Thakur,Delhi Capitals,Yes,Fit
1216497,2020/21,KK Ahmed,Delhi Capitals,Yes,Fit
1216497,2020/21,SP Narine,Kolkata Knight Riders,Yes,Fit
1216497,2020/21,M Prasidh Krishna,Kolkata Knight Riders,Yes,Fit
1216497,2020/21,SC Ganguly,Kolkata Knight Riders,Yes,Fit
1216497,2020/21,SV Samson,Kolkata Knight Riders,No,Covid protocol
1216497,2020/21,NV Ojha,Kolkata Knight Riders,Yes,Fit
1216497,2020/21,RR Pant,Delhi Capitals,Yes,Fit
1216497,2020/21,KS Williamson,Kolkata Knight Riders,Yes,Fit
1216497,2020/21,MK Pandey,Delhi Capitals,Yes,Fit
1216497,2020/21,AT Rayudu,Kolkata Knight Riders,Yes,Fit
1216497,2020/21,MA Agarwal,Kolkata Knight Riders,Yes,Fit
1216497,2020/21,DJ Hussey,Delhi Capitals,Yes,Fit
1216497,2020/21,AJ Finch,Kolkata Knight Riders,Yes,Fit
1216497,2020/21,GJ Maxwell,Kolkata Knight Riders,Yes,Fit
1216497,2020/21,SS Iyer,Delhi Capitals,Yes,Fit
1216498,2020/21,DS Kulkarni,Punjab Kings,Yes,Fit
1216498,2020/21,SE Marsh,Punjab Kings,Yes,Fit
1216498,2020/21,HV Patel,Sunrisers Hyderabad,Yes,Fit
1216498,2020/21,BJ Hodge,Punjab Kings,Yes,Fit
1216498,2020/21,BB McCullum,Sunrisers Hyderabad,Yes,Fit
1216498,2020/21,RG Sharma,Punjab Kings,Yes,Fit
1216498,2020/21,A Symonds,Punjab Kings,Yes,Fit
1216498,2020/21,SL Malinga,Sunrisers Hyderabad,Yes,Fit
1216498,2020/21,AB de Villiers,Punjab Kings,Yes,Fit
1216498,2020/21,HH Pandya,Punjab Kings,Yes,Fit
1216498,2020/21,MJ McClenaghan,Punjab Kings,Yes,Fit
1216498,2020/21,V Shankar,Sunrisers Hyderabad,Yes,Fit
1216498,2020/21,M Morkel,Sunrisers Hyderabad,Yes,Fit
1216498,2020/21,RV Uthappa,Sunrisers Hyderabad,Yes,Fit
1216498,2020/21,DPMD Jayawardene,Punjab Kings,Yes,Fit
1216498,2020/21,DJ Hussey,Punjab Kings,Yes,Fit
1216498,2020/21,Sandeep Sharma,Sunrisers Hyderabad,Yes,Fit
1216498,2020/21,JJ Bumrah,Punjab Kings,Yes,Fit
1216498,2020/21,AB Dinda,Sunrisers Hyderabad,Yes,Fit
1216498,2020/21,SPD Smith,Punjab Kings,Yes,Fit
1216499,2020/21,MA Starc,Royal Challengers Bangalore,Yes,Fit
1216499,2020/21,Z Khan,Mumbai Indians,Yes,Fit
1216499,2020/21,RD Gaikwad,Mumbai Indians,Yes,Fit
1216499,2020/21,MP Stoinis,Royal Challengers Bangalore,Yes,Fit
1216499,2020/21,PP Chawla,Mumbai Indians,Yes,Fit
1216499,2020/21,PP Ojha,Mumbai Indians,Yes,Fit
1216499,2020/21,SA Yadav,Royal Challengers Bangalore,Yes,Fit
1216499,2020/21,KA Pollard,Mumbai Indians,Yes,Fit
1216499,2020/21,SS Tiwary,Royal Challengers Bangalore,Yes,Fit
1216499,2020/21,RP Singh,Mumbai Indians,Yes,Fit
1216499,2020/21,JC Archer,Royal Challengers Bangalore,No,Hamstring strain
1216499,2020/21,JC Buttler,Royal Challengers Bangalore,Yes,Fit
1216499,2020/21,SE Marsh,Mumbai Indians,Yes,Fit
1216499,2020/21,Q de Kock,Mumbai Indians,Yes,Fit
1216499,2020/21,G Gambhir,Mumbai Indians,Yes,Fit
1216499,2020/21,L Balaji,Mumbai Indians,Yes,Fit
1216499,2020/21,KV Sharma,Mumbai Indians,Yes,Fit
1216499,2020/21,EJG Morgan,Mumbai Indians,Yes,Fit
1216499,2020/21,DA Miller,Royal Challengers Bangalore,Yes,Fit
1216499,2020/21,Washington Sundar,Royal Challengers Bangalore,Yes,Fit
1216500,2020/21,Mohammed Shami,Delhi Capitals,Yes,Fit
1216500,2020/21,DJ Hussey,Delhi Capitals,No,Suspension
1216500,2020/21,DPMD Jayawardene,Delhi Capitals,Yes,Fit
1216500,2020/21,SM Curran,Rajasthan Royals,Yes,Fit
1216500,2020/21,KA Pollard,Rajasthan Royals,Yes,Fit
1216500,2020/21,KK Nair,Delhi Capitals,Yes,Fit
1216500,2020/21,MEK Hussey,Delhi Capitals,Yes,Fit
1216500,2020/21,RD Chahar,Delhi Capitals,Yes,Fit
1216500,2020/21,Imran Tahir,Delhi Capitals,Yes,Fit
1216500,2020/21,JH Kallis,Delhi Capitals,Yes,Fit
1216500,2020/21,M Morkel,Rajasthan Royals,Yes,Fit
1216500,2020/21,Yuvraj Singh,Delhi Capitals,Yes,Fit
1216500,2020/21,DW Steyn,Rajasthan Royals,Yes,Fit
1216500,2020/21,SP Narine,Rajasthan Royals,Yes,Fit
1216500,2020/21,DL Chahar,Rajasthan Royals,Yes,Fit
1216500,2020/21,UT Yadav,Rajasthan Royals,Yes,Fit
1216500,2020/21,PA Patel,Rajasthan Royals,Yes,Fit
1216500,2020/21,YK Pathan,Delhi Capitals,Yes,Fit
1216500,2020/21,RR Pant,Rajasthan Royals,Yes,Fit
1216500,2020/21,Shakib Al Hasan,Delhi Capitals,Yes,Fit
1216501,2020/21,AM Rahane,Chennai Super Kings,Yes,Fit
1216501,2020/21,S Dhawan,Chennai Super Kings,Yes,Fit
1216501,2020/21,UT Yadav,Chennai Super Kings,Yes,Fit
1216501,2020/21,BJ Hodge,Chennai Super Kings,Yes,Fit
1216501,2020/21,MM Sharma,Chennai Super Kings,Yes,Fit
1216501,2020/21,B Sai Sudharsan,Kolkata Knight Riders,Yes,Fit
1216501,2020/21,Sandeep Sharma,Kolkata Knight Riders,Yes,Fit
1216501,2020/21,M Prasidh Krishna,Chennai Super Kings,Yes,Fit
1216501,2020/21,DW Steyn,Chennai Super Kings,Yes,Fit
1216501,2020/21,Imran Tahir,Kolkata Knight Riders,Yes,Fit
1216501,2020/21,KL Rahul,Chennai Super Kings,Yes,Fit
1216501,2020/21,JC Archer,Chennai Super Kings,Yes,Fit
1216501,2020/21,SV Samson,Kolkata Knight Riders,Yes,Fit
1216501,2020/21,Z Khan,Chennai Super Kings,Yes,Fit
1216501,2020/21,KD Karthik,Kolkata Knight Riders,Yes,Fit
1216501,2020/21,BA Stokes,Chennai Super Kings,Yes,Fit
1216501,2020/21,RA Jadeja,Chennai Super Kings,Yes,Fit
1216501,2020/21,Mandeep Singh,Chennai Super Kings,Yes,Fit
1216501,2020/21,H Klaasen,Kolkata Knight Riders,Yes,Fit
1216501,2020/21,SS Tiwary,Chennai Super Kings,Yes,Fit
1216502,2020/21,Prabhsimran Singh,Royal Challengers Bangalore,Yes,Fit
1216502,2020/21,MC Henriques,Sunrisers Hyderabad,Yes,Fit
1216502,2020/21,DS Kulkarni,Sunrisers Hyderabad,Yes,Fit
1216502,2020/21,MM Patel,Sunrisers Hyderabad,Yes,Fit
1216502,2020/21,R Vinay Kumar,Royal Challengers Bangalore,Yes,Fit
1216502,2020/21,EJG Morgan,Royal Challengers Bangalore,No,Covid protocol
1216502,2020/21,Yuvraj Singh,Royal Challengers Bangalore,Yes,Fit
1216502,2020/21,BJ Hodge,Royal Challengers Bangalore,Yes,Fit
1216502,2020/21,RR Pant,Royal Challengers Bangalore,Yes,Fit
1216502,2020/21,Shakib Al Hasan,Sunrisers Hyderabad,Yes,Fit
1216502,2020/21,SN Thakur,Sunrisers Hyderabad,No,Quad strain
1216502,2020/21,Z Khan,Sunrisers Hyderabad,Yes,Fit
1216502,2020/21,SO Hetmyer,Royal Challengers Bangalore,Yes,Fit
1216502,2020/21,UT Yadav,Royal Challengers Bangalore,Yes,Fit
1216502,2020/21,JH Kallis,Sunrisers Hyderabad,Yes,Fit
1216502,2020/21,JD Unadkat,Royal Challengers Bangalore,Yes,Fit
1216502,2020/21,SP Narine,Sunrisers Hyderabad,No,Calf injury
1216502,2020/21,A Mishra,Sunrisers Hyderabad,Yes,Fit
1216502,2020/21,MS Dhoni,Sunrisers Hyderabad,No,Shoulder injury
1216502,2020/21,NT Tilak Varma,Royal Challengers Bangalore,Yes,Fit
1216503,2020/21,DS Kulkarni,Mumbai Indians,Yes,Fit
1216503,2020/21,EJG Morgan,Mumbai Indians,Yes,Fit
1216503,2020/21,V Sehwag,Mumbai Indians,Yes,Fit
1216503,2020/21,SR Tendulkar,Punjab Kings,Yes,Fit
1216503,2020/21,DJ Hooda,Punjab Kings,Yes,Fit
1216503,2020/21,T Natarajan,Punjab Kings,Yes,Fit
1216503,2020/21,JP Faulkner,Punjab Kings,Yes,Fit
1216503,2020/21,KK Nair,Punjab Kings,Yes,Fit
1216503,2020/21,Harbhajan Singh,Mumbai Indians,Yes,Fit
1216503,2020/21,KC Sangakkara,Punjab Kings,Yes,Fit
1216503,2020/21,SPD Smith,Punjab Kings,Yes,Fit
1216503,2020/21,D Padikkal,Mumbai Indians,Yes,Fit
1216503,2020/21,R Bhatia,Mumbai Indians,Yes,Fit
1216503,2020/21,MP Stoinis,Mumbai Indians,Yes,Fit
1216503,2020/21,V Kohli,Punjab Kings,Yes,Fit
1216503,2020/21,JJ Bumrah,Punjab Kings,Yes,Fit
1216503,2020/21,YK Pathan,Punjab Kings,Yes,Fit
1216503,2020/21,M Morkel,Mumbai Indians,Yes,Fit
1216503,2020/21,Prabhsimran Singh,Mumbai Indians,Yes,Fit
1216503,2020/21,Q de Kock,Mumbai Indians,Yes,Fit
1216504,2020/21,Arshdeep Singh,Kolkata Knight Riders,Yes,Fit
1216504,2020/21,MEK Hussey,Kolkata Knight Riders,Yes,Fit
1216504,2020/21,F du Plessis,Rajasthan Royals,Yes,Fit
1216504,2020/21,TA Boult,Rajasthan Royals,Yes,Fit
1216504,2020/21,DPMD Jayawardene,Kolkata Knight Riders,Yes,Fit
1216504,2020/21,VR Iyer,Rajasthan Royals,Yes,Fit
1216504,2020/21,Ishan Kishan,Rajasthan Royals,Yes,Fit
1216504,2020/21,PA Patel,Kolkata Knight Riders,Yes,Fit
1216504,2020/21,MA Agarwal,Kolkata Knight Riders,Yes,Fit
1216504,2020/21,JJ Bumrah,Kolkata Knight Riders,Yes,Fit
1216504,2020/21,MS Dhoni,Kolkata Knight Riders,Yes,Fit
1216504,2020/21,YBK Jaiswal,Kolkata Knight Riders,Yes,Fit
1216504,2020/21,R Tewatia,Rajasthan Royals,Yes,Fit
1216504,2020/21,V Kohli,Kolkata Knight Riders,Yes,Fit
1216504,2020/21,JC Archer,Rajasthan Royals,Yes,Fit
1216504,2020/21,BJ Hodge,Rajasthan Royals,Yes,Fit
1216504,2020/21,SR Tendulkar,Kolkata Knight Riders,Yes,Fit
1216504,2020/21,KC Sangakkara,Kolkata Knight Riders,Yes,Fit
1216504,2020/21,SS Iyer,Kolkata Knight Riders,Yes,Fit
1216504,2020/21,Mohammed Siraj,Rajasthan Royals,Yes,Fit
1216505,2020/21,MA Starc,Delhi Capitals,Yes,Fit
1216505,2020/21,R Ashwin,Delhi Capitals,Yes,Fit
1216505,2020/21,B Kumar,Royal Challengers Bangalore,Yes,Fit
1216505,2020/21,AR Patel,Delhi Capitals,Yes,Fit
1216505,2020/21,DR Smith,Royal Challengers Bangalore,Yes,Fit
1216505,2020/21,SR Watson,Royal Challengers Bangalore,Yes,Fit
1216505,2020/21,JM Bairstow,Royal Challengers Bangalore,Yes,Fit
1216505,2020/21,Mohammed Shami,Royal Challengers Bangalore,Yes,Fit
1216505,2020/21,DPMD Jayawardene,Royal Challengers Bangalore,Yes,Fit
1216505,2020/21,D Padikkal,Delhi Capitals,Yes,Fit
1216505,2020/21,PP Chawla,Delhi Capitals,Yes,Fit
1216505,2020/21,Avesh Khan,Royal Challengers Bangalore,Yes,Fit
1216505,2020/21,DJ Hooda,Delhi Capitals,Yes,Fit
1216505,2020/21,JC Buttler,Delhi Capitals,Yes,Fit
1216505,2020/21,MG Johnson,Delhi Capitals,Yes,Fit
1216505,2020/21,R Bhatia,Delhi Capitals,Yes,Fit
1216505,2020/21,R Tewatia,Royal Challengers Bangalore,Yes,Fit
1216505,2020/21,MM Patel,Delhi Capitals,Yes,Fit
1216505,2020/21,SV Samson,Delhi Capitals,Yes,Fit
1216505,2020/21,I Sharma,Royal Challengers Bangalore,Yes,Fit
1216506,2020/21,MK Tiwary,Chennai Super Kings,Yes,Fit
1216506,2020/21,VR Iyer,Chennai Super Kings,Yes,Fit
1216506,2020/21,SE Marsh,Punjab Kings,Yes,Fit
1216506,2020/21,S Dhawan,Chennai Super Kings,Yes,Fit
1216506,2020/21,Abhishek Sharma,Punjab Kings,Yes,Fit
1216506,2020/21,SR Tendulkar,Punjab Kings,Yes,Fit
1216506,2020/21,SS Tiwary,Punjab Kings,Yes,Fit
1216506,2020/21,MR Marsh,Punjab Kings,Yes,Fit
1216506,2020/21,JC Buttler,Punjab Kings,Yes,Fit
1216506,2020/21,MK Pandey,Chennai Super Kings,Yes,Fit
1216506,2020/21,DA Warner,Chennai Super Kings,Yes,Fit
1216506,2020/21,RP Singh,Chennai Super Kings,Yes,Fit
1216506,2020/21,AT Rayudu,Punjab Kings,Yes,Fit
1216506,2020/21,MM Ali,Chennai Super Kings,Yes,Fit
1216506,2020/21,SC Ganguly,Punjab Kings,Yes,Fit
1216506,2020/21,JM Bairstow,Punjab Kings,Yes,Fit
1216506,2020/21,JA Morkel,Punjab Kings,Yes,Fit
1216506,2020/21,KC Sangakkara,Chennai Super Kings,Yes,Fit
1216506,2020/21,RA Jadeja,Chennai Super Kings,Yes,Fit
1216506,2020/21,SPD Smith,Punjab Kings,Yes,Fit
1216507,2020/21,Ravi Bishnoi,Rajasthan Royals,Yes,Fit
1216507,2020/21,PP Ojha,Sunrisers Hyderabad,Yes,Fit
1216507,2020/21,M Prasidh Krishna,Rajasthan Royals,Yes,Fit
1216507,2020/21,Mohammed Shami,Rajasthan Royals,Yes,Fit
1216507,2020/21,RR Pant,Rajasthan Royals,Yes,Fit
1216507,2020/21,DPMD Jayawardene,Rajasthan Royals,Yes,Fit
1216507,2020/21,RA Tripathi,Rajasthan Royals,Yes,Fit
1216507,2020/21,GJ Maxwell,Sunrisers Hyderabad,Yes,Fit
1216507,2020/21,R Parag,Rajasthan Royals,Yes,Fit
1216507,2020/21,DS Kulkarni,Sunrisers Hyderabad,Yes,Fit
1216507,2020/21,JP Faulkner,Sunrisers Hyderabad,Yes,Fit
1216507,2020/21,BJ Hodge,Rajasthan Royals,Yes,Fit
1216507,2020/21,DR Smith,Sunrisers Hyderabad,Yes,Fit
1216507,2020/21,SP Narine,Rajasthan Royals,Yes,Fit
1216507,2020/21,YS Chahal,Rajasthan Royals,Yes,Fit
1216507,2020/21,CH Morris,Sunrisers Hyderabad,Yes,Fit
1216507,2020/21,SS Iyer,Rajasthan Royals,Yes,Fit
1216507,2020/21,TA Boult,Sunrisers Hyderabad,Yes,Fit
1216507,2020/21,AJ Finch,Sunrisers Hyderabad,Yes,Fit
1216507,2020/21,A Mishra,Rajasthan Royals,Yes,Fit
1216508,2020/21,NT Tilak Varma,Kolkata Knight Riders,Yes,Fit
1216508,2020/21,RA Jadeja,Mumbai Indians,Yes,Fit
1216508,2020/21,PP Shaw,Mumbai Indians,Yes,Fit
1216508,2020/21,Prabhsimran Singh,Kolkata Knight Riders,Yes,Fit
1216508,2020/21,KA Pollard,Kolkata Knight Riders,Yes,Fit
1216508,2020/21,AD Russell,Mumbai Indians,Yes,Fit
1216508,2020/21,PP Ojha,Mumbai Indians,Yes,Fit
1216508,2020/21,KS Williamson,Mumbai Indians,Yes,Fit
1216508,2020/21,CV Varun,Kolkata Knight Riders,Yes,Fit
1216508,2020/21,V Kohli,Kolkata Knight Riders,Yes,Fit
1216508,2020/21,WP Saha,Kolkata Knight Riders,Yes,Fit
1216508,2020/21,BB McCullum,Mumbai Indians,Yes,Fit
1216508,2020/21,JJ Bumrah,Mumbai Indians,Yes,Fit
1216508,2020/21,R Tewatia,Kolkata Knight Riders,Yes,Fit
1216508,2020/21,Yuvraj Singh,Mumbai Indians,Yes,Fit
1216508,2020/21,Mohammed Shami,Kolkata Knight Riders,No,Knee injury
1216508,2020/21,JM Bairstow,Mumbai Indians,Yes,Fit
1216508,2020/21,Abhishek Sharma,Kolkata Knight Riders,Yes,Fit
1216508,2020/21,SK Raina,Kolkata Knight Riders,Yes,Fit
1216508,2020/21,P Kumar,Kolkata Knight Riders,Yes,Fit
1216509,2020/21,Rashid Khan,Delhi Capitals,Yes,Fit
1216509,2020/21,Mohammed Siraj,Chennai Super Kings,Yes,Fit
1216509,2020/21,SK Raina,Delhi Capitals,Yes,Fit
1216509,2020/21,BA Stokes,Delhi Capitals,Yes,Fit
1216509,2020/21,H Klaasen,Chennai Super Kings,Yes,Fit
1216509,2020/21,SPD Smith,Chennai Super Kings,Yes,Fit
1216509,2020/21,HH Pandya,Delhi Capitals,Yes,Fit
1216509,2020/21,SM Curran,Chennai Super Kings,Yes,Fit
1216509,2020/21,KV Sharma,Chennai Super Kings,Yes,Fit
1216509,2020/21,DA Warner,Delhi Capitals,Yes,Fit
1216509,2020/21,Mandeep Singh,Chennai Super Kings,Yes,Fit
1216509,2020/21,Z Khan,Chennai Super Kings,Yes,Fit
1216509,2020/21,Ravi Bishnoi,Delhi Capitals,Yes,Fit
1216509,2020/21,DS Kulkarni,Delhi Capitals,Yes,Fit
1216509,2020/21,RD Gaikwad,Chennai Super Kings,Yes,Fit
1216509,2020/21,RA Tripathi,Chennai Super Kings,Yes,Fit
1216509,2020/21,EJG Morgan,Delhi Capitals,Yes,Fit
1216509,2020/21,MM Ali,Chennai Super Kings,Yes,Fit
1216509,2020/21,JA Morkel,Chennai Super Kings,Yes,Fit
1216509,2020/21,AB Dinda,Chennai Super Kings,Yes,Fit
1216510,2020/21,BA Stokes,Royal Challengers Bangalore,Yes,Fit
1216510,2020/21,D Padikkal,Royal Challengers Bangalore,No,Personal reasons
1216510,2020/21,Shakib Al Hasan,Royal Challengers Bangalore,Yes,Fit
1216510,2020/21,T Natarajan,Royal Challengers Bangalore,Yes,Fit
1216510,2020/21,I Sharma,Punjab Kings,Yes,Fit
1216510,2020/21,B Kumar,Punjab Kings,Yes,Fit
1216510,2020/21,SR Tendulkar,Punjab Kings,Yes,Fit
1216510,2020/21,RP Singh,Royal Challengers Bangalore,Yes,Fit
1216510,2020/21,JH Kallis,Punjab Kings,Yes,Fit
1216510,2020/21,G Gambhir,Royal Challengers Bangalore,Yes,Fit
1216510,2020/21,F du Plessis,Punjab Kings,Yes,Fit
1216510,2020/21,A Symonds,Royal Challengers Bangalore,Yes,Fit
1216510,2020/21,PA Patel,Punjab Kings,No,Fever
1216510,2020/21,KK Nair,Punjab Kings,Yes,Fit
1216510,2020/21,Imran Tahir,Punjab Kings,Yes,Fit
1216510,2020/21,JD Unadkat,Royal Challengers Bangalore,Yes,Fit
1216510,2020/21,PP Chawla,Royal Challengers Bangalore,Yes,Fit
1216510,2020/21,Yuvraj Singh,Punjab Kings,Yes,Fit
1216510,2020/21,Q de Kock,Royal Challengers Bangalore,Yes,Fit
1216510,2020/21,NV Ojha,Royal Challengers Bangalore,Yes,Fit
1216511,2020/21,DS Kulkarni,Mumbai Indians,Yes,Fit
1216511,2020/21,Avesh Khan,Rajasthan Royals,Yes,Fit
1216511,2020/21,HV Patel,Rajasthan Royals,Yes,Fit
1216511,2020/21,DJ Bravo,Rajasthan Royals,Yes,Fit
1216511,2020/21,KK Ahmed,Rajasthan Royals,Yes,Fit
1216511,2020/21,V Shankar,Rajasthan Royals,Yes,Fit
1216511,2020/21,A Nehra,Mumbai Indians,Yes,Fit
1216511,2020/21,B Sai Sudharsan,Mumbai Indians,Yes,Fit
1216511,2020/21,MC Henriques,Rajasthan Royals,Yes,Fit
1216511,2020/21,V Kohli,Mumbai Indians,Yes,Fit
1216511,2020/21,JH Kallis,Rajasthan Royals,Yes,Fit
1216511,2020/21,SC Ganguly,Rajasthan Royals,Yes,Fit
1216511,2020/21,S Badrinath,Mumbai Indians,Yes,Fit
1216511,2020/21,Z Khan,Mumbai Indians,Yes,Fit
1216511,2020/21,Kuldeep Yadav,Rajasthan Royals,Yes,Fit
1216511,2020/21,SV Samson,Rajasthan Royals,Yes,Fit
1216511,2020/21,F du Plessis,Mumbai Indians,Yes,Fit
1216511,2020/21,YK Pathan,Mumbai Indians,Yes,Fit
1216511,2020/21,Rashid Khan,Rajasthan Royals,Yes,Fit
1216511,2020/21,SP Narine,Rajasthan Royals,Yes,Fit
1216512,2020/21,JD Unadkat,Sunrisers Hyderabad,No,Suspension
1216512,2020/21,SA Yadav,Sunrisers Hyderabad,Yes,Fit
1216512,2020/21,TA Boult,Sunrisers Hyderabad,Yes,Fit
1216512,2020/21,M Morkel,Kolkata Knight Riders,Yes,Fit
1216512,2020/21,JJ Bumrah,Sunrisers Hyderabad,Yes,Fit
1216512,2020/21,V Shankar,Sunrisers Hyderabad,Yes,Fit
1216512,2020/21,AT Rayudu,Sunrisers Hyderabad,No,Hamstring strain
1216512,2020/21,MK Pandey,Sunrisers Hyderabad,Yes,Fit
1216512,2020/21,SL Malinga,Kolkata Knight Riders,Yes,Fit
1216512,2020/21,MP Stoinis,Kolkata Knight Riders,Yes,Fit
1216512,2020/21,F du Plessis,Kolkata Knight Riders,Yes,Fit
1216512,2020/21,Kuldeep Yadav,Kolkata Knight Riders,Yes,Fit
1216512,2020/21,CH Morris,Sunrisers Hyderabad,Yes,Fit
1216512,2020/21,T Natarajan,Sunrisers Hyderabad,No,Suspension
1216512,2020/21,MJ McClenaghan,Kolkata Knight Riders,Yes,Fit
1216512,2020/21,Avesh Khan,Sunrisers Hyderabad,Yes,Fit
1216512,2020/21,Mohammed Shami,Sunrisers Hyderabad,Yes,Fit
1216512,2020/21,DS Kulkarni,Sunrisers Hyderabad,Yes,Fit
1216512,2020/21,KK Ahmed,Kolkata Knight Riders,Yes,Fit
1216512,2020/21,L Balaji,Kolkata Knight Riders,No,Hamstring strain
1216513,2020/21,H Klaasen,Punjab Kings,Yes,Fit
1216513,2020/21,RD Gaikwad,Chennai Super Kings,Yes,Fit
1216513,2020/21,AB Dinda,Chennai Super Kings,Yes,Fit
1216513,2020/21,JJ Bumrah,Punjab Kings,Yes,Fit
1216513,2020/21,Shubman Gill,Chennai Super Kings,Yes,Fit
1216513,2020/21,JH Kallis,Chennai Super Kings,Yes,Fit
1216513,2020/21,S Dhawan,Punjab Kings,Yes,Fit
1216513,2020/21,DPMD Jayawardene,Punjab Kings,Yes,Fit
1216513,2020/21,SC Ganguly,Punjab Kings,Yes,Fit
1216513,2020/21,MEK Hussey,Punjab Kings,Yes,Fit
1216513,2020/21,KL Rahul,Punjab Kings,Yes,Fit
1216513,2020/21,AM Rahane,Punjab Kings,Yes,Fit
1216513,2020/21,RD Chahar,Chennai Super Kings,Yes,Fit
1216513,2020/21,M Prasidh Krishna,Punjab Kings,Yes,Fit
1216513,2020/21,A Nehra,Chennai Super Kings,Yes,Fit
1216513,2020/21,MK Tiwary,Punjab Kings,Yes,Fit
1216513,2020/21,PP Chawla,Chennai Super Kings,Yes,Fit
1216513,2020/21,Shakib Al Hasan,Punjab Kings,Yes,Fit
1216513,2020/21,Z Khan,Punjab Kings,Yes,Fit
1216513,2020/21,A Mishra,Punjab Kings,Yes,Fit
1216514,2020/21,GJ Maxwell,Royal Challengers Bangalore,Yes,Fit
1216514,2020/21,JD Unadkat,Rajasthan Royals,Yes,Fit
1216514,2020/21,MC Henriques,Royal Challengers Bangalore,Yes,Fit
1216514,2020/21,AK Markram,Royal Challengers Bangalore,Yes,Fit
1216514,2020/21,Imran Tahir,Royal Challengers Bangalore,Yes,Fit
1216514,2020/21,DPMD Jayawardene,Royal Challengers Bangalore,No,Fever
1216514,2020/21,Prabhsimran Singh,Royal Challengers Bangalore,Yes,Fit
1216514,2020/21,T Natarajan,Rajasthan Royals,Yes,Fit
1216514,2020/21,MK Tiwary,Rajasthan Royals,Yes,Fit
1216514,2020/21,RG Sharma,Rajasthan Royals,Yes,Fit
1216514,2020/21,KK Ahmed,Royal Challengers Bangalore,Yes,Fit
1216514,2020/21,N Pooran,Rajasthan Royals,Yes,Fit
1216514,2020/21,YS Chahal,Rajasthan Royals,Yes,Fit
1216514,2020/21,AD Russell,Royal Challengers Bangalore,Yes,Fit
1216514,2020/21,NV Ojha,Royal Challengers Bangalore,Yes,Fit
1216514,2020/21,AB de Villiers,Royal Challengers Bangalore,Yes,Fit
1216514,2020/21,KD Karthik,Royal Challengers Bangalore,Yes,Fit
1216514,2020/21,KC Sangakkara,Rajasthan Royals,Yes,Fit
1216514,2020/21,KH Pandya,Royal Challengers Bangalore,Yes,Fit
1216514,2020/21,MA Starc,Rajasthan Royals,Yes,Fit
1216515,2020/21,L Balaji,Delhi Capitals,Yes,Fit
1216515,2020/21,PP Shaw,Delhi Capitals,Yes,Fit
1216515,2020/21,WP Saha,Kolkata Knight Riders,Yes,Fit
1216515,2020/21,MM Ali,Kolkata Knight Riders,Yes,Fit
1216515,2020/21,A Symonds,Delhi Capitals,Yes,Fit
1216515,2020/21,MM Sharma,Delhi Capitals,Yes,Fit
1216515,2020/21,M Vijay,Kolkata Knight Riders,Yes,Fit
1216515,2020/21,R Ashwin,Delhi Capitals,Yes,Fit
1216515,2020/21,KD Karthik,Delhi Capitals,Yes,Fit
1216515,2020/21,CV Varun,Delhi Capitals,No,Suspension
1216515,2020/21,A Mishra,Delhi Capitals,Yes,Fit
1216515,2020/21,S Dube,Delhi Capitals,Yes,Fit
1216515,2020/21,DPMD Jayawardene,Kolkata Knight Riders,Yes,Fit
1216515,2020/21,JP Duminy,Kolkata Knight Riders,Yes,Fit
1216515,2020/21,HH Pandya,Kolkata Knight Riders,Yes,Fit
1216515,2020/21,AC Gilchrist,Delhi Capitals,Yes,Fit
1216515,2020/21,AM Rahane,Kolkata Knight Riders,Yes,Fit
1216515,2020/21,R Tewatia,Delhi Capitals,Yes,Fit
1216515,2020/21,N Pooran,Delhi Capitals,Yes,Fit
1216515,2020/21,DR Smith,Delhi Capitals,Yes,Fit
1216516,2020/21,MG Johnson,Chennai Super Kings,Yes,Fit
1216516,2020/21,RR Pant,Chennai Super Kings,Yes,Fit
1216516,2020/21,R Tewatia,Sunrisers Hyderabad,Yes,Fit
1216516,2020/21,MA Agarwal,Chennai Super Kings,No,Quad strain
1216516,2020/21,DPMD Jayawardene,Chennai Super Kings,Yes,Fit
1216516,2020/21,RG Sharma,Sunrisers Hyderabad,Yes,Fit
1216516,2020/21,EJG Morgan,Chennai Super Kings,Yes,Fit
1216516,2020/21,H Klaasen,Chennai Super Kings,No,Finger fracture
1216516,2020/21,CH Gayle,Sunrisers Hyderabad,Yes,Fit
1216516,2020/21,KC Sangakkara,Sunrisers Hyderabad,Yes,Fit
1216516,2020/21,UT Yadav,Chennai Super Kings,Yes,Fit
1216516,2020/21,KV Sharma,Sunrisers Hyderabad,Yes,Fit
1216516,2020/21,CV Varun,Sunrisers Hyderabad,Yes,Fit
1216516,2020/21,HH Pandya,Sunrisers Hyderabad,Yes,Fit
1216516,2020/21,MM Sharma,Sunrisers Hyderabad,Yes,Fit
1216516,2020/21,PP Chawla,Sunrisers Hyderabad,Yes,Fit
1216516,2020/21,SR Watson,Chennai Super Kings,Yes,Fit
1216516,2020/21,IK Pathan,Sunrisers Hyderabad,Yes,Fit
1216516,2020/21,Washington Sundar,Chennai Super Kings,Yes,Fit
1216516,2020/21,BA Stokes,Chennai Super Kings,Yes,Fit
1216517,2020/21,R Tewatia,Punjab Kings,Yes,Fit
1216517,2020/21,M Vijay,Mumbai Indians,Yes,Fit
1216517,2020/21,DA Miller,Punjab Kings,Yes,Fit
1216517,2020/21,KH Pandya,Mumbai Indians,Yes,Fit
1216517,2020/21,CV Varun,Mumbai Indians,Yes,Fit
1216517,2020/21,KV Sharma,Punjab Kings,Yes,Fit
1216517,2020/21,Washington Sundar,Mumbai Indians,Yes,Fit
1216517,2020/21,A Mishra,Mumbai Indians,Yes,Fit
1216517,2020/21,SS Iyer,Mumbai Indians,Yes,Fit
1216517,2020/21,RD Chahar,Mumbai Indians,Yes,Fit
1216517,2020/21,KA Pollard,Punjab Kings,Yes,Fit
1216517,2020/21,S Dhawan,Mumbai Indians,No,Quad strain
1216517,2020/21,KC Sangakkara,Punjab Kings,Yes,Fit
1216517,2020/21,Kuldeep Yadav,Punjab Kings,Yes,Fit
1216517,2020/21,JD Unadkat,Punjab Kings,Yes,Fit
1216517,2020/21,R Ashwin,Punjab Kings,Yes,Fit
1216517,2020/21,AT Rayudu,Mumbai Indians,Yes,Fit
1216517,2020/21,N Pooran,Punjab Kings,Yes,Fit
1216517,2020/21,JC Archer,Mumbai Indians,Yes,Fit
1216517,2020/21,MEK Hussey,Mumbai Indians,Yes,Fit
1216518,2020/21,MK Pandey,Sunrisers Hyderabad,Yes,Fit
1216518,2020/21,GJ Maxwell,Rajasthan Royals,Yes,Fit
1216518,2020/21,DS Kulkarni,Sunrisers Hyderabad,Yes,Fit
1216518,2020/21,SR Tendulkar,Sunrisers Hyderabad,Yes,Fit
1216518,2020/21,A Symonds,Sunrisers Hyderabad,Yes,Fit
1216518,2020/21,Ishan Kishan,Rajasthan Royals,Yes,Fit
1216518,2020/21,PA Patel,Sunrisers Hyderabad,Yes,Fit
1216518,2020/21,KH Pandya,Sunrisers Hyderabad,Yes,Fit
1216518,2020/21,BJ Hodge,Rajasthan Royals,Yes,Fit
1216518,2020/21,SL Malinga,Rajasthan Royals,Yes,Fit
1216518,2020/21,RA Tripathi,Sunrisers Hyderabad,Yes,Fit
1216518,2020/21,S Dube,Sunrisers Hyderabad,Yes,Fit
1216518,2020/21,MS Dhoni,Rajasthan Royals,Yes,Fit
1216518,2020/21,VR Iyer,Rajasthan Royals,Yes,Fit
1216518,2020/21,EJG Morgan,Sunrisers Hyderabad,Yes,Fit
1216518,2020/21,MP Stoinis,Sunrisers Hyderabad,Yes,Fit
1216518,2020/21,Kuldeep Yadav,Sunrisers Hyderabad,Yes,Fit
1216518,2020/21,AK Markram,Rajasthan Royals,Yes,Fit
1216518,2020/21,KK Ahmed,Rajasthan Royals,Yes,Fit
1216518,2020/21,SE Marsh,Sunrisers Hyderabad,Yes,Fit
1216519,2020/21,KC Sangakkara,Royal Challengers Bangalore,Yes,Fit
1216519,2020/21,DJ Hooda,Royal Challengers Bangalore,Yes,Fit
1216519,2020/21,M Vijay,Royal Challengers Bangalore,Yes,Fit
1216519,2020/21,JD Unadkat,Delhi Capitals,Yes,Fit
1216519,2020/21,EJG Morgan,Delhi Capitals,Yes,Fit
1216519,2020/21,MR Marsh,Delhi Capitals,Yes,Fit
1216519,2020/21,T Natarajan,Delhi Capitals,Yes,Fit
1216519,2020/21,P Kumar,Royal Challengers Bangalore,Yes,Fit
1216519,2020/21,DR Smith,Delhi Capitals,Yes,Fit
1216519,2020/21,B Kumar,Delhi Capitals,Yes,Fit
1216519,2020/21,Shubman Gill,Royal Challengers Bangalore,No,Hamstring strain
1216519,2020/21,SV Samson,Royal Challengers Bangalore,Yes,Fit
1216519,2020/21,V Sehwag,Delhi Capitals,Yes,Fit
1216519,2020/21,AB de Villiers,Royal Challengers Bangalore,Yes,Fit
1216519,2020/21,MJ McClenaghan,Delhi Capitals,No,Fever
1216519,2020/21,MP Stoinis,Royal Challengers Bangalore,Yes,Fit
1216519,2020/21,JJ Bumrah,Royal Challengers Bangalore,Yes,Fit
1216519,2020/21,R Ashwin,Delhi Capitals,Yes,Fit
1216519,2020/21,Ishan Kishan,Delhi Capitals,Yes,Fit
1216519,2020/21,PP Ojha,Royal Challengers Bangalore,Yes,Fit
1216520,2020/21,KH Pandya,Kolkata Knight Riders,Yes,Fit
1216520,2020/21,JJ Bumrah,Kolkata Knight Riders,Yes,Fit
1216520,2020/21,IK Pathan,Punjab Kings,Yes,Fit
1216520,2020/21,MP Stoinis,Punjab Kings,Yes,Fit
1216520,2020/21,MEK Hussey,Kolkata Knight Riders,Yes,Fit
1216520,2020/21,JD Unadkat,Punjab Kings,Yes,Fit
1216520,2020/21,PP Ojha,Kolkata Knight Riders,Yes,Fit
1216520,2020/21,AB Dinda,Kolkata Knight Riders,Yes,Fit
1216520,2020/21,MR Marsh,Kolkata Knight Riders,Yes,Fit
1216520,2020/21,JP Duminy,Punjab Kings,Yes,Fit
1216520,2020/21,Washington Sundar,Punjab Kings,Yes,Fit
1216520,2020/21,PJ Cummins,Kolkata Knight Riders,Yes,Fit
1216520,2020/21,R Tewatia,Kolkata Knight Riders,Yes,Fit
1216520,2020/21,Shakib Al Hasan,Kolkata Knight Riders,Yes,Fit
1216520,2020/21,MA Starc,Kolkata Knight Riders,Yes,Fit
1216520,2020/21,Harbhajan Singh,Punjab Kings,No,Travel delay
1216520,2020/21,RA Jadeja,Kolkata Knight Riders,No,Knee injury
1216520,2020/21,SR Tendulkar,Punjab Kings,Yes,Fit
1216520,2020/21,NT Tilak Varma,Punjab Kings,Yes,Fit
1216520,2020/21,T Natarajan,Kolkata Knight Riders,Yes,Fit
1216521,2020/21,KD Karthik,Chennai Super Kings,Yes,Fit
1216521,2020/21,H Klaasen,Mumbai Indians,Yes,Fit
1216521,2020/21,SC Ganguly,Chennai Super Kings,Yes,Fit
1216521,2020/21,P Kumar,Chennai Super Kings,Yes,Fit
1216521,2020/21,L Balaji,Mumbai Indians,Yes,Fit
1216521,2020/21,KC Sangakkara,Mumbai Indians,Yes,Fit
1216521,2020/21,AK Markram,Mumbai Indians,Yes,Fit
1216521,2020/21,WP Saha,Chennai Super Kings,Yes,Fit
1216521,2020/21,SPD Smith,Mumbai Indians,Yes,Fit
1216521,2020/21,AB de Villiers,Chennai Super Kings,Yes,Fit
1216521,2020/21,MR Marsh,Chennai Super Kings,Yes,Fit
1216521,2020/21,MM Sharma,Mumbai Indians,Yes,Fit
1216521,2020/21,SS Tiwary,Mumbai Indians,Yes,Fit
1216521,2020/21,DL Chahar,Chennai Super Kings,Yes,Fit
1216521,2020/21,Imran Tahir,Mumbai Indians,Yes,Fit
1216521,2020/21,Avesh Khan,Chennai Super Kings,Yes,Fit
1216521,2020/21,R Bhatia,Chennai Super Kings,Yes,Fit
1216521,2020/21,Mandeep Singh,Mumbai Indians,Yes,Fit
1216521,2020/21,RA Jadeja,Mumbai Indians,Yes,Fit
1216521,2020/21,UT Yadav,Mumbai Indians,Yes,Fit
1216522,2020/21,N Pooran,Royal Challengers Bangalore,Yes,Fit
1216522,2020/21,KS Williamson,Rajasthan Royals,Yes,Fit
1216522,2020/21,Washington Sundar,Royal Challengers Bangalore,Yes,Fit
1216522,2020/21,MA Starc,Royal Challengers Bangalore,Yes,Fit
1216522,2020/21,JD Unadkat,Royal Challengers Bangalore,Yes,Fit
1216522,2020/21,Shubman Gill,Rajasthan Royals,Yes,Fit
1216522,2020/21,VR Iyer,Rajasthan Royals,Yes,Fit
1216522,2020/21,BA Stokes,Royal Challengers Bangalore,Yes,Fit
1216522,2020/21,Mohammed Shami,Royal Challengers Bangalore,Yes,Fit
1216522,2020/21,I Sharma,Rajasthan Royals,No,Hamstring strain
1216522,2020/21,SC Ganguly,Royal Challengers Bangalore,Yes,Fit
1216522,2020/21,RG Sharma,Royal Challengers Bangalore,Yes,Fit
1216522,2020/21,SS Tiwary,Rajasthan Royals,Yes,Fit
1216522,2020/21,MG Johnson,Royal Challengers Bangalore,Yes,Fit
1216522,2020/21,MM Patel,Royal Challengers Bangalore,Yes,Fit
1216522,2020/21,RV Uthappa,Rajasthan Royals,Yes,Fit
1216522,2020/21,N Rana,Rajasthan Royals,Yes,Fit
1216522,2020/21,SL Malinga,Rajasthan Royals,Yes,Fit
1216522,2020/21,SK Raina,Royal Challengers Bangalore,Yes,Fit
1216522,2020/21,R Bhatia,Rajasthan Royals,Yes,Fit
1216523,2020/21,Avesh Khan,Kolkata Knight Riders,Yes,Fit
1216523,2020/21,MP Stoinis,Punjab Kings,Yes,Fit
1216523,2020/21,CH Gayle,Punjab Kings,Yes,Fit
1216523,2020/21,Sandeep Sharma,Punjab Kings,No,Hamstring strain
1216523,2020/21,MK Pandey,Punjab Kings,Yes,Fit
1216523,2020/21,NV Ojha,Kolkata Knight Riders,Yes,Fit
1216523,2020/21,DW Steyn,Kolkata Knight Riders,Yes,Fit
1216523,2020/21,MM Patel,Punjab Kings,Yes,Fit
1216523,2020/21,PP Ojha,Punjab Kings,Yes,Fit
1216523,2020/21,M Prasidh Krishna,Kolkata Knight Riders,Yes,Fit
1216523,2020/21,SPD Smith,Kolkata Knight Riders,Yes,Fit
1216523,2020/21,V Sehwag,Punjab Kings,Yes,Fit
1216523,2020/21,MEK Hussey,Punjab Kings,Yes,Fit
1216523,2020/21,SK Raina,Kolkata Knight Riders,Yes,Fit
1216523,2020/21,YBK Jaiswal,Punjab Kings,Yes,Fit
1216523,2020/21,VR Iyer,Punjab Kings,Yes,Fit
1216523,2020/21,SO Hetmyer,Punjab Kings,Yes,Fit
1216523,2020/21,NT Tilak Varma,Kolkata Knight Riders,Yes,Fit
1216523,2020/21,MA Agarwal,Punjab Kings,Yes,Fit
1216523,2020/21,IK Pathan,Kolkata Knight Riders,Yes,Fit
1216524,2020/21,Yuvraj Singh,Delhi Capitals,Yes,Fit
1216524,2020/21,JP Faulkner,Sunrisers Hyderabad,Yes,Fit
1216524,2020/21,Mandeep Singh,Delhi Capitals,Yes,Fit
1216524,2020/21,SN Thakur,Sunrisers Hyderabad,Yes,Fit
1216524,2020/21,Shubman Gill,Sunrisers Hyderabad,Yes,Fit
1216524,2020/21,KC Sangakkara,Sunrisers Hyderabad,Yes,Fit
1216524,2020/21,KK Ahmed,Delhi Capitals,Yes,Fit
1216524,2020/21,A Nehra,Sunrisers Hyderabad,Yes,Fit
1216524,2020/21,R Dravid,Sunrisers Hyderabad,No,Quad strain
1216524,2020/21,SC Ganguly,Delhi Capitals,Yes,Fit
1216524,2020/21,Prabhsimran Singh,Sunrisers Hyderabad,Yes,Fit
1216524,2020/21,NV Ojha,Delhi Capitals,Yes,Fit
1216524,2020/21,Rashid Khan,Delhi Capitals,Yes,Fit
1216524,2020/21,PA Patel,Sunrisers Hyderabad,Yes,Fit
1216524,2020/21,KD Karthik,Delhi Capitals,Yes,Fit
1216524,2020/21,RP Singh,Sunrisers Hyderabad,Yes,Fit
1216524,2020/21,JJ Bumrah,Sunrisers Hyderabad,Yes,Fit
1216524,2020/21,AK Markram,Sunrisers Hyderabad,Yes,Fit
1216524,2020/21,MS Dhoni,Sunrisers Hyderabad,Yes,Fit
1216524,2020/21,N Pooran,Delhi Capitals,Yes,Fit
1216525,2020/21,Imran Tahir,Chennai Super Kings,Yes,Fit
1216525,2020/21,MS Dhoni,Chennai Super Kings,Yes,Fit
1216525,2020/21,Prabhsimran Singh,Chennai Super Kings,Yes,Fit
1216525,2020/21,Sandeep Sharma,Royal Challengers Bangalore,Yes,Fit
1216525,2020/21,MG Johnson,Royal Challengers Bangalore,Yes,Fit
1216525,2020/21,Rashid Khan,Royal Challengers Bangalore,Yes,Fit
1216525,2020/21,KH Pandya,Royal Challengers Bangalore,Yes,Fit
1216525,2020/21,DS Kulkarni,Royal Challengers Bangalore,Yes,Fit
1216525,2020/21,IK Pathan,Royal Challengers Bangalore,Yes,Fit
1216525,2020/21,V Kohli,Chennai Super Kings,Yes,Fit
1216525,2020/21,WP Saha,Royal Challengers Bangalore,Yes,Fit
1216525,2020/21,AB de Villiers,Chennai Super Kings,Yes,Fit
1216525,2020/21,RD Chahar,Royal Challengers Bangalore,Yes,Fit
1216525,2020/21,L Balaji,Chennai Super Kings,Yes,Fit
1216525,2020/21,MM Sharma,Royal Challengers Bangalore,Yes,Fit
1216525,2020/21,KD Karthik,Royal Challengers Bangalore,Yes,Fit
1216525,2020/21,RP Singh,Royal Challengers Bangalore,Yes,Fit
1216525,2020/21,RD Gaikwad,Chennai Super Kings,Yes,Fit
1216525,2020/21,JJ Bumrah,Chennai Super Kings,Yes,Fit
1216525,2020/21,JD Unadkat,Royal Challengers Bangalore,Yes,Fit
1216526,2020/21,Yuvraj Singh,Mumbai Indians,Yes,Fit
1216526,2020/21,SC Ganguly,Mumbai Indians,Yes,Fit
1216526,2020/21,JA Morkel,Kolkata Knight Riders,Yes,Fit
1216526,2020/21,K Rabada,Kolkata Knight Riders,Yes,Fit
1216526,2020/21,Rashid Khan,Mumbai Indians,Yes,Fit
1216526,2020/21,PA Patel,Mumbai Indians,Yes,Fit
1216526,2020/21,JD Unadkat,Mumbai Indians,Yes,Fit
1216526,2020/21,Arshdeep Singh,Kolkata Knight Riders,Yes,Fit
1216526,2020/21,SN Thakur,Kolkata Knight Riders,Yes,Fit
1216526,2020/21,A Mishra,Kolkata Knight Riders,Yes,Fit
1216526,2020/21,JJ Bumrah,Kolkata Knight Riders,Yes,Fit
1216526,2020/21,WP Saha,Mumbai Indians,Yes,Fit
1216526,2020/21,AR Patel,Kolkata Knight Riders,Yes,Fit
1216526,2020/21,Imran Tahir,Mumbai Indians,Yes,Fit
1216526,2020/21,RD Chahar,Mumbai Indians,Yes,Fit
1216526,2020/21,JC Archer,Kolkata Knight Riders,Yes,Fit
1216526,2020/21,JC Buttler,Mumbai Indians,No,Covid protocol
1216526,2020/21,D Padikkal,Kolkata Knight Riders,Yes,Fit
1216526,2020/21,HV Patel,Mumbai Indians,Yes,Fit
1216526,2020/21,RR Pant,Mumbai Indians,Yes,Fit
1216527,2020/21,SA Yadav,Rajasthan Royals,Yes,Fit
1216527,2020/21,RA Tripathi,Rajasthan Royals,Yes,Fit
1216527,2020/21,RP Singh,Rajasthan Royals,Yes,Fit
1216527,2020/21,P Kumar,Punjab Kings,Yes,Fit
1216527,2020/21,JA Morkel,Punjab Kings,Yes,Fit
1216527,2020/21,KK Nair,Rajasthan Royals,Yes,Fit
1216527,2020/21,V Kohli,Punjab Kings,Yes,Fit
1216527,2020/21,JH Kallis,Punjab Kings,Yes,Fit
1216527,2020/21,BB McCullum,Rajasthan Royals,Yes,Fit
1216527,2020/21,NV Ojha,Rajasthan Royals,Yes,Fit
1216527,2020/21,KC Sangakkara,Punjab Kings,Yes,Fit
1216527,2020/21,JC Archer,Rajasthan Royals,Yes,Fit
1216527,2020/21,MA Agarwal,Punjab Kings,Yes,Fit
1216527,2020/21,DA Miller,Rajasthan Royals,Yes,Fit
1216527,2020/21,V Sehwag,Punjab Kings,Yes,Fit
1216527,2020/21,Yuvraj Singh,Punjab Kings,Yes,Fit
1216527,2020/21,K Rabada,Punjab Kings,Yes,Fit
1216527,2020/21,I Sharma,Punjab Kings,Yes,Fit
1216527,2020/21,R Bhatia,Rajasthan Royals,Yes,Fit
1216527,2020/21,SR Watson,Punjab Kings,Yes,Fit
1216528,2020/21,KK Ahmed,Sunrisers Hyderabad,Yes,Fit
1216528,2020/21,YK Pathan,Chennai Super Kings,Yes,Fit
1216528,2020/21,AM Rahane,Sunrisers Hyderabad,Yes,Fit
1216528,2020/21,A Mishra,Sunrisers Hyderabad,Yes,Fit
1216528,2020/21,AB Dinda,Sunrisers Hyderabad,Yes,Fit
1216528,2020/21,D Padikkal,Sunrisers Hyderabad,Yes,Fit
1216528,2020/21,KC Sangakkara,Sunrisers Hyderabad,Yes,Fit
1216528,2020/21,JP Duminy,Chennai Super Kings,Yes,Fit
1216528,2020/21,DPMD Jayawardene,Sunrisers Hyderabad,Yes,Fit
1216528,2020/21,R Bhatia,Sunrisers Hyderabad,Yes,Fit
1216528,2020/21,NV Ojha,Chennai Super Kings,Yes,Fit
1216528,2020/21,SR Watson,Sunrisers Hyderabad,Yes,Fit
1216528,2020/21,N Rana,Chennai Super Kings,No,Suspension
1216528,2020/21,R Vinay Kumar,Chennai Super Kings,Yes,Fit
1216528,2020/21,B Kumar,Sunrisers Hyderabad,Yes,Fit
1216528,2020/21,R Parag,Chennai Super Kings,Yes,Fit
1216528,2020/21,MM Sharma,Chennai Super Kings,Yes,Fit
1216528,2020/21,BB McCullum,Chennai Super Kings,Yes,Fit
1216528,2020/21,Kuldeep Yadav,Chennai Super Kings,Yes,Fit
1216528,2020/21,DJ Hussey,Sunrisers Hyderabad,Yes,Fit
1216529,2020/21,JJ Bumrah,Delhi Capitals,Yes,Fit
1216529,2020/21,SV Samson,Delhi Capitals,Yes,Fit
1216529,2020/21,JP Faulkner,Mumbai Indians,Yes,Fit
1216529,2020/21,MP Stoinis,Delhi Capitals,Yes,Fit
1216529,2020/21,SS Tiwary,Delhi Capitals,Yes,Fit
1216529,2020/21,JC Buttler,Mumbai Indians,Yes,Fit
1216529,2020/21,AM Rahane,Mumbai Indians,Yes,Fit
1216529,2020/21,NT Tilak Varma,Mumbai Indians,No,Fever
1216529,2020/21,BJ Hodge,Delhi Capitals,Yes,Fit
1216529,2020/21,IK Pathan,Mumbai Indians,Yes,Fit
1216529,2020/21,WP Saha,Delhi Capitals,Yes,Fit
1216529,2020/21,DA Miller,Mumbai Indians,Yes,Fit
1216529,2020/21,R Vinay Kumar,Mumbai Indians,Yes,Fit
1216529,2020/21,Imran Tahir,Mumbai Indians,Yes,Fit
1216529,2020/21,HH Pandya,Mumbai Indians,Yes,Fit
1216529,2020/21,AJ Finch,Mumbai Indians,Yes,Fit
1216529,2020/21,GJ Maxwell,Delhi Capitals,Yes,Fit
1216529,2020/21,T Natarajan,Mumbai Indians,Yes,Fit
1216529,2020/21,A Symonds,Mumbai Indians,No,Calf injury
1216529,2020/21,PP Shaw,Mumbai Indians,Yes,Fit
1216530,2020/21,RR Pant,Rajasthan Royals,Yes,Fit
1216530,2020/21,MS Dhoni,Kolkata Knight Riders,Yes,Fit
1216530,2020/21,AM Rahane,Rajasthan Royals,Yes,Fit
1216530,2020/21,Abhishek Sharma,Rajasthan Royals,Yes,Fit
1216530,2020/21,MM Sharma,Kolkata Knight Riders,Yes,Fit
1216530,2020/21,DS Kulkarni,Kolkata Knight Riders,Yes,Fit
1216530,2020/21,S Badrinath,Kolkata Knight Riders,Yes,Fit
1216530,2020/21,MM Patel,Rajasthan Royals,Yes,Fit
1216530,2020/21,AB de Villiers,Rajasthan Royals,Yes,Fit
1216530,2020/21,Prabhsimran Singh,Rajasthan Royals,Yes,Fit
1216530,2020/21,EJG Morgan,Kolkata Knight Riders,Yes,Fit
1216530,2020/21,R Tewatia,Rajasthan Royals,Yes,Fit
1216530,2020/21,SPD Smith,Kolkata Knight Riders,Yes,Fit
1216530,2020/21,PA Patel,Rajasthan Royals,Yes,Fit
1216530,2020/21,SM Curran,Rajasthan Royals,Yes,Fit
1216530,2020/21,K Rabada,Kolkata Knight Riders,Yes,Fit
1216530,2020/21,DJ Hussey,Rajasthan Royals,Yes,Fit
1216530,2020/21,HV Patel,Rajasthan Royals,Yes,Fit
1216530,2020/21,B Kumar,Rajasthan Royals,No,Back spasm
1216530,2020/21,SS Tiwary,Kolkata Knight Riders,Yes,Fit
1216531,2020/21,S Dube,Punjab Kings,Yes,Fit
1216531,2020/21,SS Iyer,Punjab Kings,No,Calf injury
1216531,2020/21,R Parag,Royal Challengers Bangalore,Yes,Fit
1216531,2020/21,DW Steyn,Royal Challengers Bangalore,Yes,Fit
1216531,2020/21,CV Varun,Punjab Kings,Yes,Fit
1216531,2020/21,P Kumar,Punjab Kings,Yes,Fit
1216531,2020/21,BJ Hodge,Punjab Kings,Yes,Fit
1216531,2020/21,KS Williamson,Royal Challengers Bangalore,Yes,Fit
1216531,2020/21,RP Singh,Royal Challengers Bangalore,Yes,Fit
1216531,2020/21,SC Ganguly,Royal Challengers Bangalore,Yes,Fit
1216531,2020/21,Shubman Gill,Punjab Kings,Yes,Fit
1216531,2020/21,JC Buttler,Royal Challengers Bangalore,Yes,Fit
1216531,2020/21,GJ Maxwell,Royal Challengers Bangalore,Yes,Fit
1216531,2020/21,RG Sharma,Royal Challengers Bangalore,Yes,Fit
1216531,2020/21,KL Rahul,Punjab Kings,Yes,Fit
1216531,2020/21,DPMD Jayawardene,Punjab Kings,Yes,Fit
1216531,2020/21,Abhishek Sharma,Royal Challengers Bangalore,Yes,Fit
1216531,2020/21,R Dravid,Royal Challengers Bangalore,Yes,Fit
1216531,2020/21,K Rabada,Royal Challengers Bangalore,Yes,Fit
1216531,2020/21,AM Rahane,Punjab Kings,Yes,Fit
1216532,2020/21,RD Gaikwad,Sunrisers Hyderabad,Yes,Fit
1216532,2020/21,UT Yadav,Sunrisers Hyderabad,Yes,Fit
1216532,2020/21,JD Unadkat,Delhi Capitals,Yes,Fit
1216532,2020/21,P Kumar,Sunrisers Hyderabad,Yes,Fit
1216532,2020/21,RD Chahar,Delhi Capitals,Yes,Fit
1216532,2020/21,F du Plessis,Delhi Capitals,Yes,Fit
1216532,2020/21,SS Iyer,Delhi Capitals,Yes,Fit
1216532,2020/21,V Shankar,Sunrisers Hyderabad,Yes,Fit
1216532,2020/21,R Vinay Kumar,Delhi Capitals,Yes,Fit
1216532,2020/21,AD Russell,Delhi Capitals,Yes,Fit
1216532,2020/21,BB McCullum,Sunrisers Hyderabad,Yes,Fit
1216532,2020/21,L Balaji,Sunrisers Hyderabad,Yes,Fit
1216532,2020/21,CH Morris,Sunrisers Hyderabad,Yes,Fit
1216532,2020/21,RV Uthappa,Delhi Capitals,Yes,Fit
1216532,2020/21,KV Sharma,Sunrisers Hyderabad,Yes,Fit
1216532,2020/21,Prabhsimran Singh,Sunrisers Hyderabad,Yes,Fit
1216532,2020/21,SO Hetmyer,Sunrisers Hyderabad,Yes,Fit
1216532,2020/21,KK Nair,Delhi Capitals,Yes,Fit
1216532,2020/21,RG Sharma,Sunrisers Hyderabad,Yes,Fit
1216532,2020/21,M Vijay,Sunrisers Hyderabad,Yes,Fit
1216533,2020/21,Abhishek Sharma,Rajasthan Royals,Yes,Fit
1216533,2020/21,P Kumar,Rajasthan Royals,Yes,Fit
1216533,2020/21,SV Samson,Chennai Super Kings,Yes,Fit
1216533,2020/21,MR Marsh,Chennai Super Kings,Yes,Fit
1216533,2020/21,AJ Finch,Chennai Super Kings,Yes,Fit
1216533,2020/21,MC Henriques,Rajasthan Royals,Yes,Fit
1216533,2020/21,M Morkel,Rajasthan Royals,Yes,Fit
1216533,2020/21,JD Unadkat,Chennai Super Kings,Yes,Fit
1216533,2020/21,Avesh Khan,Rajasthan Royals,Yes,Fit
1216533,2020/21,Kuldeep Yadav,Chennai Super Kings,Yes,Fit
1216533,2020/21,SS Iyer,Rajasthan Royals,Yes,Fit
1216533,2020/21,DA Miller,Chennai Super Kings,Yes,Fit
1216533,2020/21,KK Nair,Chennai Super Kings,Yes,Fit
1216533,2020/21,Sandeep Sharma,Rajasthan Royals,Yes,Fit
1216533,2020/21,AB de Villiers,Chennai Super Kings,Yes,Fit
1216533,2020/21,KL Rahul,Chennai Super Kings,Yes,Fit
1216533,2020/21,DS Kulkarni,Chennai Super Kings,Yes,Fit
1216533,2020/21,IK Pathan,Rajasthan Royals,Yes,Fit
1216533,2020/21,B Sai Sudharsan,Rajasthan Royals,No,Knee injury
1216533,2020/21,N Pooran,Rajasthan Royals,Yes,Fit
1216534,2020/21,BB McCullum,Royal Challengers Bangalore,Yes,Fit
1216534,2020/21,HH Pandya,Royal Challengers Bangalore,Yes,Fit
1216534,2020/21,SK Raina,Sunrisers Hyderabad,Yes,Fit
1216534,2020/21,L Balaji,Royal Challengers Bangalore,Yes,Fit
1216534,2020/21,AB de Villiers,Sunrisers Hyderabad,Yes,Fit
1216534,2020/21,Q de Kock,Sunrisers Hyderabad,Yes,Fit
1216534,2020/21,M Morkel,Royal Challengers Bangalore,No,Personal reasons
1216534,2020/21,SV Samson,Sunrisers Hyderabad,Yes,Fit
1216534,2020/21,Mohammed Shami,Sunrisers Hyderabad,Yes,Fit
1216534,2020/21,KK Ahmed,Sunrisers Hyderabad,Yes,Fit
1216534,2020/21,SL Malinga,Sunrisers Hyderabad,Yes,Fit
1216534,2020/21,DA Miller,Sunrisers Hyderabad,Yes,Fit
1216534,2020/21,R Dravid,Royal Challengers Bangalore,Yes,Fit
1216534,2020/21,KV Sharma,Royal Challengers Bangalore,Yes,Fit
1216534,2020/21,NT Tilak Varma,Sunrisers Hyderabad,Yes,Fit
1216534,2020/21,R Vinay Kumar,Sunrisers Hyderabad,Yes,Fit
1216534,2020/21,KA Pollard,Sunrisers Hyderabad,No,Fever
1216534,2020/21,MA Starc,Sunrisers Hyderabad,Yes,Fit
1216534,2020/21,S Dhawan,Royal Challengers Bangalore,Yes,Fit
1216534,2020/21,JA Morkel,Royal Challengers Bangalore,No,Travel delay
1216535,2020/21,AM Rahane,Delhi Capitals,Yes,Fit
1216535,2020/21,KC Sangakkara,Delhi Capitals,Yes,Fit
1216535,2020/21,A Symonds,Delhi Capitals,Yes,Fit
1216535,2020/21,MM Sharma,Mumbai Indians,Yes,Fit
1216535,2020/21,SPD Smith,Delhi Capitals,Yes,Fit
1216535,2020/21,AC Gilchrist,Mumbai Indians,Yes,Fit
1216535,2020/21,Avesh Khan,Delhi Capitals,Yes,Fit
1216535,2020/21,S Dube,Mumbai Indians,Yes,Fit
1216535,2020/21,KA Pollard,Mumbai Indians,Yes,Fit
1216535,2020/21,V Sehwag,Mumbai Indians,Yes,Fit
1216535,2020/21,SR Watson,Delhi Capitals,Yes,Fit
1216535,2020/21,Yuvraj Singh,Delhi Capitals,Yes,Fit
1216535,2020/21,D Padikkal,Delhi Capitals,Yes,Fit
1216535,2020/21,Mandeep Singh,Delhi Capitals,Yes,Fit
1216535,2020/21,SR Tendulkar,Delhi Capitals,No,Knee injury
1216535,2020/21,Abhishek Sharma,Mumbai Indians,Yes,Fit
1216535,2020/21,JA Morkel,Mumbai Indians,No,Knee injury
1216535,2020/21,MM Ali,Delhi Capitals,Yes,Fit
1216535,2020/21,Rashid Khan,Delhi Capitals,Yes,Fit
1216535,2020/21,R Dravid,Delhi Capitals,Yes,Fit
1216536,2020/21,TA Boult,Chennai Super Kings,Yes,Fit
1216536,2020/21,KS Williamson,Kolkata Knight Riders,Yes,Fit
1216536,2020/21,JM Bairstow,Chennai Super Kings,Yes,Fit
1216536,2020/21,DL Chahar,Chennai Super Kings,Yes,Fit
1216536,2020/21,PP Chawla,Kolkata Knight Riders,Yes,Fit
1216536,2020/21,PJ Cummins,Kolkata Knight Riders,Yes,Fit
1216536,2020/21,CH Morris,Kolkata Knight Riders,No,Covid protocol
1216536,2020/21,N Pooran,Chennai Super Kings,No,Travel delay
1216536,2020/21,SK Raina,Kolkata Knight Riders,Yes,Fit
1216536,2020/21,RV Uthappa,Kolkata Knight Riders,Yes,Fit
1216536,2020/21,Z Khan,Kolkata Knight Riders,Yes,Fit
1216536,2020/21,DJ Hooda,Kolkata Knight Riders,Yes,Fit
1216536,2020/21,A Symonds,Chennai Super Kings,Yes,Fit
1216536,2020/21,Washington Sundar,Kolkata Knight Riders,Yes,Fit
1216536,2020/21,M Morkel,Chennai Super Kings,Yes,Fit
1216536,2020/21,S Badrinath,Chennai Super Kings,Yes,Fit
1216536,2020/21,Kuldeep Yadav,Kolkata Knight Riders,No,Back spasm
1216536,2020/21,PA Patel,Kolkata Knight Riders,Yes,Fit
1216536,2020/21,AR Patel,Kolkata Knight Riders,Yes,Fit
1216536,2020/21,AJ Finch,Kolkata Knight Riders,Yes,Fit
1216537,2020/21,Harbhajan Singh,Punjab Kings,No,Suspension
1216537,2020/21,AB de Villiers,Punjab Kings,Yes,Fit
1216537,2020/21,SK Raina,Rajasthan Royals,No,Quad strain
1216537,2020/21,SO Hetmyer,Punjab Kings,Yes,Fit
1216537,2020/21,R Dravid,Rajasthan Royals,Yes,Fit
1216537,2020/21,S Badrinath,Rajasthan Royals,Yes,Fit
1216537,2020/21,BJ Hodge,Rajasthan Royals,Yes,Fit
1216537,2020/21,Abhishek Sharma,Punjab Kings,Yes,Fit
1216537,2020/21,JJ Bumrah,Rajasthan Royals,Yes,Fit
1216537,2020/21,KD Karthik,Rajasthan Royals,Yes,Fit
1216537,2020/21,Washington Sundar,Punjab Kings,Yes,Fit
1216537,2020/21,V Sehwag,Punjab Kings,Yes,Fit
1216537,2020/21,RR Pant,Punjab Kings,Yes,Fit
1216537,2020/21,MEK Hussey,Punjab Kings,Yes,Fit
1216537,2020/21,SR Tendulkar,Rajasthan Royals,Yes,Fit
1216537,2020/21,JD Unadkat,Rajasthan Royals,Yes,Fit
1216537,2020/21,MM Ali,Rajasthan Royals,Yes,Fit
1216537,2020/21,RA Tripathi,Rajasthan Royals,Yes,Fit
1216537,2020/21,PA Patel,Punjab Kings,No,Covid protocol
1216537,2020/21,HH Pandya,Punjab Kings,Yes,Fit
1216538,2020/21,S Dube,Sunrisers Hyderabad,Yes,Fit
1216538,2020/21,DJ Hooda,Sunrisers Hyderabad,Yes,Fit
1216538,2020/21,UT Yadav,Sunrisers Hyderabad,Yes,Fit
1216538,2020/21,PP Ojha,Sunrisers Hyderabad,Yes,Fit
1216538,2020/21,PJ Cummins,Mumbai Indians,Yes,Fit
1216538,2020/21,RA Jadeja,Mumbai Indians,Yes,Fit
1216538,2020/21,DS Kulkarni,Mumbai Indians,Yes,Fit
1216538,2020/21,V Shankar,Mumbai Indians,No,Back spasm
1216538,2020/21,RG Sharma,Sunrisers Hyderabad,Yes,Fit
1216538,2020/21,G Gambhir,Sunrisers Hyderabad,Yes,Fit
1216538,2020/21,Q de Kock,Sunrisers Hyderabad,No,Calf injury
1216538,2020/21,SR Watson,Mumbai Indians,Yes,Fit
1216538,2020/21,DA Warner,Sunrisers Hyderabad,Yes,Fit
1216538,2020/21,MP Stoinis,Sunrisers Hyderabad,Yes,Fit
1216538,2020/21,MA Starc,Mumbai Indians,Yes,Fit
1216538,2020/21,SK Raina,Sunrisers Hyderabad,Yes,Fit
1216538,2020/21,SO Hetmyer,Sunrisers Hyderabad,Yes,Fit
1216538,2020/21,Shubman Gill,Sunrisers Hyderabad,Yes,Fit
1216538,2020/21,AD Russell,Mumbai Indians,Yes,Fit
1216538,2020/21,RA Tripathi,Mumbai Indians,Yes,Fit
1216539,2020/21,K Rabada,Chennai Super Kings,Yes,Fit
1216539,2020/21,L Balaji,Delhi Capitals,Yes,Fit
1216539,2020/21,SA Yadav,Chennai Super Kings,Yes,Fit
1216539,2020/21,AJ Finch,Chennai Super Kings,Yes,Fit
1216539,2020/21,R Vinay Kumar,Delhi Capitals,Yes,Fit
1216539,2020/21,JM Bairstow,Chennai Super Kings,Yes,Fit
1216539,2020/21,RA Tripathi,Delhi Capitals,Yes,Fit
1216539,2020/21,MP Stoinis,Delhi Capitals,Yes,Fit
1216539,2020/21,Yuvraj Singh,Delhi Capitals,Yes,Fit
1216539,2020/21,S Dube,Delhi Capitals,Yes,Fit
1216539,2020/21,A Nehra,Chennai Super Kings,Yes,Fit
1216539,2020/21,MK Tiwary,Delhi Capitals,Yes,Fit
1216539,2020/21,AC Gilchrist,Delhi Capitals,Yes,Fit
1216539,2020/21,SM Curran,Delhi Capitals,Yes,Fit
1216539,2020/21,MA Agarwal,Chennai Super Kings,Yes,Fit
1216539,2020/21,SO Hetmyer,Delhi Capitals,Yes,Fit
1216539,2020/21,Mohammed Shami,Chennai Super Kings,Yes,Fit
1216539,2020/21,Shakib Al Hasan,Chennai Super Kings,No,Covid protocol
1216539,2020/21,SP Narine,Chennai Super Kings,Yes,Fit
1216539,2020/21,R Parag,Delhi Capitals,Yes,Fit
1216540,2020/21,SP Narine,Kolkata Knight Riders,Yes,Fit
1216540,2020/21,MM Patel,Kolkata Knight Riders,Yes,Fit
1216540,2020/21,Mohammed Siraj,Kolkata Knight Riders,Yes,Fit
1216540,2020/21,AT Rayudu,Royal Challengers Bangalore,Yes,Fit
1216540,2020/21,SR Watson,Royal Challengers Bangalore,Yes,Fit
1216540,2020/21,MEK Hussey,Kolkata Knight Riders,Yes,Fit
1216540,2020/21,A Symonds,Royal Challengers Bangalore,Yes,Fit
1216540,2020/21,H Klaasen,Royal Challengers Bangalore,Yes,Fit
1216540,2020/21,JM Bairstow,Kolkata Knight Riders,Yes,Fit
1216540,2020/21,KK Nair,Royal Challengers Bangalore,Yes,Fit
1216540,2020/21,KS Williamson,Royal Challengers Bangalore,Yes,Fit
1216540,2020/21,UT Yadav,Kolkata Knight Riders,Yes,Fit
1216540,2020/21,A Mishra,Royal Challengers Bangalore,Yes,Fit
1216540,2020/21,K Rabada,Royal Challengers Bangalore,Yes,Fit
1216540,2020/21,S Badrinath,Royal Challengers Bangalore,Yes,Fit
1216540,2020/21,B Sai Sudharsan,Kolkata Knight Riders,Yes,Fit
1216540,2020/21,N Rana,Royal Challengers Bangalore,Yes,Fit
1216540,2020/21,AK Markram,Kolkata Knight Riders,Yes,Fit
1216540,2020/21,KC Sangakkara,Kolkata Knight Riders,Yes,Fit
1216540,2020/21,WP Saha,Royal Challengers Bangalore,Yes,Fit
1216541,2020/21,M Vijay,Mumbai Indians,Yes,Fit
1216541,2020/21,JC Buttler,Rajasthan Royals,Yes,Fit
1216541,2020/21,MS Dhoni,Mumbai Indians,Yes,Fit
1216541,2020/21,Q de Kock,Rajasthan Royals,Yes,Fit
1216541,2020/21,TA Boult,Rajasthan Royals,Yes,Fit
1216541,2020/21,PA Patel,Rajasthan Royals,Yes,Fit
1216541,2020/21,MEK Hussey,Mumbai Indians,Yes,Fit
1216541,2020/21,RR Pant,Mumbai Indians,Yes,Fit
1216541,2020/21,V Shankar,Mumbai Indians,Yes,Fit
1216541,2020/21,MM Ali,Rajasthan Royals,Yes,Fit
1216541,2020/21,Mohammed Siraj,Rajasthan Royals,Yes,Fit
1216541,2020/21,R Ashwin,Rajasthan Royals,Yes,Fit
1216541,2020/21,SV Samson,Rajasthan Royals,Yes,Fit
1216541,2020/21,B Sai Sudharsan,Mumbai Indians,Yes,Fit
1216541,2020/21,MK Pandey,Mumbai Indians,Yes,Fit
1216541,2020/21,Ravi Bishnoi,Rajasthan Royals,Yes,Fit
1216541,2020/21,KC Sangakkara,Rajasthan Royals,Yes,Fit
1216541,2020/21,AM Rahane,Mumbai Indians,Yes,Fit
1216541,2020/21,K Rabada,Rajasthan Royals,Yes,Fit
1216541,2020/21,Prabhsimran Singh,Mumbai Indians,Yes,Fit
1216542,2020/21,Harbhajan Singh,Sunrisers Hyderabad,Yes,Fit
1216542,2020/21,MM Patel,Punjab Kings,Yes,Fit
1216542,2020/21,KV Sharma,Punjab Kings,Yes,Fit
1216542,2020/21,TA Boult,Sunrisers Hyderabad,Yes,Fit
1216542,2020/21,MA Agarwal,Punjab Kings,Yes,Fit
1216542,2020/21,AK Markram,Sunrisers Hyderabad,Yes,Fit
1216542,2020/21,JA Morkel,Punjab Kings,Yes,Fit
1216542,2020/21,DL Chahar,Punjab Kings,Yes,Fit
1216542,2020/21,JJ Bumrah,Punjab Kings,Yes,Fit
1216542,2020/21,Sandeep Sharma,Sunrisers Hyderabad,Yes,Fit
1216542,2020/21,SR Watson,Punjab Kings,Yes,Fit
1216542,2020/21,Z Khan,Sunrisers Hyderabad,Yes,Fit
1216542,2020/21,BJ Hodge,Sunrisers Hyderabad,Yes,Fit
1216542,2020/21,PP Shaw,Sunrisers Hyderabad,Yes,Fit
1216542,2020/21,JH Kallis,Punjab Kings,Yes,Fit
1216542,2020/21,AM Rahane,Sunrisers Hyderabad,Yes,Fit
1216542,2020/21,KK Nair,Sunrisers Hyderabad,No,Back spasm
1216542,2020/21,SL Malinga,Punjab Kings,Yes,Fit
1216542,2020/21,MEK Hussey,Punjab Kings,Yes,Fit
1216542,2020/21,RP Singh,Sunrisers Hyderabad,No,Suspension
1216543,2020/21,Mandeep Singh,Rajasthan Royals,No,Knee injury
1216543,2020/21,Ravi Bishnoi,Delhi Capitals,Yes,Fit
1216543,2020/21,Yuvraj Singh,Rajasthan Royals,Yes,Fit
1216543,2020/21,Prabhsimran Singh,Delhi Capitals,Yes,Fit
1216543,2020/21,D Padikkal,Rajasthan Royals,Yes,Fit
1216543,2020/21,RD Chahar,Delhi Capitals,Yes,Fit
1216543,2020/21,R Dravid,Rajasthan Royals,No,Hamstring strain
1216543,2020/21,R Parag,Rajasthan Royals,Yes,Fit
1216543,2020/21,Avesh Khan,Rajasthan Royals,Yes,Fit
1216543,2020/21,BA Stokes,Rajasthan Royals,Yes,Fit
1216543,2020/21,SR Watson,Delhi Capitals,Yes,Fit
1216543,2020/21,N Rana,Rajasthan Royals,Yes,Fit
1216543,2020/21,PJ Cummins,Rajasthan Royals,Yes,Fit
1216543,2020/21,KS Williamson,Rajasthan Royals,Yes,Fit
1216543,2020/21,DJ Hooda,Rajasthan Royals,Yes,Fit
1216543,2020/21,Shubman Gill,Delhi Capitals,Yes,Fit
1216543,2020/21,SK Raina,Rajasthan Royals,Yes,Fit
1216543,2020/21,KK Nair,Delhi Capitals,Yes,Fit
1216543,2020/21,B Kumar,Rajasthan Royals,Yes,Fit
1216543,2020/21,SC Ganguly,Delhi Capitals,Yes,Fit
1216544,2020/21,RD Gaikwad,Royal Challengers Bangalore,Yes,Fit
1216544,2020/21,AC Gilchrist,Royal Challengers Bangalore,Yes,Fit
1216544,2020/21,H Klaasen,Chennai Super Kings,Yes,Fit
1216544,2020/21,RD Chahar,Royal Challengers Bangalore,Yes,Fit
1216544,2020/21,RP Singh,Chennai Super Kings,Yes,Fit
1216544,2020/21,AK Markram,Chennai Super Kings,Yes,Fit
1216544,2020/21,M Vijay,Royal Challengers Bangalore,Yes,Fit
1216544,2020/21,AD Russell,Royal Challengers Bangalore,Yes,Fit
1216544,2020/21,MR Marsh,Royal Challengers Bangalore,Yes,Fit
1216544,2020/21,SP Narine,Chennai Super Kings,Yes,Fit
1216544,2020/21,DL Chahar,Royal Challengers Bangalore,Yes,Fit
1216544,2020/21,SL Malinga,Chennai Super Kings,Yes,Fit
1216544,2020/21,AR Patel,Royal Challengers Bangalore,Yes,Fit
1216544,2020/21,Shubman Gill,Royal Challengers Bangalore,Yes,Fit
1216544,2020/21,YS Chahal,Royal Challengers Bangalore,Yes,Fit
1216544,2020/21,DW Steyn,Chennai Super Kings,Yes,Fit
1216544,2020/21,Arshdeep Singh,Chennai Super Kings,Yes,Fit
1216544,2020/21,PP Ojha,Royal Challengers Bangalore,Yes,Fit
1216544,2020/21,AJ Finch,Royal Challengers Bangalore,Yes,Fit
1216544,2020/21,HV Patel,Royal Challengers Bangalore,Yes,Fit
1216545,2020/21,MEK Hussey,Kolkata Knight Riders,Yes,Fit
1216545,2020/21,H Klaasen,Sunrisers Hyderabad,No,Travel delay
1216545,2020/21,M Morkel,Sunrisers Hyderabad,Yes,Fit
1216545,2020/21,Mohammed Shami,Sunrisers Hyderabad,Yes,Fit
1216545,2020/21,DS Kulkarni,Kolkata Knight Riders,Yes,Fit
1216545,2020/21,DJ Hussey,Kolkata Knight Riders,No,Quad strain
1216545,2020/21,R Dravid,Kolkata Knight Riders,Yes,Fit
1216545,2020/21,Q de Kock,Sunrisers Hyderabad,Yes,Fit
1216545,2020/21,MA Agarwal,Kolkata Knight Riders,Yes,Fit
1216545,2020/21,Mandeep Singh,Kolkata Knight Riders,Yes,Fit
1216545,2020/21,PJ Cummins,Sunrisers Hyderabad,Yes,Fit
1216545,2020/21,KK Nair,Sunrisers Hyderabad,Yes,Fit
1216545,2020/21,Shubman Gill,Sunrisers Hyderabad,Yes,Fit
1216545,2020/21,G Gambhir,Kolkata Knight Riders,Yes,Fit
1216545,2020/21,P Kumar,Kolkata Knight Riders,Yes,Fit
1216545,2020/21,AJ Finch,Sunrisers Hyderabad,Yes,Fit
1216545,2020/21,MJ McClenaghan,Sunrisers Hyderabad,Yes,Fit
1216545,2020/21,R Vinay Kumar,Kolkata Knight Riders,No,Quad strain
1216545,2020/21,A Symonds,Kolkata Knight Riders,Yes,Fit
1216545,2020/21,Imran Tahir,Kolkata Knight Riders,Yes,Fit
1216546,2020/21,CH Morris,Delhi Capitals,Yes,Fit
1216546,2020/21,R Ashwin,Punjab Kings,Yes,Fit
1216546,2020/21,SPD Smith,Punjab Kings,Yes,Fit
1216546,2020/21,PJ Cummins,Punjab Kings,Yes,Fit
1216546,2020/21,PP Chawla,Delhi Capitals,Yes,Fit
1216546,2020/21,SL Malinga,Punjab Kings,No,Quad strain
1216546,2020/21,AK Markram,Punjab Kings,Yes,Fit
1216546,2020/21,KV Sharma,Delhi Capitals,No,Back spasm
1216546,2020/21,Imran Tahir,Delhi Capitals,Yes,Fit
1216546,2020/21,Washington Sundar,Punjab Kings,Yes,Fit
1216546,2020/21,BA Stokes,Delhi Capitals,No,Personal reasons
1216546,2020/21,Prabhsimran Singh,Delhi Capitals,Yes,Fit
1216546,2020/21,RA Jadeja,Punjab Kings,Yes,Fit
1216546,2020/21,Q de Kock,Delhi Capitals,Yes,Fit
1216546,2020/21,DJ Hooda,Delhi Capitals,No,Fever
1216546,2020/21,A Mishra,Delhi Capitals,Yes,Fit
1216546,2020/21,AD Russell,Delhi Capitals,Yes,Fit
1216546,2020/21,Sandeep Sharma,Punjab Kings,Yes,Fit
1216546,2020/21,Z Khan,Delhi Capitals,Yes,Fit
1216546,2020/21,GJ Maxwell,Punjab Kings,No,Calf injury
1216547,2020/21,RP Singh,Royal Challengers Bangalore,Yes,Fit
1216547,2020/21,KL Rahul,Royal Challengers Bangalore,Yes,Fit
1216547,2020/21,NV Ojha,Royal Challengers Bangalore,Yes,Fit
1216547,2020/21,MJ McClenaghan,Mumbai Indians,Yes,Fit
1216547,2020/21,N Rana,Mumbai Indians,Yes,Fit
1216547,2020/21,T Natarajan,Royal Challengers Bangalore,Yes,Fit
1216547,2020/21,Mohammed Siraj,Mumbai Indians,Yes,Fit
1216547,2020/21,AR Patel,Mumbai Indians,Yes,Fit
1216547,2020/21,MEK Hussey,Mumbai Indians,Yes,Fit
1216547,2020/21,A Mishra,Mumbai Indians,Yes,Fit
1216547,2020/21,DJ Hussey,Royal Challengers Bangalore,Yes,Fit
1216547,2020/21,PJ Cummins,Mumbai Indians,Yes,Fit
1216547,2020/21,AT Rayudu,Mumbai Indians,Yes,Fit
1216547,2020/21,RD Gaikwad,Mumbai Indians,Yes,Fit
1216547,2020/21,CH Morris,Mumbai Indians,Yes,Fit
1216547,2020/21,R Bhatia,Mumbai Indians,Yes,Fit
1216547,2020/21,R Vinay Kumar,Mumbai Indians,Yes,Fit
1216547,2020/21,D Padikkal,Mumbai Indians,Yes,Fit
1216547,2020/21,SP Narine,Royal Challengers Bangalore,Yes,Fit
1216547,2020/21,Shakib Al Hasan,Mumbai Indians,Yes,Fit
1237177,2020/21,RP Singh,Mumbai Indians,Yes,Fit
1237177,2020/21,R Parag,Delhi Capitals,Yes,Fit
1237177,2020/21,MR Marsh,Mumbai Indians,Yes,Fit
1237177,2020/21,Harbhajan Singh,Mumbai Indians,Yes,Fit
1237177,2020/21,YK Pathan,Mumbai Indians,Yes,Fit
1237177,2020/21,I Sharma,Mumbai Indians,Yes,Fit
1237177,2020/21,BB McCullum,Delhi Capitals,Yes,Fit
1237177,2020/21,Kuldeep Yadav,Mumbai Indians,Yes,Fit
1237177,2020/21,MM Patel,Mumbai Indians,Yes,Fit
1237177,2020/21,JM Bairstow,Delhi Capitals,Yes,Fit
1237177,2020/21,Prabhsimran Singh,Delhi Capitals,Yes,Fit
1237177,2020/21,MM Ali,Mumbai Indians,Yes,Fit
1237177,2020/21,JP Duminy,Mumbai Indians,Yes,Fit
1237177,2020/21,NT Tilak Varma,Delhi Capitals,Yes,Fit
1237177,2020/21,SR Watson,Delhi Capitals,No,Shoulder injury
1237177,2020/21,Shubman Gill,Mumbai Indians,Yes,Fit
1237177,2020/21,AB de Villiers,Delhi Capitals,Yes,Fit
1237177,2020/21,Z Khan,Mumbai Indians,Yes,Fit
1237177,2020/21,G Gambhir,Mumbai Indians,Yes,Fit
1237177,2020/21,PP Chawla,Mumbai Indians,Yes,Fit
1237178,2020/21,A Nehra,Royal Challengers Bangalore,Yes,Fit
1237178,2020/21,R Parag,Royal Challengers Bangalore,Yes,Fit
1237178,2020/21,RV Uthappa,Royal Challengers Bangalore,No,Calf injury
1237178,2020/21,MM Ali,Royal Challengers Bangalore,Yes,Fit
1237178,2020/21,AB Dinda,Sunrisers Hyderabad,Yes,Fit
1237178,2020/21,MA Agarwal,Royal Challengers Bangalore,Yes,Fit
1237178,2020/21,DA Miller,Royal Challengers Bangalore,Yes,Fit
1237178,2020/21,K Rabada,Royal Challengers Bangalore,Yes,Fit
1237178,2020/21,A Mishra,Royal Challengers Bangalore,Yes,Fit
1237178,2020/21,N Rana,Royal Challengers Bangalore,Yes,Fit
1237178,2020/21,R Tewatia,Sunrisers Hyderabad,Yes,Fit
1237178,2020/21,Ravi Bishnoi,Royal Challengers Bangalore,Yes,Fit
1237178,2020/21,IK Pathan,Sunrisers Hyderabad,Yes,Fit
1237178,2020/21,PP Shaw,Royal Challengers Bangalore,Yes,Fit
1237178,2020/21,AJ Finch,Sunrisers Hyderabad,Yes,Fit
1237178,2020/21,SN Thakur,Royal Challengers Bangalore,Yes,Fit
1237178,2020/21,AM Rahane,Sunrisers Hyderabad,Yes,Fit
1237178,2020/21,R Ashwin,Sunrisers Hyderabad,Yes,Fit
1237178,2020/21,MA Starc,Royal Challengers Bangalore,Yes,Fit
1237178,2020/21,Imran Tahir,Sunrisers Hyderabad,Yes,Fit
1237180,2020/21,MM Ali,Sunrisers Hyderabad,Yes,Fit
1237180,2020/21,V Sehwag,Delhi Capitals,No,Covid protocol
1237180,2020/21,DA Warner,Delhi Capitals,Yes,Fit
1237180,2020/21,MK Tiwary,Delhi Capitals,Yes,Fit
1237180,2020/21,JD Unadkat,Delhi Capitals,Yes,Fit
1237180,2020/21,Rashid Khan,Delhi Capitals,Yes,Fit
1237180,2020/21,MEK Hussey,Delhi Capitals,Yes,Fit
1237180,2020/21,KK Ahmed,Delhi Capitals,Yes,Fit
1237180,2020/21,WP Saha,Sunrisers Hyderabad,Yes,Fit
1237180,2020/21,MP Stoinis,Sunrisers Hyderabad,Yes,Fit
1237180,2020/21,VR Iyer,Sunrisers Hyderabad,Yes,Fit
1237180,2020/21,AR Patel,Delhi Capitals,Yes,Fit
1237180,2020/21,Q de Kock,Sunrisers Hyderabad,Yes,Fit
1237180,2020/21,JJ Bumrah,Sunrisers Hyderabad,Yes,Fit
1237180,2020/21,SO Hetmyer,Sunrisers Hyderabad,Yes,Fit
1237180,2020/21,SR Watson,Delhi Capitals,Yes,Fit
1237180,2020/21,S Dhawan,Sunrisers Hyderabad,Yes,Fit
1237180,2020/21,Ishan Kishan,Delhi Capitals,Yes,Fit
1237180,2020/21,PA Patel,Delhi Capitals,Yes,Fit
1237180,2020/21,KC Sangakkara,Delhi Capitals,Yes,Fit
1237181,2020/21,JP Faulkner,Mumbai Indians,Yes,Fit
1237181,2020/21,DA Warner,Delhi Capitals,Yes,Fit
1237181,2020/21,MG Johnson,Delhi Capitals,Yes,Fit
1237181,2020/21,MA Agarwal,Delhi Capitals,Yes,Fit
1237181,2020/21,B Kumar,Mumbai Indians,Yes,Fit
1237181,2020/21,IK Pathan,Delhi Capitals,Yes,Fit
1237181,2020/21,PJ Cummins,Delhi Capitals,Yes,Fit
1237181,2020/21,B Sai Sudharsan,Mumbai Indians,Yes,Fit
1237181,2020/21,YBK Jaiswal,Delhi Capitals,Yes,Fit
1237181,2020/21,Mohammed Shami,Delhi Capitals,Yes,Fit
1237181,2020/21,S Dhawan,Delhi Capitals,Yes,Fit
1237181,2020/21,AR Patel,Delhi Capitals,Yes,Fit
1237181,2020/21,Z Khan,Mumbai Indians,Yes,Fit
1237181,2020/21,PA Patel,Delhi Capitals,Yes,Fit
1237181,2020/21,EJG Morgan,Mumbai Indians,Yes,Fit
1237181,2020/21,P Kumar,Mumbai Indians,Yes,Fit
1237181,2020/21,V Shankar,Mumbai Indians,Yes,Fit
1237181,2020/21,V Sehwag,Delhi Capitals,Yes,Fit
1237181,2020/21,UT Yadav,Delhi Capitals,Yes,Fit
1237181,2020/21,SS Iyer,Mumbai Indians,Yes,Fit
1254058,2021,RD Chahar,Mumbai Indians,Yes,Fit
1254058,2021,JH Kallis,Mumbai Indians,Yes,Fit
1254058,2021,AK Markram,Royal Challengers Bangalore,Yes,Fit
1254058,2021,KS Williamson,Royal Challengers Bangalore,Yes,Fit
1254058,2021,Sandeep Sharma,Mumbai Indians,Yes,Fit
1254058,2021,S Badrinath,Royal Challengers Bangalore,Yes,Fit
1254058,2021,DS Kulkarni,Royal Challengers Bangalore,Yes,Fit
1254058,2021,D Padikkal,Royal Challengers Bangalore,Yes,Fit
1254058,2021,M Morkel,Mumbai Indians,Yes,Fit
1254058,2021,AD Russell,Royal Challengers Bangalore,Yes,Fit
1254058,2021,BJ Hodge,Royal Challengers Bangalore,Yes,Fit
1254058,2021,MP Stoinis,Mumbai Indians,Yes,Fit
1254058,2021,SR Tendulkar,Mumbai Indians,Yes,Fit
1254058,2021,MK Pandey,Royal Challengers Bangalore,Yes,Fit
1254058,2021,B Kumar,Mumbai Indians,Yes,Fit
1254058,2021,BA Stokes,Royal Challengers Bangalore,Yes,Fit
1254058,2021,DA Warner,Mumbai Indians,Yes,Fit
1254058,2021,NV Ojha,Royal Challengers Bangalore,Yes,Fit
1254058,2021,WP Saha,Mumbai Indians,Yes,Fit
1254058,2021,AT Rayudu,Royal Challengers Bangalore,Yes,Fit
1254059,2021,V Kohli,Chennai Super Kings,Yes,Fit
1254059,2021,DJ Bravo,Delhi Capitals,Yes,Fit
1254059,2021,T Natarajan,Chennai Super Kings,Yes,Fit
1254059,2021,KC Sangakkara,Delhi Capitals,Yes,Fit
1254059,2021,Yuvraj Singh,Delhi Capitals,Yes,Fit
1254059,2021,DL Chahar,Chennai Super Kings,Yes,Fit
1254059,2021,SPD Smith,Chennai Super Kings,Yes,Fit
1254059,2021,DPMD Jayawardene,Delhi Capitals,Yes,Fit
1254059,2021,Harbhajan Singh,Delhi Capitals,Yes,Fit
1254059,2021,JP Faulkner,Delhi Capitals,Yes,Fit
1254059,2021,B Kumar,Chennai Super Kings,Yes,Fit
1254059,2021,DS Kulkarni,Delhi Capitals,Yes,Fit
1254059,2021,Mandeep Singh,Delhi Capitals,Yes,Fit
1254059,2021,MR Marsh,Chennai Super Kings,Yes,Fit
1254059,2021,Rashid Khan,Chennai Super Kings,Yes,Fit
1254059,2021,S Dhawan,Chennai Super Kings,Yes,Fit
1254059,2021,Shakib Al Hasan,Delhi Capitals,Yes,Fit
1254059,2021,AB Dinda,Delhi Capitals,Yes,Fit
1254059,2021,K Rabada,Delhi Capitals,Yes,Fit
1254059,2021,P Kumar,Delhi Capitals,Yes,Fit
1254060,2021,MK Pandey,Kolkata Knight Riders,No,Shoulder injury
1254060,2021,R Tewatia,Sunrisers Hyderabad,Yes,Fit
1254060,2021,V Sehwag,Kolkata Knight Riders,Yes,Fit
1254060,2021,S Dube,Kolkata Knight Riders,Yes,Fit
1254060,2021,SS Iyer,Kolkata Knight Riders,Yes,Fit
1254060,2021,JC Archer,Sunrisers Hyderabad,Yes,Fit
1254060,2021,Prabhsimran Singh,Sunrisers Hyderabad,Yes,Fit
1254060,2021,A Mishra,Sunrisers Hyderabad,Yes,Fit
1254060,2021,VR Iyer,Sunrisers Hyderabad,Yes,Fit
1254060,2021,S Dhawan,Kolkata Knight Riders,Yes,Fit
1254060,2021,SO Hetmyer,Kolkata Knight Riders,Yes,Fit
1254060,2021,GJ Maxwell,Sunrisers Hyderabad,Yes,Fit
1254060,2021,DR Smith,Kolkata Knight Riders,Yes,Fit
1254060,2021,SA Yadav,Kolkata Knight Riders,Yes,Fit
1254060,2021,PJ Cummins,Sunrisers Hyderabad,Yes,Fit
1254060,2021,N Rana,Sunrisers Hyderabad,Yes,Fit
1254060,2021,KL Rahul,Kolkata Knight Riders,Yes,Fit
1254060,2021,JH Kallis,Kolkata Knight Riders,Yes,Fit
1254060,2021,MR Marsh,Kolkata Knight Riders,Yes,Fit
1254060,2021,CH Gayle,Sunrisers Hyderabad,Yes,Fit
1254061,2021,Kuldeep Yadav,Punjab Kings,Yes,Fit
1254061,2021,PJ Cummins,Punjab Kings,Yes,Fit
1254061,2021,PP Shaw,Punjab Kings,Yes,Fit
1254061,2021,SV Samson,Rajasthan Royals,Yes,Fit
1254061,2021,PP Chawla,Rajasthan Royals,Yes,Fit
1254061,2021,DJ Hooda,Punjab Kings,Yes,Fit
1254061,2021,Washington Sundar,Rajasthan Royals,Yes,Fit
1254061,2021,R Dravid,Punjab Kings,Yes,Fit
1254061,2021,KV Sharma,Rajasthan Royals,Yes,Fit
1254061,2021,AR Patel,Punjab Kings,Yes,Fit
1254061,2021,R Bhatia,Rajasthan Royals,Yes,Fit
1254061,2021,S Dhawan,Rajasthan Royals,Yes,Fit
1254061,2021,N Pooran,Rajasthan Royals,Yes,Fit
1254061,2021,SN Thakur,Punjab Kings,Yes,Fit
1254061,2021,KA Pollard,Rajasthan Royals,Yes,Fit
1254061,2021,CV Varun,Punjab Kings,Yes,Fit
1254061,2021,N Rana,Rajasthan Royals,Yes,Fit
1254061,2021,MEK Hussey,Rajasthan Royals,Yes,Fit
1254061,2021,Shubman Gill,Punjab Kings,Yes,Fit
1254061,2021,P Kumar,Punjab Kings,Yes,Fit
1254062,2021,AK Markram,Kolkata Knight Riders,Yes,Fit
1254062,2021,A Mishra,Mumbai Indians,Yes,Fit
1254062,2021,RD Gaikwad,Kolkata Knight Riders,Yes,Fit
1254062,2021,RR Pant,Mumbai Indians,Yes,Fit
1254062,2021,BA Stokes,Kolkata Knight Riders,Yes,Fit
1254062,2021,DJ Hussey,Mumbai Indians,Yes,Fit
1254062,2021,F du Plessis,Mumbai Indians,Yes,Fit
1254062,2021,JC Buttler,Mumbai Indians,Yes,Fit
1254062,2021,KK Ahmed,Mumbai Indians,Yes,Fit
1254062,2021,R Tewatia,Kolkata Knight Riders,Yes,Fit
1254062,2021,R Vinay Kumar,Kolkata Knight Riders,Yes,Fit
1254062,2021,JM Bairstow,Kolkata Knight Riders,Yes,Fit
1254062,2021,GJ Maxwell,Mumbai Indians,Yes,Fit
1254062,2021,SPD Smith,Mumbai Indians,Yes,Fit
1254062,2021,MM Patel,Kolkata Knight Riders,Yes,Fit
1254062,2021,JA Morkel,Mumbai Indians,Yes,Fit
1254062,2021,KH Pandya,Kolkata Knight Riders,Yes,Fit
1254062,2021,SM Curran,Kolkata Knight Riders,Yes,Fit
1254062,2021,Abhishek Sharma,Mumbai Indians,Yes,Fit
1254062,2021,H Klaasen,Kolkata Knight Riders,Yes,Fit
1254063,2021,SE Marsh,Sunrisers Hyderabad,Yes,Fit
1254063,2021,DPMD Jayawardene,Sunrisers Hyderabad,Yes,Fit
1254063,2021,UT Yadav,Royal Challengers Bangalore,Yes,Fit
1254063,2021,KK Ahmed,Royal Challengers Bangalore,Yes,Fit
1254063,2021,RD Chahar,Royal Challengers Bangalore,Yes,Fit
1254063,2021,JH Kallis,Royal Challengers Bangalore,Yes,Fit
1254063,2021,B Kumar,Sunrisers Hyderabad,Yes,Fit
1254063,2021,BB McCullum,Royal Challengers Bangalore,Yes,Fit
1254063,2021,R Parag,Sunrisers Hyderabad,Yes,Fit
1254063,2021,RA Jadeja,Sunrisers Hyderabad,Yes,Fit
1254063,2021,R Tewatia,Sunrisers Hyderabad,Yes,Fit
1254063,2021,JJ Bumrah,Royal Challengers Bangalore,Yes,Fit
1254063,2021,R Vinay Kumar,Sunrisers Hyderabad,Yes,Fit
1254063,2021,JD Unadkat,Sunrisers Hyderabad,Yes,Fit
1254063,2021,JP Duminy,Sunrisers Hyderabad,Yes,Fit
1254063,2021,M Prasidh Krishna,Royal Challengers Bangalore,Yes,Fit
1254063,2021,DA Miller,Sunrisers Hyderabad,Yes,Fit
1254063,2021,SS Iyer,Sunrisers Hyderabad,Yes,Fit
1254063,2021,PJ Cummins,Sunrisers Hyderabad,Yes,Fit
1254063,2021,AC Gilchrist,Royal Challengers Bangalore,Yes,Fit
1254064,2021,I Sharma,Delhi Capitals,Yes,Fit
1254064,2021,M Vijay,Rajasthan Royals,Yes,Fit
1254064,2021,SP Narine,Rajasthan Royals,Yes,Fit
1254064,2021,A Nehra,Rajasthan Royals,Yes,Fit
1254064,2021,JA Morkel,Rajasthan Royals,Yes,Fit
1254064,2021,Shakib Al Hasan,Delhi Capitals,Yes,Fit
1254064,2021,SS Iyer,Rajasthan Royals,Yes,Fit
1254064,2021,PA Patel,Delhi Capitals,Yes,Fit
1254064,2021,Q de Kock,Delhi Capitals,Yes,Fit
1254064,2021,KK Nair,Delhi Capitals,Yes,Fit
1254064,2021,Avesh Khan,Rajasthan Royals,Yes,Fit
1254064,2021,M Morkel,Delhi Capitals,Yes,Fit
1254064,2021,UT Yadav,Rajasthan Royals,Yes,Fit
1254064,2021,RV Uthappa,Rajasthan Royals,Yes,Fit
1254064,2021,Mandeep Singh,Delhi Capitals,Yes,Fit
1254064,2021,DA Miller,Rajasthan Royals,Yes,Fit
1254064,2021,YK Pathan,Delhi Capitals,Yes,Fit
1254064,2021,NV Ojha,Rajasthan Royals,Yes,Fit
1254064,2021,R Tewatia,Delhi Capitals,Yes,Fit
1254064,2021,SE Marsh,Rajasthan Royals,Yes,Fit
1254065,2021,AM Rahane,Chennai Super Kings,Yes,Fit
1254065,2021,MG Johnson,Chennai Super Kings,Yes,Fit
1254065,2021,JP Faulkner,Chennai Super Kings,No,Quad strain
1254065,2021,RP Singh,Punjab Kings,Yes,Fit
1254065,2021,JJ Bumrah,Chennai Super Kings,Yes,Fit
1254065,2021,DJ Hussey,Punjab Kings,Yes,Fit
1254065,2021,GJ Maxwell,Chennai Super Kings,Yes,Fit
1254065,2021,BJ Hodge,Punjab Kings,Yes,Fit
1254065,2021,AR Patel,Chennai Super Kings,Yes,Fit
1254065,2021,RR Pant,Punjab Kings,Yes,Fit
1254065,2021,T Natarajan,Chennai Super Kings,Yes,Fit
1254065,2021,S Badrinath,Punjab Kings,Yes,Fit
1254065,2021,HV Patel,Chennai Super Kings,Yes,Fit
1254065,2021,MC Henriques,Chennai Super Kings,Yes,Fit
1254065,2021,K Rabada,Punjab Kings,Yes,Fit
1254065,2021,Shubman Gill,Punjab Kings,Yes,Fit
1254065,2021,SK Raina,Chennai Super Kings,Yes,Fit
1254065,2021,Washington Sundar,Punjab Kings,Yes,Fit
1254065,2021,Avesh Khan,Punjab Kings,Yes,Fit
1254065,2021,Mandeep Singh,Chennai Super Kings,Yes,Fit
1254066,2021,DR Smith,Mumbai Indians,Yes,Fit
1254066,2021,AT Rayudu,Mumbai Indians,Yes,Fit
1254066,2021,PP Ojha,Sunrisers Hyderabad,Yes,Fit
1254066,2021,SR Tendulkar,Mumbai Indians,Yes,Fit
1254066,2021,R Bhatia,Mumbai Indians,Yes,Fit
1254066,2021,AM Rahane,Mumbai Indians,Yes,Fit
1254066,2021,Arshdeep Singh,Mumbai Indians,Yes,Fit
1254066,2021,CH Morris,Sunrisers Hyderabad,Yes,Fit
1254066,2021,S Badrinath,Sunrisers Hyderabad,Yes,Fit
1254066,2021,T Natarajan,Mumbai Indians,Yes,Fit
1254066,2021,M Prasidh Krishna,Sunrisers Hyderabad,Yes,Fit
1254066,2021,KS Williamson,Mumbai Indians,Yes,Fit
1254066,2021,UT Yadav,Sunrisers Hyderabad,Yes,Fit
1254066,2021,SPD Smith,Mumbai Indians,Yes,Fit
1254066,2021,KL Rahul,Sunrisers Hyderabad,Yes,Fit
1254066,2021,AK Markram,Mumbai Indians,Yes,Fit
1254066,2021,BB McCullum,Mumbai Indians,Yes,Fit
1254066,2021,DA Miller,Mumbai Indians,Yes,Fit
1254066,2021,BA Stokes,Mumbai Indians,Yes,Fit
1254066,2021,N Pooran,Sunrisers Hyderabad,Yes,Fit
1254067,2021,DL Chahar,Royal Challengers Bangalore,Yes,Fit
1254067,2021,SE Marsh,Royal Challengers Bangalore,No,Personal reasons
1254067,2021,JP Faulkner,Kolkata Knight Riders,Yes,Fit
1254067,2021,SM Curran,Kolkata Knight Riders,Yes,Fit
1254067,2021,NT Tilak Varma,Royal Challengers Bangalore,Yes,Fit
1254067,2021,JA Morkel,Royal Challengers Bangalore,Yes,Fit
1254067,2021,K Rabada,Royal Challengers Bangalore,Yes,Fit
1254067,2021,S Dube,Kolkata Knight Riders,Yes,Fit
1254067,2021,MM Ali,Royal Challengers Bangalore,Yes,Fit
1254067,2021,I Sharma,Royal Challengers Bangalore,Yes,Fit
1254067,2021,JC Archer,Royal Challengers Bangalore,Yes,Fit
1254067,2021,SL Malinga,Kolkata Knight Riders,Yes,Fit
1254067,2021,NV Ojha,Kolkata Knight Riders,Yes,Fit
1254067,2021,DA Miller,Royal Challengers Bangalore,Yes,Fit
1254067,2021,MK Tiwary,Royal Challengers Bangalore,Yes,Fit
1254067,2021,S Dhawan,Royal Challengers Bangalore,Yes,Fit
1254067,2021,PP Shaw,Kolkata Knight Riders,Yes,Fit
1254067,2021,MG Johnson,Royal Challengers Bangalore,Yes,Fit
1254067,2021,KC Sangakkara,Kolkata Knight Riders,Yes,Fit
1254067,2021,RD Chahar,Kolkata Knight Riders,Yes,Fit
1254068,2021,AB Dinda,Delhi Capitals,Yes,Fit
1254068,2021,JH Kallis,Delhi Capitals,Yes,Fit
1254068,2021,DS Kulkarni,Punjab Kings,Yes,Fit
1254068,2021,R Dravid,Punjab Kings,Yes,Fit
1254068,2021,B Kumar,Delhi Capitals,Yes,Fit
1254068,2021,YK Pathan,Delhi Capitals,Yes,Fit
1254068,2021,MJ McClenaghan,Delhi Capitals,Yes,Fit
1254068,2021,Z Khan,Punjab Kings,Yes,Fit
1254068,2021,L Balaji,Punjab Kings,Yes,Fit
1254068,2021,AD Russell,Delhi Capitals,Yes,Fit
1254068,2021,HV Patel,Punjab Kings,Yes,Fit
1254068,2021,RG Sharma,Punjab Kings,Yes,Fit
1254068,2021,DA Miller,Delhi Capitals,Yes,Fit
1254068,2021,DR Smith,Delhi Capitals,Yes,Fit
1254068,2021,PP Chawla,Punjab Kings,Yes,Fit
1254068,2021,Abhishek Sharma,Delhi Capitals,Yes,Fit
1254068,2021,SL Malinga,Punjab Kings,Yes,Fit
1254068,2021,HH Pandya,Punjab Kings,Yes,Fit
1254068,2021,DJ Hussey,Delhi Capitals,Yes,Fit
1254068,2021,RA Jadeja,Punjab Kings,Yes,Fit
1254069,2021,Abhishek Sharma,Rajasthan Royals,Yes,Fit
1254069,2021,RD Gaikwad,Chennai Super Kings,Yes,Fit
1254069,2021,S Dhawan,Chennai Super Kings,Yes,Fit
1254069,2021,NT Tilak Varma,Rajasthan Royals,Yes,Fit
1254069,2021,CV Varun,Rajasthan Royals,Yes,Fit
1254069,2021,RR Pant,Rajasthan Royals,Yes,Fit
1254069,2021,SA Yadav,Rajasthan Royals,Yes,Fit
1254069,2021,JP Faulkner,Chennai Super Kings,Yes,Fit
1254069,2021,KC Sangakkara,Rajasthan Royals,Yes,Fit
1254069,2021,DA Miller,Rajasthan Royals,Yes,Fit
1254069,2021,MA Starc,Rajasthan Royals,Yes,Fit
1254069,2021,R Parag,Rajasthan Royals,Yes,Fit
1254069,2021,Rashid Khan,Chennai Super Kings,No,Back spasm
1254069,2021,JH Kallis,Chennai Super Kings,Yes,Fit
1254069,2021,MG Johnson,Rajasthan Royals,Yes,Fit
1254069,2021,Ishan Kishan,Rajasthan Royals,Yes,Fit
1254069,2021,Mohammed Shami,Chennai Super Kings,Yes,Fit
1254069,2021,R Vinay Kumar,Rajasthan Royals,Yes,Fit
1254069,2021,MC Henriques,Chennai Super Kings,Yes,Fit
1254069,2021,AK Markram,Rajasthan Royals,Yes,Fit
1254070,2021,Shubman Gill,Delhi Capitals,Yes,Fit
1254070,2021,MJ McClenaghan,Mumbai Indians,Yes,Fit
1254070,2021,RV Uthappa,Mumbai Indians,Yes,Fit
1254070,2021,UT Yadav,Mumbai Indians,Yes,Fit
1254070,2021,JC Archer,Delhi Capitals,Yes,Fit
1254070,2021,SO Hetmyer,Delhi Capitals,Yes,Fit
1254070,2021,KA Pollard,Mumbai Indians,Yes,Fit
1254070,2021,YBK Jaiswal,Mumbai Indians,Yes,Fit
1254070,2021,IK Pathan,Mumbai Indians,No,Covid protocol
1254070,2021,Mandeep Singh,Delhi Capitals,Yes,Fit
1254070,2021,B Kumar,Delhi Capitals,Yes,Fit
1254070,2021,Mohammed Siraj,Delhi Capitals,Yes,Fit
1254070,2021,R Dravid,Mumbai Indians,Yes,Fit
1254070,2021,NT Tilak Varma,Delhi Capitals,Yes,Fit
1254070,2021,Ishan Kishan,Mumbai Indians,Yes,Fit
1254070,2021,I Sharma,Delhi Capitals,Yes,Fit
1254070,2021,PP Shaw,Delhi Capitals,Yes,Fit
1254070,2021,KL Rahul,Mumbai Indians,Yes,Fit
1254070,2021,SR Watson,Delhi Capitals,Yes,Fit
1254070,2021,SM Curran,Mumbai Indians,Yes,Fit
1254071,2021,L Balaji,Sunrisers Hyderabad,Yes,Fit
1254071,2021,SN Thakur,Sunrisers Hyderabad,Yes,Fit
1254071,2021,G Gambhir,Punjab Kings,Yes,Fit
1254071,2021,Kuldeep Yadav,Sunrisers Hyderabad,Yes,Fit
1254071,2021,KK Nair,Punjab Kings,Yes,Fit
1254071,2021,I Sharma,Punjab Kings,Yes,Fit
1254071,2021,Ishan Kishan,Punjab Kings,Yes,Fit
1254071,2021,MA Agarwal,Punjab Kings,Yes,Fit
1254071,2021,NV Ojha,Punjab Kings,Yes,Fit
1254071,2021,KL Rahul,Punjab Kings,Yes,Fit
1254071,2021,RR Pant,Punjab Kings,Yes,Fit
1254071,2021,B Sai Sudharsan,Sunrisers Hyderabad,Yes,Fit
1254071,2021,Ravi Bishnoi,Punjab Kings,Yes,Fit
1254071,2021,AD Russell,Sunrisers Hyderabad,Yes,Fit
1254071,2021,YBK Jaiswal,Punjab Kings,Yes,Fit
1254071,2021,RP Singh,Sunrisers Hyderabad,Yes,Fit
1254071,2021,SV Samson,Sunrisers Hyderabad,Yes,Fit
1254071,2021,T Natarajan,Sunrisers Hyderabad,Yes,Fit
1254071,2021,PP Ojha,Sunrisers Hyderabad,Yes,Fit
1254071,2021,AK Markram,Sunrisers Hyderabad,Yes,Fit
1254072,2021,SR Watson,Chennai Super Kings,Yes,Fit
1254072,2021,K Rabada,Kolkata Knight Riders,Yes,Fit
1254072,2021,Q de Kock,Kolkata Knight Riders,Yes,Fit
1254072,2021,AK Markram,Kolkata Knight Riders,Yes,Fit
1254072,2021,Kuldeep Yadav,Chennai Super Kings,Yes,Fit
1254072,2021,AR Patel,Chennai Super Kings,Yes,Fit
1254072,2021,SR Tendulkar,Chennai Super Kings,Yes,Fit
1254072,2021,MM Sharma,Chennai Super Kings,Yes,Fit
1254072,2021,DJ Hussey,Chennai Super Kings,Yes,Fit
1254072,2021,MA Agarwal,Chennai Super Kings,Yes,Fit
1254072,2021,BJ Hodge,Kolkata Knight Riders,Yes,Fit
1254072,2021,R Dravid,Kolkata Knight Riders,Yes,Fit
1254072,2021,V Kohli,Chennai Super Kings,Yes,Fit
1254072,2021,AJ Finch,Kolkata Knight Riders,Yes,Fit
1254072,2021,PA Patel,Chennai Super Kings,No,Back spasm
1254072,2021,RA Jadeja,Kolkata Knight Riders,Yes,Fit
1254072,2021,S Badrinath,Chennai Super Kings,Yes,Fit
1254072,2021,N Rana,Kolkata Knight Riders,Yes,Fit
1254072,2021,DR Smith,Kolkata Knight Riders,Yes,Fit
1254072,2021,MM Ali,Chennai Super Kings,Yes,Fit
1254073,2021,KK Nair,Royal Challengers Bangalore,Yes,Fit
1254073,2021,AB de Villiers,Rajasthan Royals,Yes,Fit
1254073,2021,AR Patel,Rajasthan Royals,Yes,Fit
1254073,2021,JH Kallis,Royal Challengers Bangalore,Yes,Fit
1254073,2021,SN Thakur,Rajasthan Royals,Yes,Fit
1254073,2021,MM Ali,Royal Challengers Bangalore,Yes,Fit
1254073,2021,AC Gilchrist,Rajasthan Royals,Yes,Fit
1254073,2021,SM Curran,Royal Challengers Bangalore,Yes,Fit
1254073,2021,AK Markram,Royal Challengers Bangalore,Yes,Fit
1254073,2021,MEK Hussey,Royal Challengers Bangalore,Yes,Fit
1254073,2021,WP Saha,Royal Challengers Bangalore,Yes,Fit
1254073,2021,K Rabada,Royal Challengers Bangalore,Yes,Fit
1254073,2021,JM Bairstow,Royal Challengers Bangalore,Yes,Fit
1254073,2021,YK Pathan,Rajasthan Royals,Yes,Fit
1254073,2021,KA Pollard,Royal Challengers Bangalore,Yes,Fit
1254073,2021,TA Boult,Rajasthan Royals,Yes,Fit
1254073,2021,R Dravid,Rajasthan Royals,Yes,Fit
1254073,2021,SP Narine,Rajasthan Royals,Yes,Fit
1254073,2021,Prabhsimran Singh,Rajasthan Royals,Yes,Fit
1254073,2021,Mandeep Singh,Royal Challengers Bangalore,Yes,Fit
1254074,2021,DA Miller,Punjab Kings,Yes,Fit
1254074,2021,CV Varun,Mumbai Indians,Yes,Fit
1254074,2021,AB Dinda,Mumbai Indians,Yes,Fit
1254074,2021,I Sharma,Mumbai Indians,Yes,Fit
1254074,2021,MJ McClenaghan,Mumbai Indians,Yes,Fit
1254074,2021,MC Henriques,Punjab Kings,Yes,Fit
1254074,2021,Abhishek Sharma,Mumbai Indians,Yes,Fit
1254074,2021,S Dhawan,Mumbai Indians,Yes,Fit
1254074,2021,DS Kulkarni,Mumbai Indians,Yes,Fit
1254074,2021,SR Watson,Mumbai Indians,No,Personal reasons
1254074,2021,YK Pathan,Mumbai Indians,Yes,Fit
1254074,2021,AR Patel,Punjab Kings,Yes,Fit
1254074,2021,PP Shaw,Mumbai Indians,Yes,Fit
1254074,2021,DW Steyn,Mumbai Indians,Yes,Fit
1254074,2021,KS Williamson,Mumbai Indians,Yes,Fit
1254074,2021,MM Patel,Mumbai Indians,Yes,Fit
1254074,2021,AC Gilchrist,Punjab Kings,No,Covid protocol
1254074,2021,SA Yadav,Punjab Kings,Yes,Fit
1254074,2021,R Ashwin,Mumbai Indians,Yes,Fit
1254074,2021,SP Narine,Punjab Kings,Yes,Fit
1254075,2021,Sandeep Sharma,Kolkata Knight Riders,Yes,Fit
1254075,2021,RG Sharma,Kolkata Knight Riders,Yes,Fit
1254075,2021,JC Buttler,Kolkata Knight Riders,Yes,Fit
1254075,2021,R Tewatia,Rajasthan Royals,Yes,Fit
1254075,2021,Z Khan,Rajasthan Royals,Yes,Fit
1254075,2021,PP Chawla,Rajasthan Royals,No,Back spasm
1254075,2021,DPMD Jayawardene,Kolkata Knight Riders,Yes,Fit
1254075,2021,DJ Hussey,Kolkata Knight Riders,Yes,Fit
1254075,2021,CH Gayle,Kolkata Knight Riders,Yes,Fit
1254075,2021,SP Narine,Rajasthan Royals,Yes,Fit
1254075,2021,SPD Smith,Kolkata Knight Riders,Yes,Fit
1254075,2021,AK Markram,Rajasthan Royals,Yes,Fit
1254075,2021,Ishan Kishan,Kolkata Knight Riders,Yes,Fit
1254075,2021,B Kumar,Rajasthan Royals,Yes,Fit
1254075,2021,A Nehra,Kolkata Knight Riders,Yes,Fit
1254075,2021,KC Sangakkara,Kolkata Knight Riders,Yes,Fit
1254075,2021,MS Dhoni,Rajasthan Royals,Yes,Fit
1254075,2021,SK Raina,Kolkata Knight Riders,Yes,Fit
1254075,2021,MP Stoinis,Kolkata Knight Riders,Yes,Fit
1254075,2021,NV Ojha,Kolkata Knight Riders,Yes,Fit
1254076,2021,BB McCullum,Royal Challengers Bangalore,Yes,Fit
1254076,2021,PP Shaw,Chennai Super Kings,Yes,Fit
1254076,2021,KA Pollard,Royal Challengers Bangalore,Yes,Fit
1254076,2021,IK Pathan,Royal Challengers Bangalore,Yes,Fit
1254076,2021,SS Iyer,Royal Challengers Bangalore,Yes,Fit
1254076,2021,A Mishra,Chennai Super Kings,Yes,Fit
1254076,2021,Ravi Bishnoi,Chennai Super Kings,Yes,Fit
1254076,2021,KK Ahmed,Royal Challengers Bangalore,Yes,Fit
1254076,2021,MG Johnson,Royal Challengers Bangalore,Yes,Fit
1254076,2021,RA Jadeja,Chennai Super Kings,Yes,Fit
1254076,2021,SN Thakur,Chennai Super Kings,Yes,Fit
1254076,2021,AK Markram,Chennai Super Kings,Yes,Fit
1254076,2021,CH Morris,Royal Challengers Bangalore,Yes,Fit
1254076,2021,SR Tendulkar,Chennai Super Kings,Yes,Fit
1254076,2021,RD Chahar,Royal Challengers Bangalore,Yes,Fit
1254076,2021,Mohammed Shami,Royal Challengers Bangalore,Yes,Fit
1254076,2021,SC Ganguly,Royal Challengers Bangalore,No,Hamstring strain
1254076,2021,B Kumar,Chennai Super Kings,Yes,Fit
1254076,2021,YK Pathan,Royal Challengers Bangalore,Yes,Fit
1254076,2021,SP Narine,Chennai Super Kings,Yes,Fit
1254077,2021,DL Chahar,Delhi Capitals,Yes,Fit
1254077,2021,MA Agarwal,Sunrisers Hyderabad,Yes,Fit
1254077,2021,Imran Tahir,Sunrisers Hyderabad,Yes,Fit
1254077,2021,T Natarajan,Sunrisers Hyderabad,No,Shoulder injury
1254077,2021,Mohammed Siraj,Delhi Capitals,Yes,Fit
1254077,2021,AC Gilchrist,Sunrisers Hyderabad,Yes,Fit
1254077,2021,JP Faulkner,Delhi Capitals,Yes,Fit
1254077,2021,MC Henriques,Delhi Capitals,No,Shoulder injury
1254077,2021,Yuvraj Singh,Sunrisers Hyderabad,Yes,Fit
1254077,2021,MR Marsh,Sunrisers Hyderabad,Yes,Fit
1254077,2021,IK Pathan,Sunrisers Hyderabad,Yes,Fit
1254077,2021,RA Jadeja,Sunrisers Hyderabad,Yes,Fit
1254077,2021,K Rabada,Sunrisers Hyderabad,Yes,Fit
1254077,2021,JP Duminy,Sunrisers Hyderabad,Yes,Fit
1254077,2021,MK Pandey,Delhi Capitals,Yes,Fit
1254077,2021,R Tewatia,Sunrisers Hyderabad,Yes,Fit
1254077,2021,V Kohli,Delhi Capitals,Yes,Fit
1254077,2021,R Bhatia,Delhi Capitals,Yes,Fit
1254077,2021,Ishan Kishan,Sunrisers Hyderabad,Yes,Fit
1254077,2021,PP Shaw,Delhi Capitals,Yes,Fit
1254078,2021,AT Rayudu,Punjab Kings,Yes,Fit
1254078,2021,DR Smith,Kolkata Knight Riders,Yes,Fit
1254078,2021,DJ Hussey,Punjab Kings,Yes,Fit
1254078,2021,YBK Jaiswal,Kolkata Knight Riders,Yes,Fit
1254078,2021,WP Saha,Punjab Kings,Yes,Fit
1254078,2021,BB McCullum,Punjab Kings,No,Calf injury
1254078,2021,MK Pandey,Kolkata Knight Riders,Yes,Fit
1254078,2021,PP Chawla,Punjab Kings,Yes,Fit
1254078,2021,K Rabada,Kolkata Knight Riders,Yes,Fit
1254078,2021,Mohammed Shami,Punjab Kings,No,Calf injury
1254078,2021,KL Rahul,Punjab Kings,Yes,Fit
1254078,2021,RV Uthappa,Kolkata Knight Riders,Yes,Fit
1254078,2021,AM Rahane,Punjab Kings,Yes,Fit
1254078,2021,SL Malinga,Punjab Kings,Yes,Fit
1254078,2021,Z Khan,Kolkata Knight Riders,No,Fever
1254078,2021,MM Ali,Punjab Kings,Yes,Fit
1254078,2021,V Kohli,Kolkata Knight Riders,Yes,Fit
1254078,2021,UT Yadav,Punjab Kings,Yes,Fit
1254078,2021,SP Narine,Kolkata Knight Riders,Yes,Fit
1254078,2021,Rashid Khan,Punjab Kings,Yes,Fit
1254079,2021,Ishan Kishan,Delhi Capitals,Yes,Fit
1254079,2021,A Nehra,Delhi Capitals,Yes,Fit
1254079,2021,A Mishra,Delhi Capitals,Yes,Fit
1254079,2021,DJ Hooda,Delhi Capitals,No,Fever
1254079,2021,K Rabada,Delhi Capitals,Yes,Fit
1254079,2021,R Bhatia,Delhi Capitals,Yes,Fit
1254079,2021,MEK Hussey,Royal Challengers Bangalore,Yes,Fit
1254079,2021,M Morkel,Delhi Capitals,Yes,Fit
1254079,2021,RD Gaikwad,Delhi Capitals,Yes,Fit
1254079,2021,S Badrinath,Royal Challengers Bangalore,Yes,Fit
1254079,2021,YS Chahal,Delhi Capitals,Yes,Fit
1254079,2021,MM Sharma,Delhi Capitals,No,Travel delay
1254079,2021,MG Johnson,Royal Challengers Bangalore,Yes,Fit
1254079,2021,SA Yadav,Royal Challengers Bangalore,Yes,Fit
1254079,2021,JD Unadkat,Delhi Capitals,Yes,Fit
1254079,2021,JJ Bumrah,Royal Challengers Bangalore,Yes,Fit
1254079,2021,S Dhawan,Royal Challengers Bangalore,Yes,Fit
1254079,2021,RD Chahar,Royal Challengers Bangalore,Yes,Fit
1254079,2021,Shakib Al Hasan,Delhi Capitals,Yes,Fit
1254079,2021,B Sai Sudharsan,Delhi Capitals,Yes,Fit
1254080,2021,AC Gilchrist,Chennai Super Kings,Yes,Fit
1254080,2021,Washington Sundar,Sunrisers Hyderabad,Yes,Fit
1254080,2021,Avesh Khan,Sunrisers Hyderabad,Yes,Fit
1254080,2021,RD Gaikwad,Sunrisers Hyderabad,Yes,Fit
1254080,2021,SS Tiwary,Sunrisers Hyderabad,Yes,Fit
1254080,2021,Imran Tahir,Chennai Super Kings,Yes,Fit
1254080,2021,MS Dhoni,Chennai Super Kings,Yes,Fit
1254080,2021,UT Yadav,Sunrisers Hyderabad,Yes,Fit
1254080,2021,SS Iyer,Chennai Super Kings,Yes,Fit
1254080,2021,YK Pathan,Sunrisers Hyderabad,Yes,Fit
1254080,2021,JC Archer,Chennai Super Kings,Yes,Fit
1254080,2021,KK Nair,Sunrisers Hyderabad,Yes,Fit
1254080,2021,RA Jadeja,Chennai Super Kings,Yes,Fit
1254080,2021,IK Pathan,Sunrisers Hyderabad,Yes,Fit
1254080,2021,CV Varun,Sunrisers Hyderabad,Yes,Fit
1254080,2021,CH Gayle,Chennai Super Kings,Yes,Fit
1254080,2021,S Badrinath,Chennai Super Kings,Yes,Fit
1254080,2021,SE Marsh,Chennai Super Kings,Yes,Fit
1254080,2021,SL Malinga,Chennai Super Kings,Yes,Fit
1254080,2021,MM Sharma,Sunrisers Hyderabad,Yes,Fit
1254081,2021,M Prasidh Krishna,Mumbai Indians,Yes,Fit
1254081,2021,CH Gayle,Rajasthan Royals,Yes,Fit
1254081,2021,AC Gilchrist,Mumbai Indians,Yes,Fit
1254081,2021,MG Johnson,Mumbai Indians,No,Covid protocol
1254081,2021,CH Morris,Rajasthan Royals,Yes,Fit
1254081,2021,SE Marsh,Rajasthan Royals,No,Quad strain
1254081,2021,MM Ali,Mumbai Indians,Yes,Fit
1254081,2021,HH Pandya,Rajasthan Royals,Yes,Fit
1254081,2021,JP Faulkner,Rajasthan Royals,Yes,Fit
1254081,2021,V Sehwag,Rajasthan Royals,Yes,Fit
1254081,2021,SM Curran,Mumbai Indians,Yes,Fit
1254081,2021,PP Shaw,Rajasthan Royals,Yes,Fit
1254081,2021,AD Russell,Rajasthan Royals,Yes,Fit
1254081,2021,DPMD Jayawardene,Mumbai Indians,Yes,Fit
1254081,2021,VR Iyer,Mumbai Indians,Yes,Fit
1254081,2021,Mohammed Siraj,Mumbai Indians,Yes,Fit
1254081,2021,YBK Jaiswal,Rajasthan Royals,Yes,Fit
1254081,2021,RD Chahar,Rajasthan Royals,Yes,Fit
1254081,2021,V Kohli,Mumbai Indians,Yes,Fit
1254081,2021,KK Ahmed,Rajasthan Royals,Yes,Fit
1254082,2021,KK Ahmed,Delhi Capitals,Yes,Fit
1254082,2021,AR Patel,Delhi Capitals,Yes,Fit
1254082,2021,JA Morkel,Delhi Capitals,Yes,Fit
1254082,2021,T Natarajan,Delhi Capitals,Yes,Fit
1254082,2021,DA Miller,Delhi Capitals,Yes,Fit
1254082,2021,YK Pathan,Delhi Capitals,Yes,Fit
1254082,2021,JM Bairstow,Kolkata Knight Riders,Yes,Fit
1254082,2021,RR Pant,Delhi Capitals,Yes,Fit
1254082,2021,SM Curran,Delhi Capitals,Yes,Fit
1254082,2021,Harbhajan Singh,Kolkata Knight Riders,Yes,Fit
1254082,2021,F du Plessis,Delhi Capitals,Yes,Fit
1254082,2021,MC Henriques,Kolkata Knight Riders,No,Finger fracture
1254082,2021,R Tewatia,Delhi Capitals,Yes,Fit
1254082,2021,BJ Hodge,Delhi Capitals,Yes,Fit
1254082,2021,JC Archer,Delhi Capitals,Yes,Fit
1254082,2021,DR Smith,Delhi Capitals,Yes,Fit
1254082,2021,MG Johnson,Kolkata Knight Riders,Yes,Fit
1254082,2021,RP Singh,Kolkata Knight Riders,Yes,Fit
1254082,2021,AK Markram,Kolkata Knight Riders,Yes,Fit
1254082,2021,Abhishek Sharma,Kolkata Knight Riders,Yes,Fit
1254083,2021,PP Shaw,Punjab Kings,Yes,Fit
1254083,2021,RA Tripathi,Punjab Kings,Yes,Fit
1254083,2021,AM Rahane,Punjab Kings,Yes,Fit
1254083,2021,AK Markram,Punjab Kings,Yes,Fit
1254083,2021,B Sai Sudharsan,Punjab Kings,Yes,Fit
1254083,2021,SS Iyer,Royal Challengers Bangalore,Yes,Fit
1254083,2021,DJ Bravo,Royal Challengers Bangalore,Yes,Fit
1254083,2021,HV Patel,Punjab Kings,Yes,Fit
1254083,2021,BA Stokes,Royal Challengers Bangalore,Yes,Fit
1254083,2021,KH Pandya,Punjab Kings,Yes,Fit
1254083,2021,SP Narine,Punjab Kings,Yes,Fit
1254083,2021,Abhishek Sharma,Royal Challengers Bangalore,Yes,Fit
1254083,2021,RP Singh,Punjab Kings,Yes,Fit
1254083,2021,DA Miller,Royal Challengers Bangalore,Yes,Fit
1254083,2021,SE Marsh,Punjab Kings,Yes,Fit
1254083,2021,YS Chahal,Punjab Kings,Yes,Fit
1254083,2021,K Rabada,Royal Challengers Bangalore,Yes,Fit
1254083,2021,Harbhajan Singh,Punjab Kings,Yes,Fit
1254083,2021,AJ Finch,Punjab Kings,Yes,Fit
1254083,2021,AT Rayudu,Royal Challengers Bangalore,Yes,Fit
1254084,2021,JH Kallis,Chennai Super Kings,Yes,Fit
1254084,2021,JC Archer,Chennai Super Kings,Yes,Fit
1254084,2021,JA Morkel,Chennai Super Kings,Yes,Fit
1254084,2021,AC Gilchrist,Chennai Super Kings,Yes,Fit
1254084,2021,SS Iyer,Mumbai Indians,Yes,Fit
1254084,2021,BJ Hodge,Chennai Super Kings,Yes,Fit
1254084,2021,RV Uthappa,Chennai Super Kings,Yes,Fit
1254084,2021,DPMD Jayawardene,Chennai Super Kings,Yes,Fit
1254084,2021,S Dhawan,Chennai Super Kings,Yes,Fit
1254084,2021,MK Tiwary,Mumbai Indians,Yes,Fit
1254084,2021,AK Markram,Mumbai Indians,Yes,Fit
1254084,2021,F du Plessis,Chennai Super Kings,No,Hamstring strain
1254084,2021,JD Unadkat,Mumbai Indians,Yes,Fit
1254084,2021,Imran Tahir,Mumbai Indians,Yes,Fit
1254084,2021,DL Chahar,Chennai Super Kings,Yes,Fit
1254084,2021,YBK Jaiswal,Mumbai Indians,Yes,Fit
1254084,2021,Harbhajan Singh,Chennai Super Kings,Yes,Fit
1254084,2021,MM Sharma,Chennai Super Kings,Yes,Fit
1254084,2021,AT Rayudu,Mumbai Indians,Yes,Fit
1254084,2021,H Klaasen,Chennai Super Kings,Yes,Fit
1254085,2021,MR Marsh,Sunrisers Hyderabad,Yes,Fit
1254085,2021,Yuvraj Singh,Sunrisers Hyderabad,Yes,Fit
1254085,2021,G Gambhir,Sunrisers Hyderabad,Yes,Fit
1254085,2021,PP Chawla,Rajasthan Royals,Yes,Fit
1254085,2021,Ravi Bishnoi,Sunrisers Hyderabad,Yes,Fit
1254085,2021,Shubman Gill,Rajasthan Royals,Yes,Fit
1254085,2021,KC Sangakkara,Rajasthan Royals,Yes,Fit
1254085,2021,NT Tilak Varma,Sunrisers Hyderabad,Yes,Fit
1254085,2021,DS Kulkarni,Rajasthan Royals,Yes,Fit
1254085,2021,DA Miller,Rajasthan Royals,Yes,Fit
1254085,2021,DW Steyn,Sunrisers Hyderabad,Yes,Fit
1254085,2021,PP Shaw,Rajasthan Royals,Yes,Fit
1254085,2021,KV Sharma,Rajasthan Royals,Yes,Fit
1254085,2021,RP Singh,Sunrisers Hyderabad,Yes,Fit
1254085,2021,IK Pathan,Sunrisers Hyderabad,Yes,Fit
1254085,2021,KK Ahmed,Rajasthan Royals,Yes,Fit
1254085,2021,T Natarajan,Rajasthan Royals,Yes,Fit
1254085,2021,SS Tiwary,Rajasthan Royals,Yes,Fit
1254085,2021,SPD Smith,Sunrisers Hyderabad,Yes,Fit
1254085,2021,MEK Hussey,Sunrisers Hyderabad,Yes,Fit
1254086,2021,Mohammed Siraj,Delhi Capitals,Yes,Fit
1254086,2021,R Dravid,Punjab Kings,Yes,Fit
1254086,2021,PJ Cummins,Delhi Capitals,Yes,Fit
1254086,2021,Imran Tahir,Delhi Capitals,Yes,Fit
1254086,2021,SO Hetmyer,Punjab Kings,Yes,Fit
1254086,2021,WP Saha,Punjab Kings,Yes,Fit
1254086,2021,AB Dinda,Delhi Capitals,Yes,Fit
1254086,2021,Washington Sundar,Delhi Capitals,Yes,Fit
1254086,2021,SK Raina,Punjab Kings,Yes,Fit
1254086,2021,SE Marsh,Punjab Kings,Yes,Fit
1254086,2021,MG Johnson,Punjab Kings,Yes,Fit
1254086,2021,JM Bairstow,Punjab Kings,Yes,Fit
1254086,2021,YS Chahal,Punjab Kings,Yes,Fit
1254086,2021,DA Warner,Punjab Kings,Yes,Fit
1254086,2021,IK Pathan,Delhi Capitals,Yes,Fit
1254086,2021,CH Gayle,Delhi Capitals,Yes,Fit
1254086,2021,MP Stoinis,Delhi Capitals,Yes,Fit
1254086,2021,V Sehwag,Delhi Capitals,Yes,Fit
1254086,2021,G Gambhir,Punjab Kings,Yes,Fit
1254086,2021,Avesh Khan,Punjab Kings,Yes,Fit
1254087,2021,SM Curran,Royal Challengers Bangalore,Yes,Fit
1254087,2021,SS Tiwary,Royal Challengers Bangalore,Yes,Fit
1254087,2021,DA Miller,Royal Challengers Bangalore,Yes,Fit
1254087,2021,K Rabada,Royal Challengers Bangalore,Yes,Fit
1254087,2021,MR Marsh,Kolkata Knight Riders,No,Suspension
1254087,2021,AJ Finch,Royal Challengers Bangalore,No,Finger fracture
1254087,2021,JJ Bumrah,Kolkata Knight Riders,Yes,Fit
1254087,2021,B Sai Sudharsan,Kolkata Knight Riders,Yes,Fit
1254087,2021,Mohammed Shami,Kolkata Knight Riders,Yes,Fit
1254087,2021,DJ Hooda,Kolkata Knight Riders,Yes,Fit
1254087,2021,WP Saha,Royal Challengers Bangalore,Yes,Fit
1254087,2021,BA Stokes,Royal Challengers Bangalore,Yes,Fit
1254087,2021,RV Uthappa,Royal Challengers Bangalore,Yes,Fit
1254087,2021,MEK Hussey,Royal Challengers Bangalore,Yes,Fit
1254087,2021,HH Pandya,Royal Challengers Bangalore,Yes,Fit
1254087,2021,H Klaasen,Royal Challengers Bangalore,Yes,Fit
1254087,2021,Imran Tahir,Kolkata Knight Riders,Yes,Fit
1254087,2021,SC Ganguly,Royal Challengers Bangalore,Yes,Fit
1254087,2021,MA Starc,Kolkata Knight Riders,Yes,Fit
1254087,2021,DJ Bravo,Royal Challengers Bangalore,Yes,Fit
1254088,2021,NT Tilak Varma,Sunrisers Hyderabad,Yes,Fit
1254088,2021,PA Patel,Sunrisers Hyderabad,Yes,Fit
1254088,2021,MEK Hussey,Sunrisers Hyderabad,Yes,Fit
1254088,2021,SN Thakur,Sunrisers Hyderabad,Yes,Fit
1254088,2021,B Sai Sudharsan,Sunrisers Hyderabad,Yes,Fit
1254088,2021,S Dhawan,Sunrisers Hyderabad,No,Back spasm
1254088,2021,DPMD Jayawardene,Sunrisers Hyderabad,Yes,Fit
1254088,2021,JC Buttler,Sunrisers Hyderabad,Yes,Fit
1254088,2021,RA Jadeja,Sunrisers Hyderabad,Yes,Fit
1254088,2021,PP Ojha,Sunrisers Hyderabad,Yes,Fit
1254088,2021,KL Rahul,Sunrisers Hyderabad,Yes,Fit
1254088,2021,MM Sharma,Sunrisers Hyderabad,Yes,Fit
1254088,2021,KH Pandya,Mumbai Indians,Yes,Fit
1254088,2021,JJ Bumrah,Sunrisers Hyderabad,Yes,Fit
1254088,2021,MP Stoinis,Mumbai Indians,Yes,Fit
1254088,2021,Prabhsimran Singh,Mumbai Indians,Yes,Fit
1254088,2021,SL Malinga,Sunrisers Hyderabad,No,Hamstring strain
1254088,2021,DA Miller,Mumbai Indians,Yes,Fit
1254088,2021,IK Pathan,Sunrisers Hyderabad,Yes,Fit
1254088,2021,Arshdeep Singh,Sunrisers Hyderabad,Yes,Fit
1254089,2021,AC Gilchrist,Chennai Super Kings,Yes,Fit
1254089,2021,R Bhatia,Chennai Super Kings,Yes,Fit
1254089,2021,PJ Cummins,Chennai Super Kings,Yes,Fit
1254089,2021,VR Iyer,Chennai Super Kings,No,Knee injury
1254089,2021,K Rabada,Chennai Super Kings,Yes,Fit
1254089,2021,PP Shaw,Rajasthan Royals,Yes,Fit
1254089,2021,M Prasidh Krishna,Rajasthan Royals,Yes,Fit
1254089,2021,DA Warner,Rajasthan Royals,Yes,Fit
1254089,2021,R Tewatia,Chennai Super Kings,Yes,Fit
1254089,2021,KD Karthik,Chennai Super Kings,Yes,Fit
1254089,2021,Washington Sundar,Rajasthan Royals,Yes,Fit
1254089,2021,H Klaasen,Rajasthan Royals,Yes,Fit
1254089,2021,S Dube,Rajasthan Royals,Yes,Fit
1254089,2021,S Dhawan,Chennai Super Kings,Yes,Fit
1254089,2021,V Kohli,Chennai Super Kings,Yes,Fit
1254089,2021,BB McCullum,Rajasthan Royals,Yes,Fit
1254089,2021,MM Patel,Chennai Super Kings,Yes,Fit
1254089,2021,F du Plessis,Rajasthan Royals,Yes,Fit
1254089,2021,SR Tendulkar,Chennai Super Kings,Yes,Fit
1254089,2021,AD Russell,Rajasthan Royals,Yes,Fit
1254090,2021,JH Kallis,Royal Challengers Bangalore,Yes,Fit
1254090,2021,RD Gaikwad,Punjab Kings,Yes,Fit
1254090,2021,RP Singh,Punjab Kings,Yes,Fit
1254090,2021,UT Yadav,Punjab Kings,Yes,Fit
1254090,2021,PP Ojha,Punjab Kings,Yes,Fit
1254090,2021,AB de Villiers,Punjab Kings,Yes,Fit
1254090,2021,Ishan Kishan,Royal Challengers Bangalore,Yes,Fit
1254090,2021,A Nehra,Royal Challengers Bangalore,Yes,Fit
1254090,2021,AB Dinda,Punjab Kings,Yes,Fit
1254090,2021,MG Johnson,Royal Challengers Bangalore,Yes,Fit
1254090,2021,SK Raina,Royal Challengers Bangalore,Yes,Fit
1254090,2021,RG Sharma,Royal Challengers Bangalore,Yes,Fit
1254090,2021,SV Samson,Punjab Kings,Yes,Fit
1254090,2021,IK Pathan,Punjab Kings,Yes,Fit
1254090,2021,SM Curran,Royal Challengers Bangalore,Yes,Fit
1254090,2021,V Shankar,Royal Challengers Bangalore,No,Quad strain
1254090,2021,EJG Morgan,Royal Challengers Bangalore,Yes,Fit
1254090,2021,NV Ojha,Royal Challengers Bangalore,Yes,Fit
1254090,2021,R Ashwin,Punjab Kings,Yes,Fit
1254090,2021,YBK Jaiswal,Punjab Kings,Yes,Fit
1254091,2021,SK Raina,Chennai Super Kings,Yes,Fit
1254091,2021,Kuldeep Yadav,Chennai Super Kings,Yes,Fit
1254091,2021,Mohammed Siraj,Chennai Super Kings,No,Knee injury
1254091,2021,AR Patel,Chennai Super Kings,No,Covid protocol
1254091,2021,RD Gaikwad,Chennai Super Kings,Yes,Fit
1254091,2021,NV Ojha,Sunrisers Hyderabad,Yes,Fit
1254091,2021,Harbhajan Singh,Sunrisers Hyderabad,Yes,Fit
1254091,2021,JH Kallis,Chennai Super Kings,Yes,Fit
1254091,2021,SE Marsh,Chennai Super Kings,Yes,Fit
1254091,2021,MP Stoinis,Chennai Super Kings,Yes,Fit
1254091,2021,DA Warner,Sunrisers Hyderabad,Yes,Fit
1254091,2021,DA Miller,Sunrisers Hyderabad,Yes,Fit
1254091,2021,KS Williamson,Chennai Super Kings,Yes,Fit
1254091,2021,A Nehra,Chennai Super Kings,Yes,Fit
1254091,2021,L Balaji,Sunrisers Hyderabad,Yes,Fit
1254091,2021,NT Tilak Varma,Chennai Super Kings,Yes,Fit
1254091,2021,T Natarajan,Sunrisers Hyderabad,Yes,Fit
1254091,2021,CV Varun,Sunrisers Hyderabad,Yes,Fit
1254091,2021,BJ Hodge,Chennai Super Kings,Yes,Fit
1254091,2021,PA Patel,Chennai Super Kings,Yes,Fit
1254092,2021,R Vinay Kumar,Delhi Capitals,Yes,Fit
1254092,2021,SS Tiwary,Kolkata Knight Riders,Yes,Fit
1254092,2021,PP Chawla,Kolkata Knight Riders,Yes,Fit
1254092,2021,Shubman Gill,Kolkata Knight Riders,Yes,Fit
1254092,2021,MJ McClenaghan,Delhi Capitals,Yes,Fit
1254092,2021,Kuldeep Yadav,Delhi Capitals,Yes,Fit
1254092,2021,JD Unadkat,Delhi Capitals,No,Shoulder injury
1254092,2021,DJ Hussey,Kolkata Knight Riders,Yes,Fit
1254092,2021,H Klaasen,Delhi Capitals,Yes,Fit
1254092,2021,MG Johnson,Kolkata Knight Riders,Yes,Fit
1254092,2021,DA Warner,Kolkata Knight Riders,Yes,Fit
1254092,2021,S Dube,Delhi Capitals,Yes,Fit
1254092,2021,JH Kallis,Kolkata Knight Riders,Yes,Fit
1254092,2021,EJG Morgan,Delhi Capitals,Yes,Fit
1254092,2021,HH Pandya,Delhi Capitals,Yes,Fit
1254092,2021,YBK Jaiswal,Kolkata Knight Riders,Yes,Fit
1254092,2021,AM Rahane,Kolkata Knight Riders,Yes,Fit
1254092,2021,Washington Sundar,Kolkata Knight Riders,Yes,Fit
1254092,2021,SK Raina,Delhi Capitals,Yes,Fit
1254092,2021,RV Uthappa,Delhi Capitals,Yes,Fit
1254093,2021,BA Stokes,Rajasthan Royals,Yes,Fit
1254093,2021,I Sharma,Rajasthan Royals,Yes,Fit
1254093,2021,AC Gilchrist,Mumbai Indians,Yes,Fit
1254093,2021,L Balaji,Rajasthan Royals,Yes,Fit
1254093,2021,R Dravid,Mumbai Indians,Yes,Fit
1254093,2021,KA Pollard,Rajasthan Royals,Yes,Fit
1254093,2021,SK Raina,Rajasthan Royals,No,Finger fracture
1254093,2021,Rashid Khan,Rajasthan Royals,Yes,Fit
1254093,2021,SV Samson,Mumbai Indians,Yes,Fit
1254093,2021,Mohammed Siraj,Mumbai Indians,Yes,Fit
1254093,2021,PP Shaw,Mumbai Indians,Yes,Fit
1254093,2021,Abhishek Sharma,Rajasthan Royals,Yes,Fit
1254093,2021,RD Gaikwad,Rajasthan Royals,Yes,Fit
1254093,2021,B Kumar,Rajasthan Royals,Yes,Fit
1254093,2021,MA Starc,Rajasthan Royals,Yes,Fit
1254093,2021,WP Saha,Mumbai Indians,Yes,Fit
1254093,2021,Q de Kock,Mumbai Indians,Yes,Fit
1254093,2021,SL Malinga,Rajasthan Royals,Yes,Fit
1254093,2021,B Sai Sudharsan,Rajasthan Royals,Yes,Fit
1254093,2021,Yuvraj Singh,Mumbai Indians,Yes,Fit
1254094,2021,I Sharma,Chennai Super Kings,Yes,Fit
1254094,2021,Abhishek Sharma,Punjab Kings,Yes,Fit
1254094,2021,MK Pandey,Chennai Super Kings,Yes,Fit
1254094,2021,KC Sangakkara,Punjab Kings,Yes,Fit
1254094,2021,WP Saha,Punjab Kings,Yes,Fit
1254094,2021,EJG Morgan,Chennai Super Kings,No,Personal reasons
1254094,2021,T Natarajan,Punjab Kings,Yes,Fit
1254094,2021,JA Morkel,Punjab Kings,Yes,Fit
1254094,2021,KA Pollard,Punjab Kings,Yes,Fit
1254094,2021,SA Yadav,Chennai Super Kings,Yes,Fit
1254094,2021,RR Pant,Punjab Kings,Yes,Fit
1254094,2021,A Nehra,Chennai Super Kings,Yes,Fit
1254094,2021,VR Iyer,Chennai Super Kings,Yes,Fit
1254094,2021,A Mishra,Chennai Super Kings,Yes,Fit
1254094,2021,AR Patel,Punjab Kings,Yes,Fit
1254094,2021,SC Ganguly,Punjab Kings,Yes,Fit
1254094,2021,BA Stokes,Chennai Super Kings,Yes,Fit
1254094,2021,MK Tiwary,Chennai Super Kings,Yes,Fit
1254094,2021,S Dhawan,Punjab Kings,Yes,Fit
1254094,2021,JC Buttler,Punjab Kings,Yes,Fit
1254095,2021,P Kumar,Sunrisers Hyderabad,Yes,Fit
1254095,2021,VR Iyer,Sunrisers Hyderabad,Yes,Fit
1254095,2021,DL Chahar,Royal Challengers Bangalore,Yes,Fit
1254095,2021,RV Uthappa,Royal Challengers Bangalore,Yes,Fit
1254095,2021,MK Tiwary,Sunrisers Hyderabad,Yes,Fit
1254095,2021,RR Pant,Sunrisers Hyderabad,Yes,Fit
1254095,2021,AC Gilchrist,Royal Challengers Bangalore,Yes,Fit
1254095,2021,UT Yadav,Sunrisers Hyderabad,Yes,Fit
1254095,2021,PA Patel,Sunrisers Hyderabad,Yes,Fit
1254095,2021,SK Raina,Royal Challengers Bangalore,Yes,Fit
1254095,2021,JJ Bumrah,Royal Challengers Bangalore,Yes,Fit
1254095,2021,AM Rahane,Sunrisers Hyderabad,Yes,Fit
1254095,2021,DS Kulkarni,Royal Challengers Bangalore,Yes,Fit
1254095,2021,S Badrinath,Royal Challengers Bangalore,Yes,Fit
1254095,2021,Ishan Kishan,Sunrisers Hyderabad,Yes,Fit
1254095,2021,Harbhajan Singh,Royal Challengers Bangalore,Yes,Fit
1254095,2021,RA Jadeja,Royal Challengers Bangalore,Yes,Fit
1254095,2021,Abhishek Sharma,Royal Challengers Bangalore,Yes,Fit
1254095,2021,DR Smith,Royal Challengers Bangalore,Yes,Fit
1254095,2021,NV Ojha,Sunrisers Hyderabad,Yes,Fit
1254096,2021,JM Bairstow,Kolkata Knight Riders,Yes,Fit
1254096,2021,SK Raina,Mumbai Indians,Yes,Fit
1254096,2021,BB McCullum,Kolkata Knight Riders,Yes,Fit
1254096,2021,YBK Jaiswal,Mumbai Indians,Yes,Fit
1254096,2021,KS Williamson,Kolkata Knight Riders,Yes,Fit
1254096,2021,MM Ali,Kolkata Knight Riders,Yes,Fit
1254096,2021,Q de Kock,Mumbai Indians,Yes,Fit
1254096,2021,KA Pollard,Kolkata Knight Riders,Yes,Fit
1254096,2021,S Dube,Kolkata Knight Riders,Yes,Fit
1254096,2021,Z Khan,Kolkata Knight Riders,Yes,Fit
1254096,2021,SS Iyer,Mumbai Indians,Yes,Fit
1254096,2021,M Morkel,Kolkata Knight Riders,Yes,Fit
1254096,2021,SN Thakur,Mumbai Indians,Yes,Fit
1254096,2021,KH Pandya,Mumbai Indians,Yes,Fit
1254096,2021,JC Buttler,Mumbai Indians,No,Back spasm
1254096,2021,PP Shaw,Mumbai Indians,Yes,Fit
1254096,2021,Washington Sundar,Mumbai Indians,Yes,Fit
1254096,2021,B Kumar,Kolkata Knight Riders,Yes,Fit
1254096,2021,A Symonds,Kolkata Knight Riders,Yes,Fit
1254096,2021,AC Gilchrist,Kolkata Knight Riders,Yes,Fit
1254097,2021,Ishan Kishan,Rajasthan Royals,Yes,Fit
1254097,2021,G Gambhir,Rajasthan Royals,Yes,Fit
1254097,2021,MC Henriques,Rajasthan Royals,Yes,Fit
1254097,2021,Sandeep Sharma,Delhi Capitals,Yes,Fit
1254097,2021,KV Sharma,Delhi Capitals,Yes,Fit
1254097,2021,RR Pant,Delhi Capitals,Yes,Fit
1254097,2021,SN Thakur,Rajasthan Royals,Yes,Fit
1254097,2021,SE Marsh,Delhi Capitals,Yes,Fit
1254097,2021,Kuldeep Yadav,Delhi Capitals,Yes,Fit
1254097,2021,AC Gilchrist,Rajasthan Royals,Yes,Fit
1254097,2021,SP Narine,Rajasthan Royals,Yes,Fit
1254097,2021,JP Faulkner,Rajasthan Royals,No,Back spasm
1254097,2021,R Parag,Delhi Capitals,Yes,Fit
1254097,2021,Abhishek Sharma,Delhi Capitals,Yes,Fit
1254097,2021,RA Tripathi,Delhi Capitals,Yes,Fit
1254097,2021,Mandeep Singh,Delhi Capitals,Yes,Fit
1254097,2021,SO Hetmyer,Delhi Capitals,Yes,Fit
1254097,2021,SC Ganguly,Delhi Capitals,Yes,Fit
1254097,2021,EJG Morgan,Delhi Capitals,Yes,Fit
1254097,2021,SA Yadav,Rajasthan Royals,Yes,Fit
1254098,2021,PA Patel,Kolkata Knight Riders,Yes,Fit
1254098,2021,NV Ojha,Chennai Super Kings,Yes,Fit
1254098,2021,YBK Jaiswal,Chennai Super Kings,Yes,Fit
1254098,2021,N Rana,Kolkata Knight Riders,Yes,Fit
1254098,2021,RA Jadeja,Kolkata Knight Riders,Yes,Fit
1254098,2021,AK Markram,Kolkata Knight Riders,Yes,Fit
1254098,2021,KA Pollard,Chennai Super Kings,Yes,Fit
1254098,2021,Kuldeep Yadav,Chennai Super Kings,Yes,Fit
1254098,2021,MC Henriques,Chennai Super Kings,Yes,Fit
1254098,2021,R Tewatia,Kolkata Knight Riders,Yes,Fit
1254098,2021,S Dhawan,Chennai Super Kings,Yes,Fit
1254098,2021,SR Watson,Kolkata Knight Riders,Yes,Fit
1254098,2021,K Rabada,Kolkata Knight Riders,Yes,Fit
1254098,2021,Z Khan,Chennai Super Kings,Yes,Fit
1254098,2021,JC Buttler,Kolkata Knight Riders,Yes,Fit
1254098,2021,JP Duminy,Kolkata Knight Riders,Yes,Fit
1254098,2021,AB de Villiers,Chennai Super Kings,Yes,Fit
1254098,2021,MP Stoinis,Kolkata Knight Riders,Yes,Fit
1254098,2021,BB McCullum,Chennai Super Kings,Yes,Fit
1254098,2021,MM Sharma,Chennai Super Kings,No,Knee injury
1254099,2021,H Klaasen,Punjab Kings,Yes,Fit
1254099,2021,S Dube,Punjab Kings,Yes,Fit
1254099,2021,Arshdeep Singh,Mumbai Indians,Yes,Fit
1254099,2021,KA Pollard,Punjab Kings,Yes,Fit
1254099,2021,P Kumar,Mumbai Indians,Yes,Fit
1254099,2021,PP Shaw,Mumbai Indians,Yes,Fit
1254099,2021,NT Tilak Varma,Mumbai Indians,Yes,Fit
1254099,2021,V Sehwag,Mumbai Indians,Yes,Fit
1254099,2021,RR Pant,Punjab Kings,Yes,Fit
1254099,2021,Ishan Kishan,Mumbai Indians,Yes,Fit
1254099,2021,MG Johnson,Mumbai Indians,Yes,Fit
1254099,2021,S Badrinath,Mumbai Indians,Yes,Fit
1254099,2021,SV Samson,Mumbai Indians,Yes,Fit
1254099,2021,GJ Maxwell,Mumbai Indians,Yes,Fit
1254099,2021,L Balaji,Punjab Kings,Yes,Fit
1254099,2021,RG Sharma,Mumbai Indians,Yes,Fit
1254099,2021,MA Starc,Mumbai Indians,Yes,Fit
1254099,2021,AR Patel,Punjab Kings,Yes,Fit
1254099,2021,M Prasidh Krishna,Punjab Kings,Yes,Fit
1254099,2021,KC Sangakkara,Punjab Kings,Yes,Fit
1254100,2021,L Balaji,Rajasthan Royals,Yes,Fit
1254100,2021,RA Jadeja,Sunrisers Hyderabad,No,Finger fracture
1254100,2021,SA Yadav,Sunrisers Hyderabad,Yes,Fit
1254100,2021,DA Miller,Sunrisers Hyderabad,Yes,Fit
1254100,2021,CV Varun,Sunrisers Hyderabad,Yes,Fit
1254100,2021,AC Gilchrist,Rajasthan Royals,Yes,Fit
1254100,2021,VR Iyer,Rajasthan Royals,Yes,Fit
1254100,2021,SPD Smith,Rajasthan Royals,Yes,Fit
1254100,2021,JD Unadkat,Rajasthan Royals,Yes,Fit
1254100,2021,R Dravid,Rajasthan Royals,Yes,Fit
1254100,2021,MK Tiwary,Sunrisers Hyderabad,Yes,Fit
1254100,2021,UT Yadav,Rajasthan Royals,Yes,Fit
1254100,2021,A Nehra,Rajasthan Royals,Yes,Fit
1254100,2021,SL Malinga,Rajasthan Royals,Yes,Fit
1254100,2021,D Padikkal,Rajasthan Royals,Yes,Fit
1254100,2021,CH Morris,Rajasthan Royals,Yes,Fit
1254100,2021,MS Dhoni,Rajasthan Royals,Yes,Fit
1254100,2021,AT Rayudu,Rajasthan Royals,Yes,Fit
1254100,2021,Kuldeep Yadav,Rajasthan Royals,Yes,Fit
1254100,2021,AB Dinda,Sunrisers Hyderabad,Yes,Fit
1254101,2021,HH Pandya,Royal Challengers Bangalore,Yes,Fit
1254101,2021,MR Marsh,Delhi Capitals,Yes,Fit
1254101,2021,Prabhsimran Singh,Delhi Capitals,Yes,Fit
1254101,2021,SN Thakur,Delhi Capitals,Yes,Fit
1254101,2021,JH Kallis,Delhi Capitals,Yes,Fit
1254101,2021,DW Steyn,Royal Challengers Bangalore,Yes,Fit
1254101,2021,AR Patel,Royal Challengers Bangalore,Yes,Fit
1254101,2021,YS Chahal,Royal Challengers Bangalore,Yes,Fit
1254101,2021,SS Tiwary,Royal Challengers Bangalore,Yes,Fit
1254101,2021,JM Bairstow,Delhi Capitals,Yes,Fit
1254101,2021,N Pooran,Delhi Capitals,Yes,Fit
1254101,2021,DA Miller,Royal Challengers Bangalore,Yes,Fit
1254101,2021,RR Pant,Royal Challengers Bangalore,Yes,Fit
1254101,2021,IK Pathan,Delhi Capitals,Yes,Fit
1254101,2021,YK Pathan,Royal Challengers Bangalore,Yes,Fit
1254101,2021,V Shankar,Royal Challengers Bangalore,Yes,Fit
1254101,2021,Z Khan,Delhi Capitals,Yes,Fit
1254101,2021,L Balaji,Royal Challengers Bangalore,Yes,Fit
1254101,2021,BB McCullum,Royal Challengers Bangalore,Yes,Fit
1254101,2021,Yuvraj Singh,Royal Challengers Bangalore,Yes,Fit
1254102,2021,JH Kallis,Punjab Kings,Yes,Fit
1254102,2021,JP Faulkner,Punjab Kings,Yes,Fit
1254102,2021,R Vinay Kumar,Punjab Kings,Yes,Fit
1254102,2021,GJ Maxwell,Punjab Kings,Yes,Fit
1254102,2021,AM Rahane,Punjab Kings,Yes,Fit
1254102,2021,AB de Villiers,Kolkata Knight Riders,Yes,Fit
1254102,2021,V Sehwag,Punjab Kings,No,Fever
1254102,2021,YK Pathan,Kolkata Knight Riders,Yes,Fit
1254102,2021,B Sai Sudharsan,Punjab Kings,Yes,Fit
1254102,2021,Shubman Gill,Kolkata Knight Riders,Yes,Fit
1254102,2021,CH Gayle,Punjab Kings,Yes,Fit
1254102,2021,A Mishra,Kolkata Knight Riders,Yes,Fit
1254102,2021,SC Ganguly,Punjab Kings,Yes,Fit
1254102,2021,R Ashwin,Punjab Kings,Yes,Fit
1254102,2021,AT Rayudu,Punjab Kings,Yes,Fit
1254102,2021,HH Pandya,Punjab Kings,Yes,Fit
1254102,2021,Ravi Bishnoi,Punjab Kings,Yes,Fit
1254102,2021,MS Dhoni,Kolkata Knight Riders,Yes,Fit
1254102,2021,SR Tendulkar,Punjab Kings,Yes,Fit
1254102,2021,SK Raina,Punjab Kings,Yes,Fit
1254103,2021,PJ Cummins,Rajasthan Royals,Yes,Fit
1254103,2021,JP Duminy,Royal Challengers Bangalore,Yes,Fit
1254103,2021,SS Iyer,Royal Challengers Bangalore,Yes,Fit
1254103,2021,Mohammed Siraj,Rajasthan Royals,Yes,Fit
1254103,2021,AJ Finch,Royal Challengers Bangalore,Yes,Fit
1254103,2021,AD Russell,Royal Challengers Bangalore,Yes,Fit
1254103,2021,SPD Smith,Rajasthan Royals,Yes,Fit
1254103,2021,L Balaji,Rajasthan Royals,Yes,Fit
1254103,2021,NV Ojha,Rajasthan Royals,Yes,Fit
1254103,2021,Avesh Khan,Royal Challengers Bangalore,Yes,Fit
1254103,2021,YBK Jaiswal,Rajasthan Royals,Yes,Fit
1254103,2021,AC Gilchrist,Royal Challengers Bangalore,Yes,Fit
1254103,2021,PA Patel,Rajasthan Royals,No,Finger fracture
1254103,2021,VR Iyer,Royal Challengers Bangalore,Yes,Fit
1254103,2021,KK Ahmed,Royal Challengers Bangalore,Yes,Fit
1254103,2021,V Shankar,Rajasthan Royals,Yes,Fit
1254103,2021,SM Curran,Royal Challengers Bangalore,No,Knee injury
1254103,2021,AT Rayudu,Rajasthan Royals,Yes,Fit
1254103,2021,Q de Kock,Rajasthan Royals,Yes,Fit
1254103,2021,DS Kulkarni,Royal Challengers Bangalore,Yes,Fit
1254104,2021,DA Miller,Chennai Super Kings,Yes,Fit
1254104,2021,WP Saha,Mumbai Indians,Yes,Fit
1254104,2021,Shakib Al Hasan,Mumbai Indians,No,Travel delay
1254104,2021,Ishan Kishan,Mumbai Indians,Yes,Fit
1254104,2021,SO Hetmyer,Mumbai Indians,Yes,Fit
1254104,2021,NT Tilak Varma,Mumbai Indians,Yes,Fit
1254104,2021,JM Bairstow,Chennai Super Kings,Yes,Fit
1254104,2021,S Dhawan,Mumbai Indians,Yes,Fit
1254104,2021,DA Warner,Mumbai Indians,Yes,Fit
1254104,2021,Z Khan,Chennai Super Kings,Yes,Fit
1254104,2021,SS Iyer,Chennai Super Kings,Yes,Fit
1254104,2021,MR Marsh,Chennai Super Kings,Yes,Fit
1254104,2021,AR Patel,Chennai Super Kings,Yes,Fit
1254104,2021,MP Stoinis,Chennai Super Kings,Yes,Fit
1254104,2021,B Sai Sudharsan,Mumbai Indians,Yes,Fit
1254104,2021,HV Patel,Mumbai Indians,Yes,Fit
1254104,2021,A Nehra,Chennai Super Kings,Yes,Fit
1254104,2021,MJ McClenaghan,Chennai Super Kings,Yes,Fit
1254104,2021,Avesh Khan,Mumbai Indians,Yes,Fit
1254104,2021,YK Pathan,Mumbai Indians,Yes,Fit
1254105,2021,JC Archer,Delhi Capitals,Yes,Fit
1254105,2021,M Vijay,Sunrisers Hyderabad,Yes,Fit
1254105,2021,Arshdeep Singh,Delhi Capitals,Yes,Fit
1254105,2021,R Tewatia,Delhi Capitals,Yes,Fit
1254105,2021,MA Agarwal,Sunrisers Hyderabad,Yes,Fit
1254105,2021,T Natarajan,Sunrisers Hyderabad,Yes,Fit
1254105,2021,DR Smith,Delhi Capitals,Yes,Fit
1254105,2021,RA Tripathi,Delhi Capitals,Yes,Fit
1254105,2021,B Sai Sudharsan,Delhi Capitals,Yes,Fit
1254105,2021,RV Uthappa,Sunrisers Hyderabad,Yes,Fit
1254105,2021,JP Faulkner,Delhi Capitals,Yes,Fit
1254105,2021,Mohammed Siraj,Delhi Capitals,Yes,Fit
1254105,2021,A Symonds,Delhi Capitals,Yes,Fit
1254105,2021,KA Pollard,Delhi Capitals,Yes,Fit
1254105,2021,NT Tilak Varma,Delhi Capitals,Yes,Fit
1254105,2021,Shubman Gill,Delhi Capitals,No,Calf injury
1254105,2021,R Dravid,Delhi Capitals,Yes,Fit
1254105,2021,A Nehra,Delhi Capitals,Yes,Fit
1254105,2021,Abhishek Sharma,Delhi Capitals,Yes,Fit
1254105,2021,R Parag,Sunrisers Hyderabad,Yes,Fit
1254106,2021,A Mishra,Rajasthan Royals,Yes,Fit
1254106,2021,RD Chahar,Rajasthan Royals,Yes,Fit
1254106,2021,DJ Hooda,Kolkata Knight Riders,Yes,Fit
1254106,2021,KA Pollard,Kolkata Knight Riders,Yes,Fit
1254106,2021,SR Tendulkar,Kolkata Knight Riders,Yes,Fit
1254106,2021,V Kohli,Kolkata Knight Riders,Yes,Fit
1254106,2021,SR Watson,Rajasthan Royals,Yes,Fit
1254106,2021,R Vinay Kumar,Rajasthan Royals,Yes,Fit
1254106,2021,MM Ali,Kolkata Knight Riders,Yes,Fit
1254106,2021,SN Thakur,Kolkata Knight Riders,Yes,Fit
1254106,2021,AB de Villiers,Rajasthan Royals,Yes,Fit
1254106,2021,SO Hetmyer,Rajasthan Royals,Yes,Fit
1254106,2021,SS Tiwary,Kolkata Knight Riders,Yes,Fit
1254106,2021,HH Pandya,Kolkata Knight Riders,Yes,Fit
1254106,2021,JM Bairstow,Rajasthan Royals,Yes,Fit
1254106,2021,MA Agarwal,Rajasthan Royals,Yes,Fit
1254106,2021,R Tewatia,Rajasthan Royals,Yes,Fit
1254106,2021,JC Buttler,Kolkata Knight Riders,Yes,Fit
1254106,2021,NV Ojha,Rajasthan Royals,Yes,Fit
1254106,2021,MM Patel,Kolkata Knight Riders,No,Finger fracture
1254107,2021,Z Khan,Sunrisers Hyderabad,Yes,Fit
1254107,2021,Mohammed Shami,Punjab Kings,Yes,Fit
1254107,2021,Sandeep Sharma,Punjab Kings,Yes,Fit
1254107,2021,M Prasidh Krishna,Punjab Kings,Yes,Fit
1254107,2021,RV Uthappa,Sunrisers Hyderabad,Yes,Fit
1254107,2021,Shubman Gill,Sunrisers Hyderabad,Yes,Fit
1254107,2021,MA Agarwal,Sunrisers Hyderabad,No,Quad strain
1254107,2021,I Sharma,Punjab Kings,Yes,Fit
1254107,2021,NT Tilak Varma,Punjab Kings,Yes,Fit
1254107,2021,RP Singh,Sunrisers Hyderabad,Yes,Fit
1254107,2021,KS Williamson,Sunrisers Hyderabad,Yes,Fit
1254107,2021,KD Karthik,Sunrisers Hyderabad,No,Calf injury
1254107,2021,RD Gaikwad,Sunrisers Hyderabad,Yes,Fit
1254107,2021,BB McCullum,Sunrisers Hyderabad,Yes,Fit
1254107,2021,M Vijay,Sunrisers Hyderabad,Yes,Fit
1254107,2021,R Tewatia,Sunrisers Hyderabad,Yes,Fit
1254107,2021,Ishan Kishan,Punjab Kings,Yes,Fit
1254107,2021,Washington Sundar,Sunrisers Hyderabad,Yes,Fit
1254107,2021,AB Dinda,Punjab Kings,Yes,Fit
1254107,2021,AD Russell,Sunrisers Hyderabad,Yes,Fit
1254108,2021,Washington Sundar,Royal Challengers Bangalore,Yes,Fit
1254108,2021,R Dravid,Mumbai Indians,Yes,Fit
1254108,2021,RA Tripathi,Royal Challengers Bangalore,Yes,Fit
1254108,2021,RP Singh,Royal Challengers Bangalore,Yes,Fit
1254108,2021,DJ Hussey,Royal Challengers Bangalore,Yes,Fit
1254108,2021,RV Uthappa,Royal Challengers Bangalore,Yes,Fit
1254108,2021,RG Sharma,Royal Challengers Bangalore,Yes,Fit
1254108,2021,MK Pandey,Mumbai Indians,Yes,Fit
1254108,2021,HV Patel,Mumbai Indians,No,Quad strain
1254108,2021,RA Jadeja,Mumbai Indians,Yes,Fit
1254108,2021,BJ Hodge,Mumbai Indians,Yes,Fit
1254108,2021,KK Ahmed,Royal Challengers Bangalore,Yes,Fit
1254108,2021,JD Unadkat,Royal Challengers Bangalore,Yes,Fit
1254108,2021,D Padikkal,Mumbai Indians,Yes,Fit
1254108,2021,Shakib Al Hasan,Royal Challengers Bangalore,Yes,Fit
1254108,2021,TA Boult,Mumbai Indians,Yes,Fit
1254108,2021,SV Samson,Royal Challengers Bangalore,Yes,Fit
1254108,2021,RD Chahar,Royal Challengers Bangalore,Yes,Fit
1254108,2021,Arshdeep Singh,Mumbai Indians,Yes,Fit
1254108,2021,KS Williamson,Royal Challengers Bangalore,Yes,Fit
1254109,2021,DJ Hooda,Kolkata Knight Riders,Yes,Fit
1254109,2021,JH Kallis,Sunrisers Hyderabad,Yes,Fit
1254109,2021,KS Williamson,Sunrisers Hyderabad,Yes,Fit
1254109,2021,YK Pathan,Sunrisers Hyderabad,Yes,Fit
1254109,2021,Q de Kock,Kolkata Knight Riders,Yes,Fit
1254109,2021,A Nehra,Kolkata Knight Riders,Yes,Fit
1254109,2021,AK Markram,Kolkata Knight Riders,Yes,Fit
1254109,2021,RA Tripathi,Sunrisers Hyderabad,Yes,Fit
1254109,2021,JC Archer,Sunrisers Hyderabad,Yes,Fit
1254109,2021,MR Marsh,Kolkata Knight Riders,Yes,Fit
1254109,2021,MP Stoinis,Sunrisers Hyderabad,Yes,Fit
1254109,2021,HV Patel,Sunrisers Hyderabad,Yes,Fit
1254109,2021,R Tewatia,Sunrisers Hyderabad,No,Knee injury
1254109,2021,AB de Villiers,Kolkata Knight Riders,Yes,Fit
1254109,2021,MM Ali,Kolkata Knight Riders,Yes,Fit
1254109,2021,Mohammed Shami,Kolkata Knight Riders,Yes,Fit
1254109,2021,SC Ganguly,Sunrisers Hyderabad,Yes,Fit
1254109,2021,AT Rayudu,Sunrisers Hyderabad,No,Shoulder injury
1254109,2021,MM Patel,Kolkata Knight Riders,Yes,Fit
1254109,2021,RG Sharma,Sunrisers Hyderabad,No,Quad strain
1254110,2021,GJ Maxwell,Delhi Capitals,Yes,Fit
1254110,2021,V Shankar,Delhi Capitals,Yes,Fit
1254110,2021,AR Patel,Chennai Super Kings,Yes,Fit
1254110,2021,R Dravid,Chennai Super Kings,Yes,Fit
1254110,2021,Abhishek Sharma,Delhi Capitals,Yes,Fit
1254110,2021,RA Tripathi,Chennai Super Kings,Yes,Fit
1254110,2021,MP Stoinis,Delhi Capitals,Yes,Fit
1254110,2021,KD Karthik,Chennai Super Kings,Yes,Fit
1254110,2021,Harbhajan Singh,Chennai Super Kings,Yes,Fit
1254110,2021,RD Gaikwad,Chennai Super Kings,No,Quad strain
1254110,2021,RP Singh,Delhi Capitals,Yes,Fit
1254110,2021,Ravi Bishnoi,Delhi Capitals,Yes,Fit
1254110,2021,M Vijay,Chennai Super Kings,Yes,Fit
1254110,2021,S Dhawan,Chennai Super Kings,Yes,Fit
1254110,2021,RG Sharma,Chennai Super Kings,Yes,Fit
1254110,2021,Mohammed Siraj,Chennai Super Kings,Yes,Fit
1254110,2021,SR Tendulkar,Chennai Super Kings,Yes,Fit
1254110,2021,K Rabada,Delhi Capitals,Yes,Fit
1254110,2021,MK Tiwary,Chennai Super Kings,Yes,Fit
1254110,2021,S Badrinath,Delhi Capitals,Yes,Fit
1254111,2021,RA Tripathi,Punjab Kings,Yes,Fit
1254111,2021,T Natarajan,Rajasthan Royals,Yes,Fit
1254111,2021,PP Chawla,Rajasthan Royals,Yes,Fit
1254111,2021,Mohammed Siraj,Punjab Kings,Yes,Fit
1254111,2021,N Pooran,Rajasthan Royals,Yes,Fit
1254111,2021,Rashid Khan,Rajasthan Royals,Yes,Fit
1254111,2021,JA Morkel,Punjab Kings,Yes,Fit
1254111,2021,PA Patel,Punjab Kings,Yes,Fit
1254111,2021,DW Steyn,Rajasthan Royals,Yes,Fit
1254111,2021,KH Pandya,Punjab Kings,Yes,Fit
1254111,2021,HH Pandya,Punjab Kings,Yes,Fit
1254111,2021,SM Curran,Punjab Kings,Yes,Fit
1254111,2021,Avesh Khan,Rajasthan Royals,Yes,Fit
1254111,2021,AM Rahane,Rajasthan Royals,Yes,Fit
1254111,2021,Harbhajan Singh,Rajasthan Royals,Yes,Fit
1254111,2021,BB McCullum,Punjab Kings,Yes,Fit
1254111,2021,Yuvraj Singh,Rajasthan Royals,Yes,Fit
1254111,2021,Kuldeep Yadav,Rajasthan Royals,No,Hamstring strain
1254111,2021,H Klaasen,Rajasthan Royals,Yes,Fit
1254111,2021,DL Chahar,Punjab Kings,Yes,Fit
1254112,2021,SS Tiwary,Mumbai Indians,Yes,Fit
1254112,2021,SA Yadav,Mumbai Indians,Yes,Fit
1254112,2021,YK Pathan,Mumbai Indians,Yes,Fit
1254112,2021,RD Gaikwad,Mumbai Indians,No,Personal reasons
1254112,2021,DS Kulkarni,Mumbai Indians,Yes,Fit
1254112,2021,SO Hetmyer,Delhi Capitals,Yes,Fit
1254112,2021,YS Chahal,Mumbai Indians,Yes,Fit
1254112,2021,K Rabada,Mumbai Indians,Yes,Fit
1254112,2021,MJ McClenaghan,Mumbai Indians,Yes,Fit
1254112,2021,Mohammed Shami,Mumbai Indians,Yes,Fit
1254112,2021,KA Pollard,Mumbai Indians,Yes,Fit
1254112,2021,DR Smith,Delhi Capitals,Yes,Fit
1254112,2021,MM Patel,Delhi Capitals,Yes,Fit
1254112,2021,R Tewatia,Mumbai Indians,Yes,Fit
1254112,2021,Sandeep Sharma,Mumbai Indians,Yes,Fit
1254112,2021,Mohammed Siraj,Mumbai Indians,Yes,Fit
1254112,2021,EJG Morgan,Mumbai Indians,Yes,Fit
1254112,2021,SS Iyer,Mumbai Indians,Yes,Fit
1254112,2021,BB McCullum,Mumbai Indians,Yes,Fit
1254112,2021,Abhishek Sharma,Delhi Capitals,Yes,Fit
1254113,2021,JJ Bumrah,Royal Challengers Bangalore,Yes,Fit
1254113,2021,M Vijay,Royal Challengers Bangalore,Yes,Fit
1254113,2021,Mohammed Siraj,Royal Challengers Bangalore,Yes,Fit
1254113,2021,KD Karthik,Royal Challengers Bangalore,Yes,Fit
1254113,2021,SO Hetmyer,Royal Challengers Bangalore,Yes,Fit
1254113,2021,SM Curran,Royal Challengers Bangalore,Yes,Fit
1254113,2021,SK Raina,Royal Challengers Bangalore,Yes,Fit
1254113,2021,SV Samson,Chennai Super Kings,Yes,Fit
1254113,2021,DS Kulkarni,Chennai Super Kings,Yes,Fit
1254113,2021,DPMD Jayawardene,Royal Challengers Bangalore,Yes,Fit
1254113,2021,YBK Jaiswal,Chennai Super Kings,Yes,Fit
1254113,2021,R Ashwin,Chennai Super Kings,Yes,Fit
1254113,2021,AJ Finch,Royal Challengers Bangalore,Yes,Fit
1254113,2021,DA Warner,Royal Challengers Bangalore,Yes,Fit
1254113,2021,KV Sharma,Chennai Super Kings,Yes,Fit
1254113,2021,H Klaasen,Royal Challengers Bangalore,Yes,Fit
1254113,2021,Z Khan,Chennai Super Kings,Yes,Fit
1254113,2021,MEK Hussey,Royal Challengers Bangalore,Yes,Fit
1254113,2021,MM Patel,Royal Challengers Bangalore,No,Quad strain
1254113,2021,YS Chahal,Royal Challengers Bangalore,Yes,Fit
1254114,2021,MM Sharma,Chennai Super Kings,Yes,Fit
1254114,2021,DL Chahar,Delhi Capitals,Yes,Fit
1254114,2021,Mohammed Siraj,Delhi Capitals,Yes,Fit
1254114,2021,MM Patel,Chennai Super Kings,Yes,Fit
1254114,2021,CH Gayle,Chennai Super Kings,Yes,Fit
1254114,2021,RA Jadeja,Chennai Super Kings,Yes,Fit
1254114,2021,SL Malinga,Delhi Capitals,Yes,Fit
1254114,2021,AC Gilchrist,Chennai Super Kings,No,Back spasm
1254114,2021,S Dhawan,Delhi Capitals,Yes,Fit
1254114,2021,R Tewatia,Delhi Capitals,Yes,Fit
1254114,2021,JP Duminy,Delhi Capitals,Yes,Fit
1254114,2021,I Sharma,Delhi Capitals,Yes,Fit
1254114,2021,Mandeep Singh,Delhi Capitals,Yes,Fit
1254114,2021,KK Ahmed,Delhi Capitals,Yes,Fit
1254114,2021,CV Varun,Chennai Super Kings,Yes,Fit
1254114,2021,KD Karthik,Chennai Super Kings,Yes,Fit
1254114,2021,Ravi Bishnoi,Delhi Capitals,Yes,Fit
1254114,2021,JJ Bumrah,Chennai Super Kings,Yes,Fit
1254114,2021,AK Markram,Chennai Super Kings,Yes,Fit
1254114,2021,RD Chahar,Chennai Super Kings,Yes,Fit
1254115,2021,DA Warner,Kolkata Knight Riders,Yes,Fit
1254115,2021,B Sai Sudharsan,Royal Challengers Bangalore,Yes,Fit
1254115,2021,RP Singh,Kolkata Knight Riders,Yes,Fit
1254115,2021,Kuldeep Yadav,Kolkata Knight Riders,Yes,Fit
1254115,2021,PJ Cummins,Royal Challengers Bangalore,Yes,Fit
1254115,2021,KV Sharma,Royal Challengers Bangalore,Yes,Fit
1254115,2021,SV Samson,Royal Challengers Bangalore,Yes,Fit
1254115,2021,Z Khan,Royal Challengers Bangalore,Yes,Fit
1254115,2021,KK Nair,Kolkata Knight Riders,Yes,Fit
1254115,2021,SA Yadav,Kolkata Knight Riders,Yes,Fit
1254115,2021,M Morkel,Royal Challengers Bangalore,Yes,Fit
1254115,2021,EJG Morgan,Kolkata Knight Riders,No,Hamstring strain
1254115,2021,JH Kallis,Kolkata Knight Riders,Yes,Fit
1254115,2021,MM Sharma,Royal Challengers Bangalore,Yes,Fit
1254115,2021,AM Rahane,Kolkata Knight Riders,Yes,Fit
1254115,2021,RA Jadeja,Kolkata Knight Riders,Yes,Fit
1254115,2021,A Mishra,Royal Challengers Bangalore,Yes,Fit
1254115,2021,MM Patel,Royal Challengers Bangalore,Yes,Fit
1254115,2021,VR Iyer,Royal Challengers Bangalore,Yes,Fit
1254115,2021,TA Boult,Kolkata Knight Riders,Yes,Fit
1254116,2021,NT Tilak Varma,Kolkata Knight Riders,No,Calf injury
1254116,2021,Yuvraj Singh,Delhi Capitals,Yes,Fit
1254116,2021,VR Iyer,Kolkata Knight Riders,Yes,Fit
1254116,2021,R Tewatia,Delhi Capitals,Yes,Fit
1254116,2021,MA Starc,Kolkata Knight Riders,No,Calf injury
1254116,2021,M Morkel,Kolkata Knight Riders,Yes,Fit
1254116,2021,A Symonds,Delhi Capitals,Yes,Fit
1254116,2021,Mandeep Singh,Kolkata Knight Riders,Yes,Fit
1254116,2021,MG Johnson,Kolkata Knight Riders,Yes,Fit
1254116,2021,MM Sharma,Kolkata Knight Riders,Yes,Fit
1254116,2021,N Pooran,Delhi Capitals,Yes,Fit
1254116,2021,R Dravid,Delhi Capitals,Yes,Fit
1254116,2021,UT Yadav,Delhi Capitals,Yes,Fit
1254116,2021,Shakib Al Hasan,Kolkata Knight Riders,Yes,Fit
1254116,2021,JM Bairstow,Delhi Capitals,Yes,Fit
1254116,2021,MK Pandey,Kolkata Knight Riders,Yes,Fit
1254116,2021,TA Boult,Kolkata Knight Riders,Yes,Fit
1254116,2021,AR Patel,Delhi Capitals,Yes,Fit
1254116,2021,SM Curran,Delhi Capitals,Yes,Fit
1254116,2021,Avesh Khan,Delhi Capitals,Yes,Fit
1254117,2021,B Kumar,Chennai Super Kings,Yes,Fit
1254117,2021,KV Sharma,Chennai Super Kings,Yes,Fit
1254117,2021,Shakib Al Hasan,Chennai Super Kings,Yes,Fit
1254117,2021,JP Faulkner,Chennai Super Kings,Yes,Fit
1254117,2021,Mohammed Shami,Chennai Super Kings,Yes,Fit
1254117,2021,RR Pant,Chennai Super Kings,Yes,Fit
1254117,2021,HV Patel,Kolkata Knight Riders,Yes,Fit
1254117,2021,JJ Bumrah,Kolkata Knight Riders,Yes,Fit
1254117,2021,Ishan Kishan,Kolkata Knight Riders,Yes,Fit
1254117,2021,K Rabada,Kolkata Knight Riders,Yes,Fit
1254117,2021,SS Iyer,Chennai Super Kings,Yes,Fit
1254117,2021,PP Shaw,Chennai Super Kings,Yes,Fit
1254117,2021,KL Rahul,Kolkata Knight Riders,Yes,Fit
1254117,2021,PP Chawla,Kolkata Knight Riders,Yes,Fit
1254117,2021,Mandeep Singh,Chennai Super Kings,Yes,Fit
1254117,2021,S Dube,Kolkata Knight Riders,Yes,Fit
1254117,2021,Mohammed Siraj,Chennai Super Kings,Yes,Fit
1254117,2021,Harbhajan Singh,Chennai Super Kings,Yes,Fit
1254117,2021,B Sai Sudharsan,Kolkata Knight Riders,Yes,Fit
1254117,2021,SO Hetmyer,Chennai Super Kings,No,Travel delay
1304047,2022,RR Pant,Kolkata Knight Riders,Yes,Fit
1304047,2022,M Morkel,Chennai Super Kings,Yes,Fit
1304047,2022,CH Morris,Kolkata Knight Riders,Yes,Fit
1304047,2022,S Dhawan,Kolkata Knight Riders,Yes,Fit
1304047,2022,N Rana,Chennai Super Kings,Yes,Fit
1304047,2022,G Gambhir,Kolkata Knight Riders,Yes,Fit
1304047,2022,R Parag,Chennai Super Kings,Yes,Fit
1304047,2022,Mohammed Siraj,Chennai Super Kings,Yes,Fit
1304047,2022,Imran Tahir,Chennai Super Kings,Yes,Fit
1304047,2022,JP Duminy,Chennai Super Kings,Yes,Fit
1304047,2022,IK Pathan,Kolkata Knight Riders,Yes,Fit
1304047,2022,RD Gaikwad,Chennai Super Kings,Yes,Fit
1304047,2022,AR Patel,Chennai Super Kings,Yes,Fit
1304047,2022,BA Stokes,Kolkata Knight Riders,Yes,Fit
1304047,2022,SO Hetmyer,Kolkata Knight Riders,Yes,Fit
1304047,2022,JC Buttler,Kolkata Knight Riders,Yes,Fit
1304047,2022,Shakib Al Hasan,Kolkata Knight Riders,Yes,Fit
1304047,2022,MK Tiwary,Kolkata Knight Riders,Yes,Fit
1304047,2022,PP Ojha,Chennai Super Kings,Yes,Fit
1304047,2022,Arshdeep Singh,Kolkata Knight Riders,No,Finger fracture
1304048,2022,A Mishra,Mumbai Indians,Yes,Fit
1304048,2022,V Kohli,Mumbai Indians,Yes,Fit
1304048,2022,Q de Kock,Delhi Capitals,Yes,Fit
1304048,2022,Harbhajan Singh,Delhi Capitals,Yes,Fit
1304048,2022,Shakib Al Hasan,Delhi Capitals,Yes,Fit
1304048,2022,Washington Sundar,Delhi Capitals,Yes,Fit
1304048,2022,Ravi Bishnoi,Delhi Capitals,Yes,Fit
1304048,2022,JA Morkel,Mumbai Indians,Yes,Fit
1304048,2022,DS Kulkarni,Delhi Capitals,Yes,Fit
1304048,2022,KK Nair,Mumbai Indians,Yes,Fit
1304048,2022,AM Rahane,Delhi Capitals,Yes,Fit
1304048,2022,MK Tiwary,Mumbai Indians,Yes,Fit
1304048,2022,YS Chahal,Delhi Capitals,Yes,Fit
1304048,2022,CH Gayle,Mumbai Indians,Yes,Fit
1304048,2022,D Padikkal,Mumbai Indians,Yes,Fit
1304048,2022,SK Raina,Delhi Capitals,Yes,Fit
1304048,2022,HH Pandya,Delhi Capitals,Yes,Fit
1304048,2022,AR Patel,Delhi Capitals,Yes,Fit
1304048,2022,MM Sharma,Mumbai Indians,Yes,Fit
1304048,2022,RG Sharma,Delhi Capitals,Yes,Fit
1304049,2022,AB de Villiers,Punjab Kings,Yes,Fit
1304049,2022,DJ Hooda,Royal Challengers Bangalore,Yes,Fit
1304049,2022,A Symonds,Royal Challengers Bangalore,Yes,Fit
1304049,2022,UT Yadav,Royal Challengers Bangalore,Yes,Fit
1304049,2022,MG Johnson,Royal Challengers Bangalore,Yes,Fit
1304049,2022,R Ashwin,Punjab Kings,Yes,Fit
1304049,2022,RG Sharma,Royal Challengers Bangalore,Yes,Fit
1304049,2022,MR Marsh,Punjab Kings,Yes,Fit
1304049,2022,SA Yadav,Punjab Kings,No,Back spasm
1304049,2022,AC Gilchrist,Royal Challengers Bangalore,Yes,Fit
1304049,2022,SP Narine,Royal Challengers Bangalore,Yes,Fit
1304049,2022,SV Samson,Punjab Kings,Yes,Fit
1304049,2022,RV Uthappa,Punjab Kings,Yes,Fit
1304049,2022,SO Hetmyer,Punjab Kings,Yes,Fit
1304049,2022,F du Plessis,Punjab Kings,Yes,Fit
1304049,2022,MC Henriques,Royal Challengers Bangalore,Yes,Fit
1304049,2022,KV Sharma,Royal Challengers Bangalore,Yes,Fit
1304049,2022,TA Boult,Punjab Kings,Yes,Fit
1304049,2022,AJ Finch,Royal Challengers Bangalore,Yes,Fit
1304049,2022,EJG Morgan,Punjab Kings,Yes,Fit
1304050,2022,TA Boult,Lucknow Super Giants,Yes,Fit
1304050,2022,SO Hetmyer,Gujarat Titans,Yes,Fit
1304050,2022,MA Starc,Lucknow Super Giants,Yes,Fit
1304050,2022,EJG Morgan,Lucknow Super Giants,Yes,Fit
1304050,2022,MC Henriques,Lucknow Super Giants,Yes,Fit
1304050,2022,NV Ojha,Gujarat Titans,Yes,Fit
1304050,2022,S Dhawan,Lucknow Super Giants,Yes,Fit
1304050,2022,B Kumar,Lucknow Super Giants,Yes,Fit
1304050,2022,Ishan Kishan,Lucknow Super Giants,Yes,Fit
1304050,2022,DPMD Jayawardene,Lucknow Super Giants,Yes,Fit
1304050,2022,MM Ali,Lucknow Super Giants,Yes,Fit
1304050,2022,Washington Sundar,Gujarat Titans,Yes,Fit
1304050,2022,N Rana,Lucknow Super Giants,Yes,Fit
1304050,2022,AB de Villiers,Gujarat Titans,Yes,Fit
1304050,2022,MS Dhoni,Gujarat Titans,No,Shoulder injury
1304050,2022,R Dravid,Gujarat Titans,Yes,Fit
1304050,2022,PJ Cummins,Lucknow Super Giants,Yes,Fit
1304050,2022,MK Tiwary,Lucknow Super Giants,Yes,Fit
1304050,2022,Avesh Khan,Lucknow Super Giants,Yes,Fit
1304050,2022,SE Marsh,Lucknow Super Giants,Yes,Fit
1304051,2022,MP Stoinis,Sunrisers Hyderabad,No,Travel delay
1304051,2022,PJ Cummins,Sunrisers Hyderabad,Yes,Fit
1304051,2022,SA Yadav,Sunrisers Hyderabad,Yes,Fit
1304051,2022,Imran Tahir,Sunrisers Hyderabad,Yes,Fit
1304051,2022,DS Kulkarni,Rajasthan Royals,Yes,Fit
1304051,2022,RG Sharma,Rajasthan Royals,Yes,Fit
1304051,2022,M Morkel,Sunrisers Hyderabad,Yes,Fit
1304051,2022,G Gambhir,Rajasthan Royals,Yes,Fit
1304051,2022,TA Boult,Sunrisers Hyderabad,Yes,Fit
1304051,2022,RD Chahar,Rajasthan Royals,Yes,Fit
1304051,2022,BB McCullum,Rajasthan Royals,Yes,Fit
1304051,2022,NT Tilak Varma,Sunrisers Hyderabad,Yes,Fit
1304051,2022,MM Ali,Rajasthan Royals,Yes,Fit
1304051,2022,SR Tendulkar,Rajasthan Royals,Yes,Fit
1304051,2022,SK Raina,Rajasthan Royals,Yes,Fit
1304051,2022,CH Morris,Rajasthan Royals,Yes,Fit
1304051,2022,M Prasidh Krishna,Rajasthan Royals,Yes,Fit
1304051,2022,SP Narine,Sunrisers Hyderabad,Yes,Fit
1304051,2022,SPD Smith,Sunrisers Hyderabad,Yes,Fit
1304051,2022,JH Kallis,Rajasthan Royals,Yes,Fit
1304052,2022,SO Hetmyer,Kolkata Knight Riders,Yes,Fit
1304052,2022,K Rabada,Kolkata Knight Riders,Yes,Fit
1304052,2022,CH Morris,Kolkata Knight Riders,Yes,Fit
1304052,2022,R Ashwin,Royal Challengers Bangalore,Yes,Fit
1304052,2022,RP Singh,Kolkata Knight Riders,Yes,Fit
1304052,2022,A Mishra,Kolkata Knight Riders,Yes,Fit
1304052,2022,JJ Bumrah,Royal Challengers Bangalore,Yes,Fit
1304052,2022,Abhishek Sharma,Kolkata Knight Riders,Yes,Fit
1304052,2022,SS Iyer,Royal Challengers Bangalore,Yes,Fit
1304052,2022,NV Ojha,Kolkata Knight Riders,Yes,Fit
1304052,2022,RD Chahar,Kolkata Knight Riders,Yes,Fit
1304052,2022,JD Unadkat,Kolkata Knight Riders,Yes,Fit
1304052,2022,RA Tripathi,Kolkata Knight Riders,Yes,Fit
1304052,2022,SR Watson,Royal Challengers Bangalore,Yes,Fit
1304052,2022,Washington Sundar,Royal Challengers Bangalore,Yes,Fit
1304052,2022,JC Buttler,Kolkata Knight Riders,Yes,Fit
1304052,2022,Sandeep Sharma,Kolkata Knight Riders,Yes,Fit
1304052,2022,MP Stoinis,Kolkata Knight Riders,Yes,Fit
1304052,2022,JH Kallis,Kolkata Knight Riders,Yes,Fit
1304052,2022,Imran Tahir,Royal Challengers Bangalore,Yes,Fit
1304053,2022,MA Agarwal,Lucknow Super Giants,Yes,Fit
1304053,2022,M Prasidh Krishna,Chennai Super Kings,Yes,Fit
1304053,2022,DJ Hooda,Chennai Super Kings,Yes,Fit
1304053,2022,Shakib Al Hasan,Lucknow Super Giants,Yes,Fit
1304053,2022,IK Pathan,Chennai Super Kings,Yes,Fit
1304053,2022,BB McCullum,Chennai Super Kings,Yes,Fit
1304053,2022,MR Marsh,Chennai Super Kings,Yes,Fit
1304053,2022,SN Thakur,Lucknow Super Giants,Yes,Fit
1304053,2022,DJ Bravo,Lucknow Super Giants,Yes,Fit
1304053,2022,Washington Sundar,Lucknow Super Giants,Yes,Fit
1304053,2022,SM Curran,Lucknow Super Giants,Yes,Fit
1304053,2022,K Rabada,Chennai Super Kings,Yes,Fit
1304053,2022,N Rana,Lucknow Super Giants,Yes,Fit
1304053,2022,Yuvraj Singh,Chennai Super Kings,Yes,Fit
1304053,2022,JP Duminy,Chennai Super Kings,Yes,Fit
1304053,2022,JA Morkel,Chennai Super Kings,Yes,Fit
1304053,2022,Sandeep Sharma,Chennai Super Kings,Yes,Fit
1304053,2022,A Nehra,Lucknow Super Giants,Yes,Fit
1304053,2022,DA Warner,Chennai Super Kings,Yes,Fit
1304053,2022,B Sai Sudharsan,Lucknow Super Giants,Yes,Fit
1304054,2022,RA Jadeja,Punjab Kings,Yes,Fit
1304054,2022,Abhishek Sharma,Kolkata Knight Riders,Yes,Fit
1304054,2022,KS Williamson,Punjab Kings,Yes,Fit
1304054,2022,RA Tripathi,Punjab Kings,Yes,Fit
1304054,2022,S Dube,Punjab Kings,Yes,Fit
1304054,2022,RP Singh,Punjab Kings,Yes,Fit
1304054,2022,B Kumar,Kolkata Knight Riders,Yes,Fit
1304054,2022,P Kumar,Kolkata Knight Riders,No,Personal reasons
1304054,2022,SPD Smith,Punjab Kings,Yes,Fit
1304054,2022,YS Chahal,Kolkata Knight Riders,Yes,Fit
1304054,2022,SE Marsh,Punjab Kings,Yes,Fit
1304054,2022,HV Patel,Punjab Kings,Yes,Fit
1304054,2022,PA Patel,Kolkata Knight Riders,No,Calf injury
1304054,2022,BA Stokes,Kolkata Knight Riders,Yes,Fit
1304054,2022,DPMD Jayawardene,Kolkata Knight Riders,Yes,Fit
1304054,2022,F du Plessis,Kolkata Knight Riders,Yes,Fit
1304054,2022,SM Curran,Kolkata Knight Riders,Yes,Fit
1304054,2022,SK Raina,Kolkata Knight Riders,Yes,Fit
1304054,2022,Shubman Gill,Punjab Kings,Yes,Fit
1304054,2022,V Sehwag,Kolkata Knight Riders,Yes,Fit
1304055,2022,T Natarajan,Mumbai Indians,Yes,Fit
1304055,2022,SS Iyer,Mumbai Indians,Yes,Fit
1304055,2022,SM Curran,Rajasthan Royals,Yes,Fit
1304055,2022,MJ McClenaghan,Mumbai Indians,No,Suspension
1304055,2022,M Vijay,Mumbai Indians,Yes,Fit
1304055,2022,S Dube,Mumbai Indians,Yes,Fit
1304055,2022,RD Chahar,Mumbai Indians,Yes,Fit
1304055,2022,JH Kallis,Mumbai Indians,Yes,Fit
1304055,2022,AM Rahane,Rajasthan Royals,Yes,Fit
1304055,2022,KV Sharma,Rajasthan Royals,Yes,Fit
1304055,2022,DJ Bravo,Mumbai Indians,Yes,Fit
1304055,2022,YK Pathan,Rajasthan Royals,Yes,Fit
1304055,2022,AR Patel,Rajasthan Royals,Yes,Fit
1304055,2022,MEK Hussey,Rajasthan Royals,Yes,Fit
1304055,2022,SK Raina,Rajasthan Royals,Yes,Fit
1304055,2022,A Mishra,Rajasthan Royals,Yes,Fit
1304055,2022,PP Ojha,Mumbai Indians,Yes,Fit
1304055,2022,JC Archer,Rajasthan Royals,Yes,Fit
1304055,2022,Kuldeep Yadav,Rajasthan Royals,Yes,Fit
1304055,2022,A Symonds,Mumbai Indians,Yes,Fit
1304056,2022,AJ Finch,Delhi Capitals,Yes,Fit
1304056,2022,JA Morkel,Delhi Capitals,Yes,Fit
1304056,2022,Mandeep Singh,Gujarat Titans,Yes,Fit
1304056,2022,Rashid Khan,Delhi Capitals,Yes,Fit
1304056,2022,Imran Tahir,Gujarat Titans,Yes,Fit
1304056,2022,AC Gilchrist,Delhi Capitals,Yes,Fit
1304056,2022,HH Pandya,Gujarat Titans,Yes,Fit
1304056,2022,BB McCullum,Delhi Capitals,Yes,Fit
1304056,2022,F du Plessis,Delhi Capitals,Yes,Fit
1304056,2022,A Nehra,Delhi Capitals,Yes,Fit
1304056,2022,NT Tilak Varma,Delhi Capitals,No,Suspension
1304056,2022,I Sharma,Gujarat Titans,Yes,Fit
1304056,2022,Harbhajan Singh,Gujarat Titans,Yes,Fit
1304056,2022,SK Raina,Delhi Capitals,Yes,Fit
1304056,2022,KC Sangakkara,Gujarat Titans,Yes,Fit
1304056,2022,KA Pollard,Delhi Capitals,Yes,Fit
1304056,2022,WP Saha,Gujarat Titans,Yes,Fit
1304056,2022,MM Patel,Gujarat Titans,Yes,Fit
1304056,2022,AB Dinda,Delhi Capitals,Yes,Fit
1304056,2022,M Vijay,Delhi Capitals,No,Knee injury
1304057,2022,DJ Bravo,Chennai Super Kings,Yes,Fit
1304057,2022,SE Marsh,Punjab Kings,Yes,Fit
1304057,2022,Imran Tahir,Chennai Super Kings,Yes,Fit
1304057,2022,NV Ojha,Chennai Super Kings,Yes,Fit
1304057,2022,MK Tiwary,Chennai Super Kings,Yes,Fit
1304057,2022,KD Karthik,Punjab Kings,Yes,Fit
1304057,2022,Rashid Khan,Chennai Super Kings,Yes,Fit
1304057,2022,MM Sharma,Chennai Super Kings,Yes,Fit
1304057,2022,HV Patel,Chennai Super Kings,Yes,Fit
1304057,2022,T Natarajan,Chennai Super Kings,Yes,Fit
1304057,2022,KC Sangakkara,Chennai Super Kings,Yes,Fit
1304057,2022,MA Agarwal,Punjab Kings,No,Travel delay
1304057,2022,Shakib Al Hasan,Punjab Kings,Yes,Fit
1304057,2022,Ravi Bishnoi,Punjab Kings,Yes,Fit
1304057,2022,PP Shaw,Punjab Kings,Yes,Fit
1304057,2022,JC Archer,Chennai Super Kings,No,Finger fracture
1304057,2022,S Dube,Chennai Super Kings,No,Calf injury
1304057,2022,R Parag,Punjab Kings,Yes,Fit
1304057,2022,M Vijay,Chennai Super Kings,Yes,Fit
1304057,2022,JH Kallis,Chennai Super Kings,Yes,Fit
1304058,2022,PA Patel,Lucknow Super Giants,Yes,Fit
1304058,2022,DA Warner,Lucknow Super Giants,Yes,Fit
1304058,2022,MS Dhoni,Sunrisers Hyderabad,Yes,Fit
1304058,2022,DJ Hooda,Sunrisers Hyderabad,Yes,Fit
1304058,2022,UT Yadav,Sunrisers Hyderabad,Yes,Fit
1304058,2022,SE Marsh,Lucknow Super Giants,Yes,Fit
1304058,2022,YS Chahal,Lucknow Super Giants,Yes,Fit
1304058,2022,Shakib Al Hasan,Lucknow Super Giants,Yes,Fit
1304058,2022,KH Pandya,Sunrisers Hyderabad,No,Shoulder injury
1304058,2022,Imran Tahir,Sunrisers Hyderabad,Yes,Fit
1304058,2022,JD Unadkat,Sunrisers Hyderabad,Yes,Fit
1304058,2022,AR Patel,Sunrisers Hyderabad,Yes,Fit
1304058,2022,Harbhajan Singh,Lucknow Super Giants,Yes,Fit
1304058,2022,BA Stokes,Sunrisers Hyderabad,Yes,Fit
1304058,2022,Shubman Gill,Sunrisers Hyderabad,Yes,Fit
1304058,2022,K Rabada,Lucknow Super Giants,Yes,Fit
1304058,2022,TA Boult,Lucknow Super Giants,Yes,Fit
1304058,2022,RV Uthappa,Lucknow Super Giants,Yes,Fit
1304058,2022,N Pooran,Sunrisers Hyderabad,Yes,Fit
1304058,2022,IK Pathan,Sunrisers Hyderabad,Yes,Fit
1304059,2022,JH Kallis,Royal Challengers Bangalore,Yes,Fit
1304059,2022,KH Pandya,Rajasthan Royals,Yes,Fit
1304059,2022,SK Raina,Royal Challengers Bangalore,Yes,Fit
1304059,2022,SM Curran,Rajasthan Royals,Yes,Fit
1304059,2022,UT Yadav,Rajasthan Royals,Yes,Fit
1304059,2022,BA Stokes,Rajasthan Royals,Yes,Fit
1304059,2022,Mohammed Siraj,Rajasthan Royals,Yes,Fit
1304059,2022,MM Patel,Royal Challengers Bangalore,Yes,Fit
1304059,2022,RV Uthappa,Royal Challengers Bangalore,Yes,Fit
1304059,2022,MM Sharma,Royal Challengers Bangalore,Yes,Fit
1304059,2022,S Dhawan,Royal Challengers Bangalore,Yes,Fit
1304059,2022,Q de Kock,Royal Challengers Bangalore,Yes,Fit
1304059,2022,AC Gilchrist,Royal Challengers Bangalore,Yes,Fit
1304059,2022,B Kumar,Royal Challengers Bangalore,Yes,Fit
1304059,2022,DW Steyn,Rajasthan Royals,Yes,Fit
1304059,2022,M Prasidh Krishna,Rajasthan Royals,Yes,Fit
1304059,2022,G Gambhir,Royal Challengers Bangalore,Yes,Fit
1304059,2022,B Sai Sudharsan,Royal Challengers Bangalore,Yes,Fit
1304059,2022,KD Karthik,Rajasthan Royals,Yes,Fit
1304059,2022,KS Williamson,Rajasthan Royals,Yes,Fit
1304060,2022,AT Rayudu,Mumbai Indians,Yes,Fit
1304060,2022,Imran Tahir,Mumbai Indians,Yes,Fit
1304060,2022,B Sai Sudharsan,Mumbai Indians,Yes,Fit
1304060,2022,YK Pathan,Mumbai Indians,Yes,Fit
1304060,2022,RD Gaikwad,Mumbai Indians,Yes,Fit
1304060,2022,TA Boult,Mumbai Indians,Yes,Fit
1304060,2022,A Mishra,Mumbai Indians,No,Back spasm
1304060,2022,DPMD Jayawardene,Mumbai Indians,Yes,Fit
1304060,2022,Kuldeep Yadav,Kolkata Knight Riders,Yes,Fit
1304060,2022,AR Patel,Mumbai Indians,Yes,Fit
1304060,2022,AK Markram,Mumbai Indians,Yes,Fit
1304060,2022,RR Pant,Kolkata Knight Riders,Yes,Fit
1304060,2022,Ishan Kishan,Kolkata Knight Riders,Yes,Fit
1304060,2022,Shakib Al Hasan,Mumbai Indians,Yes,Fit
1304060,2022,YBK Jaiswal,Kolkata Knight Riders,Yes,Fit
1304060,2022,MR Marsh,Kolkata Knight Riders,Yes,Fit
1304060,2022,Prabhsimran Singh,Kolkata Knight Riders,No,Personal reasons
1304060,2022,NV Ojha,Kolkata Knight Riders,Yes,Fit
1304060,2022,Z Khan,Mumbai Indians,Yes,Fit
1304060,2022,SK Raina,Mumbai Indians,Yes,Fit
1304061,2022,M Vijay,Delhi Capitals,Yes,Fit
1304061,2022,PP Shaw,Delhi Capitals,Yes,Fit
1304061,2022,R Vinay Kumar,Delhi Capitals,Yes,Fit
1304061,2022,MP Stoinis,Delhi Capitals,Yes,Fit
1304061,2022,KC Sangakkara,Lucknow Super Giants,Yes,Fit
1304061,2022,YBK Jaiswal,Delhi Capitals,Yes,Fit
1304061,2022,DA Miller,Lucknow Super Giants,Yes,Fit
1304061,2022,JH Kallis,Delhi Capitals,Yes,Fit
1304061,2022,A Nehra,Delhi Capitals,Yes,Fit
1304061,2022,Ravi Bishnoi,Lucknow Super Giants,Yes,Fit
1304061,2022,NV Ojha,Delhi Capitals,Yes,Fit
1304061,2022,PA Patel,Lucknow Super Giants,Yes,Fit
1304061,2022,S Dhawan,Lucknow Super Giants,Yes,Fit
1304061,2022,PJ Cummins,Delhi Capitals,Yes,Fit
1304061,2022,Rashid Khan,Lucknow Super Giants,Yes,Fit
1304061,2022,B Kumar,Delhi Capitals,Yes,Fit
1304061,2022,JD Unadkat,Lucknow Super Giants,Yes,Fit
1304061,2022,Abhishek Sharma,Lucknow Super Giants,Yes,Fit
1304061,2022,WP Saha,Lucknow Super Giants,Yes,Fit
1304061,2022,GJ Maxwell,Lucknow Super Giants,Yes,Fit
1304062,2022,SC Ganguly,Punjab Kings,Yes,Fit
1304062,2022,MM Patel,Punjab Kings,Yes,Fit
1304062,2022,TA Boult,Gujarat Titans,Yes,Fit
1304062,2022,P Kumar,Gujarat Titans,Yes,Fit
1304062,2022,B Sai Sudharsan,Gujarat Titans,Yes,Fit
1304062,2022,R Vinay Kumar,Gujarat Titans,Yes,Fit
1304062,2022,Ravi Bishnoi,Punjab Kings,Yes,Fit
1304062,2022,HH Pandya,Punjab Kings,Yes,Fit
1304062,2022,R Tewatia,Punjab Kings,Yes,Fit
1304062,2022,Prabhsimran Singh,Punjab Kings,Yes,Fit
1304062,2022,AD Russell,Punjab Kings,Yes,Fit
1304062,2022,AT Rayudu,Gujarat Titans,Yes,Fit
1304062,2022,KC Sangakkara,Gujarat Titans,Yes,Fit
1304062,2022,DJ Hooda,Punjab Kings,Yes,Fit
1304062,2022,YS Chahal,Punjab Kings,Yes,Fit
1304062,2022,DJ Hussey,Punjab Kings,Yes,Fit
1304062,2022,CV Varun,Gujarat Titans,Yes,Fit
1304062,2022,RD Gaikwad,Gujarat Titans,Yes,Fit
1304062,2022,CH Gayle,Punjab Kings,Yes,Fit
1304062,2022,DL Chahar,Punjab Kings,Yes,Fit
1304063,2022,SC Ganguly,Chennai Super Kings,Yes,Fit
1304063,2022,JH Kallis,Sunrisers Hyderabad,Yes,Fit
1304063,2022,YK Pathan,Chennai Super Kings,No,Hamstring strain
1304063,2022,KK Nair,Chennai Super Kings,Yes,Fit
1304063,2022,R Parag,Chennai Super Kings,Yes,Fit
1304063,2022,PP Ojha,Sunrisers Hyderabad,Yes,Fit
1304063,2022,AD Russell,Sunrisers Hyderabad,Yes,Fit
1304063,2022,Mohammed Shami,Chennai Super Kings,Yes,Fit
1304063,2022,MJ McClenaghan,Sunrisers Hyderabad,Yes,Fit
1304063,2022,MA Agarwal,Sunrisers Hyderabad,No,Quad strain
1304063,2022,RD Gaikwad,Chennai Super Kings,Yes,Fit
1304063,2022,Ravi Bishnoi,Sunrisers Hyderabad,Yes,Fit
1304063,2022,MM Patel,Chennai Super Kings,No,Travel delay
1304063,2022,R Tewatia,Chennai Super Kings,Yes,Fit
1304063,2022,RP Singh,Sunrisers Hyderabad,Yes,Fit
1304063,2022,JD Unadkat,Sunrisers Hyderabad,Yes,Fit
1304063,2022,KK Ahmed,Chennai Super Kings,Yes,Fit
1304063,2022,AR Patel,Sunrisers Hyderabad,Yes,Fit
1304063,2022,DL Chahar,Sunrisers Hyderabad,No,Quad strain
1304063,2022,Z Khan,Chennai Super Kings,Yes,Fit
1304064,2022,PP Chawla,Mumbai Indians,Yes,Fit
1304064,2022,MA Starc,Royal Challengers Bangalore,Yes,Fit
1304064,2022,S Badrinath,Mumbai Indians,Yes,Fit
1304064,2022,AB Dinda,Royal Challengers Bangalore,Yes,Fit
1304064,2022,K Rabada,Royal Challengers Bangalore,Yes,Fit
1304064,2022,DJ Hussey,Royal Challengers Bangalore,Yes,Fit
1304064,2022,BB McCullum,Mumbai Indians,Yes,Fit
1304064,2022,R Dravid,Mumbai Indians,Yes,Fit
1304064,2022,Mohammed Shami,Royal Challengers Bangalore,Yes,Fit
1304064,2022,RA Jadeja,Mumbai Indians,Yes,Fit
1304064,2022,F du Plessis,Mumbai Indians,Yes,Fit
1304064,2022,B Sai Sudharsan,Royal Challengers Bangalore,Yes,Fit
1304064,2022,L Balaji,Royal Challengers Bangalore,Yes,Fit
1304064,2022,SN Thakur,Royal Challengers Bangalore,No,Suspension
1304064,2022,BJ Hodge,Mumbai Indians,Yes,Fit
1304064,2022,RV Uthappa,Mumbai Indians,No,Suspension
1304064,2022,KD Karthik,Mumbai Indians,Yes,Fit
1304064,2022,MK Pandey,Mumbai Indians,Yes,Fit
1304064,2022,Shakib Al Hasan,Royal Challengers Bangalore,Yes,Fit
1304064,2022,AK Markram,Mumbai Indians,Yes,Fit
1304065,2022,JC Buttler,Kolkata Knight Riders,Yes,Fit
1304065,2022,JM Bairstow,Delhi Capitals,Yes,Fit
1304065,2022,PJ Cummins,Delhi Capitals,Yes,Fit
1304065,2022,Rashid Khan,Kolkata Knight Riders,Yes,Fit
1304065,2022,Harbhajan Singh,Delhi Capitals,Yes,Fit
1304065,2022,PP Chawla,Delhi Capitals,Yes,Fit
1304065,2022,R Tewatia,Delhi Capitals,Yes,Fit
1304065,2022,Shakib Al Hasan,Delhi Capitals,Yes,Fit
1304065,2022,A Symonds,Delhi Capitals,Yes,Fit
1304065,2022,VR Iyer,Delhi Capitals,Yes,Fit
1304065,2022,SA Yadav,Kolkata Knight Riders,Yes,Fit
1304065,2022,AR Patel,Kolkata Knight Riders,Yes,Fit
1304065,2022,Imran Tahir,Delhi Capitals,Yes,Fit
1304065,2022,MA Starc,Delhi Capitals,Yes,Fit
1304065,2022,Sandeep Sharma,Delhi Capitals,Yes,Fit
1304065,2022,D Padikkal,Delhi Capitals,Yes,Fit
1304065,2022,BJ Hodge,Delhi Capitals,Yes,Fit
1304065,2022,NT Tilak Varma,Kolkata Knight Riders,Yes,Fit
1304065,2022,AJ Finch,Kolkata Knight Riders,Yes,Fit
1304065,2022,JA Morkel,Kolkata Knight Riders,No,Covid protocol
1304066,2022,R Vinay Kumar,Lucknow Super Giants,Yes,Fit
1304066,2022,JA Morkel,Rajasthan Royals,Yes,Fit
1304066,2022,MP Stoinis,Lucknow Super Giants,Yes,Fit
1304066,2022,HV Patel,Rajasthan Royals,Yes,Fit
1304066,2022,PP Chawla,Rajasthan Royals,Yes,Fit
1304066,2022,KH Pandya,Lucknow Super Giants,Yes,Fit
1304066,2022,Abhishek Sharma,Rajasthan Royals,Yes,Fit
1304066,2022,S Dube,Rajasthan Royals,Yes,Fit
1304066,2022,N Pooran,Rajasthan Royals,Yes,Fit
1304066,2022,N Rana,Lucknow Super Giants,Yes,Fit
1304066,2022,Harbhajan Singh,Rajasthan Royals,Yes,Fit
1304066,2022,JD Unadkat,Rajasthan Royals,Yes,Fit
1304066,2022,YBK Jaiswal,Lucknow Super Giants,Yes,Fit
1304066,2022,BB McCullum,Lucknow Super Giants,Yes,Fit
1304066,2022,DA Miller,Lucknow Super Giants,Yes,Fit
1304066,2022,Q de Kock,Rajasthan Royals,Yes,Fit
1304066,2022,RV Uthappa,Lucknow Super Giants,Yes,Fit
1304066,2022,M Prasidh Krishna,Lucknow Super Giants,Yes,Fit
1304066,2022,SC Ganguly,Lucknow Super Giants,Yes,Fit
1304066,2022,JC Buttler,Lucknow Super Giants,Yes,Fit
1304067,2022,T Natarajan,Gujarat Titans,Yes,Fit
1304067,2022,KL Rahul,Sunrisers Hyderabad,Yes,Fit
1304067,2022,YK Pathan,Gujarat Titans,Yes,Fit
1304067,2022,NT Tilak Varma,Sunrisers Hyderabad,Yes,Fit
1304067,2022,M Morkel,Sunrisers Hyderabad,Yes,Fit
1304067,2022,SA Yadav,Gujarat Titans,Yes,Fit
1304067,2022,A Nehra,Sunrisers Hyderabad,Yes,Fit
1304067,2022,YS Chahal,Gujarat Titans,No,Suspension
1304067,2022,Mohammed Shami,Sunrisers Hyderabad,Yes,Fit
1304067,2022,S Dhawan,Sunrisers Hyderabad,Yes,Fit
1304067,2022,RG Sharma,Gujarat Titans,Yes,Fit
1304067,2022,DL Chahar,Gujarat Titans,Yes,Fit
1304067,2022,UT Yadav,Sunrisers Hyderabad,Yes,Fit
1304067,2022,N Pooran,Gujarat Titans,Yes,Fit
1304067,2022,DPMD Jayawardene,Gujarat Titans,Yes,Fit
1304067,2022,Q de Kock,Gujarat Titans,Yes,Fit
1304067,2022,AB Dinda,Gujarat Titans,Yes,Fit
1304067,2022,SL Malinga,Gujarat Titans,Yes,Fit
1304067,2022,MM Ali,Gujarat Titans,Yes,Fit
1304067,2022,JH Kallis,Sunrisers Hyderabad,Yes,Fit
1304068,2022,L Balaji,Royal Challengers Bangalore,Yes,Fit
1304068,2022,JH Kallis,Chennai Super Kings,Yes,Fit
1304068,2022,A Mishra,Chennai Super Kings,Yes,Fit
1304068,2022,AR Patel,Royal Challengers Bangalore,Yes,Fit
1304068,2022,SL Malinga,Royal Challengers Bangalore,Yes,Fit
1304068,2022,KV Sharma,Chennai Super Kings,No,Travel delay
1304068,2022,F du Plessis,Royal Challengers Bangalore,Yes,Fit
1304068,2022,B Kumar,Royal Challengers Bangalore,Yes,Fit
1304068,2022,DJ Bravo,Chennai Super Kings,Yes,Fit
1304068,2022,Prabhsimran Singh,Royal Challengers Bangalore,Yes,Fit
1304068,2022,SS Tiwary,Royal Challengers Bangalore,Yes,Fit
1304068,2022,V Kohli,Royal Challengers Bangalore,Yes,Fit
1304068,2022,MA Starc,Royal Challengers Bangalore,Yes,Fit
1304068,2022,AJ Finch,Royal Challengers Bangalore,Yes,Fit
1304068,2022,AM Rahane,Chennai Super Kings,Yes,Fit
1304068,2022,D Padikkal,Royal Challengers Bangalore,Yes,Fit
1304068,2022,RP Singh,Royal Challengers Bangalore,No,Quad strain
1304068,2022,Arshdeep Singh,Chennai Super Kings,Yes,Fit
1304068,2022,V Sehwag,Royal Challengers Bangalore,Yes,Fit
1304068,2022,DL Chahar,Royal Challengers Bangalore,Yes,Fit
1304069,2022,SR Watson,Mumbai Indians,Yes,Fit
1304069,2022,KA Pollard,Punjab Kings,Yes,Fit
1304069,2022,MR Marsh,Mumbai Indians,Yes,Fit
1304069,2022,MK Pandey,Punjab Kings,Yes,Fit
1304069,2022,AB de Villiers,Punjab Kings,Yes,Fit
1304069,2022,DS Kulkarni,Mumbai Indians,Yes,Fit
1304069,2022,K Rabada,Mumbai Indians,No,Travel delay
1304069,2022,KS Williamson,Punjab Kings,Yes,Fit
1304069,2022,SR Tendulkar,Mumbai Indians,Yes,Fit
1304069,2022,JC Buttler,Punjab Kings,Yes,Fit
1304069,2022,R Tewatia,Mumbai Indians,Yes,Fit
1304069,2022,BJ Hodge,Mumbai Indians,Yes,Fit
1304069,2022,MM Patel,Punjab Kings,Yes,Fit
1304069,2022,P Kumar,Mumbai Indians,Yes,Fit
1304069,2022,PA Patel,Punjab Kings,No,Calf injury
1304069,2022,JD Unadkat,Punjab Kings,Yes,Fit
1304069,2022,Kuldeep Yadav,Mumbai Indians,Yes,Fit
1304069,2022,SM Curran,Mumbai Indians,Yes,Fit
1304069,2022,D Padikkal,Punjab Kings,Yes,Fit
1304069,2022,M Prasidh Krishna,Punjab Kings,Yes,Fit
1304070,2022,RR Pant,Gujarat Titans,Yes,Fit
1304070,2022,MM Patel,Rajasthan Royals,Yes,Fit
1304070,2022,BJ Hodge,Gujarat Titans,Yes,Fit
1304070,2022,B Sai Sudharsan,Gujarat Titans,No,Covid protocol
1304070,2022,PP Chawla,Gujarat Titans,Yes,Fit
1304070,2022,R Bhatia,Rajasthan Royals,Yes,Fit
1304070,2022,MC Henriques,Gujarat Titans,Yes,Fit
1304070,2022,BA Stokes,Rajasthan Royals,Yes,Fit
1304070,2022,PA Patel,Gujarat Titans,Yes,Fit
1304070,2022,L Balaji,Rajasthan Royals,No,Covid protocol
1304070,2022,MA Starc,Gujarat Titans,Yes,Fit
1304070,2022,G Gambhir,Rajasthan Royals,Yes,Fit
1304070,2022,SK Raina,Rajasthan Royals,Yes,Fit
1304070,2022,Rashid Khan,Rajasthan Royals,No,Knee injury
1304070,2022,CH Gayle,Rajasthan Royals,Yes,Fit
1304070,2022,DJ Hussey,Gujarat Titans,Yes,Fit
1304070,2022,RD Chahar,Rajasthan Royals,Yes,Fit
1304070,2022,PJ Cummins,Gujarat Titans,Yes,Fit
1304070,2022,MS Dhoni,Rajasthan Royals,Yes,Fit
1304070,2022,Q de Kock,Rajasthan Royals,Yes,Fit
1304071,2022,K Rabada,Kolkata Knight Riders,Yes,Fit
1304071,2022,Q de Kock,Kolkata Knight Riders,Yes,Fit
1304071,2022,VR Iyer,Sunrisers Hyderabad,Yes,Fit
1304071,2022,KV Sharma,Kolkata Knight Riders,Yes,Fit
1304071,2022,Arshdeep Singh,Sunrisers Hyderabad,Yes,Fit
1304071,2022,H Klaasen,Kolkata Knight Riders,Yes,Fit
1304071,2022,KK Nair,Sunrisers Hyderabad,Yes,Fit
1304071,2022,JM Bairstow,Sunrisers Hyderabad,Yes,Fit
1304071,2022,JP Duminy,Sunrisers Hyderabad,Yes,Fit
1304071,2022,T Natarajan,Kolkata Knight Riders,Yes,Fit
1304071,2022,SN Thakur,Sunrisers Hyderabad,Yes,Fit
1304071,2022,V Kohli,Kolkata Knight Riders,Yes,Fit
1304071,2022,NT Tilak Varma,Sunrisers Hyderabad,Yes,Fit
1304071,2022,Shakib Al Hasan,Kolkata Knight Riders,Yes,Fit
1304071,2022,SL Malinga,Kolkata Knight Riders,Yes,Fit
1304071,2022,DA Miller,Sunrisers Hyderabad,Yes,Fit
1304071,2022,MM Patel,Kolkata Knight Riders,Yes,Fit
1304071,2022,DS Kulkarni,Sunrisers Hyderabad,Yes,Fit
1304071,2022,YS Chahal,Sunrisers Hyderabad,Yes,Fit
1304071,2022,SO Hetmyer,Sunrisers Hyderabad,Yes,Fit
1304072,2022,KK Nair,Lucknow Super Giants,Yes,Fit
1304072,2022,Q de Kock,Lucknow Super Giants,Yes,Fit
1304072,2022,MJ McClenaghan,Mumbai Indians,Yes,Fit
1304072,2022,MA Starc,Lucknow Super Giants,Yes,Fit
1304072,2022,A Mishra,Mumbai Indians,No,Covid protocol
1304072,2022,Shakib Al Hasan,Mumbai Indians,Yes,Fit
1304072,2022,M Morkel,Lucknow Super Giants,Yes,Fit
1304072,2022,PP Ojha,Lucknow Super Giants,Yes,Fit
1304072,2022,MR Marsh,Lucknow Super Giants,Yes,Fit
1304072,2022,P Kumar,Mumbai Indians,Yes,Fit
1304072,2022,KS Williamson,Mumbai Indians,Yes,Fit
1304072,2022,KD Karthik,Mumbai Indians,Yes,Fit
1304072,2022,CH Morris,Mumbai Indians,Yes,Fit
1304072,2022,R Tewatia,Mumbai Indians,Yes,Fit
1304072,2022,L Balaji,Mumbai Indians,Yes,Fit
1304072,2022,Mohammed Shami,Mumbai Indians,Yes,Fit
1304072,2022,JP Duminy,Lucknow Super Giants,Yes,Fit
1304072,2022,TA Boult,Lucknow Super Giants,Yes,Fit
1304072,2022,AD Russell,Mumbai Indians,Yes,Fit
1304072,2022,DW Steyn,Lucknow Super Giants,Yes,Fit
1304073,2022,JA Morkel,Delhi Capitals,No,Quad strain
1304073,2022,MA Starc,Delhi Capitals,Yes,Fit
1304073,2022,Mohammed Shami,Delhi Capitals,Yes,Fit
1304073,2022,JD Unadkat,Royal Challengers Bangalore,Yes,Fit
1304073,2022,KC Sangakkara,Delhi Capitals,Yes,Fit
1304073,2022,RD Gaikwad,Delhi Capitals,Yes,Fit
1304073,2022,MG Johnson,Royal Challengers Bangalore,Yes,Fit
1304073,2022,CV Varun,Royal Challengers Bangalore,Yes,Fit
1304073,2022,CH Gayle,Delhi Capitals,Yes,Fit
1304073,2022,AM Rahane,Royal Challengers Bangalore,Yes,Fit
1304073,2022,SR Tendulkar,Delhi Capitals,Yes,Fit
1304073,2022,RA Tripathi,Delhi Capitals,Yes,Fit
1304073,2022,KD Karthik,Delhi Capitals,No,Travel delay
1304073,2022,SS Tiwary,Royal Challengers Bangalore,No,Covid protocol
1304073,2022,S Dube,Royal Challengers Bangalore,Yes,Fit
1304073,2022,AD Russell,Royal Challengers Bangalore,Yes,Fit
1304073,2022,S Dhawan,Delhi Capitals,Yes,Fit
1304073,2022,PP Ojha,Delhi Capitals,Yes,Fit
1304073,2022,KL Rahul,Delhi Capitals,Yes,Fit
1304073,2022,N Rana,Royal Challengers Bangalore,Yes,Fit
1304074,2022,JM Bairstow,Punjab Kings,Yes,Fit
1304074,2022,R Bhatia,Punjab Kings,Yes,Fit
1304074,2022,DPMD Jayawardene,Punjab Kings,Yes,Fit
1304074,2022,SPD Smith,Punjab Kings,Yes,Fit
1304074,2022,PP Shaw,Sunrisers Hyderabad,Yes,Fit
1304074,2022,RD Chahar,Punjab Kings,Yes,Fit
1304074,2022,SK Raina,Sunrisers Hyderabad,Yes,Fit
1304074,2022,AJ Finch,Punjab Kings,Yes,Fit
1304074,2022,SR Tendulkar,Sunrisers Hyderabad,Yes,Fit
1304074,2022,Yuvraj Singh,Sunrisers Hyderabad,Yes,Fit
1304074,2022,V Kohli,Sunrisers Hyderabad,Yes,Fit
1304074,2022,DW Steyn,Sunrisers Hyderabad,Yes,Fit
1304074,2022,MS Dhoni,Sunrisers Hyderabad,Yes,Fit
1304074,2022,RV Uthappa,Sunrisers Hyderabad,Yes,Fit
1304074,2022,MJ McClenaghan,Sunrisers Hyderabad,Yes,Fit
1304074,2022,KL Rahul,Punjab Kings,Yes,Fit
1304074,2022,S Dhawan,Punjab Kings,Yes,Fit
1304074,2022,KD Karthik,Punjab Kings,Yes,Fit
1304074,2022,SO Hetmyer,Sunrisers Hyderabad,Yes,Fit
1304074,2022,JH Kallis,Punjab Kings,Yes,Fit
1304075,2022,KC Sangakkara,Gujarat Titans,Yes,Fit
1304075,2022,MC Henriques,Gujarat Titans,Yes,Fit
1304075,2022,CH Morris,Gujarat Titans,Yes,Fit
1304075,2022,JA Morkel,Chennai Super Kings,Yes,Fit
1304075,2022,AJ Finch,Chennai Super Kings,Yes,Fit
1304075,2022,Washington Sundar,Chennai Super Kings,Yes,Fit
1304075,2022,BB McCullum,Gujarat Titans,Yes,Fit
1304075,2022,JH Kallis,Chennai Super Kings,Yes,Fit
1304075,2022,CV Varun,Gujarat Titans,Yes,Fit
1304075,2022,DPMD Jayawardene,Chennai Super Kings,Yes,Fit
1304075,2022,Shubman Gill,Gujarat Titans,Yes,Fit
1304075,2022,NV Ojha,Gujarat Titans,Yes,Fit
1304075,2022,TA Boult,Chennai Super Kings,Yes,Fit
1304075,2022,CH Gayle,Gujarat Titans,Yes,Fit
1304075,2022,Mandeep Singh,Gujarat Titans,Yes,Fit
1304075,2022,Imran Tahir,Chennai Super Kings,No,Personal reasons
1304075,2022,RA Tripathi,Gujarat Titans,Yes,Fit
1304075,2022,PJ Cummins,Chennai Super Kings,Yes,Fit
1304075,2022,AR Patel,Chennai Super Kings,Yes,Fit
1304075,2022,KK Ahmed,Chennai Super Kings,Yes,Fit
1304076,2022,MM Patel,Kolkata Knight Riders,Yes,Fit
1304076,2022,DPMD Jayawardene,Kolkata Knight Riders,Yes,Fit
1304076,2022,F du Plessis,Kolkata Knight Riders,Yes,Fit
1304076,2022,Mohammed Shami,Rajasthan Royals,Yes,Fit
1304076,2022,YK Pathan,Rajasthan Royals,Yes,Fit
1304076,2022,NT Tilak Varma,Kolkata Knight Riders,No,Calf injury
1304076,2022,JC Archer,Kolkata Knight Riders,Yes,Fit
1304076,2022,MP Stoinis,Kolkata Knight Riders,Yes,Fit
1304076,2022,KS Williamson,Rajasthan Royals,Yes,Fit
1304076,2022,Z Khan,Rajasthan Royals,Yes,Fit
1304076,2022,MK Tiwary,Kolkata Knight Riders,Yes,Fit
1304076,2022,KL Rahul,Rajasthan Royals,Yes,Fit
1304076,2022,PP Chawla,Rajasthan Royals,Yes,Fit
1304076,2022,SP Narine,Kolkata Knight Riders,Yes,Fit
1304076,2022,SA Yadav,Kolkata Knight Riders,Yes,Fit
1304076,2022,PP Ojha,Rajasthan Royals,Yes,Fit
1304076,2022,YS Chahal,Kolkata Knight Riders,Yes,Fit
1304076,2022,KV Sharma,Rajasthan Royals,Yes,Fit
1304076,2022,AB Dinda,Kolkata Knight Riders,Yes,Fit
1304076,2022,SR Tendulkar,Rajasthan Royals,Yes,Fit
1304077,2022,N Rana,Lucknow Super Giants,Yes,Fit
1304077,2022,V Shankar,Royal Challengers Bangalore,Yes,Fit
1304077,2022,P Kumar,Royal Challengers Bangalore,Yes,Fit
1304077,2022,K Rabada,Lucknow Super Giants,Yes,Fit
1304077,2022,Kuldeep Yadav,Lucknow Super Giants,No,Back spasm
1304077,2022,R Ashwin,Lucknow Super Giants,No,Travel delay
1304077,2022,MS Dhoni,Lucknow Super Giants,Yes,Fit
1304077,2022,HV Patel,Lucknow Super Giants,Yes,Fit
1304077,2022,D Padikkal,Royal Challengers Bangalore,Yes,Fit
1304077,2022,V Sehwag,Royal Challengers Bangalore,Yes,Fit
1304077,2022,DJ Hussey,Lucknow Super Giants,Yes,Fit
1304077,2022,DS Kulkarni,Lucknow Super Giants,Yes,Fit
1304077,2022,Mohammed Siraj,Royal Challengers Bangalore,Yes,Fit
1304077,2022,PA Patel,Royal Challengers Bangalore,Yes,Fit
1304077,2022,KV Sharma,Royal Challengers Bangalore,No,Knee injury
1304077,2022,N Pooran,Royal Challengers Bangalore,Yes,Fit
1304077,2022,RD Gaikwad,Royal Challengers Bangalore,Yes,Fit
1304077,2022,M Morkel,Royal Challengers Bangalore,Yes,Fit
1304077,2022,RA Jadeja,Lucknow Super Giants,Yes,Fit
1304077,2022,MK Tiwary,Royal Challengers Bangalore,Yes,Fit
1304078,2022,CH Morris,Delhi Capitals,Yes,Fit
1304078,2022,S Dube,Delhi Capitals,Yes,Fit
1304078,2022,L Balaji,Punjab Kings,Yes,Fit
1304078,2022,M Morkel,Delhi Capitals,Yes,Fit
1304078,2022,Yuvraj Singh,Punjab Kings,Yes,Fit
1304078,2022,V Sehwag,Punjab Kings,Yes,Fit
1304078,2022,MEK Hussey,Punjab Kings,Yes,Fit
1304078,2022,JA Morkel,Delhi Capitals,Yes,Fit
1304078,2022,MM Ali,Punjab Kings,Yes,Fit
1304078,2022,JH Kallis,Punjab Kings,Yes,Fit
1304078,2022,MM Patel,Punjab Kings,Yes,Fit
1304078,2022,Z Khan,Punjab Kings,Yes,Fit
1304078,2022,VR Iyer,Punjab Kings,Yes,Fit
1304078,2022,Mohammed Siraj,Delhi Capitals,Yes,Fit
1304078,2022,DJ Hussey,Punjab Kings,Yes,Fit
1304078,2022,KA Pollard,Punjab Kings,Yes,Fit
1304078,2022,AT Rayudu,Punjab Kings,Yes,Fit
1304078,2022,RD Gaikwad,Delhi Capitals,Yes,Fit
1304078,2022,Arshdeep Singh,Delhi Capitals,Yes,Fit
1304078,2022,Shakib Al Hasan,Punjab Kings,Yes,Fit
1304079,2022,KK Ahmed,Mumbai Indians,Yes,Fit
1304079,2022,KL Rahul,Chennai Super Kings,Yes,Fit
1304079,2022,CH Gayle,Mumbai Indians,Yes,Fit
1304079,2022,JJ Bumrah,Mumbai Indians,Yes,Fit
1304079,2022,L Balaji,Mumbai Indians,Yes,Fit
1304079,2022,Kuldeep Yadav,Chennai Super Kings,Yes,Fit
1304079,2022,KV Sharma,Chennai Super Kings,Yes,Fit
1304079,2022,S Dube,Chennai Super Kings,Yes,Fit
1304079,2022,DJ Hussey,Chennai Super Kings,Yes,Fit
1304079,2022,Ishan Kishan,Mumbai Indians,Yes,Fit
1304079,2022,KA Pollard,Mumbai Indians,Yes,Fit
1304079,2022,N Pooran,Mumbai Indians,Yes,Fit
1304079,2022,Avesh Khan,Chennai Super Kings,Yes,Fit
1304079,2022,HH Pandya,Chennai Super Kings,Yes,Fit
1304079,2022,M Prasidh Krishna,Mumbai Indians,Yes,Fit
1304079,2022,SL Malinga,Mumbai Indians,Yes,Fit
1304079,2022,KC Sangakkara,Chennai Super Kings,Yes,Fit
1304079,2022,SP Narine,Chennai Super Kings,Yes,Fit
1304079,2022,AR Patel,Mumbai Indians,Yes,Fit
1304079,2022,T Natarajan,Mumbai Indians,Yes,Fit
1304080,2022,VR Iyer,Delhi Capitals,Yes,Fit
1304080,2022,Ravi Bishnoi,Delhi Capitals,Yes,Fit
1304080,2022,CH Morris,Delhi Capitals,No,Shoulder injury
1304080,2022,K Rabada,Rajasthan Royals,Yes,Fit
1304080,2022,YBK Jaiswal,Rajasthan Royals,Yes,Fit
1304080,2022,A Mishra,Delhi Capitals,Yes,Fit
1304080,2022,AB de Villiers,Delhi Capitals,Yes,Fit
1304080,2022,Z Khan,Rajasthan Royals,Yes,Fit
1304080,2022,DA Warner,Rajasthan Royals,Yes,Fit
1304080,2022,GJ Maxwell,Rajasthan Royals,Yes,Fit
1304080,2022,Mohammed Siraj,Delhi Capitals,Yes,Fit
1304080,2022,AD Russell,Rajasthan Royals,No,Shoulder injury
1304080,2022,A Symonds,Delhi Capitals,Yes,Fit
1304080,2022,RG Sharma,Rajasthan Royals,Yes,Fit
1304080,2022,AC Gilchrist,Rajasthan Royals,Yes,Fit
1304080,2022,CH Gayle,Rajasthan Royals,Yes,Fit
1304080,2022,V Shankar,Delhi Capitals,Yes,Fit
1304080,2022,MP Stoinis,Delhi Capitals,Yes,Fit
1304080,2022,R Vinay Kumar,Delhi Capitals,Yes,Fit
1304080,2022,MR Marsh,Rajasthan Royals,Yes,Fit
1304081,2022,JJ Bumrah,Gujarat Titans,Yes,Fit
1304081,2022,M Prasidh Krishna,Gujarat Titans,Yes,Fit
1304081,2022,DPMD Jayawardene,Kolkata Knight Riders,Yes,Fit
1304081,2022,V Kohli,Kolkata Knight Riders,Yes,Fit
1304081,2022,JP Faulkner,Gujarat Titans,Yes,Fit
1304081,2022,MJ McClenaghan,Gujarat Titans,Yes,Fit
1304081,2022,PP Ojha,Gujarat Titans,Yes,Fit
1304081,2022,RG Sharma,Gujarat Titans,Yes,Fit
1304081,2022,MK Tiwary,Gujarat Titans,Yes,Fit
1304081,2022,Avesh Khan,Kolkata Knight Riders,Yes,Fit
1304081,2022,YBK Jaiswal,Kolkata Knight Riders,Yes,Fit
1304081,2022,Mohammed Siraj,Kolkata Knight Riders,Yes,Fit
1304081,2022,MK Pandey,Kolkata Knight Riders,Yes,Fit
1304081,2022,Mandeep Singh,Kolkata Knight Riders,Yes,Fit
1304081,2022,KL Rahul,Gujarat Titans,Yes,Fit
1304081,2022,H Klaasen,Gujarat Titans,Yes,Fit
1304081,2022,Ravi Bishnoi,Kolkata Knight Riders,Yes,Fit
1304081,2022,B Kumar,Gujarat Titans,Yes,Fit
1304081,2022,MM Sharma,Gujarat Titans,Yes,Fit
1304081,2022,KV Sharma,Kolkata Knight Riders,Yes,Fit
1304082,2022,KD Karthik,Royal Challengers Bangalore,Yes,Fit
1304082,2022,R Ashwin,Sunrisers Hyderabad,Yes,Fit
1304082,2022,Shakib Al Hasan,Sunrisers Hyderabad,No,Suspension
1304082,2022,RA Tripathi,Sunrisers Hyderabad,Yes,Fit
1304082,2022,AB Dinda,Royal Challengers Bangalore,Yes,Fit
1304082,2022,CH Morris,Sunrisers Hyderabad,Yes,Fit
1304082,2022,JP Faulkner,Sunrisers Hyderabad,Yes,Fit
1304082,2022,Arshdeep Singh,Royal Challengers Bangalore,Yes,Fit
1304082,2022,S Dhawan,Sunrisers Hyderabad,Yes,Fit
1304082,2022,N Pooran,Royal Challengers Bangalore,Yes,Fit
1304082,2022,KK Ahmed,Sunrisers Hyderabad,Yes,Fit
1304082,2022,KV Sharma,Royal Challengers Bangalore,Yes,Fit
1304082,2022,BB McCullum,Sunrisers Hyderabad,Yes,Fit
1304082,2022,SN Thakur,Royal Challengers Bangalore,Yes,Fit
1304082,2022,Yuvraj Singh,Royal Challengers Bangalore,Yes,Fit
1304082,2022,AJ Finch,Sunrisers Hyderabad,Yes,Fit
1304082,2022,SR Tendulkar,Sunrisers Hyderabad,Yes,Fit
1304082,2022,KH Pandya,Royal Challengers Bangalore,Yes,Fit
1304082,2022,JH Kallis,Sunrisers Hyderabad,Yes,Fit
1304082,2022,VR Iyer,Sunrisers Hyderabad,Yes,Fit
1304083,2022,AT Rayudu,Lucknow Super Giants,Yes,Fit
1304083,2022,BJ Hodge,Lucknow Super Giants,No,Travel delay
1304083,2022,RR Pant,Lucknow Super Giants,Yes,Fit
1304083,2022,R Ashwin,Lucknow Super Giants,Yes,Fit
1304083,2022,CH Morris,Lucknow Super Giants,Yes,Fit
1304083,2022,NT Tilak Varma,Mumbai Indians,Yes,Fit
1304083,2022,PP Shaw,Lucknow Super Giants,Yes,Fit
1304083,2022,T Natarajan,Lucknow Super Giants,Yes,Fit
1304083,2022,BA Stokes,Mumbai Indians,Yes,Fit
1304083,2022,SL Malinga,Mumbai Indians,Yes,Fit
1304083,2022,MA Agarwal,Lucknow Super Giants,Yes,Fit
1304083,2022,S Dube,Lucknow Super Giants,Yes,Fit
1304083,2022,DW Steyn,Mumbai Indians,No,Travel delay
1304083,2022,YK Pathan,Mumbai Indians,Yes,Fit
1304083,2022,B Kumar,Lucknow Super Giants,Yes,Fit
1304083,2022,SP Narine,Lucknow Super Giants,Yes,Fit
1304083,2022,A Symonds,Lucknow Super Giants,Yes,Fit
1304083,2022,K Rabada,Mumbai Indians,Yes,Fit
1304083,2022,M Vijay,Mumbai Indians,No,Personal reasons
1304083,2022,Avesh Khan,Mumbai Indians,Yes,Fit
1304084,2022,JD Unadkat,Punjab Kings,Yes,Fit
1304084,2022,S Badrinath,Chennai Super Kings,Yes,Fit
1304084,2022,CH Morris,Punjab Kings,Yes,Fit
1304084,2022,R Tewatia,Punjab Kings,Yes,Fit
1304084,2022,YS Chahal,Punjab Kings,Yes,Fit
1304084,2022,Z Khan,Punjab Kings,Yes,Fit
1304084,2022,AT Rayudu,Punjab Kings,Yes,Fit
1304084,2022,SR Watson,Chennai Super Kings,Yes,Fit
1304084,2022,G Gambhir,Chennai Super Kings,Yes,Fit
1304084,2022,SR Tendulkar,Chennai Super Kings,Yes,Fit
1304084,2022,R Dravid,Punjab Kings,Yes,Fit
1304084,2022,Yuvraj Singh,Chennai Super Kings,Yes,Fit
1304084,2022,AB Dinda,Chennai Super Kings,Yes,Fit
1304084,2022,BJ Hodge,Punjab Kings,Yes,Fit
1304084,2022,B Kumar,Punjab Kings,Yes,Fit
1304084,2022,Mandeep Singh,Chennai Super Kings,Yes,Fit
1304084,2022,TA Boult,Chennai Super Kings,Yes,Fit
1304084,2022,S Dhawan,Chennai Super Kings,Yes,Fit
1304084,2022,UT Yadav,Chennai Super Kings,Yes,Fit
1304084,2022,HH Pandya,Punjab Kings,Yes,Fit
1304085,2022,VR Iyer,Rajasthan Royals,Yes,Fit
1304085,2022,N Rana,Rajasthan Royals,Yes,Fit
1304085,2022,H Klaasen,Royal Challengers Bangalore,Yes,Fit
1304085,2022,KH Pandya,Royal Challengers Bangalore,Yes,Fit
1304085,2022,Abhishek Sharma,Royal Challengers Bangalore,Yes,Fit
1304085,2022,EJG Morgan,Rajasthan Royals,Yes,Fit
1304085,2022,MR Marsh,Rajasthan Royals,Yes,Fit
1304085,2022,PP Ojha,Rajasthan Royals,Yes,Fit
1304085,2022,AT Rayudu,Royal Challengers Bangalore,Yes,Fit
1304085,2022,B Sai Sudharsan,Royal Challengers Bangalore,Yes,Fit
1304085,2022,MJ McClenaghan,Royal Challengers Bangalore,Yes,Fit
1304085,2022,V Shankar,Royal Challengers Bangalore,Yes,Fit
1304085,2022,TA Boult,Rajasthan Royals,Yes,Fit
1304085,2022,RD Chahar,Rajasthan Royals,Yes,Fit
1304085,2022,SM Curran,Rajasthan Royals,Yes,Fit
1304085,2022,DA Warner,Royal Challengers Bangalore,Yes,Fit
1304085,2022,RA Tripathi,Rajasthan Royals,Yes,Fit
1304085,2022,Prabhsimran Singh,Rajasthan Royals,Yes,Fit
1304085,2022,Shubman Gill,Royal Challengers Bangalore,Yes,Fit
1304085,2022,DJ Bravo,Rajasthan Royals,Yes,Fit
1304086,2022,Avesh Khan,Gujarat Titans,Yes,Fit
1304086,2022,PP Shaw,Gujarat Titans,Yes,Fit
1304086,2022,Abhishek Sharma,Sunrisers Hyderabad,Yes,Fit
1304086,2022,AB Dinda,Gujarat Titans,Yes,Fit
1304086,2022,R Ashwin,Gujarat Titans,Yes,Fit
1304086,2022,R Vinay Kumar,Sunrisers Hyderabad,Yes,Fit
1304086,2022,Kuldeep Yadav,Sunrisers Hyderabad,Yes,Fit
1304086,2022,RD Gaikwad,Sunrisers Hyderabad,Yes,Fit
1304086,2022,AC Gilchrist,Gujarat Titans,No,Back spasm
1304086,2022,DA Warner,Sunrisers Hyderabad,Yes,Fit
1304086,2022,V Sehwag,Gujarat Titans,Yes,Fit
1304086,2022,HV Patel,Sunrisers Hyderabad,Yes,Fit
1304086,2022,Sandeep Sharma,Gujarat Titans,Yes,Fit
1304086,2022,Shubman Gill,Gujarat Titans,Yes,Fit
1304086,2022,JH Kallis,Sunrisers Hyderabad,Yes,Fit
1304086,2022,CH Morris,Gujarat Titans,No,Hamstring strain
1304086,2022,NV Ojha,Gujarat Titans,Yes,Fit
1304086,2022,MA Starc,Sunrisers Hyderabad,Yes,Fit
1304086,2022,JC Buttler,Sunrisers Hyderabad,Yes,Fit
1304086,2022,SN Thakur,Sunrisers Hyderabad,Yes,Fit
1304087,2022,AB de Villiers,Delhi Capitals,Yes,Fit
1304087,2022,SP Narine,Kolkata Knight Riders,Yes,Fit
1304087,2022,EJG Morgan,Delhi Capitals,Yes,Fit
1304087,2022,DA Miller,Kolkata Knight Riders,Yes,Fit
1304087,2022,KC Sangakkara,Delhi Capitals,Yes,Fit
1304087,2022,BB McCullum,Delhi Capitals,Yes,Fit
1304087,2022,MM Sharma,Delhi Capitals,Yes,Fit
1304087,2022,NT Tilak Varma,Delhi Capitals,Yes,Fit
1304087,2022,Abhishek Sharma,Kolkata Knight Riders,Yes,Fit
1304087,2022,KH Pandya,Kolkata Knight Riders,Yes,Fit
1304087,2022,T Natarajan,Delhi Capitals,Yes,Fit
1304087,2022,HV Patel,Delhi Capitals,Yes,Fit
1304087,2022,R Dravid,Kolkata Knight Riders,Yes,Fit
1304087,2022,H Klaasen,Kolkata Knight Riders,Yes,Fit
1304087,2022,SR Watson,Delhi Capitals,Yes,Fit
1304087,2022,Harbhajan Singh,Delhi Capitals,Yes,Fit
1304087,2022,PP Shaw,Delhi Capitals,Yes,Fit
1304087,2022,RD Chahar,Kolkata Knight Riders,Yes,Fit
1304087,2022,RR Pant,Kolkata Knight Riders,No,Calf injury
1304087,2022,SV Samson,Delhi Capitals,No,Knee injury
1304088,2022,PJ Cummins,Lucknow Super Giants,Yes,Fit
1304088,2022,M Vijay,Lucknow Super Giants,Yes,Fit
1304088,2022,R Ashwin,Lucknow Super Giants,Yes,Fit
1304088,2022,Abhishek Sharma,Punjab Kings,Yes,Fit
1304088,2022,Prabhsimran Singh,Lucknow Super Giants,Yes,Fit
1304088,2022,Avesh Khan,Lucknow Super Giants,Yes,Fit
1304088,2022,S Badrinath,Lucknow Super Giants,Yes,Fit
1304088,2022,MG Johnson,Lucknow Super Giants,Yes,Fit
1304088,2022,M Morkel,Punjab Kings,Yes,Fit
1304088,2022,RA Tripathi,Lucknow Super Giants,Yes,Fit
1304088,2022,NT Tilak Varma,Punjab Kings,Yes,Fit
1304088,2022,JH Kallis,Lucknow Super Giants,Yes,Fit
1304088,2022,DJ Hussey,Lucknow Super Giants,Yes,Fit
1304088,2022,Mandeep Singh,Lucknow Super Giants,Yes,Fit
1304088,2022,R Dravid,Punjab Kings,Yes,Fit
1304088,2022,BA Stokes,Lucknow Super Giants,Yes,Fit
1304088,2022,MP Stoinis,Lucknow Super Giants,Yes,Fit
1304088,2022,N Rana,Punjab Kings,Yes,Fit
1304088,2022,SA Yadav,Punjab Kings,Yes,Fit
1304088,2022,K Rabada,Lucknow Super Giants,Yes,Fit
1304089,2022,B Kumar,Royal Challengers Bangalore,Yes,Fit
1304089,2022,Arshdeep Singh,Gujarat Titans,Yes,Fit
1304089,2022,DJ Hussey,Royal Challengers Bangalore,Yes,Fit
1304089,2022,RP Singh,Royal Challengers Bangalore,Yes,Fit
1304089,2022,KC Sangakkara,Gujarat Titans,Yes,Fit
1304089,2022,AT Rayudu,Royal Challengers Bangalore,Yes,Fit
1304089,2022,Washington Sundar,Royal Challengers Bangalore,Yes,Fit
1304089,2022,DS Kulkarni,Royal Challengers Bangalore,Yes,Fit
1304089,2022,MR Marsh,Gujarat Titans,Yes,Fit
1304089,2022,RR Pant,Gujarat Titans,Yes,Fit
1304089,2022,R Tewatia,Gujarat Titans,Yes,Fit
1304089,2022,IK Pathan,Royal Challengers Bangalore,No,Travel delay
1304089,2022,S Dhawan,Royal Challengers Bangalore,Yes,Fit
1304089,2022,SL Malinga,Gujarat Titans,Yes,Fit
1304089,2022,DPMD Jayawardene,Royal Challengers Bangalore,Yes,Fit
1304089,2022,MM Patel,Royal Challengers Bangalore,No,Suspension
1304089,2022,DJ Bravo,Royal Challengers Bangalore,Yes,Fit
1304089,2022,WP Saha,Gujarat Titans,Yes,Fit
1304089,2022,A Mishra,Royal Challengers Bangalore,Yes,Fit
1304089,2022,BJ Hodge,Royal Challengers Bangalore,Yes,Fit
1304090,2022,BB McCullum,Rajasthan Royals,Yes,Fit
1304090,2022,AC Gilchrist,Rajasthan Royals,Yes,Fit
1304090,2022,DPMD Jayawardene,Rajasthan Royals,Yes,Fit
1304090,2022,M Prasidh Krishna,Mumbai Indians,Yes,Fit
1304090,2022,JJ Bumrah,Mumbai Indians,Yes,Fit
1304090,2022,SP Narine,Rajasthan Royals,Yes,Fit
1304090,2022,JM Bairstow,Mumbai Indians,Yes,Fit
1304090,2022,KD Karthik,Mumbai Indians,Yes,Fit
1304090,2022,DA Warner,Rajasthan Royals,Yes,Fit
1304090,2022,AT Rayudu,Mumbai Indians,Yes,Fit
1304090,2022,SPD Smith,Mumbai Indians,Yes,Fit
1304090,2022,AK Markram,Mumbai Indians,Yes,Fit
1304090,2022,V Sehwag,Rajasthan Royals,Yes,Fit
1304090,2022,JD Unadkat,Rajasthan Royals,Yes,Fit
1304090,2022,A Mishra,Rajasthan Royals,Yes,Fit
1304090,2022,Q de Kock,Mumbai Indians,Yes,Fit
1304090,2022,AM Rahane,Mumbai Indians,Yes,Fit
1304090,2022,JC Archer,Rajasthan Royals,Yes,Fit
1304090,2022,AB Dinda,Mumbai Indians,Yes,Fit
1304090,2022,KV Sharma,Mumbai Indians,Yes,Fit
1304091,2022,RR Pant,Lucknow Super Giants,Yes,Fit
1304091,2022,K Rabada,Lucknow Super Giants,Yes,Fit
1304091,2022,R Vinay Kumar,Delhi Capitals,Yes,Fit
1304091,2022,MP Stoinis,Delhi Capitals,Yes,Fit
1304091,2022,R Tewatia,Delhi Capitals,No,Hamstring strain
1304091,2022,B Sai Sudharsan,Delhi Capitals,Yes,Fit
1304091,2022,DPMD Jayawardene,Delhi Capitals,Yes,Fit
1304091,2022,R Bhatia,Lucknow Super Giants,Yes,Fit
1304091,2022,MM Patel,Delhi Capitals,Yes,Fit
1304091,2022,YBK Jaiswal,Lucknow Super Giants,Yes,Fit
1304091,2022,P Kumar,Lucknow Super Giants,Yes,Fit
1304091,2022,RG Sharma,Lucknow Super Giants,Yes,Fit
1304091,2022,BB McCullum,Delhi Capitals,Yes,Fit
1304091,2022,IK Pathan,Delhi Capitals,Yes,Fit
1304091,2022,S Dube,Delhi Capitals,Yes,Fit
1304091,2022,DA Warner,Lucknow Super Giants,Yes,Fit
1304091,2022,JP Duminy,Delhi Capitals,Yes,Fit
1304091,2022,MEK Hussey,Lucknow Super Giants,Yes,Fit
1304091,2022,L Balaji,Lucknow Super Giants,Yes,Fit
1304091,2022,AM Rahane,Lucknow Super Giants,Yes,Fit
1304092,2022,BJ Hodge,Sunrisers Hyderabad,Yes,Fit
1304092,2022,M Prasidh Krishna,Chennai Super Kings,Yes,Fit
1304092,2022,RV Uthappa,Sunrisers Hyderabad,Yes,Fit
1304092,2022,DL Chahar,Chennai Super Kings,Yes,Fit
1304092,2022,YK Pathan,Sunrisers Hyderabad,No,Covid protocol
1304092,2022,L Balaji,Sunrisers Hyderabad,Yes,Fit
1304092,2022,JM Bairstow,Sunrisers Hyderabad,Yes,Fit
1304092,2022,MJ McClenaghan,Sunrisers Hyderabad,Yes,Fit
1304092,2022,AM Rahane,Chennai Super Kings,Yes,Fit
1304092,2022,R Ashwin,Sunrisers Hyderabad,Yes,Fit
1304092,2022,S Badrinath,Sunrisers Hyderabad,Yes,Fit
1304092,2022,KD Karthik,Sunrisers Hyderabad,Yes,Fit
1304092,2022,MC Henriques,Chennai Super Kings,Yes,Fit
1304092,2022,MEK Hussey,Chennai Super Kings,Yes,Fit
1304092,2022,A Symonds,Chennai Super Kings,Yes,Fit
1304092,2022,Washington Sundar,Chennai Super Kings,Yes,Fit
1304092,2022,TA Boult,Sunrisers Hyderabad,Yes,Fit
1304092,2022,JP Duminy,Chennai Super Kings,Yes,Fit
1304092,2022,YS Chahal,Sunrisers Hyderabad,Yes,Fit
1304092,2022,AD Russell,Chennai Super Kings,Yes,Fit
1304093,2022,RV Uthappa,Rajasthan Royals,No,Fever
1304093,2022,KH Pandya,Rajasthan Royals,Yes,Fit
1304093,2022,KV Sharma,Rajasthan Royals,Yes,Fit
1304093,2022,AT Rayudu,Rajasthan Royals,Yes,Fit
1304093,2022,SO Hetmyer,Kolkata Knight Riders,Yes,Fit
1304093,2022,T Natarajan,Kolkata Knight Riders,Yes,Fit
1304093,2022,Yuvraj Singh,Rajasthan Royals,Yes,Fit
1304093,2022,JC Buttler,Rajasthan Royals,Yes,Fit
1304093,2022,B Sai Sudharsan,Rajasthan Royals,Yes,Fit
1304093,2022,DJ Bravo,Rajasthan Royals,Yes,Fit
1304093,2022,SL Malinga,Rajasthan Royals,Yes,Fit
1304093,2022,A Nehra,Kolkata Knight Riders,Yes,Fit
1304093,2022,JA Morkel,Rajasthan Royals,Yes,Fit
1304093,2022,MA Agarwal,Rajasthan Royals,Yes,Fit
1304093,2022,CH Morris,Rajasthan Royals,Yes,Fit
1304093,2022,YBK Jaiswal,Rajasthan Royals,Yes,Fit
1304093,2022,SV Samson,Kolkata Knight Riders,Yes,Fit
1304093,2022,G Gambhir,Kolkata Knight Riders,Yes,Fit
1304093,2022,V Kohli,Kolkata Knight Riders,No,Finger fracture
1304093,2022,Q de Kock,Rajasthan Royals,Yes,Fit
1304094,2022,M Vijay,Gujarat Titans,Yes,Fit
1304094,2022,Mandeep Singh,Punjab Kings,Yes,Fit
1304094,2022,R Parag,Punjab Kings,Yes,Fit
1304094,2022,SR Watson,Gujarat Titans,Yes,Fit
1304094,2022,Yuvraj Singh,Punjab Kings,Yes,Fit
1304094,2022,RA Jadeja,Gujarat Titans,Yes,Fit
1304094,2022,Q de Kock,Gujarat Titans,Yes,Fit
1304094,2022,KK Nair,Gujarat Titans,Yes,Fit
1304094,2022,PP Shaw,Punjab Kings,Yes,Fit
1304094,2022,A Symonds,Gujarat Titans,Yes,Fit
1304094,2022,MG Johnson,Punjab Kings,Yes,Fit
1304094,2022,SK Raina,Gujarat Titans,Yes,Fit
1304094,2022,JP Duminy,Gujarat Titans,Yes,Fit
1304094,2022,SM Curran,Punjab Kings,Yes,Fit
1304094,2022,DJ Bravo,Gujarat Titans,Yes,Fit
1304094,2022,T Natarajan,Punjab Kings,Yes,Fit
1304094,2022,Ishan Kishan,Gujarat Titans,Yes,Fit
1304094,2022,DA Warner,Gujarat Titans,Yes,Fit
1304094,2022,R Tewatia,Punjab Kings,Yes,Fit
1304094,2022,Rashid Khan,Punjab Kings,Yes,Fit
1304095,2022,KS Williamson,Chennai Super Kings,Yes,Fit
1304095,2022,JP Faulkner,Royal Challengers Bangalore,Yes,Fit
1304095,2022,MA Agarwal,Chennai Super Kings,Yes,Fit
1304095,2022,CH Morris,Chennai Super Kings,Yes,Fit
1304095,2022,T Natarajan,Royal Challengers Bangalore,Yes,Fit
1304095,2022,Z Khan,Royal Challengers Bangalore,Yes,Fit
1304095,2022,SPD Smith,Royal Challengers Bangalore,Yes,Fit
1304095,2022,YK Pathan,Chennai Super Kings,Yes,Fit
1304095,2022,BB McCullum,Royal Challengers Bangalore,Yes,Fit
1304095,2022,SS Iyer,Royal Challengers Bangalore,Yes,Fit
1304095,2022,MM Sharma,Chennai Super Kings,Yes,Fit
1304095,2022,R Parag,Royal Challengers Bangalore,Yes,Fit
1304095,2022,I Sharma,Chennai Super Kings,Yes,Fit
1304095,2022,KA Pollard,Royal Challengers Bangalore,Yes,Fit
1304095,2022,DS Kulkarni,Chennai Super Kings,Yes,Fit
1304095,2022,DA Miller,Royal Challengers Bangalore,Yes,Fit
1304095,2022,KV Sharma,Royal Challengers Bangalore,No,Shoulder injury
1304095,2022,V Sehwag,Chennai Super Kings,No,Shoulder injury
1304095,2022,MS Dhoni,Chennai Super Kings,Yes,Fit
1304095,2022,Prabhsimran Singh,Royal Challengers Bangalore,Yes,Fit
1304096,2022,RR Pant,Delhi Capitals,Yes,Fit
1304096,2022,Imran Tahir,Delhi Capitals,Yes,Fit
1304096,2022,V Kohli,Delhi Capitals,Yes,Fit
1304096,2022,SM Curran,Delhi Capitals,Yes,Fit
1304096,2022,Ravi Bishnoi,Sunrisers Hyderabad,Yes,Fit
1304096,2022,SP Narine,Sunrisers Hyderabad,Yes,Fit
1304096,2022,AK Markram,Sunrisers Hyderabad,Yes,Fit
1304096,2022,UT Yadav,Delhi Capitals,Yes,Fit
1304096,2022,SK Raina,Sunrisers Hyderabad,Yes,Fit
1304096,2022,MM Sharma,Delhi Capitals,Yes,Fit
1304096,2022,JC Archer,Sunrisers Hyderabad,Yes,Fit
1304096,2022,DA Miller,Sunrisers Hyderabad,Yes,Fit
1304096,2022,RV Uthappa,Sunrisers Hyderabad,Yes,Fit
1304096,2022,AB de Villiers,Sunrisers Hyderabad,Yes,Fit
1304096,2022,S Dhawan,Delhi Capitals,Yes,Fit
1304096,2022,KL Rahul,Delhi Capitals,Yes,Fit
1304096,2022,BB McCullum,Delhi Capitals,Yes,Fit
1304096,2022,RA Jadeja,Sunrisers Hyderabad,Yes,Fit
1304096,2022,YS Chahal,Delhi Capitals,Yes,Fit
1304096,2022,JC Buttler,Delhi Capitals,Yes,Fit
1304097,2022,Shakib Al Hasan,Gujarat Titans,Yes,Fit
1304097,2022,S Badrinath,Gujarat Titans,Yes,Fit
1304097,2022,TA Boult,Gujarat Titans,Yes,Fit
1304097,2022,A Mishra,Mumbai Indians,Yes,Fit
1304097,2022,NT Tilak Varma,Mumbai Indians,Yes,Fit
1304097,2022,Mohammed Shami,Mumbai Indians,Yes,Fit
1304097,2022,KC Sangakkara,Gujarat Titans,No,Calf injury
1304097,2022,KD Karthik,Mumbai Indians,Yes,Fit
1304097,2022,Arshdeep Singh,Mumbai Indians,Yes,Fit
1304097,2022,SO Hetmyer,Mumbai Indians,Yes,Fit
1304097,2022,AK Markram,Mumbai Indians,Yes,Fit
1304097,2022,Z Khan,Gujarat Titans,Yes,Fit
1304097,2022,PJ Cummins,Gujarat Titans,Yes,Fit
1304097,2022,SN Thakur,Mumbai Indians,Yes,Fit
1304097,2022,Avesh Khan,Mumbai Indians,Yes,Fit
1304097,2022,DR Smith,Mumbai Indians,Yes,Fit
1304097,2022,DA Miller,Mumbai Indians,Yes,Fit
1304097,2022,CH Morris,Mumbai Indians,Yes,Fit
1304097,2022,JH Kallis,Mumbai Indians,Yes,Fit
1304097,2022,YBK Jaiswal,Gujarat Titans,Yes,Fit
1304098,2022,RD Chahar,Rajasthan Royals,No,Fever
1304098,2022,R Vinay Kumar,Punjab Kings,Yes,Fit
1304098,2022,F du Plessis,Rajasthan Royals,Yes,Fit
1304098,2022,S Dube,Punjab Kings,Yes,Fit
1304098,2022,YK Pathan,Rajasthan Royals,Yes,Fit
1304098,2022,S Badrinath,Rajasthan Royals,Yes,Fit
1304098,2022,Shubman Gill,Punjab Kings,Yes,Fit
1304098,2022,MA Agarwal,Punjab Kings,Yes,Fit
1304098,2022,M Vijay,Punjab Kings,Yes,Fit
1304098,2022,HV Patel,Punjab Kings,Yes,Fit
1304098,2022,SS Tiwary,Punjab Kings,Yes,Fit
1304098,2022,SC Ganguly,Rajasthan Royals,Yes,Fit
1304098,2022,JC Buttler,Punjab Kings,Yes,Fit
1304098,2022,Shakib Al Hasan,Punjab Kings,Yes,Fit
1304098,2022,AR Patel,Rajasthan Royals,Yes,Fit
1304098,2022,SE Marsh,Punjab Kings,Yes,Fit
1304098,2022,BJ Hodge,Rajasthan Royals,Yes,Fit
1304098,2022,IK Pathan,Punjab Kings,Yes,Fit
1304098,2022,Washington Sundar,Rajasthan Royals,Yes,Fit
1304098,2022,EJG Morgan,Rajasthan Royals,Yes,Fit
1304099,2022,MA Agarwal,Kolkata Knight Riders,Yes,Fit
1304099,2022,A Mishra,Lucknow Super Giants,Yes,Fit
1304099,2022,YS Chahal,Kolkata Knight Riders,Yes,Fit
1304099,2022,Prabhsimran Singh,Lucknow Super Giants,Yes,Fit
1304099,2022,DA Miller,Kolkata Knight Riders,Yes,Fit
1304099,2022,BJ Hodge,Lucknow Super Giants,Yes,Fit
1304099,2022,SK Raina,Lucknow Super Giants,Yes,Fit
1304099,2022,S Dhawan,Kolkata Knight Riders,Yes,Fit
1304099,2022,B Sai Sudharsan,Kolkata Knight Riders,Yes,Fit
1304099,2022,PP Ojha,Kolkata Knight Riders,Yes,Fit
1304099,2022,DPMD Jayawardene,Lucknow Super Giants,Yes,Fit
1304099,2022,SA Yadav,Lucknow Super Giants,Yes,Fit
1304099,2022,CH Gayle,Lucknow Super Giants,Yes,Fit
1304099,2022,T Natarajan,Kolkata Knight Riders,Yes,Fit
1304099,2022,SR Tendulkar,Lucknow Super Giants,Yes,Fit
1304099,2022,KC Sangakkara,Lucknow Super Giants,Yes,Fit
1304099,2022,KL Rahul,Kolkata Knight Riders,Yes,Fit
1304099,2022,Ravi Bishnoi,Lucknow Super Giants,Yes,Fit
1304099,2022,H Klaasen,Kolkata Knight Riders,Yes,Fit
1304099,2022,NV Ojha,Kolkata Knight Riders,Yes,Fit
1304100,2022,F du Plessis,Sunrisers Hyderabad,Yes,Fit
1304100,2022,JP Faulkner,Sunrisers Hyderabad,No,Back spasm
1304100,2022,JP Duminy,Royal Challengers Bangalore,Yes,Fit
1304100,2022,MA Agarwal,Royal Challengers Bangalore,Yes,Fit
1304100,2022,KD Karthik,Royal Challengers Bangalore,Yes,Fit
1304100,2022,Ishan Kishan,Sunrisers Hyderabad,Yes,Fit
1304100,2022,MC Henriques,Sunrisers Hyderabad,Yes,Fit
1304100,2022,MK Pandey,Sunrisers Hyderabad,Yes,Fit
1304100,2022,R Ashwin,Sunrisers Hyderabad,Yes,Fit
1304100,2022,MK Tiwary,Sunrisers Hyderabad,No,Travel delay
1304100,2022,JA Morkel,Royal Challengers Bangalore,Yes,Fit
1304100,2022,B Kumar,Royal Challengers Bangalore,No,Covid protocol
1304100,2022,SR Tendulkar,Royal Challengers Bangalore,Yes,Fit
1304100,2022,CV Varun,Royal Challengers Bangalore,No,Covid protocol
1304100,2022,DA Miller,Sunrisers Hyderabad,Yes,Fit
1304100,2022,PP Ojha,Sunrisers Hyderabad,Yes,Fit
1304100,2022,KV Sharma,Sunrisers Hyderabad,Yes,Fit
1304100,2022,Kuldeep Yadav,Royal Challengers Bangalore,Yes,Fit
1304100,2022,Abhishek Sharma,Sunrisers Hyderabad,Yes,Fit
1304100,2022,SC Ganguly,Royal Challengers Bangalore,Yes,Fit
1304101,2022,YS Chahal,Delhi Capitals,Yes,Fit
1304101,2022,A Symonds,Delhi Capitals,Yes,Fit
1304101,2022,PJ Cummins,Chennai Super Kings,Yes,Fit
1304101,2022,SS Iyer,Delhi Capitals,Yes,Fit
1304101,2022,Mandeep Singh,Chennai Super Kings,Yes,Fit
1304101,2022,F du Plessis,Delhi Capitals,Yes,Fit
1304101,2022,DJ Bravo,Delhi Capitals,Yes,Fit
1304101,2022,RV Uthappa,Chennai Super Kings,Yes,Fit
1304101,2022,Sandeep Sharma,Chennai Super Kings,Yes,Fit
1304101,2022,DPMD Jayawardene,Delhi Capitals,Yes,Fit
1304101,2022,MEK Hussey,Chennai Super Kings,Yes,Fit
1304101,2022,R Tewatia,Delhi Capitals,Yes,Fit
1304101,2022,S Dhawan,Chennai Super Kings,Yes,Fit
1304101,2022,R Parag,Chennai Super Kings,Yes,Fit
1304101,2022,MP Stoinis,Delhi Capitals,No,Personal reasons
1304101,2022,JH Kallis,Chennai Super Kings,Yes,Fit
1304101,2022,T Natarajan,Chennai Super Kings,Yes,Fit
1304101,2022,KC Sangakkara,Chennai Super Kings,Yes,Fit
1304101,2022,MM Patel,Chennai Super Kings,Yes,Fit
1304101,2022,KD Karthik,Delhi Capitals,Yes,Fit
1304102,2022,SC Ganguly,Kolkata Knight Riders,Yes,Fit
1304102,2022,MJ McClenaghan,Kolkata Knight Riders,Yes,Fit
1304102,2022,S Badrinath,Kolkata Knight Riders,Yes,Fit
1304102,2022,Mohammed Shami,Mumbai Indians,Yes,Fit
1304102,2022,SV Samson,Mumbai Indians,Yes,Fit
1304102,2022,YS Chahal,Mumbai Indians,Yes,Fit
1304102,2022,YBK Jaiswal,Kolkata Knight Riders,Yes,Fit
1304102,2022,Avesh Khan,Kolkata Knight Riders,Yes,Fit
1304102,2022,Sandeep Sharma,Kolkata Knight Riders,Yes,Fit
1304102,2022,NV Ojha,Kolkata Knight Riders,Yes,Fit
1304102,2022,MC Henriques,Kolkata Knight Riders,Yes,Fit
1304102,2022,H Klaasen,Kolkata Knight Riders,Yes,Fit
1304102,2022,RP Singh,Mumbai Indians,Yes,Fit
1304102,2022,SS Tiwary,Kolkata Knight Riders,Yes,Fit
1304102,2022,SN Thakur,Kolkata Knight Riders,Yes,Fit
1304102,2022,CH Morris,Kolkata Knight Riders,Yes,Fit
1304102,2022,JD Unadkat,Mumbai Indians,No,Suspension
1304102,2022,KD Karthik,Kolkata Knight Riders,Yes,Fit
1304102,2022,JH Kallis,Mumbai Indians,Yes,Fit
1304102,2022,JC Buttler,Kolkata Knight Riders,Yes,Fit
1304103,2022,Sandeep Sharma,Lucknow Super Giants,No,Fever
1304103,2022,DL Chahar,Lucknow Super Giants,Yes,Fit
1304103,2022,RG Sharma,Lucknow Super Giants,Yes,Fit
1304103,2022,Harbhajan Singh,Lucknow Super Giants,Yes,Fit
1304103,2022,R Dravid,Gujarat Titans,Yes,Fit
1304103,2022,DS Kulkarni,Lucknow Super Giants,No,Finger fracture
1304103,2022,Ravi Bishnoi,Lucknow Super Giants,Yes,Fit
1304103,2022,MA Agarwal,Gujarat Titans,Yes,Fit
1304103,2022,HV Patel,Gujarat Titans,No,Hamstring strain
1304103,2022,Yuvraj Singh,Lucknow Super Giants,Yes,Fit
1304103,2022,Shubman Gill,Lucknow Super Giants,Yes,Fit
1304103,2022,JP Faulkner,Lucknow Super Giants,Yes,Fit
1304103,2022,B Kumar,Gujarat Titans,Yes,Fit
1304103,2022,SL Malinga,Gujarat Titans,Yes,Fit
1304103,2022,JA Morkel,Gujarat Titans,Yes,Fit
1304103,2022,Ishan Kishan,Lucknow Super Giants,Yes,Fit
1304103,2022,AB de Villiers,Lucknow Super Giants,Yes,Fit
1304103,2022,Abhishek Sharma,Gujarat Titans,Yes,Fit
1304103,2022,Z Khan,Lucknow Super Giants,Yes,Fit
1304103,2022,RA Tripathi,Gujarat Titans,Yes,Fit
1304104,2022,M Morkel,Delhi Capitals,Yes,Fit
1304104,2022,SS Iyer,Delhi Capitals,Yes,Fit
1304104,2022,S Dhawan,Rajasthan Royals,Yes,Fit
1304104,2022,DW Steyn,Delhi Capitals,Yes,Fit
1304104,2022,R Ashwin,Delhi Capitals,Yes,Fit
1304104,2022,N Rana,Rajasthan Royals,Yes,Fit
1304104,2022,S Dube,Delhi Capitals,Yes,Fit
1304104,2022,R Vinay Kumar,Delhi Capitals,Yes,Fit
1304104,2022,HH Pandya,Rajasthan Royals,Yes,Fit
1304104,2022,YBK Jaiswal,Delhi Capitals,Yes,Fit
1304104,2022,Washington Sundar,Delhi Capitals,Yes,Fit
1304104,2022,JC Buttler,Rajasthan Royals,Yes,Fit
1304104,2022,KK Ahmed,Rajasthan Royals,Yes,Fit
1304104,2022,YK Pathan,Delhi Capitals,Yes,Fit
1304104,2022,YS Chahal,Delhi Capitals,Yes,Fit
1304104,2022,JH Kallis,Delhi Capitals,Yes,Fit
1304104,2022,SO Hetmyer,Rajasthan Royals,Yes,Fit
1304104,2022,SN Thakur,Delhi Capitals,No,Quad strain
1304104,2022,JJ Bumrah,Rajasthan Royals,Yes,Fit
1304104,2022,R Dravid,Rajasthan Royals,Yes,Fit
1304105,2022,SV Samson,Chennai Super Kings,Yes,Fit
1304105,2022,HV Patel,Mumbai Indians,Yes,Fit
1304105,2022,JJ Bumrah,Chennai Super Kings,Yes,Fit
1304105,2022,Avesh Khan,Mumbai Indians,Yes,Fit
1304105,2022,MA Starc,Chennai Super Kings,Yes,Fit
1304105,2022,AC Gilchrist,Mumbai Indians,Yes,Fit
1304105,2022,YS Chahal,Mumbai Indians,Yes,Fit
1304105,2022,AB de Villiers,Mumbai Indians,Yes,Fit
1304105,2022,DPMD Jayawardene,Chennai Super Kings,Yes,Fit
1304105,2022,Yuvraj Singh,Chennai Super Kings,Yes,Fit
1304105,2022,Kuldeep Yadav,Chennai Super Kings,Yes,Fit
1304105,2022,Harbhajan Singh,Chennai Super Kings,Yes,Fit
1304105,2022,SR Watson,Mumbai Indians,Yes,Fit
1304105,2022,KV Sharma,Chennai Super Kings,Yes,Fit
1304105,2022,Q de Kock,Mumbai Indians,Yes,Fit
1304105,2022,SK Raina,Mumbai Indians,Yes,Fit
1304105,2022,TA Boult,Chennai Super Kings,Yes,Fit
1304105,2022,KL Rahul,Chennai Super Kings,Yes,Fit
1304105,2022,KK Ahmed,Mumbai Indians,Yes,Fit
1304105,2022,KS Williamson,Mumbai Indians,Yes,Fit
1304106,2022,AD Russell,Punjab Kings,Yes,Fit
1304106,2022,AC Gilchrist,Royal Challengers Bangalore,Yes,Fit
1304106,2022,V Sehwag,Punjab Kings,Yes,Fit
1304106,2022,DJ Bravo,Punjab Kings,Yes,Fit
1304106,2022,CH Morris,Punjab Kings,Yes,Fit
1304106,2022,JP Duminy,Punjab Kings,Yes,Fit
1304106,2022,PA Patel,Punjab Kings,Yes,Fit
1304106,2022,YS Chahal,Royal Challengers Bangalore,Yes,Fit
1304106,2022,M Prasidh Krishna,Royal Challengers Bangalore,Yes,Fit
1304106,2022,SR Tendulkar,Punjab Kings,Yes,Fit
1304106,2022,B Sai Sudharsan,Royal Challengers Bangalore,Yes,Fit
1304106,2022,JA Morkel,Royal Challengers Bangalore,Yes,Fit
1304106,2022,Shakib Al Hasan,Punjab Kings,Yes,Fit
1304106,2022,AM Rahane,Punjab Kings,Yes,Fit
1304106,2022,Imran Tahir,Punjab Kings,No,Back spasm
1304106,2022,V Kohli,Punjab Kings,Yes,Fit
1304106,2022,CH Gayle,Punjab Kings,Yes,Fit
1304106,2022,BJ Hodge,Royal Challengers Bangalore,Yes,Fit
1304106,2022,Mohammed Siraj,Punjab Kings,Yes,Fit
1304106,2022,RV Uthappa,Punjab Kings,Yes,Fit
1304107,2022,SE Marsh,Kolkata Knight Riders,Yes,Fit
1304107,2022,MM Patel,Kolkata Knight Riders,Yes,Fit
1304107,2022,B Sai Sudharsan,Kolkata Knight Riders,Yes,Fit
1304107,2022,MS Dhoni,Sunrisers Hyderabad,Yes,Fit
1304107,2022,JP Faulkner,Sunrisers Hyderabad,Yes,Fit
1304107,2022,YS Chahal,Kolkata Knight Riders,Yes,Fit
1304107,2022,Mandeep Singh,Kolkata Knight Riders,Yes,Fit
1304107,2022,M Morkel,Sunrisers Hyderabad,Yes,Fit
1304107,2022,SM Curran,Sunrisers Hyderabad,Yes,Fit
1304107,2022,YBK Jaiswal,Sunrisers Hyderabad,Yes,Fit
1304107,2022,CV Varun,Sunrisers Hyderabad,Yes,Fit
1304107,2022,DA Warner,Sunrisers Hyderabad,Yes,Fit
1304107,2022,Shakib Al Hasan,Sunrisers Hyderabad,Yes,Fit
1304107,2022,DL Chahar,Sunrisers Hyderabad,Yes,Fit
1304107,2022,VR Iyer,Kolkata Knight Riders,Yes,Fit
1304107,2022,PP Ojha,Kolkata Knight Riders,Yes,Fit
1304107,2022,S Badrinath,Sunrisers Hyderabad,Yes,Fit
1304107,2022,SR Watson,Kolkata Knight Riders,Yes,Fit
1304107,2022,N Pooran,Sunrisers Hyderabad,Yes,Fit
1304107,2022,Ravi Bishnoi,Sunrisers Hyderabad,Yes,Fit
1304108,2022,SE Marsh,Gujarat Titans,Yes,Fit
1304108,2022,AD Russell,Chennai Super Kings,No,Suspension
1304108,2022,SP Narine,Gujarat Titans,Yes,Fit
1304108,2022,MR Marsh,Chennai Super Kings,Yes,Fit
1304108,2022,YBK Jaiswal,Gujarat Titans,Yes,Fit
1304108,2022,Z Khan,Chennai Super Kings,Yes,Fit
1304108,2022,MM Sharma,Gujarat Titans,No,Covid protocol
1304108,2022,PJ Cummins,Gujarat Titans,Yes,Fit
1304108,2022,SS Iyer,Chennai Super Kings,Yes,Fit
1304108,2022,AT Rayudu,Gujarat Titans,Yes,Fit
1304108,2022,Mohammed Siraj,Chennai Super Kings,Yes,Fit
1304108,2022,IK Pathan,Chennai Super Kings,Yes,Fit
1304108,2022,AR Patel,Chennai Super Kings,Yes,Fit
1304108,2022,DPMD Jayawardene,Chennai Super Kings,Yes,Fit
1304108,2022,RP Singh,Gujarat Titans,Yes,Fit
1304108,2022,G Gambhir,Gujarat Titans,Yes,Fit
1304108,2022,T Natarajan,Gujarat Titans,No,Quad strain
1304108,2022,SN Thakur,Gujarat Titans,Yes,Fit
1304108,2022,SR Watson,Chennai Super Kings,Yes,Fit
1304108,2022,Sandeep Sharma,Chennai Super Kings,Yes,Fit
1304109,2022,P Kumar,Rajasthan Royals,Yes,Fit
1304109,2022,B Sai Sudharsan,Lucknow Super Giants,Yes,Fit
1304109,2022,SS Tiwary,Rajasthan Royals,Yes,Fit
1304109,2022,SS Iyer,Lucknow Super Giants,Yes,Fit
1304109,2022,RV Uthappa,Rajasthan Royals,Yes,Fit
1304109,2022,KC Sangakkara,Rajasthan Royals,No,Shoulder injury
1304109,2022,KH Pandya,Lucknow Super Giants,Yes,Fit
1304109,2022,AK Markram,Rajasthan Royals,No,Personal reasons
1304109,2022,Washington Sundar,Lucknow Super Giants,Yes,Fit
1304109,2022,N Pooran,Rajasthan Royals,Yes,Fit
1304109,2022,AB Dinda,Rajasthan Royals,Yes,Fit
1304109,2022,SE Marsh,Lucknow Super Giants,Yes,Fit
1304109,2022,AD Russell,Rajasthan Royals,Yes,Fit
1304109,2022,YK Pathan,Rajasthan Royals,Yes,Fit
1304109,2022,JC Archer,Lucknow Super Giants,Yes,Fit
1304109,2022,NT Tilak Varma,Lucknow Super Giants,Yes,Fit
1304109,2022,EJG Morgan,Rajasthan Royals,Yes,Fit
1304109,2022,Q de Kock,Lucknow Super Giants,Yes,Fit
1304109,2022,MEK Hussey,Lucknow Super Giants,Yes,Fit
1304109,2022,KK Ahmed,Lucknow Super Giants,Yes,Fit
1304110,2022,PP Ojha,Punjab Kings,Yes,Fit
1304110,2022,Sandeep Sharma,Punjab Kings,Yes,Fit
1304110,2022,BB McCullum,Punjab Kings,Yes,Fit
1304110,2022,Kuldeep Yadav,Delhi Capitals,Yes,Fit
1304110,2022,SR Tendulkar,Delhi Capitals,Yes,Fit
1304110,2022,Shubman Gill,Punjab Kings,Yes,Fit
1304110,2022,KL Rahul,Delhi Capitals,Yes,Fit
1304110,2022,YS Chahal,Delhi Capitals,Yes,Fit
1304110,2022,HV Patel,Punjab Kings,Yes,Fit
1304110,2022,Prabhsimran Singh,Delhi Capitals,Yes,Fit
1304110,2022,SP Narine,Delhi Capitals,Yes,Fit
1304110,2022,MG Johnson,Punjab Kings,Yes,Fit
1304110,2022,KD Karthik,Delhi Capitals,Yes,Fit
1304110,2022,TA Boult,Punjab Kings,Yes,Fit
1304110,2022,EJG Morgan,Delhi Capitals,Yes,Fit
1304110,2022,RD Gaikwad,Punjab Kings,Yes,Fit
1304110,2022,JJ Bumrah,Punjab Kings,Yes,Fit
1304110,2022,AB de Villiers,Delhi Capitals,Yes,Fit
1304110,2022,BJ Hodge,Delhi Capitals,Yes,Fit
1304110,2022,VR Iyer,Delhi Capitals,Yes,Fit
1304111,2022,L Balaji,Sunrisers Hyderabad,Yes,Fit
1304111,2022,RD Chahar,Mumbai Indians,Yes,Fit
1304111,2022,HH Pandya,Sunrisers Hyderabad,Yes,Fit
1304111,2022,SR Watson,Mumbai Indians,No,Quad strain
1304111,2022,HV Patel,Sunrisers Hyderabad,Yes,Fit
1304111,2022,MP Stoinis,Sunrisers Hyderabad,Yes,Fit
1304111,2022,MG Johnson,Sunrisers Hyderabad,Yes,Fit
1304111,2022,KC Sangakkara,Sunrisers Hyderabad,Yes,Fit
1304111,2022,JP Faulkner,Sunrisers Hyderabad,Yes,Fit
1304111,2022,DA Warner,Sunrisers Hyderabad,Yes,Fit
1304111,2022,JP Duminy,Mumbai Indians,Yes,Fit
1304111,2022,PA Patel,Sunrisers Hyderabad,Yes,Fit
1304111,2022,SV Samson,Mumbai Indians,Yes,Fit
1304111,2022,YBK Jaiswal,Sunrisers Hyderabad,Yes,Fit
1304111,2022,AC Gilchrist,Sunrisers Hyderabad,Yes,Fit
1304111,2022,KV Sharma,Mumbai Indians,Yes,Fit
1304111,2022,KD Karthik,Sunrisers Hyderabad,No,Covid protocol
1304111,2022,RP Singh,Mumbai Indians,Yes,Fit
1304111,2022,WP Saha,Mumbai Indians,Yes,Fit
1304111,2022,SO Hetmyer,Sunrisers Hyderabad,Yes,Fit
1304112,2022,RV Uthappa,Kolkata Knight Riders,Yes,Fit
1304112,2022,DJ Hooda,Lucknow Super Giants,Yes,Fit
1304112,2022,CH Gayle,Kolkata Knight Riders,Yes,Fit
1304112,2022,Z Khan,Lucknow Super Giants,Yes,Fit
1304112,2022,SM Curran,Kolkata Knight Riders,Yes,Fit
1304112,2022,WP Saha,Kolkata Knight Riders,Yes,Fit
1304112,2022,DA Warner,Kolkata Knight Riders,Yes,Fit
1304112,2022,PP Ojha,Kolkata Knight Riders,Yes,Fit
1304112,2022,SS Iyer,Kolkata Knight Riders,Yes,Fit
1304112,2022,Ravi Bishnoi,Kolkata Knight Riders,Yes,Fit
1304112,2022,MK Tiwary,Lucknow Super Giants,Yes,Fit
1304112,2022,AR Patel,Lucknow Super Giants,Yes,Fit
1304112,2022,Prabhsimran Singh,Lucknow Super Giants,Yes,Fit
1304112,2022,DPMD Jayawardene,Kolkata Knight Riders,Yes,Fit
1304112,2022,A Symonds,Kolkata Knight Riders,Yes,Fit
1304112,2022,JC Archer,Lucknow Super Giants,Yes,Fit
1304112,2022,MC Henriques,Kolkata Knight Riders,No,Fever
1304112,2022,BA Stokes,Lucknow Super Giants,Yes,Fit
1304112,2022,Sandeep Sharma,Kolkata Knight Riders,Yes,Fit
1304112,2022,JC Buttler,Kolkata Knight Riders,No,Shoulder injury
1304113,2022,A Nehra,Royal Challengers Bangalore,Yes,Fit
1304113,2022,RV Uthappa,Royal Challengers Bangalore,Yes,Fit
1304113,2022,MP Stoinis,Gujarat Titans,Yes,Fit
1304113,2022,T Natarajan,Gujarat Titans,Yes,Fit
1304113,2022,SE Marsh,Royal Challengers Bangalore,Yes,Fit
1304113,2022,R Bhatia,Gujarat Titans,Yes,Fit
1304113,2022,R Ashwin,Royal Challengers Bangalore,Yes,Fit
1304113,2022,RG Sharma,Gujarat Titans,Yes,Fit
1304113,2022,DPMD Jayawardene,Gujarat Titans,No,Knee injury
1304113,2022,JC Archer,Royal Challengers Bangalore,Yes,Fit
1304113,2022,H Klaasen,Royal Challengers Bangalore,Yes,Fit
1304113,2022,N Rana,Royal Challengers Bangalore,Yes,Fit
1304113,2022,F du Plessis,Gujarat Titans,Yes,Fit
1304113,2022,M Prasidh Krishna,Royal Challengers Bangalore,Yes,Fit
1304113,2022,JA Morkel,Royal Challengers Bangalore,Yes,Fit
1304113,2022,R Tewatia,Royal Challengers Bangalore,Yes,Fit
1304113,2022,MK Tiwary,Gujarat Titans,Yes,Fit
1304113,2022,JH Kallis,Gujarat Titans,Yes,Fit
1304113,2022,AD Russell,Royal Challengers Bangalore,Yes,Fit
1304113,2022,YK Pathan,Gujarat Titans,Yes,Fit
1304114,2022,YBK Jaiswal,Rajasthan Royals,Yes,Fit
1304114,2022,N Rana,Chennai Super Kings,Yes,Fit
1304114,2022,SR Tendulkar,Rajasthan Royals,Yes,Fit
1304114,2022,MM Patel,Rajasthan Royals,Yes,Fit
1304114,2022,KH Pandya,Chennai Super Kings,Yes,Fit
1304114,2022,Harbhajan Singh,Rajasthan Royals,Yes,Fit
1304114,2022,RG Sharma,Rajasthan Royals,Yes,Fit
1304114,2022,NV Ojha,Chennai Super Kings,Yes,Fit
1304114,2022,Z Khan,Chennai Super Kings,Yes,Fit
1304114,2022,MK Tiwary,Chennai Super Kings,Yes,Fit
1304114,2022,I Sharma,Rajasthan Royals,Yes,Fit
1304114,2022,Yuvraj Singh,Chennai Super Kings,Yes,Fit
1304114,2022,DR Smith,Rajasthan Royals,No,Knee injury
1304114,2022,MEK Hussey,Rajasthan Royals,Yes,Fit
1304114,2022,MA Agarwal,Chennai Super Kings,Yes,Fit
1304114,2022,EJG Morgan,Chennai Super Kings,Yes,Fit
1304114,2022,AR Patel,Chennai Super Kings,Yes,Fit
1304114,2022,RP Singh,Rajasthan Royals,Yes,Fit
1304114,2022,B Kumar,Chennai Super Kings,Yes,Fit
1304114,2022,JA Morkel,Rajasthan Royals,Yes,Fit
1304115,2022,P Kumar,Delhi Capitals,Yes,Fit
1304115,2022,S Badrinath,Mumbai Indians,Yes,Fit
1304115,2022,RV Uthappa,Mumbai Indians,Yes,Fit
1304115,2022,MC Henriques,Delhi Capitals,Yes,Fit
1304115,2022,NT Tilak Varma,Mumbai Indians,Yes,Fit
1304115,2022,CH Morris,Delhi Capitals,Yes,Fit
1304115,2022,F du Plessis,Delhi Capitals,Yes,Fit
1304115,2022,PP Ojha,Delhi Capitals,Yes,Fit
1304115,2022,MS Dhoni,Delhi Capitals,Yes,Fit
1304115,2022,SL Malinga,Mumbai Indians,Yes,Fit
1304115,2022,AB de Villiers,Delhi Capitals,Yes,Fit
1304115,2022,KD Karthik,Mumbai Indians,Yes,Fit
1304115,2022,Yuvraj Singh,Delhi Capitals,Yes,Fit
1304115,2022,JJ Bumrah,Delhi Capitals,Yes,Fit
1304115,2022,AT Rayudu,Mumbai Indians,Yes,Fit
1304115,2022,A Mishra,Mumbai Indians,No,Suspension
1304115,2022,AC Gilchrist,Delhi Capitals,Yes,Fit
1304115,2022,SS Tiwary,Mumbai Indians,Yes,Fit
1304115,2022,RA Tripathi,Delhi Capitals,Yes,Fit
1304115,2022,Ravi Bishnoi,Delhi Capitals,Yes,Fit
1304116,2022,Avesh Khan,Sunrisers Hyderabad,Yes,Fit
1304116,2022,YK Pathan,Punjab Kings,Yes,Fit
1304116,2022,JC Buttler,Punjab Kings,Yes,Fit
1304116,2022,SR Watson,Punjab Kings,Yes,Fit
1304116,2022,SR Tendulkar,Punjab Kings,Yes,Fit
1304116,2022,YBK Jaiswal,Punjab Kings,Yes,Fit
1304116,2022,M Morkel,Punjab Kings,Yes,Fit
1304116,2022,MC Henriques,Punjab Kings,Yes,Fit
1304116,2022,AT Rayudu,Punjab Kings,Yes,Fit
1304116,2022,Mohammed Siraj,Sunrisers Hyderabad,Yes,Fit
1304116,2022,AB Dinda,Sunrisers Hyderabad,Yes,Fit
1304116,2022,JP Duminy,Sunrisers Hyderabad,No,Quad strain
1304116,2022,TA Boult,Sunrisers Hyderabad,Yes,Fit
1304116,2022,N Pooran,Sunrisers Hyderabad,Yes,Fit
1304116,2022,RA Jadeja,Sunrisers Hyderabad,Yes,Fit
1304116,2022,DW Steyn,Punjab Kings,Yes,Fit
1304116,2022,RV Uthappa,Punjab Kings,Yes,Fit
1304116,2022,R Ashwin,Punjab Kings,Yes,Fit
1304116,2022,MM Sharma,Punjab Kings,Yes,Fit
1304116,2022,DS Kulkarni,Punjab Kings,Yes,Fit
1312197,2022,R Dravid,Rajasthan Royals,Yes,Fit
1312197,2022,Mandeep Singh,Gujarat Titans,Yes,Fit
1312197,2022,Ishan Kishan,Gujarat Titans,Yes,Fit
1312197,2022,R Tewatia,Rajasthan Royals,No,Shoulder injury
1312197,2022,MP Stoinis,Gujarat Titans,Yes,Fit
1312197,2022,SR Tendulkar,Rajasthan Royals,Yes,Fit
1312197,2022,JC Archer,Rajasthan Royals,Yes,Fit
1312197,2022,Arshdeep Singh,Rajasthan Royals,No,Shoulder injury
1312197,2022,P Kumar,Rajasthan Royals,Yes,Fit
1312197,2022,S Dhawan,Rajasthan Royals,Yes,Fit
1312197,2022,AM Rahane,Rajasthan Royals,Yes,Fit
1312197,2022,KH Pandya,Rajasthan Royals,Yes,Fit
1312197,2022,JA Morkel,Rajasthan Royals,Yes,Fit
1312197,2022,SP Narine,Gujarat Titans,Yes,Fit
1312197,2022,KK Nair,Gujarat Titans,Yes,Fit
1312197,2022,RR Pant,Gujarat Titans,Yes,Fit
1312197,2022,MM Ali,Gujarat Titans,Yes,Fit
1312197,2022,BA Stokes,Rajasthan Royals,Yes,Fit
1312197,2022,SS Tiwary,Rajasthan Royals,Yes,Fit
1312197,2022,DL Chahar,Rajasthan Royals,Yes,Fit
1312198,2022,DA Miller,Royal Challengers Bangalore,Yes,Fit
1312198,2022,Yuvraj Singh,Royal Challengers Bangalore,Yes,Fit
1312198,2022,R Ashwin,Royal Challengers Bangalore,Yes,Fit
1312198,2022,RA Jadeja,Royal Challengers Bangalore,Yes,Fit
1312198,2022,SN Thakur,Royal Challengers Bangalore,Yes,Fit
1312198,2022,N Rana,Lucknow Super Giants,Yes,Fit
1312198,2022,PP Shaw,Royal Challengers Bangalore,Yes,Fit
1312198,2022,MS Dhoni,Royal Challengers Bangalore,Yes,Fit
1312198,2022,R Dravid,Lucknow Super Giants,Yes,Fit
1312198,2022,DPMD Jayawardene,Lucknow Super Giants,Yes,Fit
1312198,2022,AB Dinda,Lucknow Super Giants,No,Personal reasons
1312198,2022,AD Russell,Lucknow Super Giants,Yes,Fit
1312198,2022,JP Duminy,Lucknow Super Giants,Yes,Fit
1312198,2022,MA Agarwal,Royal Challengers Bangalore,Yes,Fit
1312198,2022,MC Henriques,Lucknow Super Giants,Yes,Fit
1312198,2022,Kuldeep Yadav,Lucknow Super Giants,No,Back spasm
1312198,2022,I Sharma,Lucknow Super Giants,Yes,Fit
1312198,2022,RD Gaikwad,Lucknow Super Giants,Yes,Fit
1312198,2022,A Mishra,Royal Challengers Bangalore,Yes,Fit
1312198,2022,KD Karthik,Royal Challengers Bangalore,Yes,Fit
1312199,2022,P Kumar,Rajasthan Royals,Yes,Fit
1312199,2022,JP Duminy,Royal Challengers Bangalore,Yes,Fit
1312199,2022,JC Buttler,Rajasthan Royals,Yes,Fit
1312199,2022,R Tewatia,Royal Challengers Bangalore,Yes,Fit
1312199,2022,K Rabada,Royal Challengers Bangalore,Yes,Fit
1312199,2022,B Kumar,Royal Challengers Bangalore,Yes,Fit
1312199,2022,NV Ojha,Royal Challengers Bangalore,Yes,Fit
1312199,2022,RR Pant,Royal Challengers Bangalore,Yes,Fit
1312199,2022,BJ Hodge,Royal Challengers Bangalore,Yes,Fit
1312199,2022,S Dube,Royal Challengers Bangalore,Yes,Fit
1312199,2022,KL Rahul,Royal Challengers Bangalore,Yes,Fit
1312199,2022,V Kohli,Rajasthan Royals,Yes,Fit
1312199,2022,MC Henriques,Rajasthan Royals,Yes,Fit
1312199,2022,MA Starc,Royal Challengers Bangalore,Yes,Fit
1312199,2022,UT Yadav,Royal Challengers Bangalore,Yes,Fit
1312199,2022,SR Watson,Royal Challengers Bangalore,Yes,Fit
1312199,2022,RA Jadeja,Royal Challengers Bangalore,Yes,Fit
1312199,2022,A Nehra,Rajasthan Royals,Yes,Fit
1312199,2022,DS Kulkarni,Rajasthan Royals,Yes,Fit
1312199,2022,AK Markram,Royal Challengers Bangalore,Yes,Fit
1312200,2022,AD Russell,Gujarat Titans,Yes,Fit
1312200,2022,DS Kulkarni,Rajasthan Royals,Yes,Fit
1312200,2022,RD Chahar,Gujarat Titans,Yes,Fit
1312200,2022,SP Narine,Gujarat Titans,Yes,Fit
1312200,2022,M Prasidh Krishna,Gujarat Titans,Yes,Fit
1312200,2022,DL Chahar,Rajasthan Royals,Yes,Fit
1312200,2022,MM Ali,Gujarat Titans,Yes,Fit
1312200,2022,AK Markram,Gujarat Titans,Yes,Fit
1312200,2022,RG Sharma,Gujarat Titans,Yes,Fit
1312200,2022,Ishan Kishan,Gujarat Titans,Yes,Fit
1312200,2022,A Nehra,Rajasthan Royals,Yes,Fit
1312200,2022,SO Hetmyer,Gujarat Titans,Yes,Fit
1312200,2022,Shubman Gill,Rajasthan Royals,Yes,Fit
1312200,2022,Rashid Khan,Gujarat Titans,Yes,Fit
1312200,2022,JM Bairstow,Gujarat Titans,Yes,Fit
1312200,2022,B Kumar,Rajasthan Royals,Yes,Fit
1312200,2022,KC Sangakkara,Gujarat Titans,Yes,Fit
1312200,2022,K Rabada,Rajasthan Royals,Yes,Fit
1312200,2022,RR Pant,Gujarat Titans,Yes,Fit
1312200,2022,BA Stokes,Gujarat Titans,Yes,Fit
1359475,2023,A Mishra,Chennai Super Kings,Yes,Fit
1359475,2023,KK Ahmed,Gujarat Titans,Yes,Fit
1359475,2023,MC Henriques,Chennai Super Kings,Yes,Fit
1359475,2023,A Symonds,Gujarat Titans,Yes,Fit
1359475,2023,R Tewatia,Chennai Super Kings,No,Travel delay
1359475,2023,Washington Sundar,Chennai Super Kings,Yes,Fit
1359475,2023,MK Tiwary,Chennai Super Kings,Yes,Fit
1359475,2023,JC Archer,Gujarat Titans,Yes,Fit
1359475,2023,PP Ojha,Gujarat Titans,Yes,Fit
1359475,2023,AB Dinda,Chennai Super Kings,Yes,Fit
1359475,2023,S Dhawan,Gujarat Titans,No,Covid protocol
1359475,2023,AB de Villiers,Chennai Super Kings,Yes,Fit
1359475,2023,M Prasidh Krishna,Gujarat Titans,Yes,Fit
1359475,2023,T Natarajan,Gujarat Titans,Yes,Fit
1359475,2023,Q de Kock,Gujarat Titans,No,Calf injury
1359475,2023,VR Iyer,Chennai Super Kings,Yes,Fit
1359475,2023,YK Pathan,Chennai Super Kings,No,Fever
1359475,2023,PP Shaw,Chennai Super Kings,Yes,Fit
1359475,2023,RA Jadeja,Chennai Super Kings,Yes,Fit
1359475,2023,RD Gaikwad,Gujarat Titans,Yes,Fit
1359476,2023,AB de Villiers,Kolkata Knight Riders,Yes,Fit
1359476,2023,JA Morkel,Kolkata Knight Riders,Yes,Fit
1359476,2023,Arshdeep Singh,Kolkata Knight Riders,Yes,Fit
1359476,2023,JP Faulkner,Kolkata Knight Riders,Yes,Fit
1359476,2023,R Ashwin,Kolkata Knight Riders,No,Finger fracture
1359476,2023,MM Sharma,Kolkata Knight Riders,Yes,Fit
1359476,2023,Sandeep Sharma,Kolkata Knight Riders,Yes,Fit
1359476,2023,V Shankar,Kolkata Knight Riders,Yes,Fit
1359476,2023,RD Gaikwad,Kolkata Knight Riders,Yes,Fit
1359476,2023,M Vijay,Punjab Kings,Yes,Fit
1359476,2023,M Morkel,Kolkata Knight Riders,Yes,Fit
1359476,2023,GJ Maxwell,Kolkata Knight Riders,Yes,Fit
1359476,2023,M Prasidh Krishna,Kolkata Knight Riders,Yes,Fit
1359476,2023,Prabhsimran Singh,Punjab Kings,Yes,Fit
1359476,2023,KA Pollard,Punjab Kings,No,Travel delay
1359476,2023,Rashid Khan,Kolkata Knight Riders,Yes,Fit
1359476,2023,JC Buttler,Kolkata Knight Riders,Yes,Fit
1359476,2023,D Padikkal,Punjab Kings,Yes,Fit
1359476,2023,SM Curran,Punjab Kings,Yes,Fit
1359476,2023,Imran Tahir,Punjab Kings,Yes,Fit
1359477,2023,PP Chawla,Delhi Capitals,Yes,Fit
1359477,2023,CH Gayle,Lucknow Super Giants,Yes,Fit
1359477,2023,KS Williamson,Lucknow Super Giants,Yes,Fit
1359477,2023,HV Patel,Lucknow Super Giants,Yes,Fit
1359477,2023,RD Chahar,Lucknow Super Giants,Yes,Fit
1359477,2023,Prabhsimran Singh,Delhi Capitals,Yes,Fit
1359477,2023,K Rabada,Lucknow Super Giants,Yes,Fit
1359477,2023,MM Sharma,Delhi Capitals,Yes,Fit
1359477,2023,MJ McClenaghan,Delhi Capitals,Yes,Fit
1359477,2023,P Kumar,Lucknow Super Giants,Yes,Fit
1359477,2023,MM Ali,Delhi Capitals,Yes,Fit
1359477,2023,V Shankar,Lucknow Super Giants,Yes,Fit
1359477,2023,Mohammed Shami,Lucknow Super Giants,Yes,Fit
1359477,2023,CH Morris,Delhi Capitals,Yes,Fit
1359477,2023,R Dravid,Lucknow Super Giants,Yes,Fit
1359477,2023,G Gambhir,Delhi Capitals,Yes,Fit
1359477,2023,F du Plessis,Delhi Capitals,Yes,Fit
1359477,2023,PP Ojha,Lucknow Super Giants,Yes,Fit
1359477,2023,AD Russell,Delhi Capitals,Yes,Fit
1359477,2023,MEK Hussey,Lucknow Super Giants,Yes,Fit
1359478,2023,R Ashwin,Rajasthan Royals,Yes,Fit
1359478,2023,M Prasidh Krishna,Rajasthan Royals,Yes,Fit
1359478,2023,MJ McClenaghan,Rajasthan Royals,Yes,Fit
1359478,2023,RG Sharma,Sunrisers Hyderabad,Yes,Fit
1359478,2023,RD Chahar,Rajasthan Royals,Yes,Fit
1359478,2023,B Sai Sudharsan,Sunrisers Hyderabad,Yes,Fit
1359478,2023,DPMD Jayawardene,Sunrisers Hyderabad,Yes,Fit
1359478,2023,HH Pandya,Sunrisers Hyderabad,Yes,Fit
1359478,2023,Shakib Al Hasan,Sunrisers Hyderabad,Yes,Fit
1359478,2023,SN Thakur,Rajasthan Royals,Yes,Fit
1359478,2023,S Dube,Rajasthan Royals,Yes,Fit
1359478,2023,JC Archer,Sunrisers Hyderabad,Yes,Fit
1359478,2023,S Dhawan,Sunrisers Hyderabad,Yes,Fit
1359478,2023,PP Ojha,Rajasthan Royals,Yes,Fit
1359478,2023,B Kumar,Rajasthan Royals,Yes,Fit
1359478,2023,NT Tilak Varma,Sunrisers Hyderabad,Yes,Fit
1359478,2023,R Bhatia,Sunrisers Hyderabad,Yes,Fit
1359478,2023,AB de Villiers,Sunrisers Hyderabad,Yes,Fit
1359478,2023,SR Watson,Rajasthan Royals,Yes,Fit
1359478,2023,BB McCullum,Rajasthan Royals,Yes,Fit
1359479,2023,AC Gilchrist,Mumbai Indians,Yes,Fit
1359479,2023,MA Agarwal,Mumbai Indians,Yes,Fit
1359479,2023,PP Chawla,Royal Challengers Bangalore,Yes,Fit
1359479,2023,DJ Bravo,Royal Challengers Bangalore,Yes,Fit
1359479,2023,CH Morris,Mumbai Indians,Yes,Fit
1359479,2023,V Sehwag,Royal Challengers Bangalore,Yes,Fit
1359479,2023,SK Raina,Mumbai Indians,Yes,Fit
1359479,2023,SS Tiwary,Mumbai Indians,Yes,Fit
1359479,2023,SP Narine,Mumbai Indians,Yes,Fit
1359479,2023,YBK Jaiswal,Royal Challengers Bangalore,Yes,Fit
1359479,2023,Abhishek Sharma,Royal Challengers Bangalore,Yes,Fit
1359479,2023,PA Patel,Mumbai Indians,Yes,Fit
1359479,2023,YS Chahal,Mumbai Indians,Yes,Fit
1359479,2023,MS Dhoni,Royal Challengers Bangalore,Yes,Fit
1359479,2023,KL Rahul,Royal Challengers Bangalore,Yes,Fit
1359479,2023,Yuvraj Singh,Mumbai Indians,Yes,Fit
1359479,2023,N Pooran,Royal Challengers Bangalore,Yes,Fit
1359479,2023,MK Tiwary,Mumbai Indians,Yes,Fit
1359479,2023,Arshdeep Singh,Mumbai Indians,No,Shoulder injury
1359479,2023,AK Markram,Royal Challengers Bangalore,Yes,Fit
1359480,2023,R Parag,Chennai Super Kings,Yes,Fit
1359480,2023,HH Pandya,Lucknow Super Giants,Yes,Fit
1359480,2023,Ravi Bishnoi,Lucknow Super Giants,Yes,Fit
1359480,2023,Mandeep Singh,Lucknow Super Giants,Yes,Fit
1359480,2023,SP Narine,Lucknow Super Giants,Yes,Fit
1359480,2023,MS Dhoni,Lucknow Super Giants,Yes,Fit
1359480,2023,YS Chahal,Chennai Super Kings,No,Finger fracture
1359480,2023,Q de Kock,Lucknow Super Giants,Yes,Fit
1359480,2023,MJ McClenaghan,Chennai Super Kings,Yes,Fit
1359480,2023,DJ Bravo,Chennai Super Kings,Yes,Fit
1359480,2023,Prabhsimran Singh,Lucknow Super Giants,No,Travel delay
1359480,2023,DW Steyn,Chennai Super Kings,Yes,Fit
1359480,2023,AJ Finch,Chennai Super Kings,Yes,Fit
1359480,2023,SV Samson,Lucknow Super Giants,Yes,Fit
1359480,2023,JP Faulkner,Chennai Super Kings,No,Finger fracture
1359480,2023,DA Miller,Lucknow Super Giants,Yes,Fit
1359480,2023,SPD Smith,Chennai Super Kings,Yes,Fit
1359480,2023,DJ Hussey,Chennai Super Kings,Yes,Fit
1359480,2023,S Badrinath,Lucknow Super Giants,Yes,Fit
1359480,2023,JA Morkel,Lucknow Super Giants,Yes,Fit
1359481,2023,R Dravid,Delhi Capitals,Yes,Fit
1359481,2023,UT Yadav,Gujarat Titans,Yes,Fit
1359481,2023,PP Chawla,Gujarat Titans,Yes,Fit
1359481,2023,Rashid Khan,Delhi Capitals,Yes,Fit
1359481,2023,Sandeep Sharma,Delhi Capitals,Yes,Fit
1359481,2023,SM Curran,Delhi Capitals,Yes,Fit
1359481,2023,V Shankar,Delhi Capitals,Yes,Fit
1359481,2023,JP Duminy,Delhi Capitals,Yes,Fit
1359481,2023,JC Archer,Delhi Capitals,Yes,Fit
1359481,2023,CH Morris,Delhi Capitals,Yes,Fit
1359481,2023,KH Pandya,Delhi Capitals,Yes,Fit
1359481,2023,RV Uthappa,Delhi Capitals,Yes,Fit
1359481,2023,AB Dinda,Gujarat Titans,Yes,Fit
1359481,2023,MM Patel,Gujarat Titans,Yes,Fit
1359481,2023,SPD Smith,Delhi Capitals,Yes,Fit
1359481,2023,N Pooran,Delhi Capitals,Yes,Fit
1359481,2023,JD Unadkat,Gujarat Titans,Yes,Fit
1359481,2023,R Tewatia,Delhi Capitals,Yes,Fit
1359481,2023,RR Pant,Gujarat Titans,Yes,Fit
1359481,2023,DJ Bravo,Gujarat Titans,Yes,Fit
1359482,2023,Mandeep Singh,Punjab Kings,Yes,Fit
1359482,2023,MA Agarwal,Punjab Kings,Yes,Fit
1359482,2023,UT Yadav,Punjab Kings,Yes,Fit
1359482,2023,R Bhatia,Rajasthan Royals,Yes,Fit
1359482,2023,MM Ali,Punjab Kings,No,Knee injury
1359482,2023,KA Pollard,Punjab Kings,Yes,Fit
1359482,2023,AM Rahane,Punjab Kings,Yes,Fit
1359482,2023,A Mishra,Punjab Kings,Yes,Fit
1359482,2023,M Prasidh Krishna,Rajasthan Royals,Yes,Fit
1359482,2023,T Natarajan,Rajasthan Royals,Yes,Fit
1359482,2023,M Morkel,Rajasthan Royals,Yes,Fit
1359482,2023,DS Kulkarni,Punjab Kings,Yes,Fit
1359482,2023,Z Khan,Rajasthan Royals,Yes,Fit
1359482,2023,Ravi Bishnoi,Rajasthan Royals,Yes,Fit
1359482,2023,JH Kallis,Punjab Kings,Yes,Fit
1359482,2023,YBK Jaiswal,Rajasthan Royals,Yes,Fit
1359482,2023,DPMD Jayawardene,Punjab Kings,Yes,Fit
1359482,2023,SR Watson,Punjab Kings,Yes,Fit
1359482,2023,KV Sharma,Punjab Kings,Yes,Fit
1359482,2023,JM Bairstow,Punjab Kings,Yes,Fit
1359483,2023,S Dhawan,Royal Challengers Bangalore,Yes,Fit
1359483,2023,Ishan Kishan,Kolkata Knight Riders,Yes,Fit
1359483,2023,H Klaasen,Kolkata Knight Riders,Yes,Fit
1359483,2023,MP Stoinis,Royal Challengers Bangalore,Yes,Fit
1359483,2023,MK Pandey,Kolkata Knight Riders,Yes,Fit
1359483,2023,SP Narine,Royal Challengers Bangalore,Yes,Fit
1359483,2023,Kuldeep Yadav,Royal Challengers Bangalore,Yes,Fit
1359483,2023,S Badrinath,Kolkata Knight Riders,Yes,Fit
1359483,2023,Mohammed Siraj,Kolkata Knight Riders,Yes,Fit
1359483,2023,SR Watson,Royal Challengers Bangalore,Yes,Fit
1359483,2023,RA Jadeja,Royal Challengers Bangalore,Yes,Fit
1359483,2023,SPD Smith,Royal Challengers Bangalore,Yes,Fit
1359483,2023,AC Gilchrist,Royal Challengers Bangalore,Yes,Fit
1359483,2023,BB McCullum,Royal Challengers Bangalore,Yes,Fit
1359483,2023,SR Tendulkar,Royal Challengers Bangalore,Yes,Fit
1359483,2023,JD Unadkat,Royal Challengers Bangalore,Yes,Fit
1359483,2023,B Sai Sudharsan,Kolkata Knight Riders,Yes,Fit
1359483,2023,Yuvraj Singh,Kolkata Knight Riders,Yes,Fit
1359483,2023,RD Chahar,Royal Challengers Bangalore,Yes,Fit
1359483,2023,SS Iyer,Royal Challengers Bangalore,Yes,Fit
1359484,2023,JJ Bumrah,Sunrisers Hyderabad,Yes,Fit
1359484,2023,PA Patel,Lucknow Super Giants,Yes,Fit
1359484,2023,P Kumar,Sunrisers Hyderabad,Yes,Fit
1359484,2023,JC Buttler,Lucknow Super Giants,Yes,Fit
1359484,2023,B Sai Sudharsan,Sunrisers Hyderabad,Yes,Fit
1359484,2023,MA Starc,Sunrisers Hyderabad,Yes,Fit
1359484,2023,DR Smith,Lucknow Super Giants,Yes,Fit
1359484,2023,AT Rayudu,Lucknow Super Giants,Yes,Fit
1359484,2023,L Balaji,Lucknow Super Giants,Yes,Fit
1359484,2023,Ishan Kishan,Lucknow Super Giants,Yes,Fit
1359484,2023,CH Morris,Sunrisers Hyderabad,Yes,Fit
1359484,2023,JD Unadkat,Lucknow Super Giants,Yes,Fit
1359484,2023,MEK Hussey,Lucknow Super Giants,Yes,Fit
1359484,2023,Mohammed Siraj,Sunrisers Hyderabad,Yes,Fit
1359484,2023,MG Johnson,Lucknow Super Giants,Yes,Fit
1359484,2023,Abhishek Sharma,Lucknow Super Giants,Yes,Fit
1359484,2023,PP Shaw,Lucknow Super Giants,Yes,Fit
1359484,2023,DS Kulkarni,Sunrisers Hyderabad,Yes,Fit
1359484,2023,S Dhawan,Sunrisers Hyderabad,Yes,Fit
1359484,2023,SP Narine,Sunrisers Hyderabad,Yes,Fit
1359485,2023,Z Khan,Rajasthan Royals,Yes,Fit
1359485,2023,SV Samson,Delhi Capitals,Yes,Fit
1359485,2023,DJ Hussey,Rajasthan Royals,Yes,Fit
1359485,2023,Arshdeep Singh,Delhi Capitals,Yes,Fit
1359485,2023,V Shankar,Rajasthan Royals,Yes,Fit
1359485,2023,R Bhatia,Rajasthan Royals,Yes,Fit
1359485,2023,MM Ali,Rajasthan Royals,Yes,Fit
1359485,2023,SC Ganguly,Delhi Capitals,Yes,Fit
1359485,2023,AR Patel,Rajasthan Royals,Yes,Fit
1359485,2023,F du Plessis,Rajasthan Royals,Yes,Fit
1359485,2023,I Sharma,Rajasthan Royals,Yes,Fit
1359485,2023,SM Curran,Delhi Capitals,Yes,Fit
1359485,2023,AC Gilchrist,Delhi Capitals,Yes,Fit
1359485,2023,RG Sharma,Delhi Capitals,Yes,Fit
1359485,2023,NT Tilak Varma,Rajasthan Royals,Yes,Fit
1359485,2023,JC Buttler,Rajasthan Royals,Yes,Fit
1359485,2023,PJ Cummins,Rajasthan Royals,Yes,Fit
1359485,2023,RV Uthappa,Rajasthan Royals,Yes,Fit
1359485,2023,MM Patel,Delhi Capitals,Yes,Fit
1359485,2023,KK Ahmed,Rajasthan Royals,Yes,Fit
1359486,2023,Ravi Bishnoi,Chennai Super Kings,Yes,Fit
1359486,2023,A Mishra,Chennai Super Kings,Yes,Fit
1359486,2023,SM Curran,Mumbai Indians,Yes,Fit
1359486,2023,SS Iyer,Chennai Super Kings,Yes,Fit
1359486,2023,MS Dhoni,Chennai Super Kings,Yes,Fit
1359486,2023,SPD Smith,Mumbai Indians,Yes,Fit
1359486,2023,WP Saha,Mumbai Indians,Yes,Fit
1359486,2023,SA Yadav,Mumbai Indians,Yes,Fit
1359486,2023,Avesh Khan,Mumbai Indians,Yes,Fit
1359486,2023,AD Russell,Mumbai Indians,Yes,Fit
1359486,2023,Mohammed Siraj,Chennai Super Kings,Yes,Fit
1359486,2023,DS Kulkarni,Chennai Super Kings,Yes,Fit
1359486,2023,Mohammed Shami,Mumbai Indians,Yes,Fit
1359486,2023,H Klaasen,Mumbai Indians,Yes,Fit
1359486,2023,KV Sharma,Mumbai Indians,Yes,Fit
1359486,2023,Imran Tahir,Mumbai Indians,Yes,Fit
1359486,2023,DA Miller,Chennai Super Kings,Yes,Fit
1359486,2023,AB Dinda,Mumbai Indians,Yes,Fit
1359486,2023,L Balaji,Mumbai Indians,Yes,Fit
1359486,2023,RA Tripathi,Chennai Super Kings,Yes,Fit
1359487,2023,SS Iyer,Kolkata Knight Riders,Yes,Fit
1359487,2023,PP Shaw,Gujarat Titans,Yes,Fit
1359487,2023,SR Watson,Gujarat Titans,Yes,Fit
1359487,2023,Harbhajan Singh,Kolkata Knight Riders,Yes,Fit
1359487,2023,SE Marsh,Gujarat Titans,Yes,Fit
1359487,2023,JD Unadkat,Kolkata Knight Riders,Yes,Fit
1359487,2023,MK Pandey,Kolkata Knight Riders,Yes,Fit
1359487,2023,YK Pathan,Gujarat Titans,Yes,Fit
1359487,2023,PP Chawla,Gujarat Titans,Yes,Fit
1359487,2023,AK Markram,Kolkata Knight Riders,Yes,Fit
1359487,2023,Mohammed Shami,Gujarat Titans,Yes,Fit
1359487,2023,VR Iyer,Gujarat Titans,Yes,Fit
1359487,2023,R Vinay Kumar,Gujarat Titans,Yes,Fit
1359487,2023,MEK Hussey,Gujarat Titans,Yes,Fit
1359487,2023,KH Pandya,Kolkata Knight Riders,Yes,Fit
1359487,2023,JP Faulkner,Kolkata Knight Riders,Yes,Fit
1359487,2023,CH Morris,Kolkata Knight Riders,Yes,Fit
1359487,2023,JA Morkel,Gujarat Titans,No,Covid protocol
1359487,2023,MC Henriques,Gujarat Titans,Yes,Fit
1359487,2023,V Shankar,Gujarat Titans,Yes,Fit
1359488,2023,Shubman Gill,Sunrisers Hyderabad,Yes,Fit
1359488,2023,B Kumar,Sunrisers Hyderabad,Yes,Fit
1359488,2023,SS Tiwary,Sunrisers Hyderabad,Yes,Fit
1359488,2023,VR Iyer,Punjab Kings,No,Quad strain
1359488,2023,A Nehra,Punjab Kings,Yes,Fit
1359488,2023,KS Williamson,Punjab Kings,Yes,Fit
1359488,2023,GJ Maxwell,Sunrisers Hyderabad,No,Travel delay
1359488,2023,DL Chahar,Sunrisers Hyderabad,Yes,Fit
1359488,2023,AR Patel,Sunrisers Hyderabad,Yes,Fit
1359488,2023,Ravi Bishnoi,Punjab Kings,No,Hamstring strain
1359488,2023,A Mishra,Punjab Kings,Yes,Fit
1359488,2023,JC Archer,Punjab Kings,Yes,Fit
1359488,2023,SS Iyer,Sunrisers Hyderabad,Yes,Fit
1359488,2023,CH Gayle,Sunrisers Hyderabad,Yes,Fit
1359488,2023,MK Pandey,Sunrisers Hyderabad,Yes,Fit
1359488,2023,MM Ali,Sunrisers Hyderabad,Yes,Fit
1359488,2023,YK Pathan,Sunrisers Hyderabad,Yes,Fit
1359488,2023,Rashid Khan,Punjab Kings,Yes,Fit
1359488,2023,Arshdeep Singh,Punjab Kings,Yes,Fit
1359488,2023,MA Starc,Sunrisers Hyderabad,Yes,Fit
1359489,2023,D Padikkal,Lucknow Super Giants,Yes,Fit
1359489,2023,I Sharma,Lucknow Super Giants,Yes,Fit
1359489,2023,B Sai Sudharsan,Lucknow Super Giants,Yes,Fit
1359489,2023,BB McCullum,Lucknow Super Giants,Yes,Fit
1359489,2023,Ishan Kishan,Lucknow Super Giants,Yes,Fit
1359489,2023,R Parag,Lucknow Super Giants,Yes,Fit
1359489,2023,R Tewatia,Lucknow Super Giants,Yes,Fit
1359489,2023,V Sehwag,Lucknow Super Giants,No,Knee injury
1359489,2023,R Ashwin,Lucknow Super Giants,Yes,Fit
1359489,2023,SC Ganguly,Royal Challengers Bangalore,Yes,Fit
1359489,2023,SS Tiwary,Royal Challengers Bangalore,Yes,Fit
1359489,2023,SS Iyer,Royal Challengers Bangalore,Yes,Fit
1359489,2023,R Bhatia,Lucknow Super Giants,Yes,Fit
1359489,2023,VR Iyer,Royal Challengers Bangalore,Yes,Fit
1359489,2023,DJ Hooda,Royal Challengers Bangalore,Yes,Fit
1359489,2023,DJ Hussey,Royal Challengers Bangalore,Yes,Fit
1359489,2023,JH Kallis,Lucknow Super Giants,Yes,Fit
1359489,2023,YBK Jaiswal,Lucknow Super Giants,Yes,Fit
1359489,2023,KV Sharma,Lucknow Super Giants,No,Quad strain
1359489,2023,NT Tilak Varma,Royal Challengers Bangalore,Yes,Fit
1359490,2023,Q de Kock,Mumbai Indians,Yes,Fit
1359490,2023,M Vijay,Mumbai Indians,Yes,Fit
1359490,2023,V Sehwag,Mumbai Indians,Yes,Fit
1359490,2023,KH Pandya,Delhi Capitals,Yes,Fit
1359490,2023,RG Sharma,Mumbai Indians,Yes,Fit
1359490,2023,Z Khan,Delhi Capitals,Yes,Fit
1359490,2023,SO Hetmyer,Delhi Capitals,Yes,Fit
1359490,2023,RR Pant,Delhi Capitals,Yes,Fit
1359490,2023,SP Narine,Delhi Capitals,Yes,Fit
1359490,2023,JM Bairstow,Mumbai Indians,Yes,Fit
1359490,2023,RA Jadeja,Mumbai Indians,Yes,Fit
1359490,2023,RD Gaikwad,Mumbai Indians,Yes,Fit
1359490,2023,JH Kallis,Delhi Capitals,Yes,Fit
1359490,2023,MEK Hussey,Delhi Capitals,Yes,Fit
1359490,2023,R Parag,Mumbai Indians,Yes,Fit
1359490,2023,SA Yadav,Delhi Capitals,Yes,Fit
1359490,2023,K Rabada,Delhi Capitals,No,Travel delay
1359490,2023,I Sharma,Mumbai Indians,Yes,Fit
1359490,2023,M Prasidh Krishna,Delhi Capitals,Yes,Fit
1359490,2023,DS Kulkarni,Delhi Capitals,Yes,Fit
1359491,2023,AB de Villiers,Chennai Super Kings,Yes,Fit
1359491,2023,MM Ali,Rajasthan Royals,Yes,Fit
1359491,2023,PJ Cummins,Rajasthan Royals,Yes,Fit
1359491,2023,Shubman Gill,Chennai Super Kings,Yes,Fit
1359491,2023,RD Chahar,Rajasthan Royals,Yes,Fit
1359491,2023,SK Raina,Rajasthan Royals,Yes,Fit
1359491,2023,SL Malinga,Chennai Super Kings,Yes,Fit
1359491,2023,AR Patel,Rajasthan Royals,Yes,Fit
1359491,2023,Kuldeep Yadav,Rajasthan Royals,Yes,Fit
1359491,2023,MA Starc,Rajasthan Royals,Yes,Fit
1359491,2023,Ishan Kishan,Chennai Super Kings,Yes,Fit
1359491,2023,AD Russell,Rajasthan Royals,Yes,Fit
1359491,2023,M Prasidh Krishna,Rajasthan Royals,Yes,Fit
1359491,2023,SC Ganguly,Chennai Super Kings,Yes,Fit
1359491,2023,UT Yadav,Chennai Super Kings,Yes,Fit
1359491,2023,JD Unadkat,Rajasthan Royals,Yes,Fit
1359491,2023,V Kohli,Rajasthan Royals,Yes,Fit
1359491,2023,HH Pandya,Chennai Super Kings,Yes,Fit
1359491,2023,KK Nair,Rajasthan Royals,Yes,Fit
1359491,2023,DJ Hooda,Rajasthan Royals,Yes,Fit
1359492,2023,G Gambhir,Gujarat Titans,Yes,Fit
1359492,2023,Shakib Al Hasan,Punjab Kings,Yes,Fit
1359492,2023,I Sharma,Gujarat Titans,Yes,Fit
1359492,2023,MR Marsh,Punjab Kings,Yes,Fit
1359492,2023,Kuldeep Yadav,Punjab Kings,Yes,Fit
1359492,2023,F du Plessis,Gujarat Titans,Yes,Fit
1359492,2023,DJ Hooda,Gujarat Titans,Yes,Fit
1359492,2023,S Badrinath,Gujarat Titans,Yes,Fit
1359492,2023,RV Uthappa,Punjab Kings,Yes,Fit
1359492,2023,DJ Hussey,Gujarat Titans,Yes,Fit
1359492,2023,Prabhsimran Singh,Punjab Kings,No,Covid protocol
1359492,2023,AJ Finch,Punjab Kings,Yes,Fit
1359492,2023,H Klaasen,Gujarat Titans,Yes,Fit
1359492,2023,B Sai Sudharsan,Punjab Kings,Yes,Fit
1359492,2023,MA Agarwal,Gujarat Titans,Yes,Fit
1359492,2023,CH Morris,Punjab Kings,Yes,Fit
1359492,2023,Shubman Gill,Gujarat Titans,Yes,Fit
1359492,2023,R Tewatia,Punjab Kings,Yes,Fit
1359492,2023,Ishan Kishan,Gujarat Titans,Yes,Fit
1359492,2023,Arshdeep Singh,Gujarat Titans,Yes,Fit
1359493,2023,KH Pandya,Kolkata Knight Riders,Yes,Fit
1359493,2023,SS Tiwary,Sunrisers Hyderabad,Yes,Fit
1359493,2023,Mandeep Singh,Sunrisers Hyderabad,Yes,Fit
1359493,2023,NV Ojha,Sunrisers Hyderabad,Yes,Fit
1359493,2023,D Padikkal,Kolkata Knight Riders,No,Back spasm
1359493,2023,AJ Finch,Kolkata Knight Riders,Yes,Fit
1359493,2023,S Dhawan,Sunrisers Hyderabad,Yes,Fit
1359493,2023,AM Rahane,Sunrisers Hyderabad,Yes,Fit
1359493,2023,WP Saha,Kolkata Knight Riders,Yes,Fit
1359493,2023,R Ashwin,Sunrisers Hyderabad,Yes,Fit
1359493,2023,Yuvraj Singh,Kolkata Knight Riders,Yes,Fit
1359493,2023,MP Stoinis,Kolkata Knight Riders,Yes,Fit
1359493,2023,Arshdeep Singh,Kolkata Knight Riders,No,Quad strain
1359493,2023,R Vinay Kumar,Sunrisers Hyderabad,Yes,Fit
1359493,2023,SC Ganguly,Sunrisers Hyderabad,Yes,Fit
1359493,2023,MM Sharma,Sunrisers Hyderabad,No,Travel delay
1359493,2023,R Parag,Kolkata Knight Riders,Yes,Fit
1359493,2023,DPMD Jayawardene,Kolkata Knight Riders,No,Travel delay
1359493,2023,RR Pant,Sunrisers Hyderabad,No,Hamstring strain
1359493,2023,R Dravid,Sunrisers Hyderabad,Yes,Fit
1359494,2023,HH Pandya,Royal Challengers Bangalore,Yes,Fit
1359494,2023,PA Patel,Royal Challengers Bangalore,Yes,Fit
1359494,2023,MK Pandey,Delhi Capitals,Yes,Fit
1359494,2023,MS Dhoni,Delhi Capitals,Yes,Fit
1359494,2023,MM Sharma,Royal Challengers Bangalore,Yes,Fit
1359494,2023,PP Shaw,Royal Challengers Bangalore,Yes,Fit
1359494,2023,SK Raina,Royal Challengers Bangalore,No,Fever
1359494,2023,MA Starc,Royal Challengers Bangalore,Yes,Fit
1359494,2023,DL Chahar,Royal Challengers Bangalore,Yes,Fit
1359494,2023,SP Narine,Delhi Capitals,Yes,Fit
1359494,2023,UT Yadav,Royal Challengers Bangalore,No,Quad strain
1359494,2023,Mohammed Shami,Delhi Capitals,Yes,Fit
1359494,2023,H Klaasen,Royal Challengers Bangalore,Yes,Fit
1359494,2023,JD Unadkat,Royal Challengers Bangalore,Yes,Fit
1359494,2023,KA Pollard,Delhi Capitals,Yes,Fit
1359494,2023,Yuvraj Singh,Royal Challengers Bangalore,Yes,Fit
1359494,2023,MG Johnson,Delhi Capitals,Yes,Fit
1359494,2023,V Kohli,Royal Challengers Bangalore,Yes,Fit
1359494,2023,JP Faulkner,Royal Challengers Bangalore,Yes,Fit
1359494,2023,Rashid Khan,Delhi Capitals,Yes,Fit
1359495,2023,PA Patel,Punjab Kings,Yes,Fit
1359495,2023,V Kohli,Lucknow Super Giants,Yes,Fit
1359495,2023,HH Pandya,Punjab Kings,Yes,Fit
1359495,2023,B Kumar,Punjab Kings,Yes,Fit
1359495,2023,SV Samson,Lucknow Super Giants,Yes,Fit
1359495,2023,PP Ojha,Lucknow Super Giants,Yes,Fit
1359495,2023,M Morkel,Punjab Kings,Yes,Fit
1359495,2023,SP Narine,Lucknow Super Giants,Yes,Fit
1359495,2023,DW Steyn,Punjab Kings,Yes,Fit
1359495,2023,A Mishra,Punjab Kings,Yes,Fit
1359495,2023,KA Pollard,Punjab Kings,Yes,Fit
1359495,2023,AD Russell,Punjab Kings,Yes,Fit
1359495,2023,JM Bairstow,Punjab Kings,Yes,Fit
1359495,2023,SM Curran,Punjab Kings,Yes,Fit
1359495,2023,K Rabada,Lucknow Super Giants,Yes,Fit
1359495,2023,Abhishek Sharma,Lucknow Super Giants,Yes,Fit
1359495,2023,Sandeep Sharma,Lucknow Super Giants,Yes,Fit
1359495,2023,AC Gilchrist,Punjab Kings,Yes,Fit
1359495,2023,N Pooran,Lucknow Super Giants,Yes,Fit
1359495,2023,SL Malinga,Punjab Kings,Yes,Fit
1359496,2023,Rashid Khan,Kolkata Knight Riders,Yes,Fit
1359496,2023,SC Ganguly,Kolkata Knight Riders,Yes,Fit
1359496,2023,R Ashwin,Mumbai Indians,Yes,Fit
1359496,2023,KD Karthik,Mumbai Indians,Yes,Fit
1359496,2023,Abhishek Sharma,Kolkata Knight Riders,Yes,Fit
1359496,2023,SK Raina,Mumbai Indians,Yes,Fit
1359496,2023,MK Tiwary,Kolkata Knight Riders,Yes,Fit
1359496,2023,YK Pathan,Mumbai Indians,Yes,Fit
1359496,2023,DPMD Jayawardene,Mumbai Indians,Yes,Fit
1359496,2023,MJ McClenaghan,Kolkata Knight Riders,Yes,Fit
1359496,2023,Washington Sundar,Kolkata Knight Riders,Yes,Fit
1359496,2023,MK Pandey,Mumbai Indians,Yes,Fit
1359496,2023,WP Saha,Kolkata Knight Riders,No,Shoulder injury
1359496,2023,JJ Bumrah,Kolkata Knight Riders,Yes,Fit
1359496,2023,M Morkel,Kolkata Knight Riders,Yes,Fit
1359496,2023,JC Buttler,Mumbai Indians,Yes,Fit
1359496,2023,AR Patel,Mumbai Indians,Yes,Fit
1359496,2023,SE Marsh,Mumbai Indians,Yes,Fit
1359496,2023,MM Ali,Mumbai Indians,Yes,Fit
1359496,2023,KK Nair,Mumbai Indians,Yes,Fit
1359497,2023,A Mishra,Gujarat Titans,Yes,Fit
1359497,2023,MC Henriques,Rajasthan Royals,Yes,Fit
1359497,2023,JA Morkel,Gujarat Titans,Yes,Fit
1359497,2023,Mohammed Shami,Rajasthan Royals,Yes,Fit
1359497,2023,MP Stoinis,Rajasthan Royals,Yes,Fit
1359497,2023,Shubman Gill,Rajasthan Royals,Yes,Fit
1359497,2023,TA Boult,Rajasthan Royals,Yes,Fit
1359497,2023,RR Pant,Rajasthan Royals,Yes,Fit
1359497,2023,S Dube,Rajasthan Royals,Yes,Fit
1359497,2023,DS Kulkarni,Gujarat Titans,Yes,Fit
1359497,2023,DA Miller,Rajasthan Royals,Yes,Fit
1359497,2023,AR Patel,Gujarat Titans,Yes,Fit
1359497,2023,Q de Kock,Rajasthan Royals,Yes,Fit
1359497,2023,M Prasidh Krishna,Gujarat Titans,Yes,Fit
1359497,2023,JD Unadkat,Rajasthan Royals,Yes,Fit
1359497,2023,PJ Cummins,Gujarat Titans,Yes,Fit
1359497,2023,RA Jadeja,Rajasthan Royals,Yes,Fit
1359497,2023,P Kumar,Rajasthan Royals,Yes,Fit
1359497,2023,KV Sharma,Gujarat Titans,Yes,Fit
1359497,2023,HH Pandya,Rajasthan Royals,Yes,Fit
1359498,2023,UT Yadav,Royal Challengers Bangalore,Yes,Fit
1359498,2023,JC Buttler,Chennai Super Kings,Yes,Fit
1359498,2023,M Morkel,Royal Challengers Bangalore,Yes,Fit
1359498,2023,SE Marsh,Chennai Super Kings,Yes,Fit
1359498,2023,L Balaji,Royal Challengers Bangalore,Yes,Fit
1359498,2023,B Kumar,Royal Challengers Bangalore,Yes,Fit
1359498,2023,RP Singh,Royal Challengers Bangalore,Yes,Fit
1359498,2023,DJ Hooda,Chennai Super Kings,Yes,Fit
1359498,2023,M Vijay,Chennai Super Kings,Yes,Fit
1359498,2023,V Sehwag,Royal Challengers Bangalore,Yes,Fit
1359498,2023,JJ Bumrah,Chennai Super Kings,Yes,Fit
1359498,2023,Shubman Gill,Royal Challengers Bangalore,Yes,Fit
1359498,2023,SS Tiwary,Royal Challengers Bangalore,Yes,Fit
1359498,2023,DA Miller,Chennai Super Kings,Yes,Fit
1359498,2023,JH Kallis,Chennai Super Kings,Yes,Fit
1359498,2023,MR Marsh,Chennai Super Kings,Yes,Fit
1359498,2023,MA Starc,Royal Challengers Bangalore,Yes,Fit
1359498,2023,DPMD Jayawardene,Royal Challengers Bangalore,Yes,Fit
1359498,2023,Mandeep Singh,Chennai Super Kings,Yes,Fit
1359498,2023,N Pooran,Royal Challengers Bangalore,Yes,Fit
1359499,2023,Mohammed Shami,Mumbai Indians,Yes,Fit
1359499,2023,JD Unadkat,Sunrisers Hyderabad,Yes,Fit
1359499,2023,HV Patel,Sunrisers Hyderabad,Yes,Fit
1359499,2023,JH Kallis,Mumbai Indians,Yes,Fit
1359499,2023,YK Pathan,Mumbai Indians,Yes,Fit
1359499,2023,V Sehwag,Mumbai Indians,Yes,Fit
1359499,2023,KH Pandya,Mumbai Indians,Yes,Fit
1359499,2023,T Natarajan,Mumbai Indians,Yes,Fit
1359499,2023,DPMD Jayawardene,Sunrisers Hyderabad,Yes,Fit
1359499,2023,BA Stokes,Sunrisers Hyderabad,Yes,Fit
1359499,2023,H Klaasen,Mumbai Indians,Yes,Fit
1359499,2023,A Symonds,Sunrisers Hyderabad,Yes,Fit
1359499,2023,RD Chahar,Sunrisers Hyderabad,Yes,Fit
1359499,2023,BB McCullum,Sunrisers Hyderabad,Yes,Fit
1359499,2023,SL Malinga,Mumbai Indians,Yes,Fit
1359499,2023,A Nehra,Sunrisers Hyderabad,Yes,Fit
1359499,2023,Washington Sundar,Mumbai Indians,Yes,Fit
1359499,2023,V Shankar,Mumbai Indians,Yes,Fit
1359499,2023,D Padikkal,Sunrisers Hyderabad,Yes,Fit
1359499,2023,AB de Villiers,Sunrisers Hyderabad,Yes,Fit
1359500,2023,Mohammed Shami,Rajasthan Royals,Yes,Fit
1359500,2023,BJ Hodge,Lucknow Super Giants,Yes,Fit
1359500,2023,R Vinay Kumar,Rajasthan Royals,Yes,Fit
1359500,2023,DA Warner,Lucknow Super Giants,Yes,Fit
1359500,2023,I Sharma,Lucknow Super Giants,No,Quad strain
1359500,2023,VR Iyer,Rajasthan Royals,Yes,Fit
1359500,2023,A Nehra,Rajasthan Royals,Yes,Fit
1359500,2023,Washington Sundar,Rajasthan Royals,Yes,Fit
1359500,2023,R Parag,Lucknow Super Giants,Yes,Fit
1359500,2023,M Vijay,Rajasthan Royals,Yes,Fit
1359500,2023,MC Henriques,Lucknow Super Giants,Yes,Fit
1359500,2023,CV Varun,Rajasthan Royals,Yes,Fit
1359500,2023,A Mishra,Lucknow Super Giants,Yes,Fit
1359500,2023,SV Samson,Lucknow Super Giants,Yes,Fit
1359500,2023,Z Khan,Lucknow Super Giants,Yes,Fit
1359500,2023,AK Markram,Lucknow Super Giants,Yes,Fit
1359500,2023,JJ Bumrah,Lucknow Super Giants,Yes,Fit
1359500,2023,Mohammed Siraj,Rajasthan Royals,Yes,Fit
1359500,2023,BA Stokes,Lucknow Super Giants,Yes,Fit
1359500,2023,B Sai Sudharsan,Lucknow Super Giants,Yes,Fit
1359501,2023,R Dravid,Royal Challengers Bangalore,Yes,Fit
1359501,2023,N Pooran,Punjab Kings,Yes,Fit
1359501,2023,NV Ojha,Royal Challengers Bangalore,Yes,Fit
1359501,2023,AT Rayudu,Royal Challengers Bangalore,Yes,Fit
1359501,2023,SK Raina,Punjab Kings,Yes,Fit
1359501,2023,GJ Maxwell,Royal Challengers Bangalore,No,Finger fracture
1359501,2023,YS Chahal,Royal Challengers Bangalore,Yes,Fit
1359501,2023,Shubman Gill,Punjab Kings,Yes,Fit
1359501,2023,CH Morris,Royal Challengers Bangalore,Yes,Fit
1359501,2023,SP Narine,Punjab Kings,Yes,Fit
1359501,2023,SM Curran,Punjab Kings,Yes,Fit
1359501,2023,MJ McClenaghan,Royal Challengers Bangalore,Yes,Fit
1359501,2023,B Kumar,Royal Challengers Bangalore,Yes,Fit
1359501,2023,PP Shaw,Punjab Kings,Yes,Fit
1359501,2023,Ravi Bishnoi,Punjab Kings,Yes,Fit
1359501,2023,N Rana,Royal Challengers Bangalore,Yes,Fit
1359501,2023,NT Tilak Varma,Royal Challengers Bangalore,Yes,Fit
1359501,2023,BB McCullum,Punjab Kings,Yes,Fit
1359501,2023,MM Sharma,Royal Challengers Bangalore,Yes,Fit
1359501,2023,A Symonds,Punjab Kings,Yes,Fit
1359502,2023,P Kumar,Kolkata Knight Riders,Yes,Fit
1359502,2023,Washington Sundar,Kolkata Knight Riders,Yes,Fit
1359502,2023,T Natarajan,Kolkata Knight Riders,Yes,Fit
1359502,2023,Yuvraj Singh,Delhi Capitals,No,Suspension
1359502,2023,MM Ali,Kolkata Knight Riders,Yes,Fit
1359502,2023,BB McCullum,Kolkata Knight Riders,Yes,Fit
1359502,2023,PJ Cummins,Delhi Capitals,Yes,Fit
1359502,2023,A Symonds,Kolkata Knight Riders,Yes,Fit
1359502,2023,N Pooran,Kolkata Knight Riders,Yes,Fit
1359502,2023,SM Curran,Delhi Capitals,Yes,Fit
1359502,2023,CH Gayle,Delhi Capitals,Yes,Fit
1359502,2023,A Nehra,Kolkata Knight Riders,Yes,Fit
1359502,2023,DR Smith,Kolkata Knight Riders,Yes,Fit
1359502,2023,KK Nair,Kolkata Knight Riders,Yes,Fit
1359502,2023,CV Varun,Delhi Capitals,Yes,Fit
1359502,2023,SPD Smith,Kolkata Knight Riders,Yes,Fit
1359502,2023,MA Starc,Kolkata Knight Riders,Yes,Fit
1359502,2023,AD Russell,Delhi Capitals,Yes,Fit
1359502,2023,JD Unadkat,Delhi Capitals,Yes,Fit
1359502,2023,KS Williamson,Kolkata Knight Riders,No,Knee injury
1359503,2023,N Pooran,Chennai Super Kings,Yes,Fit
1359503,2023,MA Starc,Chennai Super Kings,Yes,Fit
1359503,2023,H Klaasen,Sunrisers Hyderabad,Yes,Fit
1359503,2023,DPMD Jayawardene,Chennai Super Kings,Yes,Fit
1359503,2023,PJ Cummins,Chennai Super Kings,Yes,Fit
1359503,2023,RV Uthappa,Sunrisers Hyderabad,Yes,Fit
1359503,2023,AD Russell,Chennai Super Kings,Yes,Fit
1359503,2023,KH Pandya,Sunrisers Hyderabad,No,Travel delay
1359503,2023,MJ McClenaghan,Chennai Super Kings,Yes,Fit
1359503,2023,Avesh Khan,Sunrisers Hyderabad,Yes,Fit
1359503,2023,M Morkel,Chennai Super Kings,Yes,Fit
1359503,2023,M Vijay,Sunrisers Hyderabad,Yes,Fit
1359503,2023,SA Yadav,Chennai Super Kings,Yes,Fit
1359503,2023,DS Kulkarni,Sunrisers Hyderabad,Yes,Fit
1359503,2023,SP Narine,Chennai Super Kings,Yes,Fit
1359503,2023,Mandeep Singh,Sunrisers Hyderabad,No,Personal reasons
1359503,2023,IK Pathan,Sunrisers Hyderabad,Yes,Fit
1359503,2023,PP Chawla,Sunrisers Hyderabad,Yes,Fit
1359503,2023,A Symonds,Sunrisers Hyderabad,Yes,Fit
1359503,2023,NT Tilak Varma,Chennai Super Kings,Yes,Fit
1359504,2023,MJ McClenaghan,Gujarat Titans,Yes,Fit
1359504,2023,RD Chahar,Gujarat Titans,Yes,Fit
1359504,2023,SN Thakur,Gujarat Titans,Yes,Fit
1359504,2023,UT Yadav,Lucknow Super Giants,Yes,Fit
1359504,2023,Harbhajan Singh,Lucknow Super Giants,Yes,Fit
1359504,2023,S Dhawan,Lucknow Super Giants,Yes,Fit
1359504,2023,S Dube,Gujarat Titans,Yes,Fit
1359504,2023,DJ Bravo,Gujarat Titans,Yes,Fit
1359504,2023,SP Narine,Gujarat Titans,Yes,Fit
1359504,2023,KL Rahul,Lucknow Super Giants,Yes,Fit
1359504,2023,JP Duminy,Lucknow Super Giants,Yes,Fit
1359504,2023,BB McCullum,Lucknow Super Giants,Yes,Fit
1359504,2023,D Padikkal,Lucknow Super Giants,Yes,Fit
1359504,2023,KS Williamson,Gujarat Titans,Yes,Fit
1359504,2023,PP Ojha,Gujarat Titans,Yes,Fit
1359504,2023,V Kohli,Gujarat Titans,Yes,Fit
1359504,2023,Ravi Bishnoi,Lucknow Super Giants,Yes,Fit
1359504,2023,SE Marsh,Gujarat Titans,Yes,Fit
1359504,2023,DW Steyn,Lucknow Super Giants,Yes,Fit
1359504,2023,CH Morris,Lucknow Super Giants,Yes,Fit
1359505,2023,KK Ahmed,Mumbai Indians,Yes,Fit
1359505,2023,WP Saha,Punjab Kings,Yes,Fit
1359505,2023,DR Smith,Mumbai Indians,Yes,Fit
1359505,2023,MS Dhoni,Mumbai Indians,Yes,Fit
1359505,2023,Sandeep Sharma,Punjab Kings,Yes,Fit
1359505,2023,Kuldeep Yadav,Mumbai Indians,Yes,Fit
1359505,2023,KS Williamson,Punjab Kings,Yes,Fit
1359505,2023,BA Stokes,Punjab Kings,Yes,Fit
1359505,2023,Mohammed Siraj,Punjab Kings,No,Travel delay
1359505,2023,RG Sharma,Mumbai Indians,Yes,Fit
1359505,2023,JD Unadkat,Punjab Kings,Yes,Fit
1359505,2023,N Rana,Punjab Kings,Yes,Fit
1359505,2023,CH Gayle,Mumbai Indians,Yes,Fit
1359505,2023,L Balaji,Mumbai Indians,Yes,Fit
1359505,2023,AB Dinda,Punjab Kings,Yes,Fit
1359505,2023,N Pooran,Punjab Kings,Yes,Fit
1359505,2023,JA Morkel,Mumbai Indians,Yes,Fit
1359505,2023,R Parag,Punjab Kings,Yes,Fit
1359505,2023,MC Henriques,Punjab Kings,Yes,Fit
1359505,2023,DPMD Jayawardene,Punjab Kings,Yes,Fit
1359506,2023,YK Pathan,Rajasthan Royals,No,Fever
1359506,2023,BJ Hodge,Royal Challengers Bangalore,Yes,Fit
1359506,2023,JJ Bumrah,Rajasthan Royals,Yes,Fit
1359506,2023,MM Sharma,Rajasthan Royals,Yes,Fit
1359506,2023,MM Ali,Rajasthan Royals,Yes,Fit
1359506,2023,SV Samson,Royal Challengers Bangalore,Yes,Fit
1359506,2023,WP Saha,Rajasthan Royals,Yes,Fit
1359506,2023,MK Pandey,Royal Challengers Bangalore,Yes,Fit
1359506,2023,DJ Hussey,Rajasthan Royals,Yes,Fit
1359506,2023,KL Rahul,Rajasthan Royals,Yes,Fit
1359506,2023,SK Raina,Rajasthan Royals,Yes,Fit
1359506,2023,DJ Bravo,Royal Challengers Bangalore,Yes,Fit
1359506,2023,B Kumar,Royal Challengers Bangalore,Yes,Fit
1359506,2023,P Kumar,Rajasthan Royals,Yes,Fit
1359506,2023,SR Tendulkar,Rajasthan Royals,Yes,Fit
1359506,2023,RG Sharma,Royal Challengers Bangalore,Yes,Fit
1359506,2023,NT Tilak Varma,Royal Challengers Bangalore,Yes,Fit
1359506,2023,JM Bairstow,Royal Challengers Bangalore,Yes,Fit
1359506,2023,M Vijay,Rajasthan Royals,Yes,Fit
1359506,2023,AC Gilchrist,Rajasthan Royals,Yes,Fit
1359507,2023,SM Curran,Chennai Super Kings,Yes,Fit
1359507,2023,IK Pathan,Kolkata Knight Riders,Yes,Fit
1359507,2023,MS Dhoni,Kolkata Knight Riders,Yes,Fit
1359507,2023,Imran Tahir,Kolkata Knight Riders,Yes,Fit
1359507,2023,SL Malinga,Kolkata Knight Riders,Yes,Fit
1359507,2023,DA Warner,Chennai Super Kings,Yes,Fit
1359507,2023,RD Gaikwad,Kolkata Knight Riders,Yes,Fit
1359507,2023,VR Iyer,Chennai Super Kings,Yes,Fit
1359507,2023,Avesh Khan,Chennai Super Kings,Yes,Fit
1359507,2023,BA Stokes,Kolkata Knight Riders,Yes,Fit
1359507,2023,HH Pandya,Kolkata Knight Riders,Yes,Fit
1359507,2023,S Badrinath,Kolkata Knight Riders,Yes,Fit
1359507,2023,JH Kallis,Chennai Super Kings,Yes,Fit
1359507,2023,AB de Villiers,Chennai Super Kings,Yes,Fit
1359507,2023,SE Marsh,Chennai Super Kings,Yes,Fit
1359507,2023,KA Pollard,Kolkata Knight Riders,Yes,Fit
1359507,2023,MK Pandey,Kolkata Knight Riders,Yes,Fit
1359507,2023,A Mishra,Chennai Super Kings,Yes,Fit
1359507,2023,Z Khan,Chennai Super Kings,Yes,Fit
1359507,2023,CH Gayle,Kolkata Knight Riders,Yes,Fit
1359508,2023,H Klaasen,Delhi Capitals,Yes,Fit
1359508,2023,MA Agarwal,Delhi Capitals,Yes,Fit
1359508,2023,SK Raina,Delhi Capitals,Yes,Fit
1359508,2023,EJG Morgan,Delhi Capitals,Yes,Fit
1359508,2023,V Shankar,Delhi Capitals,Yes,Fit
1359508,2023,SL Malinga,Delhi Capitals,Yes,Fit
1359508,2023,HV Patel,Delhi Capitals,Yes,Fit
1359508,2023,DA Miller,Sunrisers Hyderabad,Yes,Fit
1359508,2023,MM Patel,Delhi Capitals,Yes,Fit
1359508,2023,JJ Bumrah,Delhi Capitals,Yes,Fit
1359508,2023,YK Pathan,Sunrisers Hyderabad,Yes,Fit
1359508,2023,RG Sharma,Delhi Capitals,Yes,Fit
1359508,2023,A Mishra,Sunrisers Hyderabad,Yes,Fit
1359508,2023,MR Marsh,Sunrisers Hyderabad,No,Fever
1359508,2023,JH Kallis,Sunrisers Hyderabad,Yes,Fit
1359508,2023,Sandeep Sharma,Sunrisers Hyderabad,Yes,Fit
1359508,2023,JP Duminy,Sunrisers Hyderabad,Yes,Fit
1359508,2023,RA Tripathi,Sunrisers Hyderabad,Yes,Fit
1359508,2023,Shubman Gill,Delhi Capitals,Yes,Fit
1359508,2023,DJ Hooda,Delhi Capitals,Yes,Fit
1359509,2023,MP Stoinis,Gujarat Titans,Yes,Fit
1359509,2023,HH Pandya,Mumbai Indians,Yes,Fit
1359509,2023,Q de Kock,Gujarat Titans,Yes,Fit
1359509,2023,Ishan Kishan,Gujarat Titans,Yes,Fit
1359509,2023,HV Patel,Mumbai Indians,Yes,Fit
1359509,2023,Mohammed Shami,Mumbai Indians,Yes,Fit
1359509,2023,A Symonds,Gujarat Titans,Yes,Fit
1359509,2023,SR Tendulkar,Mumbai Indians,Yes,Fit
1359509,2023,H Klaasen,Mumbai Indians,Yes,Fit
1359509,2023,MJ McClenaghan,Gujarat Titans,Yes,Fit
1359509,2023,KL Rahul,Mumbai Indians,Yes,Fit
1359509,2023,CH Gayle,Mumbai Indians,Yes,Fit
1359509,2023,AM Rahane,Mumbai Indians,Yes,Fit
1359509,2023,AC Gilchrist,Mumbai Indians,Yes,Fit
1359509,2023,SP Narine,Gujarat Titans,Yes,Fit
1359509,2023,PP Ojha,Gujarat Titans,Yes,Fit
1359509,2023,R Bhatia,Mumbai Indians,Yes,Fit
1359509,2023,G Gambhir,Mumbai Indians,Yes,Fit
1359509,2023,Shakib Al Hasan,Gujarat Titans,Yes,Fit
1359509,2023,MM Ali,Mumbai Indians,Yes,Fit
1359510,2023,RG Sharma,Kolkata Knight Riders,Yes,Fit
1359510,2023,Mohammed Siraj,Kolkata Knight Riders,Yes,Fit
1359510,2023,D Padikkal,Royal Challengers Bangalore,Yes,Fit
1359510,2023,CH Gayle,Royal Challengers Bangalore,Yes,Fit
1359510,2023,AT Rayudu,Kolkata Knight Riders,Yes,Fit
1359510,2023,UT Yadav,Royal Challengers Bangalore,Yes,Fit
1359510,2023,WP Saha,Royal Challengers Bangalore,Yes,Fit
1359510,2023,S Dhawan,Kolkata Knight Riders,Yes,Fit
1359510,2023,H Klaasen,Royal Challengers Bangalore,Yes,Fit
1359510,2023,KK Nair,Kolkata Knight Riders,Yes,Fit
1359510,2023,Yuvraj Singh,Royal Challengers Bangalore,Yes,Fit
1359510,2023,B Sai Sudharsan,Kolkata Knight Riders,Yes,Fit
1359510,2023,A Mishra,Royal Challengers Bangalore,Yes,Fit
1359510,2023,JJ Bumrah,Kolkata Knight Riders,Yes,Fit
1359510,2023,L Balaji,Royal Challengers Bangalore,Yes,Fit
1359510,2023,Mandeep Singh,Kolkata Knight Riders,Yes,Fit
1359510,2023,MR Marsh,Royal Challengers Bangalore,Yes,Fit
1359510,2023,AB de Villiers,Royal Challengers Bangalore,Yes,Fit
1359510,2023,N Pooran,Kolkata Knight Riders,Yes,Fit
1359510,2023,S Dube,Royal Challengers Bangalore,Yes,Fit
1359511,2023,Yuvraj Singh,Rajasthan Royals,Yes,Fit
1359511,2023,JC Buttler,Rajasthan Royals,Yes,Fit
1359511,2023,N Pooran,Rajasthan Royals,Yes,Fit
1359511,2023,MC Henriques,Chennai Super Kings,Yes,Fit
1359511,2023,Shubman Gill,Chennai Super Kings,Yes,Fit
1359511,2023,F du Plessis,Chennai Super Kings,Yes,Fit
1359511,2023,R Ashwin,Rajasthan Royals,Yes,Fit
1359511,2023,AD Russell,Chennai Super Kings,Yes,Fit
1359511,2023,KV Sharma,Chennai Super Kings,Yes,Fit
1359511,2023,DW Steyn,Chennai Super Kings,Yes,Fit
1359511,2023,KK Nair,Chennai Super Kings,Yes,Fit
1359511,2023,Washington Sundar,Chennai Super Kings,Yes,Fit
1359511,2023,SE Marsh,Chennai Super Kings,Yes,Fit
1359511,2023,Ishan Kishan,Rajasthan Royals,Yes,Fit
1359511,2023,JA Morkel,Chennai Super Kings,Yes,Fit
1359511,2023,JD Unadkat,Rajasthan Royals,Yes,Fit
1359511,2023,B Kumar,Rajasthan Royals,No,Fever
1359511,2023,K Rabada,Chennai Super Kings,Yes,Fit
1359511,2023,JJ Bumrah,Chennai Super Kings,Yes,Fit
1359511,2023,RA Tripathi,Chennai Super Kings,No,Back spasm
1359512,2023,MA Starc,Punjab Kings,Yes,Fit
1359512,2023,JC Archer,Punjab Kings,Yes,Fit
1359512,2023,JM Bairstow,Lucknow Super Giants,Yes,Fit
1359512,2023,SP Narine,Lucknow Super Giants,Yes,Fit
1359512,2023,KD Karthik,Punjab Kings,Yes,Fit
1359512,2023,JH Kallis,Lucknow Super Giants,Yes,Fit
1359512,2023,R Parag,Lucknow Super Giants,Yes,Fit
1359512,2023,DS Kulkarni,Lucknow Super Giants,Yes,Fit
1359512,2023,KK Nair,Punjab Kings,Yes,Fit
1359512,2023,JC Buttler,Punjab Kings,Yes,Fit
1359512,2023,BB McCullum,Lucknow Super Giants,No,Shoulder injury
1359512,2023,Prabhsimran Singh,Lucknow Super Giants,Yes,Fit
1359512,2023,SS Iyer,Lucknow Super Giants,Yes,Fit
1359512,2023,WP Saha,Punjab Kings,Yes,Fit
1359512,2023,KC Sangakkara,Punjab Kings,Yes,Fit
1359512,2023,Ravi Bishnoi,Punjab Kings,Yes,Fit
1359512,2023,SA Yadav,Lucknow Super Giants,Yes,Fit
1359512,2023,DR Smith,Lucknow Super Giants,Yes,Fit
1359512,2023,SR Watson,Lucknow Super Giants,Yes,Fit
1359512,2023,RR Pant,Punjab Kings,Yes,Fit
1359513,2023,SS Tiwary,Kolkata Knight Riders,Yes,Fit
1359513,2023,Kuldeep Yadav,Gujarat Titans,Yes,Fit
1359513,2023,L Balaji,Gujarat Titans,Yes,Fit
1359513,2023,KC Sangakkara,Kolkata Knight Riders,Yes,Fit
1359513,2023,CH Morris,Gujarat Titans,Yes,Fit
1359513,2023,JC Buttler,Gujarat Titans,Yes,Fit
1359513,2023,Arshdeep Singh,Gujarat Titans,Yes,Fit
1359513,2023,Harbhajan Singh,Gujarat Titans,Yes,Fit
1359513,2023,RA Jadeja,Gujarat Titans,Yes,Fit
1359513,2023,MP Stoinis,Gujarat Titans,Yes,Fit
1359513,2023,SA Yadav,Kolkata Knight Riders,Yes,Fit
1359513,2023,SR Tendulkar,Kolkata Knight Riders,Yes,Fit
1359513,2023,KK Nair,Kolkata Knight Riders,Yes,Fit
1359513,2023,PJ Cummins,Gujarat Titans,Yes,Fit
1359513,2023,JC Archer,Kolkata Knight Riders,Yes,Fit
1359513,2023,NT Tilak Varma,Kolkata Knight Riders,Yes,Fit
1359513,2023,SR Watson,Kolkata Knight Riders,Yes,Fit
1359513,2023,I Sharma,Kolkata Knight Riders,Yes,Fit
1359513,2023,AR Patel,Gujarat Titans,Yes,Fit
1359513,2023,Ravi Bishnoi,Kolkata Knight Riders,No,Personal reasons
1359514,2023,N Rana,Sunrisers Hyderabad,Yes,Fit
1359514,2023,Z Khan,Sunrisers Hyderabad,Yes,Fit
1359514,2023,KL Rahul,Sunrisers Hyderabad,Yes,Fit
1359514,2023,RD Chahar,Sunrisers Hyderabad,Yes,Fit
1359514,2023,DJ Bravo,Sunrisers Hyderabad,Yes,Fit
1359514,2023,B Sai Sudharsan,Delhi Capitals,Yes,Fit
1359514,2023,M Prasidh Krishna,Delhi Capitals,Yes,Fit
1359514,2023,YS Chahal,Sunrisers Hyderabad,Yes,Fit
1359514,2023,S Dube,Delhi Capitals,Yes,Fit
1359514,2023,R Dravid,Delhi Capitals,Yes,Fit
1359514,2023,RR Pant,Sunrisers Hyderabad,Yes,Fit
1359514,2023,CV Varun,Delhi Capitals,Yes,Fit
1359514,2023,S Badrinath,Sunrisers Hyderabad,Yes,Fit
1359514,2023,MEK Hussey,Delhi Capitals,Yes,Fit
1359514,2023,DA Miller,Sunrisers Hyderabad,Yes,Fit
1359514,2023,JC Buttler,Sunrisers Hyderabad,Yes,Fit
1359514,2023,Ravi Bishnoi,Sunrisers Hyderabad,Yes,Fit
1359514,2023,RA Jadeja,Delhi Capitals,Yes,Fit
1359514,2023,L Balaji,Sunrisers Hyderabad,Yes,Fit
1359514,2023,KC Sangakkara,Delhi Capitals,Yes,Fit
1359515,2023,Mandeep Singh,Chennai Super Kings,Yes,Fit
1359515,2023,DW Steyn,Chennai Super Kings,Yes,Fit
1359515,2023,KA Pollard,Punjab Kings,Yes,Fit
1359515,2023,Rashid Khan,Chennai Super Kings,Yes,Fit
1359515,2023,HV Patel,Chennai Super Kings,Yes,Fit
1359515,2023,MR Marsh,Punjab Kings,Yes,Fit
1359515,2023,TA Boult,Punjab Kings,Yes,Fit
1359515,2023,H Klaasen,Punjab Kings,Yes,Fit
1359515,2023,DPMD Jayawardene,Chennai Super Kings,Yes,Fit
1359515,2023,JC Archer,Chennai Super Kings,Yes,Fit
1359515,2023,PJ Cummins,Chennai Super Kings,Yes,Fit
1359515,2023,NT Tilak Varma,Punjab Kings,Yes,Fit
1359515,2023,Harbhajan Singh,Chennai Super Kings,Yes,Fit
1359515,2023,S Badrinath,Chennai Super Kings,Yes,Fit
1359515,2023,JJ Bumrah,Chennai Super Kings,Yes,Fit
1359515,2023,RD Gaikwad,Chennai Super Kings,Yes,Fit
1359515,2023,PP Chawla,Chennai Super Kings,Yes,Fit
1359515,2023,RV Uthappa,Punjab Kings,Yes,Fit
1359515,2023,SPD Smith,Punjab Kings,Yes,Fit
1359515,2023,DA Warner,Punjab Kings,Yes,Fit
1359516,2023,A Mishra,Mumbai Indians,Yes,Fit
1359516,2023,F du Plessis,Rajasthan Royals,Yes,Fit
1359516,2023,DR Smith,Rajasthan Royals,Yes,Fit
1359516,2023,R Tewatia,Mumbai Indians,Yes,Fit
1359516,2023,YK Pathan,Rajasthan Royals,Yes,Fit
1359516,2023,Arshdeep Singh,Rajasthan Royals,Yes,Fit
1359516,2023,Q de Kock,Mumbai Indians,No,Hamstring strain
1359516,2023,V Shankar,Rajasthan Royals,Yes,Fit
1359516,2023,GJ Maxwell,Mumbai Indians,Yes,Fit
1359516,2023,DA Miller,Rajasthan Royals,Yes,Fit
1359516,2023,SPD Smith,Rajasthan Royals,Yes,Fit
1359516,2023,K Rabada,Mumbai Indians,Yes,Fit
1359516,2023,NT Tilak Varma,Mumbai Indians,Yes,Fit
1359516,2023,CV Varun,Rajasthan Royals,Yes,Fit
1359516,2023,MM Ali,Mumbai Indians,Yes,Fit
1359516,2023,R Bhatia,Mumbai Indians,Yes,Fit
1359516,2023,SA Yadav,Rajasthan Royals,Yes,Fit
1359516,2023,DS Kulkarni,Mumbai Indians,Yes,Fit
1359516,2023,R Ashwin,Mumbai Indians,Yes,Fit
1359516,2023,Mandeep Singh,Rajasthan Royals,Yes,Fit
1359517,2023,MA Starc,Royal Challengers Bangalore,Yes,Fit
1359517,2023,KA Pollard,Lucknow Super Giants,Yes,Fit
1359517,2023,PP Chawla,Lucknow Super Giants,Yes,Fit
1359517,2023,Q de Kock,Lucknow Super Giants,Yes,Fit
1359517,2023,N Pooran,Lucknow Super Giants,Yes,Fit
1359517,2023,EJG Morgan,Lucknow Super Giants,Yes,Fit
1359517,2023,RG Sharma,Royal Challengers Bangalore,Yes,Fit
1359517,2023,CH Gayle,Lucknow Super Giants,Yes,Fit
1359517,2023,Harbhajan Singh,Royal Challengers Bangalore,Yes,Fit
1359517,2023,Imran Tahir,Lucknow Super Giants,Yes,Fit
1359517,2023,A Mishra,Lucknow Super Giants,Yes,Fit
1359517,2023,RA Tripathi,Royal Challengers Bangalore,Yes,Fit
1359517,2023,JC Buttler,Royal Challengers Bangalore,Yes,Fit
1359517,2023,H Klaasen,Lucknow Super Giants,Yes,Fit
1359517,2023,AC Gilchrist,Lucknow Super Giants,Yes,Fit
1359517,2023,SP Narine,Lucknow Super Giants,Yes,Fit
1359517,2023,JH Kallis,Royal Challengers Bangalore,Yes,Fit
1359517,2023,NV Ojha,Lucknow Super Giants,Yes,Fit
1359517,2023,T Natarajan,Royal Challengers Bangalore,Yes,Fit
1359517,2023,DJ Hooda,Royal Challengers Bangalore,Yes,Fit
1359518,2023,KS Williamson,Gujarat Titans,Yes,Fit
1359518,2023,AB de Villiers,Delhi Capitals,Yes,Fit
1359518,2023,Ishan Kishan,Delhi Capitals,Yes,Fit
1359518,2023,G Gambhir,Delhi Capitals,Yes,Fit
1359518,2023,RA Tripathi,Delhi Capitals,Yes,Fit
1359518,2023,GJ Maxwell,Delhi Capitals,Yes,Fit
1359518,2023,HH Pandya,Delhi Capitals,No,Knee injury
1359518,2023,M Morkel,Delhi Capitals,Yes,Fit
1359518,2023,SS Iyer,Gujarat Titans,Yes,Fit
1359518,2023,YS Chahal,Delhi Capitals,Yes,Fit
1359518,2023,NT Tilak Varma,Gujarat Titans,Yes,Fit
1359518,2023,Rashid Khan,Gujarat Titans,Yes,Fit
1359518,2023,PA Patel,Gujarat Titans,Yes,Fit
1359518,2023,BJ Hodge,Gujarat Titans,Yes,Fit
1359518,2023,A Mishra,Gujarat Titans,Yes,Fit
1359518,2023,JH Kallis,Gujarat Titans,Yes,Fit
1359518,2023,SN Thakur,Gujarat Titans,Yes,Fit
1359518,2023,NV Ojha,Delhi Capitals,Yes,Fit
1359518,2023,Harbhajan Singh,Delhi Capitals,No,Quad strain
1359518,2023,Sandeep Sharma,Delhi Capitals,Yes,Fit
1359519,2023,EJG Morgan,Chennai Super Kings,Yes,Fit
1359519,2023,M Vijay,Chennai Super Kings,Yes,Fit
1359519,2023,RA Tripathi,Chennai Super Kings,Yes,Fit
1359519,2023,Mohammed Shami,Chennai Super Kings,Yes,Fit
1359519,2023,AB de Villiers,Lucknow Super Giants,Yes,Fit
1359519,2023,AB Dinda,Chennai Super Kings,Yes,Fit
1359519,2023,Washington Sundar,Lucknow Super Giants,Yes,Fit
1359519,2023,JC Archer,Lucknow Super Giants,Yes,Fit
1359519,2023,GJ Maxwell,Chennai Super Kings,Yes,Fit
1359519,2023,Sandeep Sharma,Lucknow Super Giants,Yes,Fit
1359519,2023,A Mishra,Lucknow Super Giants,Yes,Fit
1359519,2023,YS Chahal,Lucknow Super Giants,Yes,Fit
1359519,2023,MR Marsh,Lucknow Super Giants,Yes,Fit
1359519,2023,WP Saha,Lucknow Super Giants,No,Hamstring strain
1359519,2023,SL Malinga,Lucknow Super Giants,Yes,Fit
1359519,2023,DA Miller,Chennai Super Kings,Yes,Fit
1359519,2023,BB McCullum,Lucknow Super Giants,Yes,Fit
1359519,2023,K Rabada,Lucknow Super Giants,Yes,Fit
1359519,2023,JH Kallis,Chennai Super Kings,Yes,Fit
1359519,2023,AM Rahane,Lucknow Super Giants,Yes,Fit
1359520,2023,Mandeep Singh,Punjab Kings,Yes,Fit
1359520,2023,DJ Bravo,Mumbai Indians,Yes,Fit
1359520,2023,PA Patel,Punjab Kings,Yes,Fit
1359520,2023,T Natarajan,Punjab Kings,Yes,Fit
1359520,2023,BA Stokes,Mumbai Indians,Yes,Fit
1359520,2023,KS Williamson,Punjab Kings,No,Travel delay
1359520,2023,JP Faulkner,Mumbai Indians,No,Fever
1359520,2023,BJ Hodge,Punjab Kings,Yes,Fit
1359520,2023,MK Pandey,Punjab Kings,Yes,Fit
1359520,2023,DS Kulkarni,Mumbai Indians,Yes,Fit
1359520,2023,V Kohli,Punjab Kings,Yes,Fit
1359520,2023,WP Saha,Punjab Kings,Yes,Fit
1359520,2023,DR Smith,Mumbai Indians,Yes,Fit
1359520,2023,UT Yadav,Mumbai Indians,Yes,Fit
1359520,2023,MM Ali,Punjab Kings,Yes,Fit
1359520,2023,SR Watson,Mumbai Indians,Yes,Fit
1359520,2023,KK Ahmed,Punjab Kings,Yes,Fit
1359520,2023,N Rana,Punjab Kings,Yes,Fit
1359520,2023,DW Steyn,Mumbai Indians,Yes,Fit
1359520,2023,EJG Morgan,Mumbai Indians,Yes,Fit
1359521,2023,AB de Villiers,Kolkata Knight Riders,Yes,Fit
1359521,2023,MM Ali,Kolkata Knight Riders,Yes,Fit
1359521,2023,DA Miller,Kolkata Knight Riders,Yes,Fit
1359521,2023,A Nehra,Sunrisers Hyderabad,No,Quad strain
1359521,2023,DR Smith,Sunrisers Hyderabad,Yes,Fit
1359521,2023,DS Kulkarni,Kolkata Knight Riders,Yes,Fit
1359521,2023,KA Pollard,Sunrisers Hyderabad,Yes,Fit
1359521,2023,WP Saha,Kolkata Knight Riders,Yes,Fit
1359521,2023,JC Archer,Kolkata Knight Riders,Yes,Fit
1359521,2023,SA Yadav,Kolkata Knight Riders,Yes,Fit
1359521,2023,SPD Smith,Kolkata Knight Riders,Yes,Fit
1359521,2023,SC Ganguly,Kolkata Knight Riders,Yes,Fit
1359521,2023,JP Faulkner,Kolkata Knight Riders,No,Hamstring strain
1359521,2023,MM Patel,Sunrisers Hyderabad,Yes,Fit
1359521,2023,I Sharma,Sunrisers Hyderabad,Yes,Fit
1359521,2023,RD Chahar,Kolkata Knight Riders,Yes,Fit
1359521,2023,KC Sangakkara,Kolkata Knight Riders,Yes,Fit
1359521,2023,KK Nair,Kolkata Knight Riders,Yes,Fit
1359521,2023,F du Plessis,Sunrisers Hyderabad,Yes,Fit
1359521,2023,SP Narine,Sunrisers Hyderabad,Yes,Fit
1359522,2023,WP Saha,Gujarat Titans,Yes,Fit
1359522,2023,KA Pollard,Rajasthan Royals,Yes,Fit
1359522,2023,DW Steyn,Rajasthan Royals,Yes,Fit
1359522,2023,NT Tilak Varma,Rajasthan Royals,Yes,Fit
1359522,2023,UT Yadav,Rajasthan Royals,Yes,Fit
1359522,2023,Avesh Khan,Rajasthan Royals,Yes,Fit
1359522,2023,A Nehra,Gujarat Titans,Yes,Fit
1359522,2023,KC Sangakkara,Gujarat Titans,Yes,Fit
1359522,2023,R Vinay Kumar,Rajasthan Royals,Yes,Fit
1359522,2023,JC Archer,Rajasthan Royals,Yes,Fit
1359522,2023,KS Williamson,Gujarat Titans,Yes,Fit
1359522,2023,SC Ganguly,Gujarat Titans,Yes,Fit
1359522,2023,SS Tiwary,Rajasthan Royals,Yes,Fit
1359522,2023,Mohammed Shami,Gujarat Titans,Yes,Fit
1359522,2023,Ishan Kishan,Rajasthan Royals,Yes,Fit
1359522,2023,CV Varun,Rajasthan Royals,Yes,Fit
1359522,2023,JM Bairstow,Rajasthan Royals,Yes,Fit
1359522,2023,N Pooran,Gujarat Titans,Yes,Fit
1359522,2023,PJ Cummins,Gujarat Titans,Yes,Fit
1359522,2023,PA Patel,Rajasthan Royals,Yes,Fit
1359523,2023,RV Uthappa,Chennai Super Kings,Yes,Fit
1359523,2023,F du Plessis,Mumbai Indians,Yes,Fit
1359523,2023,SP Narine,Chennai Super Kings,Yes,Fit
1359523,2023,V Sehwag,Mumbai Indians,No,Fever
1359523,2023,MM Patel,Mumbai Indians,Yes,Fit
1359523,2023,RA Jadeja,Mumbai Indians,Yes,Fit
1359523,2023,HH Pandya,Mumbai Indians,Yes,Fit
1359523,2023,HV Patel,Mumbai Indians,Yes,Fit
1359523,2023,SA Yadav,Chennai Super Kings,Yes,Fit
1359523,2023,MA Starc,Mumbai Indians,Yes,Fit
1359523,2023,SS Iyer,Mumbai Indians,Yes,Fit
1359523,2023,SN Thakur,Mumbai Indians,Yes,Fit
1359523,2023,YBK Jaiswal,Chennai Super Kings,Yes,Fit
1359523,2023,Avesh Khan,Mumbai Indians,Yes,Fit
1359523,2023,MP Stoinis,Mumbai Indians,Yes,Fit
1359523,2023,TA Boult,Chennai Super Kings,Yes,Fit
1359523,2023,Yuvraj Singh,Mumbai Indians,Yes,Fit
1359523,2023,AB Dinda,Mumbai Indians,Yes,Fit
1359523,2023,MK Tiwary,Mumbai Indians,Yes,Fit
1359523,2023,Mohammed Shami,Mumbai Indians,Yes,Fit
1359524,2023,PJ Cummins,Delhi Capitals,Yes,Fit
1359524,2023,JH Kallis,Delhi Capitals,Yes,Fit
1359524,2023,Yuvraj Singh,Royal Challengers Bangalore,Yes,Fit
1359524,2023,SS Tiwary,Royal Challengers Bangalore,Yes,Fit
1359524,2023,AB Dinda,Delhi Capitals,Yes,Fit
1359524,2023,EJG Morgan,Royal Challengers Bangalore,Yes,Fit
1359524,2023,P Kumar,Delhi Capitals,Yes,Fit
1359524,2023,SA Yadav,Royal Challengers Bangalore,Yes,Fit
1359524,2023,Prabhsimran Singh,Delhi Capitals,Yes,Fit
1359524,2023,GJ Maxwell,Delhi Capitals,Yes,Fit
1359524,2023,YBK Jaiswal,Royal Challengers Bangalore,Yes,Fit
1359524,2023,V Sehwag,Royal Challengers Bangalore,Yes,Fit
1359524,2023,MK Pandey,Delhi Capitals,Yes,Fit
1359524,2023,KV Sharma,Royal Challengers Bangalore,Yes,Fit
1359524,2023,MEK Hussey,Delhi Capitals,Yes,Fit
1359524,2023,KS Williamson,Royal Challengers Bangalore,Yes,Fit
1359524,2023,RA Jadeja,Delhi Capitals,Yes,Fit
1359524,2023,Mohammed Siraj,Delhi Capitals,Yes,Fit
1359524,2023,S Badrinath,Delhi Capitals,Yes,Fit
1359524,2023,N Pooran,Delhi Capitals,Yes,Fit
1359525,2023,SR Watson,Lucknow Super Giants,Yes,Fit
1359525,2023,T Natarajan,Lucknow Super Giants,Yes,Fit
1359525,2023,R Vinay Kumar,Gujarat Titans,Yes,Fit
1359525,2023,TA Boult,Lucknow Super Giants,Yes,Fit
1359525,2023,UT Yadav,Lucknow Super Giants,Yes,Fit
1359525,2023,KK Nair,Lucknow Super Giants,Yes,Fit
1359525,2023,Rashid Khan,Lucknow Super Giants,Yes,Fit
1359525,2023,M Vijay,Gujarat Titans,Yes,Fit
1359525,2023,AT Rayudu,Gujarat Titans,Yes,Fit
1359525,2023,JP Faulkner,Gujarat Titans,Yes,Fit
1359525,2023,RA Tripathi,Lucknow Super Giants,Yes,Fit
1359525,2023,DJ Bravo,Gujarat Titans,Yes,Fit
1359525,2023,R Bhatia,Lucknow Super Giants,Yes,Fit
1359525,2023,S Badrinath,Lucknow Super Giants,Yes,Fit
1359525,2023,GJ Maxwell,Lucknow Super Giants,Yes,Fit
1359525,2023,AK Markram,Lucknow Super Giants,Yes,Fit
1359525,2023,MC Henriques,Gujarat Titans,Yes,Fit
1359525,2023,DJ Hussey,Lucknow Super Giants,Yes,Fit
1359525,2023,HH Pandya,Lucknow Super Giants,Yes,Fit
1359525,2023,JC Buttler,Gujarat Titans,Yes,Fit
1359526,2023,R Tewatia,Rajasthan Royals,Yes,Fit
1359526,2023,I Sharma,Sunrisers Hyderabad,Yes,Fit
1359526,2023,Washington Sundar,Sunrisers Hyderabad,Yes,Fit
1359526,2023,KV Sharma,Sunrisers Hyderabad,Yes,Fit
1359526,2023,MR Marsh,Rajasthan Royals,Yes,Fit
1359526,2023,AR Patel,Sunrisers Hyderabad,Yes,Fit
1359526,2023,KS Williamson,Sunrisers Hyderabad,Yes,Fit
1359526,2023,Mohammed Siraj,Sunrisers Hyderabad,Yes,Fit
1359526,2023,RV Uthappa,Rajasthan Royals,Yes,Fit
1359526,2023,JA Morkel,Sunrisers Hyderabad,Yes,Fit
1359526,2023,JH Kallis,Sunrisers Hyderabad,Yes,Fit
1359526,2023,Prabhsimran Singh,Sunrisers Hyderabad,Yes,Fit
1359526,2023,R Parag,Rajasthan Royals,Yes,Fit
1359526,2023,YBK Jaiswal,Sunrisers Hyderabad,Yes,Fit
1359526,2023,Mandeep Singh,Sunrisers Hyderabad,Yes,Fit
1359526,2023,P Kumar,Rajasthan Royals,Yes,Fit
1359526,2023,IK Pathan,Sunrisers Hyderabad,Yes,Fit
1359526,2023,RP Singh,Sunrisers Hyderabad,Yes,Fit
1359526,2023,MC Henriques,Sunrisers Hyderabad,Yes,Fit
1359526,2023,Avesh Khan,Sunrisers Hyderabad,Yes,Fit
1359527,2023,SE Marsh,Kolkata Knight Riders,Yes,Fit
1359527,2023,A Symonds,Kolkata Knight Riders,Yes,Fit
1359527,2023,V Sehwag,Punjab Kings,Yes,Fit
1359527,2023,Imran Tahir,Kolkata Knight Riders,Yes,Fit
1359527,2023,RA Tripathi,Kolkata Knight Riders,Yes,Fit
1359527,2023,AK Markram,Punjab Kings,Yes,Fit
1359527,2023,MG Johnson,Punjab Kings,Yes,Fit
1359527,2023,RA Jadeja,Kolkata Knight Riders,Yes,Fit
1359527,2023,T Natarajan,Kolkata Knight Riders,Yes,Fit
1359527,2023,L Balaji,Kolkata Knight Riders,Yes,Fit
1359527,2023,JM Bairstow,Punjab Kings,Yes,Fit
1359527,2023,PP Ojha,Punjab Kings,Yes,Fit
1359527,2023,SS Tiwary,Kolkata Knight Riders,Yes,Fit
1359527,2023,S Badrinath,Kolkata Knight Riders,Yes,Fit
1359527,2023,WP Saha,Kolkata Knight Riders,Yes,Fit
1359527,2023,SC Ganguly,Punjab Kings,Yes,Fit
1359527,2023,SPD Smith,Punjab Kings,Yes,Fit
1359527,2023,HH Pandya,Punjab Kings,Yes,Fit
1359527,2023,M Morkel,Punjab Kings,Yes,Fit
1359527,2023,YK Pathan,Punjab Kings,Yes,Fit
1359528,2023,PP Chawla,Royal Challengers Bangalore,Yes,Fit
1359528,2023,SE Marsh,Mumbai Indians,Yes,Fit
1359528,2023,SM Curran,Mumbai Indians,Yes,Fit
1359528,2023,MS Dhoni,Royal Challengers Bangalore,Yes,Fit
1359528,2023,F du Plessis,Royal Challengers Bangalore,Yes,Fit
1359528,2023,R Tewatia,Royal Challengers Bangalore,Yes,Fit
1359528,2023,SS Iyer,Royal Challengers Bangalore,Yes,Fit
1359528,2023,R Vinay Kumar,Royal Challengers Bangalore,Yes,Fit
1359528,2023,SR Tendulkar,Mumbai Indians,Yes,Fit
1359528,2023,RA Tripathi,Mumbai Indians,Yes,Fit
1359528,2023,V Kohli,Mumbai Indians,Yes,Fit
1359528,2023,SR Watson,Royal Challengers Bangalore,Yes,Fit
1359528,2023,Mohammed Shami,Royal Challengers Bangalore,Yes,Fit
1359528,2023,M Prasidh Krishna,Royal Challengers Bangalore,Yes,Fit
1359528,2023,MK Pandey,Mumbai Indians,Yes,Fit
1359528,2023,Rashid Khan,Mumbai Indians,Yes,Fit
1359528,2023,Kuldeep Yadav,Royal Challengers Bangalore,Yes,Fit
1359528,2023,DJ Hooda,Royal Challengers Bangalore,Yes,Fit
1359528,2023,GJ Maxwell,Royal Challengers Bangalore,Yes,Fit
1359528,2023,JH Kallis,Mumbai Indians,Yes,Fit
1359529,2023,DJ Hooda,Delhi Capitals,Yes,Fit
1359529,2023,SR Tendulkar,Delhi Capitals,Yes,Fit
1359529,2023,MG Johnson,Delhi Capitals,No,Finger fracture
1359529,2023,DJ Bravo,Chennai Super Kings,Yes,Fit
1359529,2023,AC Gilchrist,Chennai Super Kings,Yes,Fit
1359529,2023,YS Chahal,Delhi Capitals,Yes,Fit
1359529,2023,Arshdeep Singh,Delhi Capitals,Yes,Fit
1359529,2023,NT Tilak Varma,Delhi Capitals,Yes,Fit
1359529,2023,R Vinay Kumar,Chennai Super Kings,Yes,Fit
1359529,2023,JC Archer,Delhi Capitals,Yes,Fit
1359529,2023,L Balaji,Chennai Super Kings,Yes,Fit
1359529,2023,Rashid Khan,Chennai Super Kings,Yes,Fit
1359529,2023,SV Samson,Chennai Super Kings,Yes,Fit
1359529,2023,Ishan Kishan,Delhi Capitals,Yes,Fit
1359529,2023,AD Russell,Delhi Capitals,Yes,Fit
1359529,2023,M Prasidh Krishna,Chennai Super Kings,Yes,Fit
1359529,2023,GJ Maxwell,Delhi Capitals,Yes,Fit
1359529,2023,A Nehra,Delhi Capitals,No,Covid protocol
1359529,2023,Shubman Gill,Chennai Super Kings,Yes,Fit
1359529,2023,KA Pollard,Chennai Super Kings,Yes,Fit
1359530,2023,YS Chahal,Rajasthan Royals,Yes,Fit
1359530,2023,H Klaasen,Kolkata Knight Riders,Yes,Fit
1359530,2023,KK Nair,Kolkata Knight Riders,Yes,Fit
1359530,2023,AC Gilchrist,Rajasthan Royals,Yes,Fit
1359530,2023,MS Dhoni,Rajasthan Royals,Yes,Fit
1359530,2023,SS Tiwary,Rajasthan Royals,Yes,Fit
1359530,2023,MEK Hussey,Rajasthan Royals,Yes,Fit
1359530,2023,Mohammed Shami,Kolkata Knight Riders,Yes,Fit
1359530,2023,Harbhajan Singh,Rajasthan Royals,Yes,Fit
1359530,2023,RD Chahar,Rajasthan Royals,Yes,Fit
1359530,2023,DJ Hooda,Kolkata Knight Riders,Yes,Fit
1359530,2023,DL Chahar,Rajasthan Royals,Yes,Fit
1359530,2023,V Shankar,Rajasthan Royals,Yes,Fit
1359530,2023,M Vijay,Kolkata Knight Riders,Yes,Fit
1359530,2023,UT Yadav,Rajasthan Royals,Yes,Fit
1359530,2023,Shubman Gill,Rajasthan Royals,Yes,Fit
1359530,2023,AT Rayudu,Rajasthan Royals,No,Travel delay
1359530,2023,SL Malinga,Kolkata Knight Riders,Yes,Fit
1359530,2023,Mohammed Siraj,Kolkata Knight Riders,Yes,Fit
1359530,2023,DJ Bravo,Kolkata Knight Riders,Yes,Fit
1359531,2023,MEK Hussey,Mumbai Indians,Yes,Fit
1359531,2023,Prabhsimran Singh,Gujarat Titans,Yes,Fit
1359531,2023,A Mishra,Gujarat Titans,Yes,Fit
1359531,2023,JP Duminy,Mumbai Indians,Yes,Fit
1359531,2023,NV Ojha,Mumbai Indians,Yes,Fit
1359531,2023,MA Agarwal,Mumbai Indians,Yes,Fit
1359531,2023,KC Sangakkara,Gujarat Titans,Yes,Fit
1359531,2023,P Kumar,Gujarat Titans,Yes,Fit
1359531,2023,YS Chahal,Mumbai Indians,Yes,Fit
1359531,2023,DL Chahar,Gujarat Titans,Yes,Fit
1359531,2023,AB de Villiers,Mumbai Indians,Yes,Fit
1359531,2023,B Sai Sudharsan,Mumbai Indians,Yes,Fit
1359531,2023,KD Karthik,Gujarat Titans,Yes,Fit
1359531,2023,Mohammed Siraj,Gujarat Titans,Yes,Fit
1359531,2023,DJ Bravo,Gujarat Titans,Yes,Fit
1359531,2023,DR Smith,Gujarat Titans,Yes,Fit
1359531,2023,A Nehra,Mumbai Indians,Yes,Fit
1359531,2023,R Ashwin,Gujarat Titans,Yes,Fit
1359531,2023,MR Marsh,Mumbai Indians,Yes,Fit
1359531,2023,JP Faulkner,Mumbai Indians,Yes,Fit
1359532,2023,DJ Hussey,Sunrisers Hyderabad,Yes,Fit
1359532,2023,SL Malinga,Sunrisers Hyderabad,No,Covid protocol
1359532,2023,Kuldeep Yadav,Lucknow Super Giants,Yes,Fit
1359532,2023,SC Ganguly,Sunrisers Hyderabad,Yes,Fit
1359532,2023,AK Markram,Sunrisers Hyderabad,Yes,Fit
1359532,2023,N Pooran,Sunrisers Hyderabad,Yes,Fit
1359532,2023,UT Yadav,Sunrisers Hyderabad,No,Covid protocol
1359532,2023,Harbhajan Singh,Sunrisers Hyderabad,Yes,Fit
1359532,2023,V Sehwag,Sunrisers Hyderabad,Yes,Fit
1359532,2023,MC Henriques,Sunrisers Hyderabad,Yes,Fit
1359532,2023,L Balaji,Sunrisers Hyderabad,Yes,Fit
1359532,2023,SM Curran,Lucknow Super Giants,Yes,Fit
1359532,2023,Z Khan,Lucknow Super Giants,Yes,Fit
1359532,2023,AR Patel,Sunrisers Hyderabad,Yes,Fit
1359532,2023,SA Yadav,Sunrisers Hyderabad,Yes,Fit
1359532,2023,JD Unadkat,Lucknow Super Giants,Yes,Fit
1359532,2023,MS Dhoni,Lucknow Super Giants,No,Calf injury
1359532,2023,MM Ali,Sunrisers Hyderabad,Yes,Fit
1359532,2023,NT Tilak Varma,Sunrisers Hyderabad,Yes,Fit
1359532,2023,SPD Smith,Sunrisers Hyderabad,Yes,Fit
1359533,2023,Z Khan,Punjab Kings,Yes,Fit
1359533,2023,MC Henriques,Punjab Kings,Yes,Fit
1359533,2023,SV Samson,Punjab Kings,Yes,Fit
1359533,2023,GJ Maxwell,Punjab Kings,Yes,Fit
1359533,2023,HH Pandya,Delhi Capitals,Yes,Fit
1359533,2023,MA Starc,Delhi Capitals,Yes,Fit
1359533,2023,MG Johnson,Delhi Capitals,Yes,Fit
1359533,2023,AK Markram,Punjab Kings,No,Suspension
1359533,2023,MR Marsh,Punjab Kings,Yes,Fit
1359533,2023,SL Malinga,Punjab Kings,Yes,Fit
1359533,2023,Shakib Al Hasan,Delhi Capitals,No,Covid protocol
1359533,2023,M Vijay,Delhi Capitals,Yes,Fit
1359533,2023,M Morkel,Delhi Capitals,Yes,Fit
1359533,2023,RV Uthappa,Delhi Capitals,Yes,Fit
1359533,2023,R Bhatia,Punjab Kings,Yes,Fit
1359533,2023,MJ McClenaghan,Punjab Kings,Yes,Fit
1359533,2023,SS Tiwary,Punjab Kings,Yes,Fit
1359533,2023,MP Stoinis,Delhi Capitals,Yes,Fit
1359533,2023,CV Varun,Punjab Kings,Yes,Fit
1359533,2023,YBK Jaiswal,Punjab Kings,Yes,Fit
1359534,2023,Shubman Gill,Rajasthan Royals,Yes,Fit
1359534,2023,Ishan Kishan,Rajasthan Royals,Yes,Fit
1359534,2023,KC Sangakkara,Royal Challengers Bangalore,Yes,Fit
1359534,2023,MM Patel,Royal Challengers Bangalore,No,Finger fracture
1359534,2023,DA Miller,Royal Challengers Bangalore,Yes,Fit
1359534,2023,DJ Hooda,Rajasthan Royals,Yes,Fit
1359534,2023,RG Sharma,Royal Challengers Bangalore,Yes,Fit
1359534,2023,B Kumar,Royal Challengers Bangalore,Yes,Fit
1359534,2023,Ravi Bishnoi,Rajasthan Royals,Yes,Fit
1359534,2023,PP Ojha,Royal Challengers Bangalore,Yes,Fit
1359534,2023,DJ Bravo,Royal Challengers Bangalore,Yes,Fit
1359534,2023,SL Malinga,Rajasthan Royals,Yes,Fit
1359534,2023,M Vijay,Royal Challengers Bangalore,No,Hamstring strain
1359534,2023,S Dhawan,Royal Challengers Bangalore,Yes,Fit
1359534,2023,Rashid Khan,Rajasthan Royals,Yes,Fit
1359534,2023,Avesh Khan,Royal Challengers Bangalore,Yes,Fit
1359534,2023,MA Agarwal,Royal Challengers Bangalore,Yes,Fit
1359534,2023,Abhishek Sharma,Rajasthan Royals,Yes,Fit
1359534,2023,KK Ahmed,Rajasthan Royals,No,Shoulder injury
1359534,2023,S Badrinath,Royal Challengers Bangalore,Yes,Fit
1359535,2023,M Vijay,Kolkata Knight Riders,Yes,Fit
1359535,2023,RD Gaikwad,Kolkata Knight Riders,Yes,Fit
1359535,2023,N Rana,Kolkata Knight Riders,Yes,Fit
1359535,2023,V Sehwag,Chennai Super Kings,Yes,Fit
1359535,2023,JP Faulkner,Kolkata Knight Riders,Yes,Fit
1359535,2023,RA Tripathi,Chennai Super Kings,No,Quad strain
1359535,2023,Washington Sundar,Chennai Super Kings,Yes,Fit
1359535,2023,DW Steyn,Chennai Super Kings,Yes,Fit
1359535,2023,DPMD Jayawardene,Chennai Super Kings,Yes,Fit
1359535,2023,L Balaji,Chennai Super Kings,Yes,Fit
1359535,2023,SC Ganguly,Kolkata Knight Riders,Yes,Fit
1359535,2023,R Tewatia,Kolkata Knight Riders,Yes,Fit
1359535,2023,SL Malinga,Chennai Super Kings,Yes,Fit
1359535,2023,AK Markram,Kolkata Knight Riders,Yes,Fit
1359535,2023,SN Thakur,Chennai Super Kings,Yes,Fit
1359535,2023,DJ Bravo,Chennai Super Kings,Yes,Fit
1359535,2023,BJ Hodge,Chennai Super Kings,Yes,Fit
1359535,2023,A Mishra,Chennai Super Kings,Yes,Fit
1359535,2023,R Vinay Kumar,Kolkata Knight Riders,Yes,Fit
1359535,2023,DA Miller,Chennai Super Kings,Yes,Fit
1359536,2023,A Mishra,Sunrisers Hyderabad,Yes,Fit
1359536,2023,IK Pathan,Gujarat Titans,Yes,Fit
1359536,2023,RV Uthappa,Gujarat Titans,Yes,Fit
1359536,2023,R Parag,Sunrisers Hyderabad,Yes,Fit
1359536,2023,MR Marsh,Sunrisers Hyderabad,Yes,Fit
1359536,2023,DW Steyn,Sunrisers Hyderabad,Yes,Fit
1359536,2023,N Rana,Gujarat Titans,Yes,Fit
1359536,2023,Sandeep Sharma,Sunrisers Hyderabad,Yes,Fit
1359536,2023,AC Gilchrist,Gujarat Titans,Yes,Fit
1359536,2023,B Kumar,Gujarat Titans,Yes,Fit
1359536,2023,MK Tiwary,Gujarat Titans,Yes,Fit
1359536,2023,SR Tendulkar,Sunrisers Hyderabad,Yes,Fit
1359536,2023,A Symonds,Sunrisers Hyderabad,Yes,Fit
1359536,2023,MM Ali,Sunrisers Hyderabad,Yes,Fit
1359536,2023,N Pooran,Sunrisers Hyderabad,Yes,Fit
1359536,2023,D Padikkal,Gujarat Titans,Yes,Fit
1359536,2023,SS Tiwary,Sunrisers Hyderabad,Yes,Fit
1359536,2023,PJ Cummins,Gujarat Titans,Yes,Fit
1359536,2023,R Tewatia,Gujarat Titans,Yes,Fit
1359536,2023,Ravi Bishnoi,Gujarat Titans,Yes,Fit
1359537,2023,I Sharma,Lucknow Super Giants,Yes,Fit
1359537,2023,S Dhawan,Mumbai Indians,Yes,Fit
1359537,2023,Kuldeep Yadav,Lucknow Super Giants,Yes,Fit
1359537,2023,MEK Hussey,Lucknow Super Giants,Yes,Fit
1359537,2023,SL Malinga,Lucknow Super Giants,Yes,Fit
1359537,2023,A Symonds,Lucknow Super Giants,Yes,Fit
1359537,2023,AM Rahane,Mumbai Indians,Yes,Fit
1359537,2023,AK Markram,Mumbai Indians,Yes,Fit
1359537,2023,MS Dhoni,Mumbai Indians,Yes,Fit
1359537,2023,AJ Finch,Mumbai Indians,Yes,Fit
1359537,2023,KL Rahul,Lucknow Super Giants,Yes,Fit
1359537,2023,F du Plessis,Lucknow Super Giants,Yes,Fit
1359537,2023,SE Marsh,Mumbai Indians,Yes,Fit
1359537,2023,A Mishra,Mumbai Indians,Yes,Fit
1359537,2023,Imran Tahir,Lucknow Super Giants,Yes,Fit
1359537,2023,SM Curran,Mumbai Indians,Yes,Fit
1359537,2023,CV Varun,Mumbai Indians,Yes,Fit
1359537,2023,Yuvraj Singh,Mumbai Indians,Yes,Fit
1359537,2023,Avesh Khan,Mumbai Indians,Yes,Fit
1359537,2023,MA Agarwal,Lucknow Super Giants,Yes,Fit
1359538,2023,DPMD Jayawardene,Punjab Kings,Yes,Fit
1359538,2023,MA Starc,Delhi Capitals,Yes,Fit
1359538,2023,AM Rahane,Punjab Kings,Yes,Fit
1359538,2023,RP Singh,Delhi Capitals,Yes,Fit
1359538,2023,R Parag,Punjab Kings,Yes,Fit
1359538,2023,AR Patel,Delhi Capitals,Yes,Fit
1359538,2023,N Rana,Punjab Kings,No,Hamstring strain
1359538,2023,SA Yadav,Punjab Kings,Yes,Fit
1359538,2023,DA Miller,Delhi Capitals,Yes,Fit
1359538,2023,G Gambhir,Delhi Capitals,Yes,Fit
1359538,2023,MK Pandey,Delhi Capitals,Yes,Fit
1359538,2023,MG Johnson,Punjab Kings,No,Personal reasons
1359538,2023,T Natarajan,Delhi Capitals,Yes,Fit
1359538,2023,JC Archer,Punjab Kings,Yes,Fit
1359538,2023,DJ Hooda,Punjab Kings,Yes,Fit
1359538,2023,SN Thakur,Delhi Capitals,Yes,Fit
1359538,2023,DS Kulkarni,Delhi Capitals,Yes,Fit
1359538,2023,I Sharma,Delhi Capitals,Yes,Fit
1359538,2023,MA Agarwal,Delhi Capitals,Yes,Fit
1359538,2023,Abhishek Sharma,Delhi Capitals,Yes,Fit
1359539,2023,TA Boult,Royal Challengers Bangalore,Yes,Fit
1359539,2023,RA Jadeja,Royal Challengers Bangalore,No,Covid protocol
1359539,2023,Prabhsimran Singh,Royal Challengers Bangalore,Yes,Fit
1359539,2023,Q de Kock,Royal Challengers Bangalore,Yes,Fit
1359539,2023,DJ Hooda,Sunrisers Hyderabad,Yes,Fit
1359539,2023,BB McCullum,Sunrisers Hyderabad,Yes,Fit
1359539,2023,PP Ojha,Royal Challengers Bangalore,Yes,Fit
1359539,2023,I Sharma,Royal Challengers Bangalore,Yes,Fit
1359539,2023,KS Williamson,Sunrisers Hyderabad,Yes,Fit
1359539,2023,MC Henriques,Royal Challengers Bangalore,Yes,Fit
1359539,2023,KC Sangakkara,Royal Challengers Bangalore,Yes,Fit
1359539,2023,Arshdeep Singh,Royal Challengers Bangalore,Yes,Fit
1359539,2023,Avesh Khan,Royal Challengers Bangalore,Yes,Fit
1359539,2023,MEK Hussey,Royal Challengers Bangalore,Yes,Fit
1359539,2023,AC Gilchrist,Royal Challengers Bangalore,No,Shoulder injury
1359539,2023,SN Thakur,Sunrisers Hyderabad,Yes,Fit
1359539,2023,DA Miller,Royal Challengers Bangalore,Yes,Fit
1359539,2023,MS Dhoni,Royal Challengers Bangalore,Yes,Fit
1359539,2023,A Nehra,Sunrisers Hyderabad,No,Hamstring strain
1359539,2023,KH Pandya,Sunrisers Hyderabad,Yes,Fit
1359540,2023,RD Gaikwad,Rajasthan Royals,Yes,Fit
1359540,2023,JP Duminy,Punjab Kings,Yes,Fit
1359540,2023,MG Johnson,Rajasthan Royals,Yes,Fit
1359540,2023,RV Uthappa,Punjab Kings,Yes,Fit
1359540,2023,S Dhawan,Rajasthan Royals,Yes,Fit
1359540,2023,KD Karthik,Punjab Kings,Yes,Fit
1359540,2023,R Dravid,Rajasthan Royals,Yes,Fit
1359540,2023,SN Thakur,Punjab Kings,Yes,Fit
1359540,2023,RR Pant,Punjab Kings,Yes,Fit
1359540,2023,GJ Maxwell,Rajasthan Royals,Yes,Fit
1359540,2023,R Ashwin,Rajasthan Royals,Yes,Fit
1359540,2023,V Shankar,Rajasthan Royals,Yes,Fit
1359540,2023,Kuldeep Yadav,Punjab Kings,Yes,Fit
1359540,2023,Sandeep Sharma,Punjab Kings,Yes,Fit
1359540,2023,MP Stoinis,Rajasthan Royals,Yes,Fit
1359540,2023,RG Sharma,Rajasthan Royals,Yes,Fit
1359540,2023,KC Sangakkara,Punjab Kings,Yes,Fit
1359540,2023,JD Unadkat,Rajasthan Royals,Yes,Fit
1359540,2023,VR Iyer,Punjab Kings,Yes,Fit
1359540,2023,KK Nair,Rajasthan Royals,Yes,Fit
1359541,2023,JC Archer,Delhi Capitals,Yes,Fit
1359541,2023,Mandeep Singh,Delhi Capitals,Yes,Fit
1359541,2023,MA Starc,Chennai Super Kings,Yes,Fit
1359541,2023,SC Ganguly,Chennai Super Kings,Yes,Fit
1359541,2023,AM Rahane,Delhi Capitals,Yes,Fit
1359541,2023,PP Shaw,Delhi Capitals,Yes,Fit
1359541,2023,R Parag,Delhi Capitals,Yes,Fit
1359541,2023,RP Singh,Delhi Capitals,Yes,Fit
1359541,2023,S Dube,Chennai Super Kings,Yes,Fit
1359541,2023,R Dravid,Delhi Capitals,Yes,Fit
1359541,2023,JJ Bumrah,Chennai Super Kings,Yes,Fit
1359541,2023,CH Morris,Delhi Capitals,Yes,Fit
1359541,2023,V Shankar,Delhi Capitals,Yes,Fit
1359541,2023,Shakib Al Hasan,Chennai Super Kings,Yes,Fit
1359541,2023,V Sehwag,Delhi Capitals,Yes,Fit
1359541,2023,MS Dhoni,Delhi Capitals,No,Shoulder injury
1359541,2023,JA Morkel,Delhi Capitals,Yes,Fit
1359541,2023,R Vinay Kumar,Delhi Capitals,Yes,Fit
1359541,2023,PP Ojha,Delhi Capitals,Yes,Fit
1359541,2023,Prabhsimran Singh,Delhi Capitals,Yes,Fit
1359542,2023,SPD Smith,Lucknow Super Giants,Yes,Fit
1359542,2023,YBK Jaiswal,Lucknow Super Giants,Yes,Fit
1359542,2023,MC Henriques,Lucknow Super Giants,Yes,Fit
1359542,2023,IK Pathan,Kolkata Knight Riders,Yes,Fit
1359542,2023,Q de Kock,Kolkata Knight Riders,Yes,Fit
1359542,2023,VR Iyer,Kolkata Knight Riders,Yes,Fit
1359542,2023,KV Sharma,Kolkata Knight Riders,Yes,Fit
1359542,2023,Mohammed Shami,Lucknow Super Giants,Yes,Fit
1359542,2023,MR Marsh,Lucknow Super Giants,Yes,Fit
1359542,2023,KC Sangakkara,Kolkata Knight Riders,Yes,Fit
1359542,2023,PJ Cummins,Kolkata Knight Riders,Yes,Fit
1359542,2023,PP Ojha,Kolkata Knight Riders,Yes,Fit
1359542,2023,KH Pandya,Kolkata Knight Riders,Yes,Fit
1359542,2023,AM Rahane,Kolkata Knight Riders,Yes,Fit
1359542,2023,RP Singh,Lucknow Super Giants,Yes,Fit
1359542,2023,AJ Finch,Lucknow Super Giants,Yes,Fit
1359542,2023,Ravi Bishnoi,Lucknow Super Giants,Yes,Fit
1359542,2023,V Sehwag,Lucknow Super Giants,Yes,Fit
1359542,2023,Z Khan,Lucknow Super Giants,Yes,Fit
1359542,2023,I Sharma,Kolkata Knight Riders,Yes,Fit
1359543,2023,KA Pollard,Mumbai Indians,Yes,Fit
1359543,2023,SS Iyer,Mumbai Indians,Yes,Fit
1359543,2023,Abhishek Sharma,Mumbai Indians,Yes,Fit
1359543,2023,SM Curran,Mumbai Indians,Yes,Fit
1359543,2023,V Shankar,Mumbai Indians,Yes,Fit
1359543,2023,AJ Finch,Sunrisers Hyderabad,Yes,Fit
1359543,2023,KC Sangakkara,Sunrisers Hyderabad,Yes,Fit
1359543,2023,MG Johnson,Sunrisers Hyderabad,Yes,Fit
1359543,2023,A Mishra,Sunrisers Hyderabad,Yes,Fit
1359543,2023,Arshdeep Singh,Sunrisers Hyderabad,Yes,Fit
1359543,2023,Rashid Khan,Sunrisers Hyderabad,Yes,Fit
1359543,2023,JA Morkel,Sunrisers Hyderabad,Yes,Fit
1359543,2023,CH Morris,Mumbai Indians,Yes,Fit
1359543,2023,AM Rahane,Mumbai Indians,Yes,Fit
1359543,2023,DA Miller,Sunrisers Hyderabad,Yes,Fit
1359543,2023,AR Patel,Mumbai Indians,Yes,Fit
1359543,2023,YK Pathan,Mumbai Indians,Yes,Fit
1359543,2023,RV Uthappa,Sunrisers Hyderabad,Yes,Fit
1359543,2023,PP Shaw,Sunrisers Hyderabad,Yes,Fit
1359543,2023,Mohammed Siraj,Sunrisers Hyderabad,Yes,Fit
1359544,2023,A Mishra,Gujarat Titans,Yes,Fit
1359544,2023,KK Nair,Royal Challengers Bangalore,Yes,Fit
1359544,2023,DJ Hussey,Gujarat Titans,Yes,Fit
1359544,2023,B Kumar,Gujarat Titans,Yes,Fit
1359544,2023,KC Sangakkara,Royal Challengers Bangalore,Yes,Fit
1359544,2023,MM Patel,Royal Challengers Bangalore,Yes,Fit
1359544,2023,MG Johnson,Royal Challengers Bangalore,Yes,Fit
1359544,2023,AC Gilchrist,Gujarat Titans,Yes,Fit
1359544,2023,Q de Kock,Gujarat Titans,Yes,Fit
1359544,2023,SC Ganguly,Royal Challengers Bangalore,Yes,Fit
1359544,2023,R Tewatia,Gujarat Titans,Yes,Fit
1359544,2023,EJG Morgan,Royal Challengers Bangalore,Yes,Fit
1359544,2023,V Kohli,Royal Challengers Bangalore,Yes,Fit
1359544,2023,Sandeep Sharma,Royal Challengers Bangalore,No,Covid protocol
1359544,2023,SP Narine,Royal Challengers Bangalore,Yes,Fit
1359544,2023,SR Watson,Gujarat Titans,Yes,Fit
1359544,2023,PJ Cummins,Gujarat Titans,Yes,Fit
1359544,2023,DW Steyn,Gujarat Titans,Yes,Fit
1359544,2023,SA Yadav,Gujarat Titans,Yes,Fit
1359544,2023,Yuvraj Singh,Gujarat Titans,Yes,Fit
1370350,2023,JC Archer,Chennai Super Kings,Yes,Fit
1370350,2023,SK Raina,Gujarat Titans,Yes,Fit
1370350,2023,L Balaji,Chennai Super Kings,Yes,Fit
1370350,2023,R Parag,Gujarat Titans,Yes,Fit
1370350,2023,S Badrinath,Gujarat Titans,Yes,Fit
1370350,2023,SR Tendulkar,Chennai Super Kings,Yes,Fit
1370350,2023,M Prasidh Krishna,Gujarat Titans,Yes,Fit
1370350,2023,RP Singh,Gujarat Titans,Yes,Fit
1370350,2023,MK Pandey,Chennai Super Kings,Yes,Fit
1370350,2023,KS Williamson,Gujarat Titans,Yes,Fit
1370350,2023,EJG Morgan,Gujarat Titans,Yes,Fit
1370350,2023,AB Dinda,Gujarat Titans,Yes,Fit
1370350,2023,PP Shaw,Chennai Super Kings,Yes,Fit
1370350,2023,JP Faulkner,Gujarat Titans,Yes,Fit
1370350,2023,SL Malinga,Gujarat Titans,Yes,Fit
1370350,2023,JA Morkel,Gujarat Titans,Yes,Fit
1370350,2023,Sandeep Sharma,Chennai Super Kings,Yes,Fit
1370350,2023,RA Tripathi,Gujarat Titans,Yes,Fit
1370350,2023,MEK Hussey,Gujarat Titans,Yes,Fit
1370350,2023,KA Pollard,Gujarat Titans,Yes,Fit
1370351,2023,MK Pandey,Mumbai Indians,Yes,Fit
1370351,2023,BA Stokes,Mumbai Indians,Yes,Fit
1370351,2023,YS Chahal,Mumbai Indians,Yes,Fit
1370351,2023,S Dube,Mumbai Indians,Yes,Fit
1370351,2023,V Kohli,Lucknow Super Giants,Yes,Fit
1370351,2023,SE Marsh,Lucknow Super Giants,Yes,Fit
1370351,2023,N Rana,Lucknow Super Giants,Yes,Fit
1370351,2023,Avesh Khan,Mumbai Indians,Yes,Fit
1370351,2023,SA Yadav,Mumbai Indians,Yes,Fit
1370351,2023,A Mishra,Lucknow Super Giants,Yes,Fit
1370351,2023,B Kumar,Lucknow Super Giants,Yes,Fit
1370351,2023,A Nehra,Lucknow Super Giants,Yes,Fit
1370351,2023,YK Pathan,Mumbai Indians,Yes,Fit
1370351,2023,D Padikkal,Mumbai Indians,Yes,Fit
1370351,2023,DR Smith,Lucknow Super Giants,Yes,Fit
1370351,2023,Mohammed Siraj,Lucknow Super Giants,Yes,Fit
1370351,2023,AJ Finch,Lucknow Super Giants,Yes,Fit
1370351,2023,AR Patel,Lucknow Super Giants,Yes,Fit
1370351,2023,GJ Maxwell,Lucknow Super Giants,Yes,Fit
1370351,2023,DJ Hussey,Mumbai Indians,Yes,Fit
1370352,2023,R Parag,Mumbai Indians,Yes,Fit
1370352,2023,M Prasidh Krishna,Mumbai Indians,Yes,Fit
1370352,2023,KS Williamson,Mumbai Indians,Yes,Fit
1370352,2023,MK Pandey,Gujarat Titans,Yes,Fit
1370352,2023,TA Boult,Mumbai Indians,Yes,Fit
1370352,2023,CV Varun,Gujarat Titans,Yes,Fit
1370352,2023,DS Kulkarni,Gujarat Titans,Yes,Fit
1370352,2023,IK Pathan,Gujarat Titans,Yes,Fit
1370352,2023,HH Pandya,Gujarat Titans,Yes,Fit
1370352,2023,DA Warner,Mumbai Indians,Yes,Fit
1370352,2023,NV Ojha,Mumbai Indians,Yes,Fit
1370352,2023,MA Starc,Mumbai Indians,Yes,Fit
1370352,2023,BJ Hodge,Gujarat Titans,Yes,Fit
1370352,2023,UT Yadav,Gujarat Titans,Yes,Fit
1370352,2023,AJ Finch,Gujarat Titans,Yes,Fit
1370352,2023,F du Plessis,Mumbai Indians,Yes,Fit
1370352,2023,N Rana,Gujarat Titans,Yes,Fit
1370352,2023,S Dhawan,Mumbai Indians,Yes,Fit
1370352,2023,MJ McClenaghan,Gujarat Titans,Yes,Fit
1370352,2023,P Kumar,Gujarat Titans,Yes,Fit
1370353,2023,KA Pollard,Chennai Super Kings,Yes,Fit
1370353,2023,Rashid Khan,Chennai Super Kings,Yes,Fit
1370353,2023,SE Marsh,Chennai Super Kings,Yes,Fit
1370353,2023,Ravi Bishnoi,Gujarat Titans,Yes,Fit
1370353,2023,YK Pathan,Chennai Super Kings,Yes,Fit
1370353,2023,RV Uthappa,Gujarat Titans,Yes,Fit
1370353,2023,PP Chawla,Chennai Super Kings,Yes,Fit
1370353,2023,AM Rahane,Chennai Super Kings,Yes,Fit
1370353,2023,V Sehwag,Gujarat Titans,Yes,Fit
1370353,2023,NV Ojha,Gujarat Titans,Yes,Fit
1370353,2023,IK Pathan,Chennai Super Kings,Yes,Fit
1370353,2023,BB McCullum,Gujarat Titans,Yes,Fit
1370353,2023,PA Patel,Gujarat Titans,Yes,Fit
1370353,2023,AR Patel,Chennai Super Kings,Yes,Fit
1370353,2023,R Ashwin,Chennai Super Kings,Yes,Fit
1370353,2023,RR Pant,Gujarat Titans,Yes,Fit
1370353,2023,MK Tiwary,Gujarat Titans,Yes,Fit
1370353,2023,M Prasidh Krishna,Chennai Super Kings,Yes,Fit
1370353,2023,M Vijay,Chennai Super Kings,Yes,Fit
1370353,2023,SN Thakur,Chennai Super Kings,Yes,Fit
1422119,2024,PJ Cummins,Royal Challengers Bangalore,Yes,Fit
1422119,2024,DJ Hussey,Chennai Super Kings,Yes,Fit
1422119,2024,JH Kallis,Chennai Super Kings,Yes,Fit
1422119,2024,BJ Hodge,Chennai Super Kings,Yes,Fit
1422119,2024,K Rabada,Royal Challengers Bangalore,Yes,Fit
1422119,2024,Shakib Al Hasan,Chennai Super Kings,Yes,Fit
1422119,2024,RD Gaikwad,Royal Challengers Bangalore,Yes,Fit
1422119,2024,S Badrinath,Chennai Super Kings,Yes,Fit
1422119,2024,HH Pandya,Chennai Super Kings,Yes,Fit
1422119,2024,DS Kulkarni,Royal Challengers Bangalore,Yes,Fit
1422119,2024,DL Chahar,Royal Challengers Bangalore,Yes,Fit
1422119,2024,SA Yadav,Royal Challengers Bangalore,Yes,Fit
1422119,2024,SE Marsh,Royal Challengers Bangalore,Yes,Fit
1422119,2024,MA Starc,Chennai Super Kings,Yes,Fit
1422119,2024,JC Archer,Chennai Super Kings,No,Covid protocol
1422119,2024,JM Bairstow,Royal Challengers Bangalore,Yes,Fit
1422119,2024,SR Watson,Chennai Super Kings,Yes,Fit
1422119,2024,SC Ganguly,Royal Challengers Bangalore,Yes,Fit
1422119,2024,GJ Maxwell,Royal Challengers Bangalore,Yes,Fit
1422119,2024,R Tewatia,Chennai Super Kings,Yes,Fit
1422120,2024,DS Kulkarni,Punjab Kings,Yes,Fit
1422120,2024,Prabhsimran Singh,Punjab Kings,Yes,Fit
1422120,2024,V Kohli,Punjab Kings,Yes,Fit
1422120,2024,MEK Hussey,Punjab Kings,Yes,Fit
1422120,2024,IK Pathan,Punjab Kings,Yes,Fit
1422120,2024,SN Thakur,Punjab Kings,Yes,Fit
1422120,2024,VR Iyer,Delhi Capitals,Yes,Fit
1422120,2024,MA Agarwal,Delhi Capitals,Yes,Fit
1422120,2024,AJ Finch,Delhi Capitals,No,Covid protocol
1422120,2024,EJG Morgan,Delhi Capitals,Yes,Fit
1422120,2024,YBK Jaiswal,Delhi Capitals,Yes,Fit
1422120,2024,Arshdeep Singh,Punjab Kings,No,Suspension
1422120,2024,MR Marsh,Delhi Capitals,Yes,Fit
1422120,2024,KC Sangakkara,Punjab Kings,Yes,Fit
1422120,2024,R Ashwin,Delhi Capitals,Yes,Fit
1422120,2024,KK Nair,Delhi Capitals,No,Back spasm
1422120,2024,SL Malinga,Delhi Capitals,Yes,Fit
1422120,2024,NV Ojha,Delhi Capitals,Yes,Fit
1422120,2024,AC Gilchrist,Punjab Kings,Yes,Fit
1422120,2024,DR Smith,Punjab Kings,Yes,Fit
1422121,2024,S Dube,Sunrisers Hyderabad,Yes,Fit
1422121,2024,DA Miller,Kolkata Knight Riders,Yes,Fit
1422121,2024,SR Watson,Kolkata Knight Riders,Yes,Fit
1422121,2024,Rashid Khan,Sunrisers Hyderabad,Yes,Fit
1422121,2024,VR Iyer,Sunrisers Hyderabad,Yes,Fit
1422121,2024,KA Pollard,Kolkata Knight Riders,No,Hamstring strain
1422121,2024,BB McCullum,Sunrisers Hyderabad,No,Covid protocol
1422121,2024,P Kumar,Kolkata Knight Riders,Yes,Fit
1422121,2024,SS Iyer,Kolkata Knight Riders,Yes,Fit
1422121,2024,Prabhsimran Singh,Kolkata Knight Riders,Yes,Fit
1422121,2024,JA Morkel,Kolkata Knight Riders,Yes,Fit
1422121,2024,K Rabada,Sunrisers Hyderabad,Yes,Fit
1422121,2024,JC Archer,Kolkata Knight Riders,Yes,Fit
1422121,2024,SO Hetmyer,Sunrisers Hyderabad,Yes,Fit
1422121,2024,SS Tiwary,Kolkata Knight Riders,Yes,Fit
1422121,2024,KS Williamson,Sunrisers Hyderabad,Yes,Fit
1422121,2024,R Dravid,Kolkata Knight Riders,Yes,Fit
1422121,2024,M Morkel,Kolkata Knight Riders,Yes,Fit
1422121,2024,V Shankar,Sunrisers Hyderabad,Yes,Fit
1422121,2024,DPMD Jayawardene,Kolkata Knight Riders,Yes,Fit
1422122,2024,MR Marsh,Rajasthan Royals,Yes,Fit
1422122,2024,SS Iyer,Rajasthan Royals,Yes,Fit
1422122,2024,MK Tiwary,Lucknow Super Giants,Yes,Fit
1422122,2024,MS Dhoni,Rajasthan Royals,Yes,Fit
1422122,2024,SA Yadav,Rajasthan Royals,Yes,Fit
1422122,2024,JH Kallis,Lucknow Super Giants,Yes,Fit
1422122,2024,AK Markram,Rajasthan Royals,Yes,Fit
1422122,2024,JD Unadkat,Lucknow Super Giants,Yes,Fit
1422122,2024,V Kohli,Rajasthan Royals,Yes,Fit
1422122,2024,G Gambhir,Rajasthan Royals,Yes,Fit
1422122,2024,JJ Bumrah,Rajasthan Royals,Yes,Fit
1422122,2024,KK Ahmed,Lucknow Super Giants,Yes,Fit
1422122,2024,M Prasidh Krishna,Rajasthan Royals,Yes,Fit
1422122,2024,DS Kulkarni,Lucknow Super Giants,Yes,Fit
1422122,2024,JP Duminy,Rajasthan Royals,Yes,Fit
1422122,2024,R Dravid,Rajasthan Royals,Yes,Fit
1422122,2024,SR Tendulkar,Lucknow Super Giants,Yes,Fit
1422122,2024,Ravi Bishnoi,Rajasthan Royals,Yes,Fit
1422122,2024,MC Henriques,Rajasthan Royals,Yes,Fit
1422122,2024,H Klaasen,Rajasthan Royals,Yes,Fit
1422123,2024,KH Pandya,Gujarat Titans,Yes,Fit
1422123,2024,SL Malinga,Mumbai Indians,Yes,Fit
1422123,2024,SC Ganguly,Gujarat Titans,Yes,Fit
1422123,2024,Sandeep Sharma,Gujarat Titans,Yes,Fit
1422123,2024,KS Williamson,Gujarat Titans,Yes,Fit
1422123,2024,KK Nair,Mumbai Indians,Yes,Fit
1422123,2024,CH Morris,Mumbai Indians,Yes,Fit
1422123,2024,Mandeep Singh,Gujarat Titans,Yes,Fit
1422123,2024,SR Tendulkar,Mumbai Indians,Yes,Fit
1422123,2024,JP Duminy,Gujarat Titans,Yes,Fit
1422123,2024,Shubman Gill,Gujarat Titans,Yes,Fit
1422123,2024,MK Pandey,Gujarat Titans,Yes,Fit
1422123,2024,YBK Jaiswal,Mumbai Indians,Yes,Fit
1422123,2024,DA Warner,Gujarat Titans,Yes,Fit
1422123,2024,SE Marsh,Gujarat Titans,Yes,Fit
1422123,2024,JA Morkel,Gujarat Titans,Yes,Fit
1422123,2024,MJ McClenaghan,Gujarat Titans,Yes,Fit
1422123,2024,RD Gaikwad,Mumbai Indians,Yes,Fit
1422123,2024,Ishan Kishan,Gujarat Titans,Yes,Fit
1422123,2024,SO Hetmyer,Gujarat Titans,Yes,Fit
1422124,2024,AT Rayudu,Punjab Kings,Yes,Fit
1422124,2024,CH Gayle,Punjab Kings,Yes,Fit
1422124,2024,DJ Hooda,Royal Challengers Bangalore,Yes,Fit
1422124,2024,R Parag,Punjab Kings,Yes,Fit
1422124,2024,KH Pandya,Royal Challengers Bangalore,Yes,Fit
1422124,2024,MA Agarwal,Royal Challengers Bangalore,Yes,Fit
1422124,2024,Ravi Bishnoi,Royal Challengers Bangalore,Yes,Fit
1422124,2024,L Balaji,Punjab Kings,Yes,Fit
1422124,2024,Arshdeep Singh,Royal Challengers Bangalore,Yes,Fit
1422124,2024,DW Steyn,Royal Challengers Bangalore,Yes,Fit
1422124,2024,PP Ojha,Punjab Kings,Yes,Fit
1422124,2024,KK Nair,Punjab Kings,Yes,Fit
1422124,2024,JC Buttler,Royal Challengers Bangalore,No,Suspension
1422124,2024,Yuvraj Singh,Punjab Kings,Yes,Fit
1422124,2024,BB McCullum,Punjab Kings,Yes,Fit
1422124,2024,DJ Bravo,Punjab Kings,Yes,Fit
1422124,2024,F du Plessis,Royal Challengers Bangalore,Yes,Fit
1422124,2024,RD Chahar,Punjab Kings,Yes,Fit
1422124,2024,RA Tripathi,Royal Challengers Bangalore,Yes,Fit
1422124,2024,V Sehwag,Punjab Kings,Yes,Fit
1422125,2024,MP Stoinis,Gujarat Titans,Yes,Fit
1422125,2024,R Dravid,Gujarat Titans,Yes,Fit
1422125,2024,RD Gaikwad,Chennai Super Kings,Yes,Fit
1422125,2024,DL Chahar,Gujarat Titans,Yes,Fit
1422125,2024,S Badrinath,Chennai Super Kings,Yes,Fit
1422125,2024,YS Chahal,Chennai Super Kings,Yes,Fit
1422125,2024,JM Bairstow,Gujarat Titans,Yes,Fit
1422125,2024,AJ Finch,Chennai Super Kings,Yes,Fit
1422125,2024,T Natarajan,Gujarat Titans,Yes,Fit
1422125,2024,RD Chahar,Gujarat Titans,Yes,Fit
1422125,2024,AM Rahane,Gujarat Titans,Yes,Fit
1422125,2024,I Sharma,Gujarat Titans,Yes,Fit
1422125,2024,MM Ali,Chennai Super Kings,Yes,Fit
1422125,2024,L Balaji,Chennai Super Kings,Yes,Fit
1422125,2024,AB de Villiers,Gujarat Titans,Yes,Fit
1422125,2024,D Padikkal,Chennai Super Kings,Yes,Fit
1422125,2024,Prabhsimran Singh,Gujarat Titans,Yes,Fit
1422125,2024,AC Gilchrist,Chennai Super Kings,Yes,Fit
1422125,2024,SR Watson,Gujarat Titans,Yes,Fit
1422125,2024,AK Markram,Gujarat Titans,Yes,Fit
1422126,2024,RP Singh,Mumbai Indians,Yes,Fit
1422126,2024,Mandeep Singh,Mumbai Indians,Yes,Fit
1422126,2024,PJ Cummins,Mumbai Indians,Yes,Fit
1422126,2024,AD Russell,Sunrisers Hyderabad,Yes,Fit
1422126,2024,JH Kallis,Sunrisers Hyderabad,Yes,Fit
1422126,2024,WP Saha,Sunrisers Hyderabad,Yes,Fit
1422126,2024,M Prasidh Krishna,Sunrisers Hyderabad,Yes,Fit
1422126,2024,CV Varun,Sunrisers Hyderabad,Yes,Fit
1422126,2024,PP Shaw,Sunrisers Hyderabad,Yes,Fit
1422126,2024,AT Rayudu,Mumbai Indians,Yes,Fit
1422126,2024,CH Gayle,Sunrisers Hyderabad,No,Finger fracture
1422126,2024,M Vijay,Mumbai Indians,Yes,Fit
1422126,2024,Ishan Kishan,Mumbai Indians,Yes,Fit
1422126,2024,SE Marsh,Mumbai Indians,Yes,Fit
1422126,2024,RD Gaikwad,Sunrisers Hyderabad,No,Calf injury
1422126,2024,Avesh Khan,Sunrisers Hyderabad,Yes,Fit
1422126,2024,MK Pandey,Sunrisers Hyderabad,Yes,Fit
1422126,2024,Kuldeep Yadav,Sunrisers Hyderabad,Yes,Fit
1422126,2024,PP Chawla,Mumbai Indians,Yes,Fit
1422126,2024,PP Ojha,Sunrisers Hyderabad,Yes,Fit
1422127,2024,SK Raina,Rajasthan Royals,No,Knee injury
1422127,2024,MG Johnson,Rajasthan Royals,Yes,Fit
1422127,2024,AR Patel,Rajasthan Royals,Yes,Fit
1422127,2024,MK Tiwary,Rajasthan Royals,Yes,Fit
1422127,2024,AB Dinda,Delhi Capitals,Yes,Fit
1422127,2024,Q de Kock,Delhi Capitals,Yes,Fit
1422127,2024,DA Miller,Delhi Capitals,Yes,Fit
1422127,2024,TA Boult,Rajasthan Royals,Yes,Fit
1422127,2024,A Symonds,Rajasthan Royals,Yes,Fit
1422127,2024,SS Tiwary,Delhi Capitals,Yes,Fit
1422127,2024,RV Uthappa,Delhi Capitals,Yes,Fit
1422127,2024,SC Ganguly,Delhi Capitals,Yes,Fit
1422127,2024,AC Gilchrist,Rajasthan Royals,Yes,Fit
1422127,2024,DW Steyn,Delhi Capitals,Yes,Fit
1422127,2024,V Sehwag,Delhi Capitals,Yes,Fit
1422127,2024,GJ Maxwell,Delhi Capitals,Yes,Fit
1422127,2024,Imran Tahir,Delhi Capitals,Yes,Fit
1422127,2024,RD Chahar,Rajasthan Royals,Yes,Fit
1422127,2024,M Prasidh Krishna,Delhi Capitals,Yes,Fit
1422127,2024,JM Bairstow,Delhi Capitals,Yes,Fit
1422128,2024,RA Jadeja,Kolkata Knight Riders,Yes,Fit
1422128,2024,B Kumar,Royal Challengers Bangalore,Yes,Fit
1422128,2024,JC Archer,Kolkata Knight Riders,Yes,Fit
1422128,2024,MEK Hussey,Royal Challengers Bangalore,Yes,Fit
1422128,2024,SN Thakur,Kolkata Knight Riders,Yes,Fit
1422128,2024,UT Yadav,Kolkata Knight Riders,Yes,Fit
1422128,2024,DW Steyn,Kolkata Knight Riders,Yes,Fit
1422128,2024,KC Sangakkara,Royal Challengers Bangalore,Yes,Fit
1422128,2024,F du Plessis,Kolkata Knight Riders,Yes,Fit
1422128,2024,RP Singh,Royal Challengers Bangalore,Yes,Fit
1422128,2024,RD Chahar,Kolkata Knight Riders,Yes,Fit
1422128,2024,JJ Bumrah,Kolkata Knight Riders,Yes,Fit
1422128,2024,HV Patel,Kolkata Knight Riders,Yes,Fit
1422128,2024,A Mishra,Kolkata Knight Riders,Yes,Fit
1422128,2024,AD Russell,Royal Challengers Bangalore,Yes,Fit
1422128,2024,SS Iyer,Royal Challengers Bangalore,Yes,Fit
1422128,2024,AB Dinda,Royal Challengers Bangalore,Yes,Fit
1422128,2024,S Dube,Royal Challengers Bangalore,Yes,Fit
1422128,2024,AJ Finch,Royal Challengers Bangalore,Yes,Fit
1422128,2024,Mohammed Siraj,Kolkata Knight Riders,Yes,Fit
1422129,2024,Prabhsimran Singh,Lucknow Super Giants,Yes,Fit
1422129,2024,M Vijay,Punjab Kings,Yes,Fit
1422129,2024,R Tewatia,Punjab Kings,Yes,Fit
1422129,2024,I Sharma,Punjab Kings,Yes,Fit
1422129,2024,Sandeep Sharma,Punjab Kings,Yes,Fit
1422129,2024,AK Markram,Punjab Kings,Yes,Fit
1422129,2024,RP Singh,Punjab Kings,Yes,Fit
1422129,2024,VR Iyer,Lucknow Super Giants,Yes,Fit
1422129,2024,KH Pandya,Punjab Kings,Yes,Fit
1422129,2024,SO Hetmyer,Lucknow Super Giants,Yes,Fit
1422129,2024,KC Sangakkara,Punjab Kings,Yes,Fit
1422129,2024,JD Unadkat,Lucknow Super Giants,Yes,Fit
1422129,2024,SM Curran,Lucknow Super Giants,Yes,Fit
1422129,2024,SE Marsh,Lucknow Super Giants,Yes,Fit
1422129,2024,Imran Tahir,Punjab Kings,Yes,Fit
1422129,2024,K Rabada,Punjab Kings,Yes,Fit
1422129,2024,KV Sharma,Lucknow Super Giants,Yes,Fit
1422129,2024,Washington Sundar,Lucknow Super Giants,Yes,Fit
1422129,2024,G Gambhir,Punjab Kings,Yes,Fit
1422129,2024,MJ McClenaghan,Lucknow Super Giants,Yes,Fit
1422130,2024,Yuvraj Singh,Gujarat Titans,Yes,Fit
1422130,2024,GJ Maxwell,Sunrisers Hyderabad,Yes,Fit
1422130,2024,A Symonds,Sunrisers Hyderabad,Yes,Fit
1422130,2024,Abhishek Sharma,Gujarat Titans,Yes,Fit
1422130,2024,Mohammed Siraj,Gujarat Titans,Yes,Fit
1422130,2024,Mandeep Singh,Sunrisers Hyderabad,Yes,Fit
1422130,2024,SK Raina,Sunrisers Hyderabad,Yes,Fit
1422130,2024,K Rabada,Sunrisers Hyderabad,Yes,Fit
1422130,2024,SN Thakur,Sunrisers Hyderabad,Yes,Fit
1422130,2024,Prabhsimran Singh,Sunrisers Hyderabad,Yes,Fit
1422130,2024,N Rana,Gujarat Titans,Yes,Fit
1422130,2024,YS Chahal,Gujarat Titans,Yes,Fit
1422130,2024,Ishan Kishan,Gujarat Titans,Yes,Fit
1422130,2024,PP Shaw,Gujarat Titans,Yes,Fit
1422130,2024,PJ Cummins,Sunrisers Hyderabad,Yes,Fit
1422130,2024,SL Malinga,Sunrisers Hyderabad,Yes,Fit
1422130,2024,AB Dinda,Sunrisers Hyderabad,Yes,Fit
1422130,2024,L Balaji,Sunrisers Hyderabad,Yes,Fit
1422130,2024,M Vijay,Sunrisers Hyderabad,Yes,Fit
1422130,2024,CH Morris,Gujarat Titans,Yes,Fit
1422131,2024,RA Tripathi,Chennai Super Kings,Yes,Fit
1422131,2024,AJ Finch,Delhi Capitals,Yes,Fit
1422131,2024,DJ Bravo,Delhi Capitals,Yes,Fit
1422131,2024,DL Chahar,Chennai Super Kings,Yes,Fit
1422131,2024,RD Chahar,Delhi Capitals,Yes,Fit
1422131,2024,R Tewatia,Chennai Super Kings,Yes,Fit
1422131,2024,R Ashwin,Delhi Capitals,Yes,Fit
1422131,2024,Avesh Khan,Chennai Super Kings,Yes,Fit
1422131,2024,JC Buttler,Chennai Super Kings,Yes,Fit
1422131,2024,HH Pandya,Chennai Super Kings,Yes,Fit
1422131,2024,Mandeep Singh,Delhi Capitals,Yes,Fit
1422131,2024,KK Nair,Delhi Capitals,Yes,Fit
1422131,2024,I Sharma,Delhi Capitals,Yes,Fit
1422131,2024,AB Dinda,Delhi Capitals,Yes,Fit
1422131,2024,MM Ali,Delhi Capitals,Yes,Fit
1422131,2024,A Symonds,Chennai Super Kings,Yes,Fit
1422131,2024,MP Stoinis,Delhi Capitals,Yes,Fit
1422131,2024,SP Narine,Delhi Capitals,Yes,Fit
1422131,2024,T Natarajan,Delhi Capitals,Yes,Fit
1422131,2024,DJ Hussey,Chennai Super Kings,Yes,Fit
1422132,2024,DW Steyn,Rajasthan Royals,Yes,Fit
1422132,2024,RD Gaikwad,Mumbai Indians,Yes,Fit
1422132,2024,R Parag,Mumbai Indians,Yes,Fit
1422132,2024,MG Johnson,Mumbai Indians,Yes,Fit
1422132,2024,SE Marsh,Rajasthan Royals,Yes,Fit
1422132,2024,M Prasidh Krishna,Mumbai Indians,Yes,Fit
1422132,2024,JC Buttler,Mumbai Indians,Yes,Fit
1422132,2024,V Kohli,Mumbai Indians,Yes,Fit
1422132,2024,KC Sangakkara,Mumbai Indians,Yes,Fit
1422132,2024,RR Pant,Mumbai Indians,Yes,Fit
1422132,2024,IK Pathan,Rajasthan Royals,Yes,Fit
1422132,2024,S Dube,Mumbai Indians,Yes,Fit
1422132,2024,P Kumar,Mumbai Indians,Yes,Fit
1422132,2024,Abhishek Sharma,Rajasthan Royals,Yes,Fit
1422132,2024,YK Pathan,Mumbai Indians,Yes,Fit
1422132,2024,AB de Villiers,Rajasthan Royals,Yes,Fit
1422132,2024,Mandeep Singh,Rajasthan Royals,Yes,Fit
1422132,2024,SL Malinga,Mumbai Indians,Yes,Fit
1422132,2024,Z Khan,Rajasthan Royals,Yes,Fit
1422132,2024,SN Thakur,Mumbai Indians,Yes,Fit
1422133,2024,R Bhatia,Lucknow Super Giants,Yes,Fit
1422133,2024,JC Buttler,Lucknow Super Giants,Yes,Fit
1422133,2024,JC Archer,Lucknow Super Giants,Yes,Fit
1422133,2024,A Nehra,Royal Challengers Bangalore,Yes,Fit
1422133,2024,SR Watson,Lucknow Super Giants,Yes,Fit
1422133,2024,VR Iyer,Lucknow Super Giants,Yes,Fit
1422133,2024,AR Patel,Lucknow Super Giants,Yes,Fit
1422133,2024,PJ Cummins,Lucknow Super Giants,Yes,Fit
1422133,2024,KK Ahmed,Royal Challengers Bangalore,Yes,Fit
1422133,2024,JA Morkel,Lucknow Super Giants,Yes,Fit
1422133,2024,DW Steyn,Royal Challengers Bangalore,Yes,Fit
1422133,2024,SS Tiwary,Royal Challengers Bangalore,Yes,Fit
1422133,2024,AD Russell,Royal Challengers Bangalore,Yes,Fit
1422133,2024,S Badrinath,Royal Challengers Bangalore,Yes,Fit
1422133,2024,RA Jadeja,Royal Challengers Bangalore,Yes,Fit
1422133,2024,CV Varun,Lucknow Super Giants,Yes,Fit
1422133,2024,Imran Tahir,Lucknow Super Giants,Yes,Fit
1422133,2024,F du Plessis,Lucknow Super Giants,Yes,Fit
1422133,2024,R Parag,Royal Challengers Bangalore,No,Finger fracture
1422133,2024,WP Saha,Lucknow Super Giants,Yes,Fit
1422134,2024,Rashid Khan,Delhi Capitals,Yes,Fit
1422134,2024,CV Varun,Delhi Capitals,Yes,Fit
1422134,2024,DJ Hussey,Kolkata Knight Riders,Yes,Fit
1422134,2024,JC Buttler,Delhi Capitals,Yes,Fit
1422134,2024,R Parag,Kolkata Knight Riders,Yes,Fit
1422134,2024,RG Sharma,Delhi Capitals,Yes,Fit
1422134,2024,MK Pandey,Delhi Capitals,Yes,Fit
1422134,2024,JH Kallis,Kolkata Knight Riders,Yes,Fit
1422134,2024,MP Stoinis,Kolkata Knight Riders,Yes,Fit
1422134,2024,Imran Tahir,Kolkata Knight Riders,Yes,Fit
1422134,2024,H Klaasen,Delhi Capitals,Yes,Fit
1422134,2024,A Symonds,Kolkata Knight Riders,Yes,Fit
1422134,2024,MG Johnson,Kolkata Knight Riders,Yes,Fit
1422134,2024,CH Morris,Delhi Capitals,Yes,Fit
1422134,2024,AC Gilchrist,Kolkata Knight Riders,Yes,Fit
1422134,2024,AD Russell,Delhi Capitals,Yes,Fit
1422134,2024,Shakib Al Hasan,Kolkata Knight Riders,Yes,Fit
1422134,2024,SN Thakur,Delhi Capitals,Yes,Fit
1422134,2024,SL Malinga,Kolkata Knight Riders,Yes,Fit
1422134,2024,KH Pandya,Delhi Capitals,Yes,Fit
1422135,2024,Z Khan,Gujarat Titans,Yes,Fit
1422135,2024,DA Warner,Punjab Kings,Yes,Fit
1422135,2024,DL Chahar,Punjab Kings,Yes,Fit
1422135,2024,PP Ojha,Punjab Kings,Yes,Fit
1422135,2024,KK Ahmed,Gujarat Titans,Yes,Fit
1422135,2024,R Dravid,Gujarat Titans,Yes,Fit
1422135,2024,R Vinay Kumar,Punjab Kings,Yes,Fit
1422135,2024,DJ Bravo,Punjab Kings,Yes,Fit
1422135,2024,AK Markram,Punjab Kings,Yes,Fit
1422135,2024,G Gambhir,Gujarat Titans,Yes,Fit
1422135,2024,IK Pathan,Gujarat Titans,Yes,Fit
1422135,2024,KK Nair,Gujarat Titans,Yes,Fit
1422135,2024,SR Watson,Gujarat Titans,No,Quad strain
1422135,2024,P Kumar,Gujarat Titans,Yes,Fit
1422135,2024,KC Sangakkara,Punjab Kings,Yes,Fit
1422135,2024,JC Buttler,Gujarat Titans,No,Calf injury
1422135,2024,YK Pathan,Gujarat Titans,Yes,Fit
1422135,2024,MM Sharma,Punjab Kings,Yes,Fit
1422135,2024,SL Malinga,Gujarat Titans,Yes,Fit
1422135,2024,BJ Hodge,Gujarat Titans,Yes,Fit
1422136,2024,HH Pandya,Sunrisers Hyderabad,Yes,Fit
1422136,2024,PP Ojha,Chennai Super Kings,Yes,Fit
1422136,2024,M Vijay,Chennai Super Kings,Yes,Fit
1422136,2024,D Padikkal,Chennai Super Kings,Yes,Fit
1422136,2024,CH Gayle,Sunrisers Hyderabad,Yes,Fit
1422136,2024,SO Hetmyer,Chennai Super Kings,Yes,Fit
1422136,2024,Harbhajan Singh,Chennai Super Kings,Yes,Fit
1422136,2024,BA Stokes,Sunrisers Hyderabad,Yes,Fit
1422136,2024,A Mishra,Chennai Super Kings,Yes,Fit
1422136,2024,JC Buttler,Chennai Super Kings,Yes,Fit
1422136,2024,Yuvraj Singh,Sunrisers Hyderabad,Yes,Fit
1422136,2024,BJ Hodge,Chennai Super Kings,Yes,Fit
1422136,2024,B Sai Sudharsan,Chennai Super Kings,Yes,Fit
1422136,2024,AC Gilchrist,Chennai Super Kings,Yes,Fit
1422136,2024,DJ Hooda,Chennai Super Kings,Yes,Fit
1422136,2024,P Kumar,Chennai Super Kings,Yes,Fit
1422136,2024,CV Varun,Sunrisers Hyderabad,Yes,Fit
1422136,2024,Q de Kock,Chennai Super Kings,Yes,Fit
1422136,2024,JA Morkel,Chennai Super Kings,Yes,Fit
1422136,2024,HV Patel,Chennai Super Kings,Yes,Fit
1422137,2024,R Ashwin,Royal Challengers Bangalore,Yes,Fit
1422137,2024,MR Marsh,Rajasthan Royals,Yes,Fit
1422137,2024,P Kumar,Royal Challengers Bangalore,Yes,Fit
1422137,2024,RP Singh,Royal Challengers Bangalore,Yes,Fit
1422137,2024,M Morkel,Royal Challengers Bangalore,Yes,Fit
1422137,2024,YS Chahal,Royal Challengers Bangalore,Yes,Fit
1422137,2024,MG Johnson,Rajasthan Royals,Yes,Fit
1422137,2024,SS Iyer,Rajasthan Royals,Yes,Fit
1422137,2024,S Dhawan,Rajasthan Royals,Yes,Fit
1422137,2024,F du Plessis,Royal Challengers Bangalore,Yes,Fit
1422137,2024,DA Miller,Royal Challengers Bangalore,Yes,Fit
1422137,2024,RD Gaikwad,Royal Challengers Bangalore,Yes,Fit
1422137,2024,VR Iyer,Rajasthan Royals,Yes,Fit
1422137,2024,RA Tripathi,Rajasthan Royals,Yes,Fit
1422137,2024,G Gambhir,Rajasthan Royals,Yes,Fit
1422137,2024,BJ Hodge,Rajasthan Royals,Yes,Fit
1422137,2024,KD Karthik,Rajasthan Royals,Yes,Fit
1422137,2024,AC Gilchrist,Rajasthan Royals,Yes,Fit
1422137,2024,Mohammed Siraj,Royal Challengers Bangalore,Yes,Fit
1422137,2024,Kuldeep Yadav,Rajasthan Royals,Yes,Fit
1422138,2024,MG Johnson,Delhi Capitals,Yes,Fit
1422138,2024,WP Saha,Mumbai Indians,Yes,Fit
1422138,2024,MA Starc,Mumbai Indians,Yes,Fit
1422138,2024,RG Sharma,Delhi Capitals,Yes,Fit
1422138,2024,JC Buttler,Delhi Capitals,Yes,Fit
1422138,2024,SR Tendulkar,Mumbai Indians,Yes,Fit
1422138,2024,M Prasidh Krishna,Delhi Capitals,Yes,Fit
1422138,2024,HV Patel,Delhi Capitals,Yes,Fit
1422138,2024,SR Watson,Mumbai Indians,Yes,Fit
1422138,2024,S Dhawan,Delhi Capitals,Yes,Fit
1422138,2024,V Shankar,Delhi Capitals,Yes,Fit
1422138,2024,DJ Bravo,Delhi Capitals,Yes,Fit
1422138,2024,R Ashwin,Delhi Capitals,Yes,Fit
1422138,2024,A Mishra,Delhi Capitals,Yes,Fit
1422138,2024,CV Varun,Delhi Capitals,Yes,Fit
1422138,2024,Mandeep Singh,Mumbai Indians,No,Personal reasons
1422138,2024,Mohammed Shami,Mumbai Indians,Yes,Fit
1422138,2024,RD Chahar,Mumbai Indians,No,Travel delay
1422138,2024,MJ McClenaghan,Mumbai Indians,Yes,Fit
1422138,2024,Yuvraj Singh,Mumbai Indians,Yes,Fit
1422139,2024,CH Morris,Lucknow Super Giants,Yes,Fit
1422139,2024,KD Karthik,Lucknow Super Giants,Yes,Fit
1422139,2024,JC Archer,Gujarat Titans,Yes,Fit
1422139,2024,RP Singh,Gujarat Titans,Yes,Fit
1422139,2024,CV Varun,Lucknow Super Giants,No,Personal reasons
1422139,2024,PP Ojha,Lucknow Super Giants,Yes,Fit
1422139,2024,DJ Hooda,Gujarat Titans,Yes,Fit
1422139,2024,TA Boult,Lucknow Super Giants,Yes,Fit
1422139,2024,S Badrinath,Gujarat Titans,Yes,Fit
1422139,2024,R Tewatia,Gujarat Titans,Yes,Fit
1422139,2024,SR Tendulkar,Gujarat Titans,Yes,Fit
1422139,2024,NT Tilak Varma,Lucknow Super Giants,Yes,Fit
1422139,2024,AD Russell,Lucknow Super Giants,Yes,Fit
1422139,2024,SR Watson,Lucknow Super Giants,Yes,Fit
1422139,2024,YK Pathan,Gujarat Titans,Yes,Fit
1422139,2024,A Mishra,Lucknow Super Giants,No,Covid protocol
1422139,2024,A Nehra,Lucknow Super Giants,Yes,Fit
1422139,2024,IK Pathan,Gujarat Titans,Yes,Fit
1422139,2024,MS Dhoni,Gujarat Titans,Yes,Fit
1422139,2024,AJ Finch,Gujarat Titans,Yes,Fit
1426260,2024,S Dube,Kolkata Knight Riders,Yes,Fit
1426260,2024,DS Kulkarni,Kolkata Knight Riders,Yes,Fit
1426260,2024,M Prasidh Krishna,Chennai Super Kings,Yes,Fit
1426260,2024,PJ Cummins,Kolkata Knight Riders,Yes,Fit
1426260,2024,RA Tripathi,Chennai Super Kings,Yes,Fit
1426260,2024,BB McCullum,Chennai Super Kings,Yes,Fit
1426260,2024,Avesh Khan,Chennai Super Kings,Yes,Fit
1426260,2024,MP Stoinis,Chennai Super Kings,Yes,Fit
1426260,2024,RR Pant,Kolkata Knight Riders,Yes,Fit
1426260,2024,DA Miller,Chennai Super Kings,Yes,Fit
1426260,2024,Abhishek Sharma,Chennai Super Kings,Yes,Fit
1426260,2024,SK Raina,Kolkata Knight Riders,Yes,Fit
1426260,2024,V Sehwag,Kolkata Knight Riders,No,Quad strain
1426260,2024,Harbhajan Singh,Kolkata Knight Riders,Yes,Fit
1426260,2024,YBK Jaiswal,Chennai Super Kings,Yes,Fit
1426260,2024,DL Chahar,Kolkata Knight Riders,Yes,Fit
1426260,2024,JP Faulkner,Kolkata Knight Riders,Yes,Fit
1426260,2024,Imran Tahir,Chennai Super Kings,Yes,Fit
1426260,2024,SC Ganguly,Chennai Super Kings,Yes,Fit
1426260,2024,Shubman Gill,Kolkata Knight Riders,Yes,Fit
1426261,2024,Kuldeep Yadav,Punjab Kings,No,Quad strain
1426261,2024,PP Shaw,Sunrisers Hyderabad,Yes,Fit
1426261,2024,Sandeep Sharma,Sunrisers Hyderabad,Yes,Fit
1426261,2024,Shubman Gill,Punjab Kings,Yes,Fit
1426261,2024,JP Faulkner,Sunrisers Hyderabad,No,Travel delay
1426261,2024,SC Ganguly,Punjab Kings,Yes,Fit
1426261,2024,V Kohli,Sunrisers Hyderabad,Yes,Fit
1426261,2024,DA Miller,Sunrisers Hyderabad,No,Knee injury
1426261,2024,JA Morkel,Sunrisers Hyderabad,Yes,Fit
1426261,2024,Avesh Khan,Sunrisers Hyderabad,Yes,Fit
1426261,2024,Ravi Bishnoi,Sunrisers Hyderabad,Yes,Fit
1426261,2024,K Rabada,Punjab Kings,Yes,Fit
1426261,2024,KK Ahmed,Sunrisers Hyderabad,Yes,Fit
1426261,2024,PA Patel,Sunrisers Hyderabad,Yes,Fit
1426261,2024,R Parag,Sunrisers Hyderabad,Yes,Fit
1426261,2024,MG Johnson,Sunrisers Hyderabad,Yes,Fit
1426261,2024,PP Ojha,Punjab Kings,Yes,Fit
1426261,2024,R Bhatia,Punjab Kings,Yes,Fit
1426261,2024,Prabhsimran Singh,Punjab Kings,Yes,Fit
1426261,2024,KL Rahul,Punjab Kings,Yes,Fit
1426262,2024,JA Morkel,Rajasthan Royals,Yes,Fit
1426262,2024,DL Chahar,Gujarat Titans,Yes,Fit
1426262,2024,KS Williamson,Rajasthan Royals,Yes,Fit
1426262,2024,RD Gaikwad,Rajasthan Royals,Yes,Fit
1426262,2024,AC Gilchrist,Rajasthan Royals,Yes,Fit
1426262,2024,Abhishek Sharma,Rajasthan Royals,Yes,Fit
1426262,2024,SL Malinga,Gujarat Titans,Yes,Fit
1426262,2024,SV Samson,Gujarat Titans,Yes,Fit
1426262,2024,SO Hetmyer,Gujarat Titans,Yes,Fit
1426262,2024,S Dhawan,Rajasthan Royals,Yes,Fit
1426262,2024,S Badrinath,Rajasthan Royals,Yes,Fit
1426262,2024,SM Curran,Gujarat Titans,Yes,Fit
1426262,2024,MG Johnson,Rajasthan Royals,Yes,Fit
1426262,2024,N Pooran,Gujarat Titans,Yes,Fit
1426262,2024,CH Morris,Gujarat Titans,Yes,Fit
1426262,2024,NT Tilak Varma,Gujarat Titans,Yes,Fit
1426262,2024,R Parag,Gujarat Titans,Yes,Fit
1426262,2024,MA Agarwal,Gujarat Titans,Yes,Fit
1426262,2024,SR Tendulkar,Rajasthan Royals,Yes,Fit
1426262,2024,SS Tiwary,Gujarat Titans,Yes,Fit
1426263,2024,NV Ojha,Mumbai Indians,Yes,Fit
1426263,2024,Sandeep Sharma,Royal Challengers Bangalore,Yes,Fit
1426263,2024,AR Patel,Mumbai Indians,Yes,Fit
1426263,2024,S Badrinath,Mumbai Indians,Yes,Fit
1426263,2024,CV Varun,Mumbai Indians,Yes,Fit
1426263,2024,Yuvraj Singh,Mumbai Indians,Yes,Fit
1426263,2024,SE Marsh,Mumbai Indians,Yes,Fit
1426263,2024,IK Pathan,Mumbai Indians,Yes,Fit
1426263,2024,M Prasidh Krishna,Royal Challengers Bangalore,Yes,Fit
1426263,2024,V Sehwag,Mumbai Indians,Yes,Fit
1426263,2024,M Morkel,Mumbai Indians,Yes,Fit
1426263,2024,Rashid Khan,Royal Challengers Bangalore,Yes,Fit
1426263,2024,R Dravid,Mumbai Indians,Yes,Fit
1426263,2024,JP Faulkner,Mumbai Indians,Yes,Fit
1426263,2024,BJ Hodge,Mumbai Indians,Yes,Fit
1426263,2024,DA Warner,Royal Challengers Bangalore,Yes,Fit
1426263,2024,R Parag,Royal Challengers Bangalore,No,Hamstring strain
1426263,2024,MM Sharma,Mumbai Indians,Yes,Fit
1426263,2024,Prabhsimran Singh,Mumbai Indians,Yes,Fit
1426263,2024,Arshdeep Singh,Royal Challengers Bangalore,Yes,Fit
1426264,2024,RD Chahar,Delhi Capitals,Yes,Fit
1426264,2024,KL Rahul,Delhi Capitals,Yes,Fit
1426264,2024,AK Markram,Delhi Capitals,Yes,Fit
1426264,2024,DJ Hooda,Lucknow Super Giants,Yes,Fit
1426264,2024,SV Samson,Delhi Capitals,Yes,Fit
1426264,2024,NT Tilak Varma,Lucknow Super Giants,Yes,Fit
1426264,2024,MM Patel,Lucknow Super Giants,Yes,Fit
1426264,2024,PP Chawla,Lucknow Super Giants,Yes,Fit
1426264,2024,AJ Finch,Lucknow Super Giants,Yes,Fit
1426264,2024,SO Hetmyer,Lucknow Super Giants,Yes,Fit
1426264,2024,SM Curran,Lucknow Super Giants,Yes,Fit
1426264,2024,DJ Hussey,Lucknow Super Giants,Yes,Fit
1426264,2024,SL Malinga,Lucknow Super Giants,Yes,Fit
1426264,2024,JJ Bumrah,Lucknow Super Giants,Yes,Fit
1426264,2024,WP Saha,Delhi Capitals,No,Fever
1426264,2024,Shakib Al Hasan,Delhi Capitals,Yes,Fit
1426264,2024,DL Chahar,Delhi Capitals,Yes,Fit
1426264,2024,Harbhajan Singh,Lucknow Super Giants,No,Calf injury
1426264,2024,P Kumar,Lucknow Super Giants,Yes,Fit
1426264,2024,S Dube,Delhi Capitals,Yes,Fit
1426265,2024,HV Patel,Rajasthan Royals,Yes,Fit
1426265,2024,RV Uthappa,Punjab Kings,Yes,Fit
1426265,2024,DJ Hooda,Rajasthan Royals,Yes,Fit
1426265,2024,R Vinay Kumar,Rajasthan Royals,No,Personal reasons
1426265,2024,SR Tendulkar,Punjab Kings,Yes,Fit
1426265,2024,AK Markram,Rajasthan Royals,Yes,Fit
1426265,2024,Rashid Khan,Rajasthan Royals,Yes,Fit
1426265,2024,A Mishra,Rajasthan Royals,Yes,Fit
1426265,2024,JM Bairstow,Rajasthan Royals,Yes,Fit
1426265,2024,R Parag,Rajasthan Royals,Yes,Fit
1426265,2024,RD Gaikwad,Punjab Kings,Yes,Fit
1426265,2024,JA Morkel,Rajasthan Royals,Yes,Fit
1426265,2024,AB Dinda,Rajasthan Royals,Yes,Fit
1426265,2024,KD Karthik,Punjab Kings,Yes,Fit
1426265,2024,JC Buttler,Rajasthan Royals,Yes,Fit
1426265,2024,KC Sangakkara,Rajasthan Royals,Yes,Fit
1426265,2024,DA Miller,Rajasthan Royals,Yes,Fit
1426265,2024,SL Malinga,Rajasthan Royals,Yes,Fit
1426265,2024,V Shankar,Punjab Kings,Yes,Fit
1426265,2024,MM Sharma,Punjab Kings,Yes,Fit
1426266,2024,AK Markram,Lucknow Super Giants,Yes,Fit
1426266,2024,R Ashwin,Kolkata Knight Riders,Yes,Fit
1426266,2024,V Kohli,Kolkata Knight Riders,Yes,Fit
1426266,2024,HV Patel,Kolkata Knight Riders,Yes,Fit
1426266,2024,R Bhatia,Kolkata Knight Riders,Yes,Fit
1426266,2024,R Tewatia,Kolkata Knight Riders,Yes,Fit
1426266,2024,K Rabada,Kolkata Knight Riders,Yes,Fit
1426266,2024,RA Jadeja,Kolkata Knight Riders,Yes,Fit
1426266,2024,AM Rahane,Lucknow Super Giants,Yes,Fit
1426266,2024,JC Buttler,Kolkata Knight Riders,Yes,Fit
1426266,2024,S Dube,Lucknow Super Giants,Yes,Fit
1426266,2024,M Morkel,Lucknow Super Giants,Yes,Fit
1426266,2024,V Sehwag,Lucknow Super Giants,Yes,Fit
1426266,2024,S Dhawan,Lucknow Super Giants,Yes,Fit
1426266,2024,N Pooran,Lucknow Super Giants,Yes,Fit
1426266,2024,JJ Bumrah,Kolkata Knight Riders,Yes,Fit
1426266,2024,UT Yadav,Kolkata Knight Riders,Yes,Fit
1426266,2024,AR Patel,Lucknow Super Giants,Yes,Fit
1426266,2024,HH Pandya,Kolkata Knight Riders,Yes,Fit
1426266,2024,TA Boult,Kolkata Knight Riders,Yes,Fit
1426267,2024,SC Ganguly,Chennai Super Kings,Yes,Fit
1426267,2024,MK Pandey,Mumbai Indians,Yes,Fit
1426267,2024,N Pooran,Mumbai Indians,Yes,Fit
1426267,2024,RA Jadeja,Mumbai Indians,Yes,Fit
1426267,2024,R Tewatia,Chennai Super Kings,Yes,Fit
1426267,2024,NT Tilak Varma,Chennai Super Kings,Yes,Fit
1426267,2024,AJ Finch,Mumbai Indians,Yes,Fit
1426267,2024,T Natarajan,Chennai Super Kings,Yes,Fit
1426267,2024,V Shankar,Chennai Super Kings,Yes,Fit
1426267,2024,MG Johnson,Chennai Super Kings,Yes,Fit
1426267,2024,MP Stoinis,Chennai Super Kings,Yes,Fit
1426267,2024,YS Chahal,Chennai Super Kings,Yes,Fit
1426267,2024,TA Boult,Mumbai Indians,Yes,Fit
1426267,2024,P Kumar,Chennai Super Kings,Yes,Fit
1426267,2024,A Mishra,Mumbai Indians,Yes,Fit
1426267,2024,M Vijay,Mumbai Indians,Yes,Fit
1426267,2024,PP Shaw,Mumbai Indians,Yes,Fit
1426267,2024,Ishan Kishan,Chennai Super Kings,Yes,Fit
1426267,2024,SPD Smith,Mumbai Indians,Yes,Fit
1426267,2024,R Bhatia,Mumbai Indians,Yes,Fit
1426268,2024,SS Tiwary,Royal Challengers Bangalore,Yes,Fit
1426268,2024,HH Pandya,Royal Challengers Bangalore,Yes,Fit
1426268,2024,SA Yadav,Sunrisers Hyderabad,Yes,Fit
1426268,2024,SM Curran,Sunrisers Hyderabad,Yes,Fit
1426268,2024,A Mishra,Royal Challengers Bangalore,Yes,Fit
1426268,2024,PA Patel,Sunrisers Hyderabad,Yes,Fit
1426268,2024,MC Henriques,Sunrisers Hyderabad,Yes,Fit
1426268,2024,AT Rayudu,Sunrisers Hyderabad,Yes,Fit
1426268,2024,MA Agarwal,Royal Challengers Bangalore,Yes,Fit
1426268,2024,Ravi Bishnoi,Sunrisers Hyderabad,Yes,Fit
1426268,2024,R Bhatia,Royal Challengers Bangalore,Yes,Fit
1426268,2024,IK Pathan,Royal Challengers Bangalore,No,Fever
1426268,2024,SR Tendulkar,Sunrisers Hyderabad,Yes,Fit
1426268,2024,DA Miller,Royal Challengers Bangalore,Yes,Fit
1426268,2024,SN Thakur,Royal Challengers Bangalore,Yes,Fit
1426268,2024,AC Gilchrist,Royal Challengers Bangalore,Yes,Fit
1426268,2024,AR Patel,Sunrisers Hyderabad,Yes,Fit
1426268,2024,JJ Bumrah,Sunrisers Hyderabad,Yes,Fit
1426268,2024,S Dube,Sunrisers Hyderabad,Yes,Fit
1426268,2024,JA Morkel,Royal Challengers Bangalore,Yes,Fit
1426269,2024,Arshdeep Singh,Kolkata Knight Riders,Yes,Fit
1426269,2024,YS Chahal,Kolkata Knight Riders,Yes,Fit
1426269,2024,Harbhajan Singh,Kolkata Knight Riders,Yes,Fit
1426269,2024,BA Stokes,Kolkata Knight Riders,Yes,Fit
1426269,2024,YK Pathan,Kolkata Knight Riders,Yes,Fit
1426269,2024,Rashid Khan,Kolkata Knight Riders,Yes,Fit
1426269,2024,SV Samson,Kolkata Knight Riders,Yes,Fit
1426269,2024,SO Hetmyer,Rajasthan Royals,Yes,Fit
1426269,2024,SPD Smith,Kolkata Knight Riders,Yes,Fit
1426269,2024,AD Russell,Kolkata Knight Riders,Yes,Fit
1426269,2024,M Morkel,Kolkata Knight Riders,Yes,Fit
1426269,2024,D Padikkal,Kolkata Knight Riders,Yes,Fit
1426269,2024,Avesh Khan,Rajasthan Royals,Yes,Fit
1426269,2024,H Klaasen,Kolkata Knight Riders,Yes,Fit
1426269,2024,JA Morkel,Rajasthan Royals,Yes,Fit
1426269,2024,Washington Sundar,Rajasthan Royals,Yes,Fit
1426269,2024,MS Dhoni,Rajasthan Royals,Yes,Fit
1426269,2024,YBK Jaiswal,Rajasthan Royals,Yes,Fit
1426269,2024,AB Dinda,Rajasthan Royals,Yes,Fit
1426269,2024,RA Jadeja,Kolkata Knight Riders,Yes,Fit
1426270,2024,YS Chahal,Gujarat Titans,Yes,Fit
1426270,2024,SL Malinga,Gujarat Titans,Yes,Fit
1426270,2024,SM Curran,Delhi Capitals,Yes,Fit
1426270,2024,JD Unadkat,Delhi Capitals,Yes,Fit
1426270,2024,Ravi Bishnoi,Gujarat Titans,Yes,Fit
1426270,2024,Arshdeep Singh,Gujarat Titans,Yes,Fit
1426270,2024,I Sharma,Gujarat Titans,Yes,Fit
1426270,2024,DA Warner,Delhi Capitals,Yes,Fit
1426270,2024,Prabhsimran Singh,Gujarat Titans,Yes,Fit
1426270,2024,SK Raina,Gujarat Titans,Yes,Fit
1426270,2024,Mandeep Singh,Gujarat Titans,Yes,Fit
1426270,2024,V Sehwag,Delhi Capitals,Yes,Fit
1426270,2024,KC Sangakkara,Delhi Capitals,Yes,Fit
1426270,2024,DL Chahar,Delhi Capitals,Yes,Fit
1426270,2024,Yuvraj Singh,Gujarat Titans,Yes,Fit
1426270,2024,DA Miller,Delhi Capitals,Yes,Fit
1426270,2024,R Vinay Kumar,Delhi Capitals,Yes,Fit
1426270,2024,Shubman Gill,Delhi Capitals,Yes,Fit
1426270,2024,RA Tripathi,Gujarat Titans,Yes,Fit
1426270,2024,KA Pollard,Gujarat Titans,Yes,Fit
1426271,2024,Washington Sundar,Punjab Kings,Yes,Fit
1426271,2024,JP Duminy,Mumbai Indians,Yes,Fit
1426271,2024,MM Ali,Mumbai Indians,Yes,Fit
1426271,2024,KV Sharma,Mumbai Indians,Yes,Fit
1426271,2024,Ravi Bishnoi,Mumbai Indians,Yes,Fit
1426271,2024,DS Kulkarni,Punjab Kings,No,Shoulder injury
1426271,2024,MS Dhoni,Mumbai Indians,Yes,Fit
1426271,2024,SS Iyer,Mumbai Indians,Yes,Fit
1426271,2024,SPD Smith,Punjab Kings,Yes,Fit
1426271,2024,SA Yadav,Punjab Kings,Yes,Fit
1426271,2024,MK Pandey,Mumbai Indians,Yes,Fit
1426271,2024,RA Tripathi,Punjab Kings,Yes,Fit
1426271,2024,RP Singh,Mumbai Indians,Yes,Fit
1426271,2024,MA Starc,Mumbai Indians,Yes,Fit
1426271,2024,SK Raina,Punjab Kings,Yes,Fit
1426271,2024,GJ Maxwell,Mumbai Indians,Yes,Fit
1426271,2024,CV Varun,Mumbai Indians,Yes,Fit
1426271,2024,I Sharma,Punjab Kings,Yes,Fit
1426271,2024,MJ McClenaghan,Mumbai Indians,Yes,Fit
1426271,2024,YS Chahal,Mumbai Indians,Yes,Fit
1426272,2024,SC Ganguly,Lucknow Super Giants,Yes,Fit
1426272,2024,Kuldeep Yadav,Lucknow Super Giants,Yes,Fit
1426272,2024,V Sehwag,Lucknow Super Giants,Yes,Fit
1426272,2024,BA Stokes,Chennai Super Kings,Yes,Fit
1426272,2024,PP Ojha,Chennai Super Kings,Yes,Fit
1426272,2024,N Rana,Lucknow Super Giants,Yes,Fit
1426272,2024,Ishan Kishan,Chennai Super Kings,Yes,Fit
1426272,2024,Harbhajan Singh,Lucknow Super Giants,Yes,Fit
1426272,2024,SL Malinga,Chennai Super Kings,Yes,Fit
1426272,2024,KA Pollard,Lucknow Super Giants,Yes,Fit
1426272,2024,AK Markram,Chennai Super Kings,Yes,Fit
1426272,2024,AD Russell,Chennai Super Kings,Yes,Fit
1426272,2024,MR Marsh,Lucknow Super Giants,Yes,Fit
1426272,2024,AM Rahane,Chennai Super Kings,Yes,Fit
1426272,2024,BJ Hodge,Lucknow Super Giants,Yes,Fit
1426272,2024,P Kumar,Lucknow Super Giants,Yes,Fit
1426272,2024,DJ Hooda,Chennai Super Kings,Yes,Fit
1426272,2024,Prabhsimran Singh,Lucknow Super Giants,No,Quad strain
1426272,2024,S Dhawan,Lucknow Super Giants,Yes,Fit
1426272,2024,JP Duminy,Lucknow Super Giants,Yes,Fit
1426273,2024,JM Bairstow,Delhi Capitals,Yes,Fit
1426273,2024,P Kumar,Delhi Capitals,Yes,Fit
1426273,2024,AC Gilchrist,Sunrisers Hyderabad,Yes,Fit
1426273,2024,KK Ahmed,Delhi Capitals,Yes,Fit
1426273,2024,JC Archer,Delhi Capitals,Yes,Fit
1426273,2024,A Mishra,Delhi Capitals,Yes,Fit
1426273,2024,A Nehra,Sunrisers Hyderabad,Yes,Fit
1426273,2024,RD Gaikwad,Delhi Capitals,Yes,Fit
1426273,2024,RR Pant,Sunrisers Hyderabad,Yes,Fit
1426273,2024,M Prasidh Krishna,Sunrisers Hyderabad,Yes,Fit
1426273,2024,M Morkel,Sunrisers Hyderabad,Yes,Fit
1426273,2024,Shubman Gill,Delhi Capitals,Yes,Fit
1426273,2024,V Shankar,Sunrisers Hyderabad,Yes,Fit
1426273,2024,SM Curran,Sunrisers Hyderabad,Yes,Fit
1426273,2024,F du Plessis,Sunrisers Hyderabad,Yes,Fit
1426273,2024,R Tewatia,Sunrisers Hyderabad,Yes,Fit
1426273,2024,MJ McClenaghan,Sunrisers Hyderabad,Yes,Fit
1426273,2024,CH Gayle,Sunrisers Hyderabad,Yes,Fit
1426273,2024,DA Warner,Sunrisers Hyderabad,Yes,Fit
1426273,2024,KD Karthik,Delhi Capitals,Yes,Fit
1426274,2024,YK Pathan,Kolkata Knight Riders,Yes,Fit
1426274,2024,Rashid Khan,Royal Challengers Bangalore,Yes,Fit
1426274,2024,M Vijay,Kolkata Knight Riders,Yes,Fit
1426274,2024,JC Archer,Kolkata Knight Riders,Yes,Fit
1426274,2024,DJ Hooda,Kolkata Knight Riders,Yes,Fit
1426274,2024,HH Pandya,Kolkata Knight Riders,Yes,Fit
1426274,2024,K Rabada,Royal Challengers Bangalore,Yes,Fit
1426274,2024,H Klaasen,Royal Challengers Bangalore,Yes,Fit
1426274,2024,DR Smith,Kolkata Knight Riders,Yes,Fit
1426274,2024,V Shankar,Kolkata Knight Riders,Yes,Fit
1426274,2024,DJ Hussey,Royal Challengers Bangalore,Yes,Fit
1426274,2024,Ravi Bishnoi,Kolkata Knight Riders,Yes,Fit
1426274,2024,KH Pandya,Royal Challengers Bangalore,Yes,Fit
1426274,2024,DJ Bravo,Royal Challengers Bangalore,Yes,Fit
1426274,2024,MS Dhoni,Royal Challengers Bangalore,Yes,Fit
1426274,2024,A Mishra,Kolkata Knight Riders,Yes,Fit
1426274,2024,SR Tendulkar,Kolkata Knight Riders,Yes,Fit
1426274,2024,IK Pathan,Kolkata Knight Riders,Yes,Fit
1426274,2024,SN Thakur,Kolkata Knight Riders,Yes,Fit
1426274,2024,RG Sharma,Kolkata Knight Riders,Yes,Fit
1426275,2024,JP Faulkner,Gujarat Titans,Yes,Fit
1426275,2024,L Balaji,Gujarat Titans,Yes,Fit
1426275,2024,KD Karthik,Gujarat Titans,Yes,Fit
1426275,2024,CH Morris,Punjab Kings,Yes,Fit
1426275,2024,HV Patel,Gujarat Titans,Yes,Fit
1426275,2024,PP Ojha,Gujarat Titans,Yes,Fit
1426275,2024,DL Chahar,Gujarat Titans,Yes,Fit
1426275,2024,JA Morkel,Gujarat Titans,Yes,Fit
1426275,2024,Q de Kock,Punjab Kings,Yes,Fit
1426275,2024,Ravi Bishnoi,Punjab Kings,Yes,Fit
1426275,2024,SM Curran,Gujarat Titans,Yes,Fit
1426275,2024,Washington Sundar,Punjab Kings,Yes,Fit
1426275,2024,UT Yadav,Gujarat Titans,Yes,Fit
1426275,2024,SC Ganguly,Gujarat Titans,Yes,Fit
1426275,2024,JM Bairstow,Gujarat Titans,Yes,Fit
1426275,2024,Abhishek Sharma,Punjab Kings,Yes,Fit
1426275,2024,CV Varun,Punjab Kings,Yes,Fit
1426275,2024,IK Pathan,Gujarat Titans,Yes,Fit
1426275,2024,A Nehra,Gujarat Titans,Yes,Fit
1426275,2024,AJ Finch,Punjab Kings,Yes,Fit
1426276,2024,RV Uthappa,Mumbai Indians,Yes,Fit
1426276,2024,R Bhatia,Rajasthan Royals,Yes,Fit
1426276,2024,JH Kallis,Mumbai Indians,Yes,Fit
1426276,2024,N Pooran,Rajasthan Royals,Yes,Fit
1426276,2024,M Morkel,Rajasthan Royals,Yes,Fit
1426276,2024,KV Sharma,Mumbai Indians,Yes,Fit
1426276,2024,RP Singh,Mumbai Indians,Yes,Fit
1426276,2024,Imran Tahir,Rajasthan Royals,Yes,Fit
1426276,2024,RG Sharma,Mumbai Indians,Yes,Fit
1426276,2024,KC Sangakkara,Rajasthan Royals,Yes,Fit
1426276,2024,AK Markram,Rajasthan Royals,Yes,Fit
1426276,2024,KL Rahul,Rajasthan Royals,Yes,Fit
1426276,2024,Ishan Kishan,Rajasthan Royals,Yes,Fit
1426276,2024,SV Samson,Mumbai Indians,Yes,Fit
1426276,2024,CH Morris,Rajasthan Royals,Yes,Fit
1426276,2024,RD Gaikwad,Mumbai Indians,Yes,Fit
1426276,2024,Shakib Al Hasan,Rajasthan Royals,Yes,Fit
1426276,2024,SM Curran,Mumbai Indians,Yes,Fit
1426276,2024,MS Dhoni,Mumbai Indians,Yes,Fit
1426276,2024,R Ashwin,Mumbai Indians,No,Personal reasons
1426277,2024,KD Karthik,Lucknow Super Giants,Yes,Fit
1426277,2024,MM Ali,Chennai Super Kings,Yes,Fit
1426277,2024,BJ Hodge,Chennai Super Kings,No,Fever
1426277,2024,RG Sharma,Lucknow Super Giants,Yes,Fit
1426277,2024,JP Duminy,Lucknow Super Giants,Yes,Fit
1426277,2024,AM Rahane,Lucknow Super Giants,Yes,Fit
1426277,2024,CH Morris,Lucknow Super Giants,Yes,Fit
1426277,2024,MA Starc,Lucknow Super Giants,Yes,Fit
1426277,2024,Harbhajan Singh,Chennai Super Kings,Yes,Fit
1426277,2024,SL Malinga,Chennai Super Kings,Yes,Fit
1426277,2024,M Vijay,Lucknow Super Giants,Yes,Fit
1426277,2024,R Parag,Lucknow Super Giants,Yes,Fit
1426277,2024,DPMD Jayawardene,Lucknow Super Giants,Yes,Fit
1426277,2024,SK Raina,Chennai Super Kings,Yes,Fit
1426277,2024,Avesh Khan,Lucknow Super Giants,Yes,Fit
1426277,2024,DJ Bravo,Chennai Super Kings,Yes,Fit
1426277,2024,MEK Hussey,Lucknow Super Giants,Yes,Fit
1426277,2024,GJ Maxwell,Chennai Super Kings,Yes,Fit
1426277,2024,M Prasidh Krishna,Lucknow Super Giants,Yes,Fit
1426277,2024,MM Patel,Chennai Super Kings,Yes,Fit
1426278,2024,PP Shaw,Delhi Capitals,Yes,Fit
1426278,2024,Ishan Kishan,Gujarat Titans,No,Fever
1426278,2024,A Nehra,Gujarat Titans,Yes,Fit
1426278,2024,Shakib Al Hasan,Delhi Capitals,Yes,Fit
1426278,2024,Prabhsimran Singh,Gujarat Titans,Yes,Fit
1426278,2024,AD Russell,Delhi Capitals,Yes,Fit
1426278,2024,SC Ganguly,Gujarat Titans,Yes,Fit
1426278,2024,KA Pollard,Delhi Capitals,Yes,Fit
1426278,2024,H Klaasen,Delhi Capitals,Yes,Fit
1426278,2024,L Balaji,Gujarat Titans,Yes,Fit
1426278,2024,M Morkel,Delhi Capitals,Yes,Fit
1426278,2024,Imran Tahir,Gujarat Titans,Yes,Fit
1426278,2024,JH Kallis,Gujarat Titans,Yes,Fit
1426278,2024,S Badrinath,Gujarat Titans,Yes,Fit
1426278,2024,MJ McClenaghan,Gujarat Titans,Yes,Fit
1426278,2024,Mandeep Singh,Delhi Capitals,Yes,Fit
1426278,2024,V Sehwag,Delhi Capitals,Yes,Fit
1426278,2024,R Tewatia,Gujarat Titans,No,Back spasm
1426278,2024,SP Narine,Gujarat Titans,Yes,Fit
1426278,2024,CV Varun,Delhi Capitals,Yes,Fit
1426279,2024,DA Miller,Sunrisers Hyderabad,Yes,Fit
1426279,2024,SR Tendulkar,Sunrisers Hyderabad,Yes,Fit
1426279,2024,SE Marsh,Sunrisers Hyderabad,Yes,Fit
1426279,2024,Shubman Gill,Royal Challengers Bangalore,Yes,Fit
1426279,2024,T Natarajan,Sunrisers Hyderabad,Yes,Fit
1426279,2024,RR Pant,Royal Challengers Bangalore,Yes,Fit
1426279,2024,IK Pathan,Royal Challengers Bangalore,Yes,Fit
1426279,2024,MJ McClenaghan,Sunrisers Hyderabad,Yes,Fit
1426279,2024,Q de Kock,Royal Challengers Bangalore,Yes,Fit
1426279,2024,JH Kallis,Royal Challengers Bangalore,Yes,Fit
1426279,2024,N Pooran,Royal Challengers Bangalore,Yes,Fit
1426279,2024,KK Nair,Sunrisers Hyderabad,Yes,Fit
1426279,2024,AR Patel,Royal Challengers Bangalore,Yes,Fit
1426279,2024,MR Marsh,Royal Challengers Bangalore,Yes,Fit
1426279,2024,A Nehra,Royal Challengers Bangalore,Yes,Fit
1426279,2024,YK Pathan,Sunrisers Hyderabad,Yes,Fit
1426279,2024,R Dravid,Sunrisers Hyderabad,No,Shoulder injury
1426279,2024,PP Chawla,Royal Challengers Bangalore,Yes,Fit
1426279,2024,KS Williamson,Royal Challengers Bangalore,Yes,Fit
1426279,2024,SC Ganguly,Sunrisers Hyderabad,Yes,Fit
1426280,2024,SR Tendulkar,Punjab Kings,Yes,Fit
1426280,2024,MM Sharma,Kolkata Knight Riders,Yes,Fit
1426280,2024,WP Saha,Kolkata Knight Riders,No,Suspension
1426280,2024,JM Bairstow,Punjab Kings,Yes,Fit
1426280,2024,TA Boult,Kolkata Knight Riders,Yes,Fit
1426280,2024,SR Watson,Punjab Kings,Yes,Fit
1426280,2024,AM Rahane,Kolkata Knight Riders,Yes,Fit
1426280,2024,MS Dhoni,Punjab Kings,Yes,Fit
1426280,2024,PP Shaw,Punjab Kings,Yes,Fit
1426280,2024,Q de Kock,Kolkata Knight Riders,Yes,Fit
1426280,2024,AR Patel,Punjab Kings,Yes,Fit
1426280,2024,V Sehwag,Kolkata Knight Riders,Yes,Fit
1426280,2024,RD Gaikwad,Kolkata Knight Riders,Yes,Fit
1426280,2024,HH Pandya,Kolkata Knight Riders,Yes,Fit
1426280,2024,RA Jadeja,Kolkata Knight Riders,Yes,Fit
1426280,2024,SE Marsh,Punjab Kings,Yes,Fit
1426280,2024,AB de Villiers,Punjab Kings,Yes,Fit
1426280,2024,D Padikkal,Punjab Kings,Yes,Fit
1426280,2024,BB McCullum,Punjab Kings,Yes,Fit
1426280,2024,JC Buttler,Kolkata Knight Riders,Yes,Fit
1426281,2024,R Parag,Mumbai Indians,Yes,Fit
1426281,2024,V Sehwag,Delhi Capitals,Yes,Fit
1426281,2024,GJ Maxwell,Mumbai Indians,Yes,Fit
1426281,2024,DPMD Jayawardene,Delhi Capitals,Yes,Fit
1426281,2024,DA Miller,Mumbai Indians,Yes,Fit
1426281,2024,MM Sharma,Mumbai Indians,Yes,Fit
1426281,2024,Imran Tahir,Delhi Capitals,Yes,Fit
1426281,2024,DS Kulkarni,Mumbai Indians,Yes,Fit
1426281,2024,WP Saha,Mumbai Indians,Yes,Fit
1426281,2024,JP Duminy,Delhi Capitals,Yes,Fit
1426281,2024,A Nehra,Mumbai Indians,Yes,Fit
1426281,2024,MA Starc,Mumbai Indians,Yes,Fit
1426281,2024,D Padikkal,Delhi Capitals,Yes,Fit
1426281,2024,R Tewatia,Delhi Capitals,Yes,Fit
1426281,2024,KV Sharma,Mumbai Indians,Yes,Fit
1426281,2024,MP Stoinis,Delhi Capitals,Yes,Fit
1426281,2024,P Kumar,Mumbai Indians,Yes,Fit
1426281,2024,MK Pandey,Delhi Capitals,Yes,Fit
1426281,2024,SL Malinga,Mumbai Indians,Yes,Fit
1426281,2024,DJ Hooda,Mumbai Indians,Yes,Fit
1426282,2024,KL Rahul,Lucknow Super Giants,Yes,Fit
1426282,2024,Prabhsimran Singh,Lucknow Super Giants,Yes,Fit
1426282,2024,DJ Hooda,Rajasthan Royals,Yes,Fit
1426282,2024,JC Buttler,Rajasthan Royals,Yes,Fit
1426282,2024,DR Smith,Rajasthan Royals,No,Back spasm
1426282,2024,YS Chahal,Lucknow Super Giants,Yes,Fit
1426282,2024,KK Nair,Lucknow Super Giants,Yes,Fit
1426282,2024,KH Pandya,Lucknow Super Giants,Yes,Fit
1426282,2024,NV Ojha,Rajasthan Royals,Yes,Fit
1426282,2024,DW Steyn,Rajasthan Royals,Yes,Fit
1426282,2024,SC Ganguly,Lucknow Super Giants,Yes,Fit
1426282,2024,AB de Villiers,Rajasthan Royals,Yes,Fit
1426282,2024,JH Kallis,Lucknow Super Giants,Yes,Fit
1426282,2024,V Kohli,Rajasthan Royals,Yes,Fit
1426282,2024,NT Tilak Varma,Lucknow Super Giants,Yes,Fit
1426282,2024,RR Pant,Lucknow Super Giants,Yes,Fit
1426282,2024,AM Rahane,Lucknow Super Giants,Yes,Fit
1426282,2024,Avesh Khan,Lucknow Super Giants,Yes,Fit
1426282,2024,YBK Jaiswal,Lucknow Super Giants,Yes,Fit
1426282,2024,D Padikkal,Lucknow Super Giants,Yes,Fit
1426283,2024,MG Johnson,Royal Challengers Bangalore,Yes,Fit
1426283,2024,MJ McClenaghan,Royal Challengers Bangalore,Yes,Fit
1426283,2024,NV Ojha,Royal Challengers Bangalore,No,Knee injury
1426283,2024,EJG Morgan,Gujarat Titans,Yes,Fit
1426283,2024,P Kumar,Royal Challengers Bangalore,Yes,Fit
1426283,2024,V Sehwag,Gujarat Titans,Yes,Fit
1426283,2024,Imran Tahir,Royal Challengers Bangalore,Yes,Fit
1426283,2024,DJ Hooda,Royal Challengers Bangalore,Yes,Fit
1426283,2024,PJ Cummins,Royal Challengers Bangalore,Yes,Fit
1426283,2024,MK Tiwary,Royal Challengers Bangalore,Yes,Fit
1426283,2024,D Padikkal,Gujarat Titans,Yes,Fit
1426283,2024,MP Stoinis,Gujarat Titans,Yes,Fit
1426283,2024,SR Watson,Royal Challengers Bangalore,Yes,Fit
1426283,2024,Mohammed Siraj,Gujarat Titans,Yes,Fit
1426283,2024,KS Williamson,Gujarat Titans,Yes,Fit
1426283,2024,KA Pollard,Gujarat Titans,Yes,Fit
1426283,2024,KL Rahul,Royal Challengers Bangalore,Yes,Fit
1426283,2024,Shakib Al Hasan,Royal Challengers Bangalore,Yes,Fit
1426283,2024,BA Stokes,Gujarat Titans,Yes,Fit
1426283,2024,BB McCullum,Royal Challengers Bangalore,Yes,Fit
1426284,2024,PA Patel,Sunrisers Hyderabad,Yes,Fit
1426284,2024,RG Sharma,Sunrisers Hyderabad,Yes,Fit
1426284,2024,MK Tiwary,Chennai Super Kings,Yes,Fit
1426284,2024,BJ Hodge,Chennai Super Kings,Yes,Fit
1426284,2024,M Morkel,Chennai Super Kings,Yes,Fit
1426284,2024,V Shankar,Chennai Super Kings,Yes,Fit
1426284,2024,JC Buttler,Chennai Super Kings,Yes,Fit
1426284,2024,AM Rahane,Chennai Super Kings,Yes,Fit
1426284,2024,MJ McClenaghan,Chennai Super Kings,Yes,Fit
1426284,2024,S Badrinath,Sunrisers Hyderabad,Yes,Fit
1426284,2024,AT Rayudu,Chennai Super Kings,Yes,Fit
1426284,2024,K Rabada,Chennai Super Kings,Yes,Fit
1426284,2024,CH Gayle,Sunrisers Hyderabad,Yes,Fit
1426284,2024,Arshdeep Singh,Sunrisers Hyderabad,Yes,Fit
1426284,2024,R Bhatia,Chennai Super Kings,Yes,Fit
1426284,2024,AJ Finch,Sunrisers Hyderabad,Yes,Fit
1426284,2024,SPD Smith,Chennai Super Kings,Yes,Fit
1426284,2024,HH Pandya,Sunrisers Hyderabad,Yes,Fit
1426284,2024,SK Raina,Sunrisers Hyderabad,Yes,Fit
1426284,2024,S Dhawan,Sunrisers Hyderabad,Yes,Fit
1426285,2024,TA Boult,Kolkata Knight Riders,Yes,Fit
1426285,2024,P Kumar,Kolkata Knight Riders,No,Quad strain
1426285,2024,MK Tiwary,Kolkata Knight Riders,Yes,Fit
1426285,2024,AT Rayudu,Kolkata Knight Riders,Yes,Fit
1426285,2024,BA Stokes,Delhi Capitals,Yes,Fit
1426285,2024,DJ Hussey,Delhi Capitals,Yes,Fit
1426285,2024,DA Miller,Delhi Capitals,Yes,Fit
1426285,2024,JC Archer,Kolkata Knight Riders,Yes,Fit
1426285,2024,KV Sharma,Delhi Capitals,Yes,Fit
1426285,2024,WP Saha,Delhi Capitals,Yes,Fit
1426285,2024,MA Agarwal,Delhi Capitals,Yes,Fit
1426285,2024,A Mishra,Delhi Capitals,Yes,Fit
1426285,2024,B Kumar,Kolkata Knight Riders,Yes,Fit
1426285,2024,MR Marsh,Kolkata Knight Riders,No,Shoulder injury
1426285,2024,Shubman Gill,Kolkata Knight Riders,Yes,Fit
1426285,2024,RR Pant,Delhi Capitals,Yes,Fit
1426285,2024,HH Pandya,Kolkata Knight Riders,Yes,Fit
1426285,2024,Z Khan,Kolkata Knight Riders,Yes,Fit
1426285,2024,JP Duminy,Kolkata Knight Riders,Yes,Fit
1426285,2024,SO Hetmyer,Kolkata Knight Riders,Yes,Fit
1426286,2024,YS Chahal,Mumbai Indians,Yes,Fit
1426286,2024,R Vinay Kumar,Mumbai Indians,Yes,Fit
1426286,2024,DW Steyn,Lucknow Super Giants,Yes,Fit
1426286,2024,Mandeep Singh,Lucknow Super Giants,Yes,Fit
1426286,2024,Mohammed Siraj,Lucknow Super Giants,Yes,Fit
1426286,2024,Imran Tahir,Mumbai Indians,Yes,Fit
1426286,2024,IK Pathan,Mumbai Indians,Yes,Fit
1426286,2024,V Shankar,Lucknow Super Giants,Yes,Fit
1426286,2024,SO Hetmyer,Lucknow Super Giants,Yes,Fit
1426286,2024,R Dravid,Mumbai Indians,Yes,Fit
1426286,2024,RD Chahar,Mumbai Indians,Yes,Fit
1426286,2024,MEK Hussey,Lucknow Super Giants,Yes,Fit
1426286,2024,F du Plessis,Lucknow Super Giants,Yes,Fit
1426286,2024,V Sehwag,Mumbai Indians,Yes,Fit
1426286,2024,Kuldeep Yadav,Mumbai Indians,Yes,Fit
1426286,2024,JP Duminy,Lucknow Super Giants,Yes,Fit
1426286,2024,DJ Hooda,Mumbai Indians,Yes,Fit
1426286,2024,MA Starc,Lucknow Super Giants,No,Covid protocol
1426286,2024,Prabhsimran Singh,Lucknow Super Giants,No,Quad strain
1426286,2024,MK Tiwary,Mumbai Indians,Yes,Fit
1426287,2024,MA Starc,Punjab Kings,Yes,Fit
1426287,2024,R Bhatia,Punjab Kings,Yes,Fit
1426287,2024,RA Tripathi,Punjab Kings,Yes,Fit
1426287,2024,Shubman Gill,Chennai Super Kings,Yes,Fit
1426287,2024,CH Morris,Punjab Kings,Yes,Fit
1426287,2024,H Klaasen,Chennai Super Kings,Yes,Fit
1426287,2024,A Nehra,Chennai Super Kings,Yes,Fit
1426287,2024,SP Narine,Punjab Kings,Yes,Fit
1426287,2024,SA Yadav,Punjab Kings,Yes,Fit
1426287,2024,HH Pandya,Punjab Kings,Yes,Fit
1426287,2024,P Kumar,Chennai Super Kings,Yes,Fit
1426287,2024,S Dube,Punjab Kings,No,Calf injury
1426287,2024,JA Morkel,Chennai Super Kings,Yes,Fit
1426287,2024,KA Pollard,Punjab Kings,Yes,Fit
1426287,2024,S Badrinath,Chennai Super Kings,Yes,Fit
1426287,2024,Arshdeep Singh,Punjab Kings,Yes,Fit
1426287,2024,AK Markram,Punjab Kings,Yes,Fit
1426287,2024,BJ Hodge,Chennai Super Kings,Yes,Fit
1426287,2024,R Dravid,Punjab Kings,No,Knee injury
1426287,2024,YS Chahal,Chennai Super Kings,Yes,Fit
1426288,2024,V Sehwag,Rajasthan Royals,Yes,Fit
1426288,2024,DA Miller,Rajasthan Royals,No,Back spasm
1426288,2024,JP Duminy,Rajasthan Royals,Yes,Fit
1426288,2024,YS Chahal,Rajasthan Royals,Yes,Fit
1426288,2024,S Dube,Rajasthan Royals,Yes,Fit
1426288,2024,IK Pathan,Rajasthan Royals,Yes,Fit
1426288,2024,R Vinay Kumar,Rajasthan Royals,Yes,Fit
1426288,2024,CH Gayle,Rajasthan Royals,Yes,Fit
1426288,2024,AR Patel,Sunrisers Hyderabad,Yes,Fit
1426288,2024,KK Nair,Rajasthan Royals,Yes,Fit
1426288,2024,JD Unadkat,Rajasthan Royals,Yes,Fit
1426288,2024,B Kumar,Rajasthan Royals,No,Personal reasons
1426288,2024,WP Saha,Sunrisers Hyderabad,Yes,Fit
1426288,2024,R Tewatia,Sunrisers Hyderabad,Yes,Fit
1426288,2024,RD Gaikwad,Rajasthan Royals,Yes,Fit
1426288,2024,F du Plessis,Sunrisers Hyderabad,Yes,Fit
1426288,2024,MK Pandey,Rajasthan Royals,Yes,Fit
1426288,2024,Abhishek Sharma,Rajasthan Royals,Yes,Fit
1426288,2024,YK Pathan,Sunrisers Hyderabad,Yes,Fit
1426288,2024,NT Tilak Varma,Sunrisers Hyderabad,No,Hamstring strain
1426289,2024,HV Patel,Mumbai Indians,Yes,Fit
1426289,2024,DA Warner,Mumbai Indians,Yes,Fit
1426289,2024,UT Yadav,Mumbai Indians,Yes,Fit
1426289,2024,L Balaji,Mumbai Indians,Yes,Fit
1426289,2024,Yuvraj Singh,Mumbai Indians,Yes,Fit
1426289,2024,MG Johnson,Mumbai Indians,Yes,Fit
1426289,2024,KK Ahmed,Mumbai Indians,Yes,Fit
1426289,2024,MP Stoinis,Kolkata Knight Riders,Yes,Fit
1426289,2024,Arshdeep Singh,Kolkata Knight Riders,Yes,Fit
1426289,2024,SM Curran,Kolkata Knight Riders,Yes,Fit
1426289,2024,MM Sharma,Mumbai Indians,Yes,Fit
1426289,2024,P Kumar,Kolkata Knight Riders,Yes,Fit
1426289,2024,VR Iyer,Mumbai Indians,Yes,Fit
1426289,2024,M Morkel,Mumbai Indians,Yes,Fit
1426289,2024,S Badrinath,Kolkata Knight Riders,Yes,Fit
1426289,2024,NT Tilak Varma,Kolkata Knight Riders,Yes,Fit
1426289,2024,RD Chahar,Mumbai Indians,Yes,Fit
1426289,2024,RA Jadeja,Kolkata Knight Riders,Yes,Fit
1426289,2024,A Mishra,Kolkata Knight Riders,Yes,Fit
1426289,2024,SS Iyer,Kolkata Knight Riders,Yes,Fit
1426290,2024,JC Archer,Royal Challengers Bangalore,Yes,Fit
1426290,2024,MK Pandey,Royal Challengers Bangalore,Yes,Fit
1426290,2024,SV Samson,Gujarat Titans,Yes,Fit
1426290,2024,R Parag,Gujarat Titans,Yes,Fit
1426290,2024,PP Ojha,Gujarat Titans,Yes,Fit
1426290,2024,KH Pandya,Royal Challengers Bangalore,Yes,Fit
1426290,2024,Rashid Khan,Royal Challengers Bangalore,Yes,Fit
1426290,2024,SE Marsh,Royal Challengers Bangalore,Yes,Fit
1426290,2024,KA Pollard,Gujarat Titans,Yes,Fit
1426290,2024,I Sharma,Gujarat Titans,Yes,Fit
1426290,2024,Arshdeep Singh,Royal Challengers Bangalore,Yes,Fit
1426290,2024,Avesh Khan,Gujarat Titans,Yes,Fit
1426290,2024,JM Bairstow,Royal Challengers Bangalore,Yes,Fit
1426290,2024,Sandeep Sharma,Gujarat Titans,Yes,Fit
1426290,2024,NV Ojha,Royal Challengers Bangalore,Yes,Fit
1426290,2024,Prabhsimran Singh,Gujarat Titans,Yes,Fit
1426290,2024,RA Jadeja,Gujarat Titans,Yes,Fit
1426290,2024,A Nehra,Gujarat Titans,Yes,Fit
1426290,2024,S Dhawan,Royal Challengers Bangalore,Yes,Fit
1426290,2024,SL Malinga,Gujarat Titans,Yes,Fit
