PlayerName,Teams,Span,Matches,Innings,NotOuts,Runs,HighestScore,BattingAverage,BallsFaced,StrikeRate,Hundreds,Fifties,Ducks,Fours,Sixes,BowlInnings,Overs,Maidens,RunsConceded,Wickets,BestBowlingInnings,BowlingAverage,Economy,BowlingStrikeRate,FourWickets,FiveWickets,HighestScoreNotOut,HighestScoreRuns,player_name,bat_style,bowl_style,field_pos,player_full_name,bat_avg_pctile,bat_sr_pctile,bat_vol_pctile,batting_impact_score,bowl_econ_pctile,bowl_avg_pctile,bowl_wkt_pctile,bowling_impact_score,allrounder_index
A Ashish Reddy,"Deccan Chargers, Sunrisers Hyderabad",2012-2016,31,23.0,8.0,280.0,36*,18.66,193.0,145.07,0.0,0.0,0.0,17.0,14.0,20.0,43.4,0.0,396.0,18.0,3/25,22.0,9.06,14.5,0.0,0.0,True,36.0,A Ashish Reddy,Right hand Bat,Right arm Medium, ,Ammana Ashish Reddy,0.37413644214162345,0.5648563618546599,0.030687351375835125,35.50261413497392,0.4964788732394366,0.9152339406380977,0.07623318385650224,51.69694400140876,35.50261413497392
A Badoni,Lucknow Super Giants,2022-2026,60,50.0,10.0,1038.0,74,25.95,752.0,138.03,0.0,7.0,3.0,82.0,40.0,7.0,5.5,0.0,49.0,4.0,2/4,12.25,8.4,8.7,0.0,0.0,False,74.0,A Badoni,Right hand Bat,Right arm Offbreak, ,Ayush Badoni,0.5315198618307426,0.5285471143431844,0.11652134526101235,42.67297710676646,,,,,
A Chandila,Rajasthan Royals,2012-2013,12,2.0,2.0,4.0,4*,,7.0,57.14,0.0,0.0,0.0,0.0,0.0,12.0,39.0,0.0,242.0,11.0,4/13,22.0,6.2,21.2,1.0,0.0,True,4.0,A Chandila,Right hand Bat,Right arm Offbreak, ,Ajit  Chandila,,,,,1.0,0.9152339406380977,0.04484304932735426,68.37847940215404,
A Chopra,Kolkata Knight Riders,2008-2009,7,6.0,0.0,53.0,24,8.83,71.0,74.64,0.0,0.0,0.0,7.0,0.0,,,,,,-,,,,,,False,24.0,A Chopra,Right hand Bat,"Right arm Medium, Right arm Offbreak", ,Aakash Chopra,,,,,,,,,
A Choudhary,Royal Challengers Bangalore,2017-2017,5,3.0,2.0,25.0,15*,25.0,20.0,125.0,0.0,0.0,0.0,1.0,1.0,5.0,16.5,2.0,144.0,5.0,2/17,28.8,8.55,20.2,0.0,0.0,True,15.0,A Choudhary,Right hand Bat,Left arm Medium, ,Aniket Vinod Choudhary,,,,,,,,,
A Dananjaya,Mumbai Indians,2018-2018,1,1.0,1.0,4.0,4*,,5.0,80.0,0.0,0.0,0.0,0.0,0.0,1.0,4.0,0.0,47.0,0.0,-,,11.75,,0.0,0.0,True,4.0,A Dananjaya,Left hand Bat,"Right arm Offbreak, Legbreak", ,Mahamarakkala Kurukulasooriya Patabendige Akila Dananjaya Perera,,,,,,,,,
A Flintoff,Chennai Super Kings,2009-2009,3,3.0,1.0,62.0,24,31.0,53.0,116.98,0.0,0.0,0.0,5.0,2.0,3.0,11.0,0.0,105.0,2.0,1/11,52.5,9.54,33.0,0.0,0.0,False,24.0,A Flintoff,Right hand Bat,Right arm Fast medium, ,Andrew Flintoff,,,,,,,,,
A Kamboj,"Chennai Super Kings, Mumbai Indians",2024-2026,15,8.0,5.0,42.0,19*,14.0,36.0,116.66,0.0,0.0,1.0,4.0,1.0,15.0,46.1,0.0,443.0,18.0,3/13,24.61,9.59,15.3,0.0,0.0,True,19.0,A Kamboj,Right hand Bat,Right arm Medium,,Anshul Kamboj,,,,,0.4031690140845071,0.8929090753571123,0.07623318385650224,47.64972864615174,
A Kumble,Royal Challengers Bangalore,2008-2010,42,17.0,14.0,35.0,8,11.66,47.0,74.46,0.0,0.0,0.0,3.0,0.0,42.0,160.5,1.0,1058.0,45.0,5/5,23.51,6.57,21.4,2.0,1.0,False,8.0,A Kumble,Right hand Bat,Legbreak Googly, ,Anil Kumble,0.22301381692573402,0.20068079839084016,0.0029441739327369493,16.01798496902719,0.9348591549295775,0.9023180224104012,0.19730941704035873,70.22048371811,16.01798496902719
A Madhwal,"Mumbai Indians, Rajasthan Royals",2023-2025,17,2.0,2.0,8.0,4*,,14.0,57.14,0.0,0.0,0.0,0.0,0.0,17.0,58.4,0.0,590.0,23.0,5/5,25.65,10.05,15.3,1.0,1.0,True,4.0,,,,,,,,,,0.32218309859154926,0.8840133435976392,0.09865470852017937,45.17651673222697,
A Manohar,"Gujarat Titans, Sunrisers Hyderabad",2022-2025,27,20.0,1.0,292.0,43,15.36,235.0,124.25,0.0,0.0,2.0,23.0,14.0,,,,,,-,,,,,,False,43.0,A Manohar,Right hand Bat,Legbreak Googly, ,Abhinav Manohar,0.3028929188255613,0.45747588839032444,0.03204620088325218,28.928527868765112,,,,,
A Mhatre,Chennai Super Kings,2025-2026,11,11.0,0.0,373.0,94,33.9,210.0,177.61,0.0,3.0,2.0,40.0,20.0,,,,,,-,,,,,,False,94.0,A Mhatre,Right hand Bat,Right arm Offbreak,,Ayush Mhatre,0.7031519861830743,0.7326834803238951,0.04121843505831729,54.80046213511722,,,,,
A Mishra,"Deccan Chargers, Delhi Capitals, Delhi Daredevils, Lucknow Super Giants, Sunrisers Hyderabad",2008-2024,162,57.0,25.0,381.0,31,11.9,419.0,90.93,0.0,0.0,10.0,31.0,5.0,162.0,561.5,6.0,4145.0,174.0,5/17,23.82,7.37,19.3,4.0,1.0,False,31.0,A Mishra,Right hand Bat,Legbreak, ,Amit Mishra,0.2281951640759931,0.285625870338852,0.04212433472992866,20.177820393147762,0.7940140845070423,0.8996664100590197,0.7757847533632287,82.55235991070903,20.177820393147762
A Mithun,Royal Challengers Bangalore,2009-2013,16,8.0,3.0,34.0,11,6.8,26.0,130.76,0.0,0.0,1.0,4.0,1.0,16.0,48.0,0.0,472.0,7.0,2/37,67.42,9.83,41.1,0.0,0.0,False,11.0,A Mithun,Right hand Bat,Right arm Medium, ,Abhimanyu Mithun,,,,,0.3609154929577466,0.5267299632195706,0.026905829596412557,31.874765854098474,
A Mukund,"Chennai Super Kings, Royal Challengers Bangalore",2008-2013,3,2.0,0.0,19.0,19,9.5,22.0,86.36,0.0,0.0,1.0,1.0,0.0,,,,,,-,,,,,,False,19.0,A Mukund,Left hand Bat,Legbreak Googly, ,Abhinav Mukund,,,,,,,,,
A Nehra,"Chennai Super Kings, Delhi Daredevils, Mumbai Indians, Pune Warriors, Sunrisers Hyderabad",2008-2017,88,22.0,15.0,41.0,22*,5.85,62.0,66.12,0.0,0.0,5.0,3.0,1.0,88.0,318.0,2.0,2495.0,106.0,4/10,23.53,7.84,18.0,1.0,0.0,True,22.0,A Nehra,Right hand Bat,Left arm Medium fast, ,Ashish Nehra,0.09758203799654576,0.15766671824230238,0.003623598686445476,9.51220662550355,0.711267605633803,0.9021469506457959,0.47085201793721976,70.59507000790254,9.51220662550355
A Nel,Mumbai Indians,2008-2008,1,1.0,0.0,0.0,0,0.0,0.0,,0.0,0.0,1.0,0.0,0.0,1.0,3.0,0.0,31.0,1.0,1/31,31.0,10.33,18.0,0.0,0.0,False,0.0,A Nel,Right hand Bat,Right arm Fast medium, ,Andre Nel,,,,,,,,,
A Nortje,"Delhi Capitals, Kolkata Knight Riders, Lucknow Super Giants",2020-2026,49,18.0,11.0,49.0,23*,7.0,50.0,98.0,0.0,0.0,3.0,6.0,0.0,49.0,186.4,1.0,1696.0,61.0,3/33,27.8,9.08,18.3,0.0,0.0,True,23.0,A Nortje,Right hand Bat,Right arm Fast, ,Anrich Arno Nortje,0.12240932642487046,0.32208984475733665,0.004529498358056845,16.282755082453022,0.49295774647887336,0.8656231289025746,0.26905829596412556,55.62207951727445,16.282755082453022
A Raghuvanshi,Kolkata Knight Riders,2024-2026,26,22.0,3.0,618.0,54,32.52,418.0,147.84,0.0,4.0,0.0,63.0,22.0,,,,,,-,,,,,,False,54.0,A Raghuvanshi,Right hand Bat,Slow Left arm Orthodox,,Angkrish Raghuvanshi,0.6733592400690848,0.5791428129351694,0.06896161250141547,48.92840836802971,,,,,
A Singh,Rajasthan Royals,2009-2012,23,5.0,1.0,2.0,1*,0.5,10.0,20.0,0.0,0.0,3.0,0.0,0.0,23.0,78.5,1.0,620.0,28.0,4/19,22.14,7.86,16.8,1.0,0.0,True,1.0,A Singh,Right hand Bat,Right arm Medium fast, ,Amit Singh,,,,,0.7077464788732395,0.9140364382858609,0.1210762331838565,60.39468909608421,
A Symonds,"Deccan Chargers, Mumbai Indians",2008-2011,39,36.0,9.0,974.0,117*,36.07,750.0,129.86,1.0,5.0,0.0,74.0,41.0,30.0,87.5,0.0,674.0,20.0,3/21,33.7,7.67,26.3,0.0,0.0,True,117.0,A Symonds,Right hand Bat,"Right arm Medium, Right arm Offbreak", ,Andrew Symonds,0.75,0.4864098200010316,0.10927414788812138,49.75619739723914,0.7411971830985916,0.8151569583440252,0.08520179372197309,57.02844876215079,49.75619739723914
A Taide,"Punjab Kings, Sunrisers Hyderabad",2023-2025,10,10.0,0.0,260.0,66,26.0,177.0,146.89,0.0,2.0,1.0,30.0,8.0,1.0,0.1,0.0,4.0,0.0,-,,24.0,,0.0,0.0,False,66.0,,,,,,0.5325993091537133,0.574243127546547,0.028422602196806705,42.11304688519785,,,,,
A Tomar,Kolkata Knight Riders,2022-2022,1,1.0,0.0,4.0,4,4.0,8.0,50.0,0.0,0.0,0.0,1.0,0.0,,,,,,-,,,,,,False,4.0,A Tomar,Right hand Bat,Right arm Offbreak, ,Abhijeet Tomar,,,,,,,,,
A Uniyal,Rajasthan Royals,2010-2010,2,2.0,1.0,4.0,4*,4.0,7.0,57.14,0.0,0.0,1.0,0.0,0.0,2.0,6.0,0.0,66.0,2.0,2/41,33.0,11.0,18.0,0.0,0.0,True,4.0,A Uniyal,Left hand Bat,Left arm Medium, ,Amit Uniyal,,,,,,,,,
A Zampa,"Rajasthan Royals, Rising Pune Supergiant, Rising Pune Supergiants, Royal Challengers Bangalore, Sunrisers Hyderabad",2016-2025,22,5.0,0.0,15.0,7,3.0,24.0,62.5,0.0,0.0,1.0,1.0,0.0,22.0,77.5,0.0,652.0,31.0,6/19,21.03,8.37,15.0,0.0,1.0,False,7.0,A Zampa,Right hand Bat,Legbreak Googly, ,Adam Zampa,,,,,0.6179577464788735,0.9235309212214524,0.13452914798206278,57.98797780897328,
AA Bilakhia,Deccan Chargers,2009-2010,7,7.0,2.0,69.0,22,13.8,85.0,81.17,0.0,0.0,0.0,5.0,0.0,,,,,,-,,,,,,False,22.0,AA Bilakhia,Right hand Bat,Right arm Medium, ,Azharuddin Anjum Bilakhia,,,,,,,,,
AA Chavan,Rajasthan Royals,2011-2013,13,3.0,1.0,12.0,7*,6.0,11.0,109.09,0.0,0.0,0.0,2.0,0.0,13.0,41.2,0.0,326.0,8.0,2/23,40.75,7.88,31.0,0.0,0.0,True,7.0,AA Chavan,Left hand Bat,Slow Left arm Orthodox, ,Ankeet Anil Chavan,,,,,0.7042253521126761,0.7548541613206741,0.03139013452914798,52.00948700604169,
AA Jhunjhunwala,"Deccan Chargers, Pune Warriors, Rajasthan Royals",2010-2012,21,16.0,3.0,217.0,53*,16.69,210.0,103.33,0.0,1.0,1.0,19.0,5.0,10.0,14.1,0.0,129.0,1.0,1/13,129.0,9.1,85.0,0.0,0.0,True,53.0,AA Jhunjhunwala,Right hand Bat,Right arm Offbreak, ,Abhishek Arunkumar Jhunjhunwala,0.3316062176165803,0.3495796585692919,0.023553391461895595,26.088371541135817,0.48943661971831,0.0,0.0,17.130281690140848,17.130281690140848
AA Kazi,Royal Challengers Bangalore,2011-2011,1,,,,-,,,,,,,,,1.0,2.0,0.0,21.0,0.0,-,,10.5,,0.0,0.0,False,,AA Kazi,Left hand Bat,Slow Left arm Orthodox, ,Abrar Anjum Kazi,,,,,,,,,
AA Kulkarni,Lucknow Super Giants,2024-2024,2,2.0,0.0,9.0,9,4.5,8.0,112.5,0.0,0.0,1.0,2.0,0.0,,,,,,-,,,,,,False,9.0,AA Kulkarni,Right hand Bat,Right arm Medium,,Arshin Kulkarni,,,,,,,,,
AA Noffke,Royal Challengers Bangalore,2008-2008,1,1.0,0.0,9.0,9,9.0,10.0,90.0,0.0,0.0,0.0,1.0,0.0,1.0,4.0,0.0,40.0,1.0,1/40,40.0,10.0,24.0,0.0,0.0,False,9.0,AA Noffke,Right hand Bat,Right arm Fast medium, ,Ashley Allan Noffke,,,,,,,,,
AB Agarkar,"Delhi Daredevils, Kolkata Knight Riders",2008-2013,42,22.0,12.0,179.0,39,17.9,154.0,116.23,0.0,0.0,1.0,13.0,5.0,42.0,130.2,0.0,1151.0,29.0,3/25,39.68,8.83,26.9,0.0,0.0,False,39.0,AB Agarkar,Right hand Bat,Right arm Fast, ,Ajit Bhalchandra Agarkar,0.3577288428324698,0.41611222858321734,0.01925036802174159,29.35434091425494,0.5369718309859155,0.764006500727055,0.12556053811659193,49.30105775345172,29.35434091425494
AB Barath,Kings XI Punjab,2010-2010,3,3.0,1.0,42.0,33,21.0,42.0,100.0,0.0,0.0,0.0,5.0,1.0,,,,,,-,,,,,,False,33.0,AB Barath,Right hand Bat,Right arm Offbreak, ,Adrian Boris Barath,,,,,,,,,
AB Dinda,"Delhi Daredevils, Kolkata Knight Riders, Pune Warriors, Rising Pune Supergiant, Rising Pune Supergiants, Royal Challengers Bangalore",2008-2017,78,17.0,7.0,26.0,7,2.6,48.0,54.16,0.0,0.0,6.0,2.0,0.0,75.0,252.4,3.0,2073.0,69.0,4/18,30.04,8.2,21.9,1.0,0.0,False,7.0,AB Dinda,Right hand Bat,Right arm Medium fast, ,Ashok Bhimchandra Dinda,0.02741796200345423,0.09598225798132963,0.001925036802174159,4.50422342953906,0.6478873239436622,0.8464630912667864,0.30493273542600896,61.45024659514596,4.50422342953906
AB McDonald,"Delhi Daredevils, Royal Challengers Bangalore",2009-2013,11,9.0,4.0,123.0,33*,24.6,100.0,123.0,0.0,0.0,1.0,9.0,4.0,10.0,31.0,0.0,261.0,11.0,2/25,23.72,8.41,16.9,0.0,0.0,True,33.0,AB McDonald,Right hand Bat,Right arm Fast medium, ,Andrew Barry McDonald,,,,,0.6109154929577465,0.900521768882046,0.04484304932735426,54.24559564421336,
AB de Villiers,"Delhi Daredevils, Royal Challengers Bangalore",2008-2021,184,170.0,40.0,5162.0,133*,39.7,3403.0,151.68,3.0,40.0,10.0,413.0,251.0,,,,,,-,,,,,,True,133.0,AB de Villiers,Right hand Bat,Right arm Medium,Wicketkeeper,Abraham Benjamin de Villiers,0.8283678756476685,0.598947857032338,0.5835126259766731,68.6857056714554,,,,,
AC Blizzard,Mumbai Indians,2011-2012,7,7.0,0.0,120.0,51,17.14,90.0,133.33,0.0,1.0,1.0,21.0,2.0,,,,,,-,,,,,,False,51.0,AC Blizzard,Left hand Bat,Left arm Medium, ,Aiden Craig Blizzard,,,,,,,,,
AC Gilchrist,"Deccan Chargers, Kings XI Punjab",2008-2013,80,80.0,4.0,2069.0,109*,27.22,1495.0,138.39,2.0,11.0,7.0,239.0,92.0,1.0,0.1,0.0,0.0,1.0,1/0,0.0,0.0,1.0,0.0,0.0,True,109.0,AC Gilchrist,Left hand Bat,Right arm Offbreak,Wicketkeeper,Adam Craig Gilchrist,0.5589378238341969,0.5304038372272938,0.23326916543992754,46.75337639232134,,,,,
AC Thomas,Pune Warriors,2011-2012,15,4.0,2.0,20.0,12,10.0,19.0,105.26,0.0,0.0,0.0,1.0,1.0,15.0,52.3,2.0,406.0,14.0,3/22,29.0,7.73,22.5,0.0,0.0,False,12.0,AC Thomas,Right hand Bat,Right arm Fast medium, ,Alfonso Clive Thomas,,,,,0.7306338028169014,0.8553588230262595,0.05829596412556054,57.25862082827745,
AC Voges,Rajasthan Royals,2010-2010,9,7.0,3.0,181.0,45*,45.25,143.0,126.57,0.0,0.0,0.0,15.0,3.0,7.0,9.0,0.0,76.0,0.0,-,,8.44,,0.0,0.0,True,45.0,AC Voges,Right hand Bat,Slow Left arm Orthodox, ,Adam Charles Voges,,,,,,,,,
AD Hales,Sunrisers Hyderabad,2018-2018,6,6.0,0.0,148.0,45,24.66,118.0,125.42,0.0,0.0,0.0,13.0,6.0,,,,,,-,,,,,,False,45.0,AD Hales,Right hand Bat,Right arm Medium,Occasional Wicketkeeper,Alexander Daniel Hales,,,,,,,,,
AD Mascarenhas,"Kings XI Punjab, Rajasthan Royals",2008-2013,13,11.0,2.0,79.0,27,8.77,78.0,101.28,0.0,0.0,2.0,5.0,1.0,13.0,51.2,1.0,356.0,19.0,5/25,18.73,6.93,16.2,0.0,1.0,False,27.0,AD Mascarenhas,Right hand Bat,Right arm Fast medium, ,Adrian Dimitri Mascarenhas,0.16062176165803108,0.3390066532570014,0.007926622126599479,18.48826888348128,0.8714788732394367,0.9432041741510564,0.08071748878923767,65.93543132234439,18.48826888348128
AD Mathews,"Delhi Daredevils, Kolkata Knight Riders, Pune Warriors",2009-2017,49,42.0,11.0,724.0,65*,23.35,575.0,125.91,0.0,1.0,3.0,44.0,29.0,44.0,131.5,0.0,1079.0,27.0,4/19,39.96,8.18,29.2,1.0,0.0,True,65.0,AD Mathews,Right hand Bat,Right arm Medium, ,Angelo Davis Mathews,0.4753886010362695,0.46603744391149626,0.0809647831502661,37.3509741571098,0.6514084507042255,0.7616114960225815,0.11659192825112108,52.953455982971875,37.3509741571098
AD Nath,"Gujarat Lions, Kings XI Punjab, Royal Challengers Bangalore",2016-2019,14,10.0,0.0,90.0,24,9.0,98.0,91.83,0.0,0.0,1.0,7.0,2.0,,,,,,-,,,,,,False,24.0,AD Nath,Right hand Bat,Right arm Medium fast, ,Akshdeep Deependra Nath,0.16558721934369602,0.2902676775491258,0.009172234175065111,17.01216334234387,,,,,
AD Russell,"Delhi Daredevils, Kolkata Knight Riders",2012-2025,140,115.0,21.0,2651.0,88*,28.2,1522.0,174.17,0.0,12.0,6.0,186.0,223.0,121.0,301.0,0.0,2863.0,123.0,5/15,23.27,9.51,14.6,2.0,1.0,True,88.0,AD Russell,Right hand Bat,Right arm Fast, ,Andre Dwayne Russell,0.5800949913644213,0.7149414616535149,0.29917336654965465,55.70608497619124,0.41725352112676073,0.9043708835856642,0.547085201793722,62.66941021874652,55.70608497619124
AF Milne,"Chennai Super Kings, Mumbai Indians, Royal Challengers Bangalore",2016-2022,10,6.0,2.0,23.0,15,5.75,29.0,79.31,0.0,0.0,1.0,0.0,1.0,10.0,34.3,0.0,327.0,7.0,2/21,46.71,9.47,29.5,0.0,0.0,False,15.0,AF Milne,Right hand Bat,Right arm Fast, ,Adam Fraser Milne,,,,,0.42429577464788726,0.7038747754683089,0.026905829596412557,40.29314414195924,
AG Murtaza,"Mumbai Indians, Pune Warriors",2010-2013,12,3.0,2.0,10.0,5,10.0,14.0,71.42,0.0,0.0,0.0,1.0,0.0,12.0,44.0,0.0,313.0,9.0,3/15,34.77,7.11,29.3,0.0,0.0,False,5.0,AG Murtaza,Left hand Bat,Slow Left arm Orthodox, ,Ali Ghulam Murtaza,,,,,0.8397887323943662,0.8060046189376443,0.03587443946188341,58.67900048047687,
AG Paunikar,Rajasthan Royals,2010-2011,5,5.0,0.0,49.0,20,9.8,58.0,84.48,0.0,0.0,1.0,9.0,0.0,,,,,,-,,,,,,False,20.0,AG Paunikar,Right hand Bat, ,Wicketkeeper,Amit Gajanan Paunikar,,,,,,,,,
AJ Finch,"Delhi Daredevils, Gujarat Lions, Kings XI Punjab, Kolkata Knight Riders, Mumbai Indians, Pune Warriors, Rajasthan Royals, Royal Challengers Bangalore, Sunrisers Hyderabad",2010-2022,92,90.0,7.0,2091.0,88*,25.19,1631.0,128.2,0.0,15.0,8.0,214.0,78.0,5.0,7.1,0.0,67.0,1.0,1/11,67.0,9.34,43.0,0.0,0.0,True,88.0,AJ Finch,Right hand Bat,Slow Left arm Orthodox, ,Aaron James Finch,0.5151122625215889,0.47784826447985973,0.2357603895368588,43.22318949608012,,,,,
AJ Hosein,"Chennai Super Kings, Sunrisers Hyderabad",2023-2026,2,1.0,1.0,16.0,16*,,10.0,160.0,0.0,0.0,0.0,1.0,1.0,2.0,6.0,0.0,60.0,1.0,1/40,60.0,10.0,36.0,0.0,0.0,True,16.0,AJ Hosein,Left hand Bat,Slow Left arm Orthodox, ,Akeal Jerome Hosein,,,,,,,,,
AJ Turner,"Lucknow Super Giants, Rajasthan Royals",2019-2024,6,6.0,1.0,24.0,16,4.8,28.0,85.71,0.0,0.0,3.0,0.0,2.0,,,,,,-,,,,,,False,16.0,AJ Turner,Right hand Bat,Right arm Offbreak, ,Ashton James Turner,,,,,,,,,
AJ Tye,"Gujarat Lions, Kings XI Punjab, Lucknow Super Giants, Rajasthan Royals",2017-2022,30,13.0,4.0,91.0,25,10.11,76.0,119.73,0.0,0.0,2.0,6.0,5.0,30.0,114.0,0.0,979.0,42.0,5/17,23.3,8.58,16.2,3.0,1.0,False,25.0,AJ Tye,Right hand Bat,Right arm Medium fast, ,Andrew James Tye,0.1895509499136442,0.4341637010676157,0.009285471634016532,23.00990432476273,0.5809859154929577,0.9041142759387563,0.18385650224215247,57.49420176737456,23.00990432476273
AK Markram,"Lucknow Super Giants, Punjab Kings, Sunrisers Hyderabad",2021-2026,61,59.0,9.0,1548.0,68*,30.96,1137.0,136.14,0.0,10.0,2.0,125.0,62.0,21.0,33.5,0.0,302.0,6.0,2/30,50.33,8.92,33.8,0.0,0.0,True,68.0,AK Markram,Right hand Bat,Right arm Offbreak, ,Aiden Kyle Markram,0.6396804835924007,0.5187993192016092,0.17427244932623712,48.10200674890827,0.5211267605633804,0.6729107860747584,0.02242152466367713,42.46395987224517,42.46395987224517
AL Menaria,Rajasthan Royals,2011-2013,29,23.0,2.0,401.0,40,19.09,356.0,112.64,0.0,0.0,1.0,24.0,18.0,12.0,18.2,0.0,144.0,3.0,2/20,48.0,7.85,36.6,0.0,0.0,False,40.0,AL Menaria,Left hand Bat,Slow Left arm Orthodox, ,Ashok Lakshminarayan Menaria,0.38341968911917096,0.3975965753777916,0.044389083908957086,30.36239480071347,0.7095070422535212,0.6928406466512702,0.008968609865470852,49.35122740763182,30.36239480071347
AM Ghazanfar,Mumbai Indians,2026-2026,2,,,,-,,,,,,,,,2.0,6.0,0.0,72.0,2.0,2/21,36.0,12.0,18.0,0.0,0.0,False,,AM Ghazanfar,Right hand Bat,"Right arm Offbreak, Legbreak",,AM Ghazanfar,,,,,,,,,
AM Nayar,"Kings XI Punjab, Mumbai Indians, Pune Warriors, Rajasthan Royals",2008-2014,60,50.0,12.0,672.0,45*,17.68,577.0,116.46,0.0,0.0,3.0,55.0,20.0,19.0,38.1,0.0,322.0,9.0,3/13,35.77,8.43,25.4,0.0,0.0,True,45.0,AM Nayar,Left hand Bat,Right arm Medium, ,Abhishek Mohan Nayar,0.352979274611399,0.4172984682036206,0.07507643528479221,30.601528253702487,0.6073943661971832,0.7974510307073817,0.03587443946188341,50.245822075516266,30.601528253702487
AM Rahane,"Chennai Super Kings, Delhi Capitals, Kolkata Knight Riders, Mumbai Indians, Rajasthan Royals, Rising Pune Supergiant, Rising Pune Supergiants",2008-2026,202,187.0,19.0,5156.0,105*,30.69,4105.0,125.6,2.0,34.0,13.0,522.0,130.0,1.0,1.0,0.0,5.0,1.0,1/5,5.0,5.0,6.0,0.0,0.0,True,105.0,AM Rahane,Right hand Bat,Right arm Medium, ,Ajinkya Madhukar Rahane,0.6338514680483592,0.4644385992057352,0.5828332012229646,56.18023972470921,,,,,
AM Salvi,Delhi Daredevils,2009-2011,7,,,,-,,,,,,,,,7.0,25.0,0.0,200.0,7.0,2/19,28.57,8.0,21.4,0.0,0.0,False,,AM Salvi,Right hand Bat,Right arm Medium, ,Aavishkar Madhav Salvi,,,,,,,,,
AN Ahmed,"Mumbai Indians, Royal Challengers Bangalore",2010-2015,17,6.0,5.0,36.0,18*,36.0,26.0,138.46,0.0,0.0,0.0,4.0,1.0,17.0,57.2,1.0,498.0,12.0,2/13,41.5,8.68,28.6,0.0,0.0,True,18.0,AN Ahmed,Right hand Bat,Right arm Medium fast, ,Abu Nechim Ahmed,,,,,0.563380281690141,0.748438970147977,0.04932735426008968,47.39349444213683,
AN Ghosh,Kolkata Knight Riders,2009-2009,2,2.0,0.0,7.0,7,3.5,8.0,87.5,0.0,0.0,1.0,1.0,0.0,,,,,,-,,,,,,False,7.0,AN Ghosh,Right hand Bat,Right arm Medium, ,Arindam Nanigopal Ghosh,,,,,,,,,
AP Dole,Rajasthan Royals,2010-2010,3,2.0,0.0,34.0,30,17.0,22.0,154.54,0.0,0.0,0.0,3.0,1.0,3.0,11.0,0.0,112.0,5.0,2/36,22.4,10.18,13.2,0.0,0.0,False,30.0,AP Dole,Right hand Bat,Right arm Medium fast, ,Aditya Pradip Dole,,,,,,,,,
AP Majumdar,Pune Warriors,2012-2012,4,4.0,0.0,87.0,31,21.75,76.0,114.47,0.0,0.0,0.0,7.0,2.0,,,,,,-,,,,,,False,31.0,AP Majumdar,Right hand Bat,Legbreak Googly, ,Anustup Prabir Majumdar,,,,,,,,,
AP Tare,"Delhi Daredevils, Mumbai Indians, Sunrisers Hyderabad",2010-2017,35,28.0,4.0,339.0,59,14.12,273.0,124.17,0.0,1.0,5.0,40.0,11.0,,,,,,-,,,,,,False,59.0,AP Tare,Right hand Bat, ,Wicketkeeper,Aditya Prakash Tare,0.27612262521588943,0.4570632833049668,0.037368361453968976,27.97632896065864,,,,,
AR Bawne,Delhi Daredevils,2017-2017,1,1.0,1.0,12.0,12*,,12.0,100.0,0.0,0.0,0.0,1.0,0.0,,,,,,-,,,,,,True,12.0,AR Bawne,Right hand Bat,Right arm Offbreak, ,Ankit Ramdas Bawne,,,,,,,,,
AR Patel,"Delhi Capitals, Kings XI Punjab",2014-2026,166,127.0,37.0,1919.0,66,21.32,1436.0,133.63,0.0,3.0,8.0,130.0,94.0,163.0,564.3,2.0,4156.0,131.0,4/21,31.72,7.36,25.8,1.0,0.0,False,66.0,AR Patel,Left hand Bat,Slow Left arm Orthodox, ,Axar Rajeshbhai Patel,0.4315630397236615,0.5058538346485121,0.21628354659721435,40.37449446657474,0.795774647887324,0.8320930630399452,0.5829596412556054,74.46415912012259,40.37449446657474
AR Sharma,"Delhi Capitals, Punjab Kings",2024-2026,25,19.0,4.0,412.0,66*,27.46,250.0,164.8,0.0,2.0,0.0,25.0,30.0,,,,,,-,,,,,,True,66.0,,,,,,0.564119170984456,0.666615091030997,0.04563469595742271,47.0371624243987,,,,,
AS Joseph,"Gujarat Titans, Mumbai Indians, Royal Challengers Bengaluru",2019-2024,22,7.0,6.0,27.0,15*,27.0,32.0,84.37,0.0,0.0,1.0,3.0,0.0,22.0,72.2,1.0,691.0,21.0,6/12,32.9,9.55,20.6,0.0,1.0,True,15.0,AS Joseph,Right hand Bat,Right arm Fast, ,Alzarri Shaheim Joseph,,,,,0.41021126760563376,0.8219998289282354,0.08968609865470852,45.81797133832667,
AS Rajpoot,"Chennai Super Kings, Kings XI Punjab, Kolkata Knight Riders, Rajasthan Royals",2013-2020,29,7.0,2.0,26.0,8,5.2,41.0,63.41,0.0,0.0,0.0,2.0,1.0,29.0,88.1,1.0,814.0,24.0,5/14,33.91,9.23,22.0,0.0,1.0,False,8.0,AS Rajpoot,Right hand Bat,Right arm Medium, ,Ankit Singh Rajpoot,,,,,0.4665492957746479,0.8133607048156701,0.1031390134529148,47.89102042424857,
AS Raut,Rajasthan Royals,2009-2011,22,16.0,7.0,194.0,36*,21.55,167.0,116.16,0.0,0.0,1.0,13.0,7.0,5.0,5.0,0.0,44.0,0.0,-,,8.8,,0.0,0.0,True,36.0,AS Raut,Right hand Bat,Legbreak Googly, ,Abhishek Santosh Raut,0.4365284974093264,0.41575119913352937,0.02094892990601291,32.53615511369691,,,,,
AS Roy,"Kolkata Knight Riders, Mumbai Indians",2019-2026,16,8.0,3.0,26.0,13*,5.2,27.0,96.29,0.0,0.0,4.0,3.0,0.0,13.0,33.5,0.0,281.0,9.0,2/19,31.22,8.3,22.5,0.0,0.0,True,13.0,AS Roy,Left hand Bat,Slow Left arm Orthodox, ,Anukul Sudhakar Roy,,,,,0.630281690140845,0.8363698571550766,0.03587443946188341,52.40903733921376,
AS Tendulkar,Mumbai Indians,2023-2024,5,1.0,0.0,13.0,13,13.0,9.0,144.44,0.0,0.0,0.0,0.0,1.0,5.0,12.1,0.0,114.0,3.0,1/9,38.0,9.36,24.3,0.0,0.0,False,13.0,,,,,,,,,,,,,,
AS Yadav,Deccan Chargers,2008-2008,8,6.0,1.0,49.0,16,9.8,39.0,125.64,0.0,0.0,1.0,5.0,2.0,,,,,,-,,,,,,False,16.0,AS Yadav,Right hand Bat,Right arm Offbreak, ,Arjun Shivlal Yadav,,,,,,,,,
AT Carey,Delhi Capitals,2020-2020,3,3.0,1.0,32.0,14*,16.0,29.0,110.34,0.0,0.0,0.0,0.0,1.0,,,,,,-,,,,,,True,14.0,AT Carey,Left hand Bat, ,Wicketkeeper,Alex Tyson Carey,,,,,,,,,
AT Rayudu,"Chennai Super Kings, Mumbai Indians",2010-2023,204,187.0,33.0,4348.0,100*,28.23,3409.0,127.54,1.0,22.0,14.0,359.0,173.0,,,,,,-,,,,,,True,100.0,AT Rayudu,Right hand Bat,Right arm Offbreak,Occasional Wicketkeeper,Ambati Thirupathi Rayudu,0.5807426597582037,0.47444427252565896,0.49133733439021626,52.11868928848161,,,,,
AU Rashid,"Punjab Kings, Sunrisers Hyderabad",2021-2023,3,2.0,0.0,22.0,18,11.0,16.0,137.5,0.0,0.0,0.0,2.0,1.0,3.0,10.0,0.0,91.0,2.0,2/23,45.5,9.1,30.0,0.0,0.0,False,18.0,AU Rashid,Right hand Bat,Legbreak, ,Adil Usman Rashid,,,,,,,,,
AU Verma,Sunrisers Hyderabad,2025-2026,18,16.0,4.0,300.0,74,25.0,178.0,168.53,0.0,1.0,0.0,16.0,25.0,,,,,,-,,,,,,False,74.0,,,,,,0.5110103626943006,0.6858528031357988,0.03295210055486355,45.269065131396566,,,,,
AUK Pathan,Royal Challengers Bangalore,2011-2012,8,7.0,2.0,39.0,14,7.8,23.0,169.56,0.0,0.0,2.0,5.0,2.0,3.0,6.3,0.0,63.0,0.0,-,,9.69,,0.0,0.0,False,14.0,AUK Pathan,Right hand Bat,Right arm Medium, ,Asad Ullah Khan Pathan,,,,,,,,,
Abdul Basith,Rajasthan Royals,2023-2023,1,1.0,1.0,1.0,1*,,1.0,100.0,0.0,0.0,0.0,0.0,0.0,,,,,,-,,,,,,True,1.0,Abdul Basith,Right hand Bat,Right arm Offbreak, ,Pappanayil Abdul Basith,,,,,,,,,
Abdul Samad,"Lucknow Super Giants, Sunrisers Hyderabad",2020-2026,67,56.0,14.0,813.0,45,19.35,551.0,147.54,0.0,0.0,3.0,52.0,51.0,7.0,9.3,0.0,125.0,2.0,1/9,62.5,13.15,28.5,0.0,0.0,False,45.0,Abdul Samad,Right hand Bat,Legbreak, ,Abdul Samad Farooq,0.3890328151986184,0.5775955438650782,0.09104291699694259,38.053229568146044,,,,,
Abdur Razzak,Royal Challengers Bangalore,2008-2008,1,1.0,1.0,0.0,0*,,2.0,0.0,0.0,0.0,0.0,0.0,0.0,1.0,2.0,0.0,29.0,0.0,-,,14.5,,0.0,0.0,True,0.0,Abdur Razzak,Left hand Bat,Slow Left arm Orthodox, ,Abdur Razzak,,,,,,,,,
Abhinandan Singh,Royal Challengers Bengaluru,2026-2026,3,,,,-,,,,,,,,,3.0,9.4,0.0,122.0,3.0,2/30,40.66,12.62,19.3,0.0,0.0,False,,Abhinandan Singh,Right hand Bat,Right arm Medium fast,,Abhinandan Singh,,,,,,,,,
Abhishek Sharma,"Delhi Daredevils, Sunrisers Hyderabad",2018-2026,81,78.0,7.0,1945.0,141,27.39,1173.0,165.81,1.0,10.0,4.0,183.0,114.0,34.0,57.5,0.0,523.0,11.0,2/4,47.54,9.04,31.5,0.0,0.0,False,141.0,Abhishek Sharma,Left hand Bat,Slow Left arm Orthodox, ,Abhishek Sharma,0.5626079447322971,0.6718242302336376,0.21922772052995132,51.49885886071799,0.5000000000000002,0.696775297237191,0.04484304932735426,43.232426883122315,43.232426883122315
Abishek Porel,Delhi Capitals,2023-2025,31,29.0,3.0,661.0,65,25.42,441.0,149.88,0.0,3.0,2.0,65.0,27.0,,,,,,-,,,,,,False,65.0,Abishek Porel,Left hand Bat, ,Wicketkeeper,Abishek Porel,0.520077720207254,0.5896642426117902,0.07383082323632657,43.28712788061098,,,,,
Akash Deep,"Lucknow Super Giants, Royal Challengers Bangalore, Royal Challengers Bengaluru",2022-2025,14,5.0,2.0,25.0,17,8.33,14.0,178.57,0.0,0.0,2.0,2.0,2.0,14.0,46.2,1.0,548.0,10.0,3/45,54.8,11.82,27.8,0.0,0.0,False,17.0,Akash Deep,Right hand Bat,Right arm Fast medium, ,Akash Deep,,,,,0.010563380281690238,0.6346762466854846,0.04035874439461883,23.79414927568968,
Akash Singh,"Chennai Super Kings, Lucknow Super Giants, Rajasthan Royals",2021-2025,10,,,,-,,,,,,,,,10.0,34.1,0.0,326.0,9.0,2/30,36.22,9.54,22.7,0.0,0.0,False,,Akash Singh,Right hand Bat,Left arm Medium fast, ,Akash Maharaj Singh,,,,,0.4119718309859157,0.7936019160037636,0.03587443946188341,43.27131432849527,
Aman Hakim Khan,"Delhi Capitals, Kolkata Knight Riders",2022-2023,12,10.0,1.0,115.0,51,12.77,104.0,110.57,0.0,1.0,1.0,8.0,6.0,1.0,1.0,0.0,13.0,0.0,-,,13.0,,0.0,0.0,False,51.0,Aman Hakim Khan,Right hand Bat,Right arm Medium, ,Aman Hakim Khan,0.2469775474956822,0.38692041879416167,0.01200317064885064,23.72139582384421,,,,,
Anand Rajan,"Deccan Chargers, Sunrisers Hyderabad",2011-2013,8,,,,-,,,,,,,,,8.0,24.5,0.0,201.0,8.0,3/27,25.12,8.09,18.6,0.0,0.0,False,,Anand Rajan,Right hand Bat,Right arm Medium, ,Anand Rajan,,,,,,,,,
Anirudh Singh,Deccan Chargers,2010-2010,5,4.0,0.0,63.0,40,15.75,66.0,95.45,0.0,0.0,1.0,6.0,1.0,,,,,,-,,,,,,False,40.0,Anirudh Singh,Left hand Bat,Right arm Medium, ,Anirudh Singh,,,,,,,,,
Ankit Sharma,"Deccan Chargers, Rajasthan Royals, Rising Pune Supergiant, Rising Pune Supergiants, Sunrisers Hyderabad",2012-2018,22,10.0,3.0,87.0,30,12.42,67.0,129.85,0.0,0.0,1.0,7.0,4.0,21.0,61.1,0.0,450.0,12.0,2/20,37.5,7.35,30.5,0.0,0.0,False,30.0,Ankit Sharma,Left hand Bat,Slow Left arm Orthodox, ,Ankit Nagendra Sharma,0.23942141623488775,0.48635824436536185,0.008832521798210848,26.820208247138446,0.7975352112676057,0.7826533230690275,0.04932735426008968,56.786419329584845,26.820208247138446
Ankit Soni,Gujarat Lions,2017-2017,7,3.0,1.0,7.0,7*,3.5,9.0,77.77,0.0,0.0,2.0,0.0,1.0,6.0,18.1,0.0,144.0,2.0,1/16,72.0,7.92,54.5,0.0,0.0,True,7.0,Ankit Soni,Right hand Bat,Legbreak, ,Ankit Soni,,,,,,,,,
Anmolpreet Singh,"Mumbai Indians, Sunrisers Hyderabad",2021-2024,9,9.0,0.0,139.0,36,15.44,115.0,120.86,0.0,0.0,1.0,19.0,3.0,,,,,,-,,,,,,False,36.0,Anmolpreet Singh,Right hand Bat,Right arm Offbreak, ,Anmolpreet Singh,,,,,,,,,
Anuj Rawat,"Rajasthan Royals, Royal Challengers Bangalore, Royal Challengers Bengaluru",2021-2024,24,21.0,5.0,318.0,66,19.87,267.0,119.1,0.0,1.0,4.0,26.0,14.0,,,,,,-,,,,,,False,66.0,Anuj Rawat,Left hand Bat, , ,Anuj Rawat,0.40025906735751293,0.43091443602042395,0.03499037481598913,31.967127325415085,,,,,
Anureet Singh,"Kings XI Punjab, Kolkata Knight Riders, Rajasthan Royals",2009-2018,23,8.0,4.0,36.0,15,9.0,47.0,76.59,0.0,0.0,2.0,2.0,1.0,22.0,68.4,0.0,623.0,18.0,3/23,34.61,9.07,22.8,0.0,0.0,False,15.0,Anureet Singh,Right hand Bat,Right arm Medium, ,Kathuria Anureet Singh,,,,,0.494718309859155,0.8073731930544863,0.07623318385650224,47.8601981176725,
Arshad Khan,"Gujarat Titans, Lucknow Super Giants, Mumbai Indians",2023-2025,19,12.0,6.0,124.0,58*,20.66,88.0,140.9,0.0,1.0,1.0,6.0,9.0,19.0,45.2,0.0,521.0,12.0,3/39,43.41,11.49,22.6,0.0,0.0,True,58.0,Arshad Khan,Left hand Bat,Left arm Medium,,Arshad Khan,0.417314335060449,0.543349321780391,0.01302230777941343,36.03535735921698,0.06866197183098599,0.7321016166281755,0.04932735426008968,29.506546223873343,29.506546223873343
Arshdeep Singh,"Kings XI Punjab, Punjab Kings",2019-2026,86,14.0,8.0,31.0,10*,5.16,46.0,67.39,0.0,0.0,3.0,4.0,0.0,85.0,299.4,2.0,2719.0,99.0,5/32,27.46,9.07,18.1,2.0,1.0,True,10.0,Arshdeep Singh,Left hand Bat,Left arm Medium fast, ,Arshdeep Singh,0.08268566493955096,0.16421682397235549,0.002491224096931265,9.117296039037761,0.494718309859155,0.8685313489008639,0.43946188340807174,60.89759455884282,9.117296039037761
Ashok Sharma,Gujarat Titans,2026-2026,4,1.0,1.0,0.0,0*,,1.0,0.0,0.0,0.0,0.0,0.0,0.0,4.0,14.0,0.0,145.0,4.0,2/32,36.25,10.35,21.0,0.0,0.0,True,0.0,Ashok Sharma,Right hand Bat,Right arm Fast,,Ashok Sharma,,,,,,,,,
Ashwani Kumar,Mumbai Indians,2025-2025,7,,,,-,,,,,,,,,7.0,20.3,0.0,232.0,11.0,4/24,21.09,11.31,11.1,1.0,0.0,False,,Ashwani Kumar,Left hand Bat,Left arm Medium,,Ashwani Kumar,,,,,,,,,
Auqib Nabi,Delhi Capitals,2026-2026,1,1.0,0.0,4.0,4,4.0,2.0,200.0,0.0,0.0,0.0,1.0,0.0,1.0,2.0,0.0,17.0,0.0,-,,8.5,,0.0,0.0,False,4.0,Auqib Nabi,Right hand Bat,Right arm Medium,,Auqib Nabi,,,,,,,,,
Avesh Khan,"Delhi Capitals, Delhi Daredevils, Lucknow Super Giants, Rajasthan Royals, Royal Challengers Bangalore",2017-2026,79,16.0,13.0,67.0,19*,22.33,41.0,163.41,0.0,0.0,1.0,7.0,4.0,78.0,279.5,1.0,2565.0,90.0,4/24,28.5,9.16,18.6,1.0,0.0,True,19.0,Avesh Khan,Right hand Bat,Right arm Fast medium, ,Avesh Khan,0.4533678756476684,0.6594460776729074,0.006567772619182425,41.379522059938054,0.47887323943661975,0.8596356171413908,0.3991031390134529,58.82090415063394,41.379522059938054
Azhar Mahmood,"Kings XI Punjab, Kolkata Knight Riders",2012-2015,23,21.0,2.0,388.0,80,20.42,303.0,128.05,0.0,2.0,2.0,39.0,13.0,23.0,89.3,0.0,700.0,29.0,3/20,24.13,7.82,18.5,0.0,0.0,False,80.0,Azhar Mahmood,Right hand Bat,Right arm Fast medium, ,Azhar Mahmood Sagar,0.41213298791019004,0.4770746299448142,0.04291699694258861,34.25585648804082,0.7147887323943662,0.8970147977076384,0.12556053811659193,60.17993969706791,34.25585648804082
Azmatullah Omarzai,"Gujarat Titans, Punjab Kings",2024-2025,16,9.0,1.0,99.0,21*,12.37,74.0,133.78,0.0,0.0,0.0,8.0,5.0,15.0,48.0,0.0,465.0,12.0,2/27,38.75,9.68,24.0,0.0,0.0,True,21.0,Azmatullah Omarzai,Right hand Bat,Right arm Medium fast,,Azmatullah Omarzai,,,,,0.387323943661972,0.7719613377811992,0.04932735426008968,42.05480547831368,
B Akhil,"Kochi Tuskers Kerala, Royal Challengers Bangalore",2008-2011,15,11.0,5.0,76.0,27*,12.66,55.0,138.18,0.0,0.0,2.0,5.0,5.0,13.0,31.2,0.0,242.0,6.0,2/17,40.33,7.72,31.3,0.0,0.0,True,27.0,B Akhil,Right hand Bat,Right arm Medium fast, ,Balachandra Akhil,0.2446027633851468,0.52932074887823,0.007586909749745216,28.50000948988755,0.7323943661971832,0.7584466683773843,0.02242152466367713,52.85208195002017,28.50000948988755
B Chipli,"Deccan Chargers, Delhi Daredevils, Royal Challengers Bangalore",2008-2013,23,21.0,6.0,280.0,61*,18.66,251.0,111.55,0.0,1.0,0.0,28.0,7.0,1.0,1.0,0.0,20.0,0.0,-,,20.0,,0.0,0.0,True,61.0,B Chipli,Right hand Bat,Right arm Medium, ,Bharat Chipli,0.37413644214162345,0.3919748310897932,0.030687351375835125,29.45176055820358,,,,,
B Geeves,Delhi Daredevils,2008-2008,2,,,,-,,,,,,,,,2.0,8.0,0.0,91.0,1.0,1/50,91.0,11.37,48.0,0.0,0.0,False,,B Geeves,Right hand Bat,Right arm Fast medium, ,Brett Geeves,,,,,,,,,
B Indrajith,Kolkata Knight Riders,2022-2022,3,3.0,0.0,21.0,15,7.0,30.0,70.0,0.0,0.0,1.0,2.0,0.0,,,,,,-,,,,,,False,15.0,B Indrajith,Right hand Bat,Legbreak Googly, ,Baba Indrajith,,,,,,,,,
B Kumar,"Pune Warriors, Royal Challengers Bengaluru, Sunrisers Hyderabad",2011-2026,194,75.0,37.0,329.0,27,8.65,358.0,91.89,0.0,0.0,6.0,32.0,3.0,193.0,715.4,14.0,5521.0,202.0,5/19,27.33,7.71,21.2,2.0,2.0,False,27.0,B Kumar,Right hand Bat,Right arm Medium, ,Bhuvneshwar Kumar Singh,0.15803108808290156,0.2905771313631441,0.03623598686445476,17.397342792637474,0.7341549295774649,0.8696433153707981,0.9013452914798207,83.17329731758382,17.397342792637474
B Laughlin,"Chennai Super Kings, Rajasthan Royals",2013-2018,9,4.0,2.0,5.0,4*,2.5,13.0,38.46,0.0,0.0,2.0,0.0,0.0,9.0,27.5,0.0,282.0,10.0,2/15,28.2,10.13,16.7,0.0,0.0,True,4.0,B Laughlin,Right hand Bat,Right arm Fast medium, ,Ben Laughlin,,,,,,,,,
B Lee,"Kings XI Punjab, Kolkata Knight Riders",2008-2013,38,19.0,9.0,124.0,25,12.4,97.0,127.83,0.0,0.0,1.0,8.0,8.0,38.0,145.5,3.0,1095.0,25.0,3/15,43.8,7.5,35.0,0.0,0.0,False,25.0,B Lee,Right hand Bat,Right arm Fast, ,Brett Lee,0.2389896373056995,0.4759399659600805,0.01302230777941343,26.54304199531613,0.7711267605633804,0.7287657172183731,0.10762331838565023,55.72493627393087,26.54304199531613
B Muzarabani,Kolkata Knight Riders,2026-2026,2,,,,-,,,,,,,,,2.0,7.0,0.0,75.0,4.0,4/41,18.75,10.71,10.5,1.0,0.0,False,,B Muzarabani,Right hand Bat,Right arm Fast medium,,Blessing Muzarabani,,,,,,,,,
B Sai Sudharsan,Gujarat Titans,2022-2026,44,44.0,4.0,1906.0,108*,47.65,1305.0,146.05,2.0,13.0,0.0,199.0,55.0,,,,,,-,,,,,,True,108.0,B Sai Sudharsan,Left hand Bat,Legbreak, ,Bhardwaj Sai Sudharsan,1.0,0.5699107741502916,0.21481145963084589,65.31716358603136,,,,,
B Stanlake,"Royal Challengers Bangalore, Sunrisers Hyderabad",2017-2018,6,1.0,1.0,5.0,5*,,2.0,250.0,0.0,0.0,0.0,1.0,0.0,6.0,24.0,0.0,200.0,7.0,2/21,28.57,8.33,20.5,0.0,0.0,True,5.0,B Stanlake,Left hand Bat,Right arm Fast, ,Billy James Stanlake,,,,,,,,,
B Sumanth,Deccan Chargers,2010-2010,5,4.0,3.0,35.0,16,35.0,37.0,94.59,0.0,0.0,0.0,3.0,0.0,,,,,,-,,,,,,False,16.0,B Sumanth,Right hand Bat,Right arm Medium fast, ,Bodapati Apparao Sumanth,,,,,,,,,
BA Bhatt,Kings XI Punjab,2011-2013,17,2.0,1.0,6.0,6*,6.0,7.0,85.71,0.0,0.0,1.0,0.0,1.0,15.0,49.2,0.0,397.0,12.0,4/22,33.08,8.04,24.6,1.0,0.0,True,6.0,BA Bhatt,Left hand Bat,Slow Left arm Orthodox, ,Bhargav Ashok Bhatt,,,,,0.6760563380281692,0.8204601830467881,0.04932735426008968,53.85789886542619,
BA Stokes,"Chennai Super Kings, Rajasthan Royals, Rising Pune Supergiant",2017-2023,45,44.0,6.0,935.0,107*,24.6,698.0,133.95,2.0,2.0,3.0,81.0,32.0,38.0,114.5,2.0,992.0,28.0,3/15,35.42,8.63,24.6,0.0,0.0,True,107.0,BA Stokes,Left hand Bat,Right arm Fast medium, ,Benjamin Andrew Stokes,0.5023747841105355,0.5075042549899428,0.10485788698901596,40.47908746379482,0.5721830985915493,0.8004447865879736,0.1210762331838565,51.67426297679899,40.47908746379482
BAW Mendis,"Kolkata Knight Riders, Pune Warriors",2008-2013,10,3.0,1.0,3.0,2,1.5,6.0,50.0,0.0,0.0,1.0,0.0,0.0,10.0,40.0,0.0,285.0,8.0,2/19,35.62,7.12,30.0,0.0,0.0,False,2.0,BAW Mendis,Right hand Bat,Right arm Offbreak, ,Balapuwaduge Ajantha Winslow Mendis,,,,,0.8380281690140845,0.7987340689419211,0.03139013452914798,58.22838236433463,
BB McCullum,"Chennai Super Kings, Gujarat Lions, Kochi Tuskers Kerala, Kolkata Knight Riders, Royal Challengers Bangalore",2008-2018,109,109.0,5.0,2880.0,158*,27.69,2186.0,131.74,2.0,13.0,6.0,293.0,130.0,,,,,,-,,,,,,True,158.0,BB McCullum,Right hand Bat,"Right arm Medium, Right arm Offbreak",Wicketkeeper,Brendon Barrie McCullum,0.5690846286701209,0.49610603950693705,0.32510474464953004,48.25471514578589,,,,,
BB Samantray,"Deccan Chargers, Sunrisers Hyderabad",2012-2013,9,8.0,3.0,125.0,55,25.0,113.0,110.61,0.0,1.0,1.0,13.0,2.0,,,,,,-,,,,,,False,55.0,BB Samantray,Right hand Bat,Right arm Medium, ,Biplab Bipin Samantray,,,,,,,,,
BB Sran,"Kings XI Punjab, Mumbai Indians, Rajasthan Royals, Sunrisers Hyderabad",2015-2019,24,9.0,8.0,10.0,3*,10.0,14.0,71.42,0.0,0.0,0.0,0.0,0.0,24.0,80.3,0.0,757.0,18.0,3/28,42.05,9.4,26.8,0.0,0.0,True,3.0,BB Sran,Left hand Bat,Left arm Medium, ,Barinder Balbirsingh Sran,,,,,0.43661971830985913,0.7437344966213326,0.07623318385650224,43.599393038286784,
BCJ Cutting,"Mumbai Indians, Rajasthan Royals, Sunrisers Hyderabad",2014-2019,21,17.0,6.0,238.0,39*,21.63,141.0,168.79,0.0,0.0,1.0,15.0,19.0,17.0,46.5,0.0,429.0,10.0,2/20,42.9,9.16,28.1,0.0,0.0,True,39.0,BCJ Cutting,Right hand Bat,Right arm Fast medium, ,Benjamin Colin James Cutting,0.43825561312607936,0.6871937696632112,0.02593137809987544,42.23029091575245,0.47887323943661975,0.7364639466256094,0.04035874439461883,43.74756384401658,42.23029091575245
BE Hendricks,Kings XI Punjab,2014-2015,7,3.0,2.0,1.0,1*,1.0,3.0,33.33,0.0,0.0,1.0,0.0,0.0,7.0,25.0,0.0,235.0,9.0,3/36,26.11,9.4,16.6,0.0,0.0,True,1.0,BE Hendricks,Left hand Bat,Left arm Fast medium, ,Beuran Eric Hendricks,,,,,,,,,
BJ Haddin,Kolkata Knight Riders,2011-2011,1,1.0,0.0,18.0,18,18.0,11.0,163.63,0.0,0.0,0.0,2.0,1.0,,,,,,-,,,,,,False,18.0,BJ Haddin,Right hand Bat, ,Wicketkeeper,Bradley James Haddin,,,,,,,,,
BJ Hodge,"Kochi Tuskers Kerala, Kolkata Knight Riders, Rajasthan Royals",2008-2014,66,63.0,21.0,1400.0,73,33.33,1118.0,125.22,0.0,6.0,3.0,122.0,43.0,20.0,39.0,0.0,303.0,17.0,4/13,17.82,7.76,13.7,1.0,0.0,False,73.0,BJ Hodge,Right hand Bat,Right arm Offbreak, ,Bradley John Hodge,0.690846286701209,0.4624787250502863,0.1575133054014268,47.75843947984405,0.7253521126760565,0.9509879394405953,0.07174887892376682,60.82436819179582,47.75843947984405
BJ Rohrer,Delhi Daredevils,2013-2013,8,8.0,2.0,193.0,64*,32.16,140.0,137.85,0.0,1.0,0.0,21.0,5.0,1.0,1.0,0.0,12.0,0.0,-,,12.0,,0.0,0.0,True,64.0,BJ Rohrer,Left hand Bat, ,Occasional Wicketkeeper,Ben James Rohrer,,,,,,,,,
BKG Mendis,Gujarat Titans,2025-2025,1,1.0,0.0,20.0,20,20.0,10.0,200.0,0.0,0.0,0.0,1.0,2.0,,,,,,-,,,,,,False,20.0,BKG Mendis,Right hand Bat,Legbreak,,Kusal Mendis,,,,,,,,,
BMAJ Mendis,Delhi Daredevils,2013-2013,3,3.0,0.0,23.0,12,7.66,27.0,85.18,0.0,0.0,1.0,0.0,0.0,2.0,5.0,0.0,36.0,1.0,1/16,36.0,7.2,30.0,0.0,0.0,False,12.0,BMAJ Mendis,Left hand Bat,Legbreak, ,Balapuwaduge Manukulasuriya Amith Jeevan Mendis,,,,,,,,,
BR Dunk,Mumbai Indians,2014-2014,3,3.0,0.0,40.0,20,13.33,35.0,114.28,0.0,0.0,0.0,7.0,0.0,,,,,,-,,,,,,False,20.0,BR Dunk,Left hand Bat,Right arm Offbreak,Wicketkeeper,Ben Robert Dunk,,,,,,,,,
BR Sharath,Gujarat Titans,2024-2024,1,1.0,0.0,2.0,2,2.0,5.0,40.0,0.0,0.0,0.0,0.0,0.0,,,,,,-,,,,,,False,2.0,BR Sharath,Right hand Bat,,Wicketkeeper,Belur Ravi Sharath,,,,,,,,,
BW Hilfenhaus,Chennai Super Kings,2012-2014,17,1.0,1.0,0.0,0*,,0.0,,0.0,0.0,0.0,0.0,0.0,17.0,62.0,2.0,479.0,22.0,3/27,21.77,7.72,16.9,0.0,0.0,True,0.0,BW Hilfenhaus,Right hand Bat,Right arm Fast medium, ,Benjamin William Hilfenhaus,,,,,0.7323943661971832,0.9172012659310581,0.09417040358744394,60.56095923211176,
Basil Thampi,"Gujarat Lions, Mumbai Indians, Sunrisers Hyderabad",2017-2022,25,8.0,7.0,32.0,13*,32.0,35.0,91.42,0.0,0.0,0.0,1.0,1.0,25.0,86.5,1.0,846.0,22.0,3/29,38.45,9.74,23.6,0.0,0.0,True,13.0,Basil Thampi,Right hand Bat,Right arm Fast medium, ,Basil Thampi,,,,,0.37676056338028174,0.7745274142502779,0.09417040358744394,43.120191324692904,
Bipul Sharma,"Kings XI Punjab, Sunrisers Hyderabad",2010-2017,33,17.0,9.0,187.0,35*,23.37,123.0,152.03,0.0,0.0,0.0,11.0,9.0,28.0,71.0,0.0,572.0,17.0,2/13,33.64,8.05,25.0,0.0,0.0,True,35.0,Bipul Sharma,Left hand Bat,Slow Left arm Orthodox, ,Bipul Sharma,0.4758203799654577,0.6007530042807778,0.02015626769335296,40.56307704077935,0.6742957746478873,0.8156701736378411,0.07174887892376682,54.301274557713484,40.56307704077935
Brijesh Sharma,Rajasthan Royals,2026-2026,2,,,,-,,,,,,,,,2.0,7.0,0.0,54.0,3.0,2/37,18.0,7.71,14.0,0.0,0.0,False,,Brijesh Sharma,Right hand Bat,Right arm Medium,,Brijesh Sharma,,,,,,,,,
C Bosch,Mumbai Indians,2025-2026,4,3.0,1.0,58.0,27,29.0,36.0,161.11,0.0,0.0,0.0,5.0,3.0,3.0,10.1,0.0,94.0,2.0,1/26,47.0,9.24,30.5,0.0,0.0,False,27.0,C Bosch,Right hand Bat,Right arm Fast medium,,Corbin Bosch,,,,,,,,,
C Ganapathy,Chennai Super Kings,2010-2010,1,1.0,1.0,0.0,0*,,0.0,,0.0,0.0,0.0,0.0,0.0,1.0,1.0,0.0,13.0,0.0,-,,13.0,,0.0,0.0,True,0.0,C Ganapathy,Right hand Bat,Right arm Medium, ,Chandrasekar Ganapathy,,,,,,,,,
C Green,"Kolkata Knight Riders, Mumbai Indians, Royal Challengers Bengaluru",2023-2026,33,32.0,12.0,763.0,100*,38.15,498.0,153.21,1.0,2.0,0.0,67.0,34.0,30.0,75.1,0.0,692.0,17.0,2/12,40.7,9.2,26.5,0.0,0.0,True,100.0,C Green,Right hand Bat,Right arm Fast medium, ,Cameron Donald Green,0.7949050086355786,0.6068389292898035,0.08538104404937154,55.17008897180056,0.4718309859154932,0.7552818407321871,0.07174887892376682,45.10141530038181,45.10141530038181
C Madan,Mumbai Indians,2010-2010,1,1.0,0.0,15.0,15,15.0,19.0,78.94,0.0,0.0,0.0,3.0,0.0,,,,,,-,,,,,,False,15.0,C Madan,Right hand Bat, ,Wicketkeeper,Chandan Madan,,,,,,,,,
C Munro,"Delhi Capitals, Delhi Daredevils, Kolkata Knight Riders",2016-2019,13,12.0,0.0,177.0,40,14.75,141.0,125.53,0.0,0.0,2.0,19.0,8.0,2.0,2.0,0.0,15.0,0.0,-,,7.5,,0.0,0.0,False,40.0,C Munro,Left hand Bat,Right arm Medium fast, ,Colin Munro,0.28972366148531953,0.4640775697560473,0.01902389310383875,28.3072587284704,,,,,
C Nanda,Mumbai Indians,2009-2009,3,1.0,0.0,0.0,0,0.0,1.0,0.0,0.0,0.0,1.0,0.0,0.0,3.0,8.0,0.0,57.0,2.0,1/4,28.5,7.12,24.0,0.0,0.0,False,0.0,C Nanda,Right hand Bat,Legbreak, ,Chetanya Nanda,,,,,,,,,
C Sakariya,"Delhi Capitals, Kolkata Knight Riders, Rajasthan Royals",2021-2025,20,8.0,2.0,20.0,7,3.33,31.0,64.51,0.0,0.0,1.0,3.0,0.0,20.0,74.0,1.0,638.0,20.0,3/31,31.9,8.62,22.2,0.0,0.0,False,7.0,C Sakariya,Left hand Bat,Left arm Medium fast, ,Chetan Sakariya,,,,,0.5739436619718312,0.8305534171584981,0.08520179372197309,51.71345158122072,
C de Grandhomme,"Kolkata Knight Riders, Royal Challengers Bangalore",2017-2019,25,21.0,5.0,303.0,40,18.93,225.0,134.66,0.0,0.0,3.0,18.0,18.0,19.0,36.0,0.0,319.0,6.0,3/4,53.16,8.86,36.0,0.0,0.0,False,40.0,C de Grandhomme,Right hand Bat,Right arm Medium fast, ,Colin de Grandhomme,0.379965457685665,0.5111661251224922,0.03329181293171781,33.921728010006774,0.5316901408450706,0.6487041313831152,0.02242152466367713,41.98644526789682,33.921728010006774
CA Ingram,"Delhi Capitals, Delhi Daredevils",2011-2019,15,15.0,3.0,205.0,47,17.08,180.0,113.88,0.0,0.0,0.0,22.0,5.0,,,,,,-,,,,,,False,47.0,CA Ingram,Left hand Bat,Legbreak,Wicketkeeper,Colin Alexander Ingram,0.3400259067357513,0.40399195420083556,0.022194541954478543,28.295618215321262,,,,,
CA Lynn,"Deccan Chargers, Kolkata Knight Riders, Mumbai Indians",2012-2021,42,42.0,3.0,1329.0,93*,34.07,945.0,140.63,0.0,10.0,3.0,132.0,66.0,,,,,,-,,,,,,True,93.0,CA Lynn,Right hand Bat,Slow Left arm Orthodox, ,Christopher Austin Lynn,0.7068221070811744,0.5419567796173088,0.1494734458158759,50.97820771524968,,,,,
CA Pujara,"Kings XI Punjab, Kolkata Knight Riders, Royal Challengers Bangalore",2010-2014,30,22.0,3.0,390.0,51,20.52,391.0,99.74,0.0,1.0,1.0,50.0,4.0,,,,,,-,,,,,,False,51.0,CA Pujara,Right hand Bat,Legbreak, ,Cheteshwar Arvind Pujara,0.4142918825561312,0.3310640053638661,0.04314347186049145,29.23750228649285,,,,,
CH Gayle,"Kings XI Punjab, Kolkata Knight Riders, Punjab Kings, Royal Challengers Bangalore",2009-2021,142,141.0,16.0,4965.0,175*,39.72,3333.0,148.96,6.0,31.0,8.0,404.0,357.0,38.0,92.2,0.0,729.0,18.0,3/21,40.5,7.89,30.7,0.0,0.0,True,175.0,CH Gayle,Left hand Bat,Right arm Offbreak, ,Christopher Henry Gayle,0.8287996545768567,0.584919284130177,0.5612048465632431,67.65428229171154,0.7024647887323945,0.7569925583782396,0.07623318385650224,53.36800266456726,53.36800266456726
CH Morris,"Chennai Super Kings, Delhi Capitals, Delhi Daredevils, Rajasthan Royals, Royal Challengers Bangalore",2013-2021,81,51.0,23.0,618.0,82*,22.07,398.0,155.27,0.0,2.0,9.0,41.0,35.0,81.0,286.4,1.0,2295.0,95.0,4/23,24.15,8.0,18.1,4.0,0.0,True,82.0,CH Morris,Right hand Bat,Right arm Fast medium, ,Christopher Henry Morris,0.4477547495682211,0.6174635102377638,0.06896161250141547,41.245453153585956,0.6830985915492959,0.8968437259430331,0.42152466367713004,67.94372102254542,41.245453153585956
CJ Anderson,"Delhi Daredevils, Mumbai Indians, Royal Challengers Bangalore",2014-2018,30,29.0,7.0,538.0,95*,24.45,423.0,127.18,0.0,3.0,2.0,40.0,31.0,22.0,49.3,0.0,518.0,11.0,2/18,47.09,10.46,27.0,0.0,0.0,True,95.0,CJ Anderson,Left hand Bat,Left arm Medium fast, ,Corey James Anderson,0.49913644214162345,0.4725875496415494,0.05990261578530178,38.003587317751716,0.25,0.7006244119408092,0.04484304932735426,34.61714589774894,34.61714589774894
CJ Dala,Delhi Daredevils,2018-2018,1,,,,-,,,,,,,,,1.0,3.0,0.0,34.0,0.0,-,,11.33,,0.0,0.0,False,,CJ Dala,Right hand Bat,Right arm Medium, ,Carl Junior Dala,,,,,,,,,
CJ Ferguson,Pune Warriors,2011-2012,9,8.0,2.0,98.0,23,16.33,117.0,83.76,0.0,0.0,0.0,9.0,0.0,,,,,,-,,,,,,False,23.0,CJ Ferguson,Right hand Bat,Right arm Medium, ,Callum James Ferguson,,,,,,,,,
CJ Green,Kolkata Knight Riders,2020-2020,1,,,,-,,,,,,,,,1.0,2.5,0.0,24.0,0.0,-,,8.47,,0.0,0.0,False,,CJ Green,Right hand Bat,Right arm Offbreak, ,Christopher James Green,,,,,,,,,
CJ Jordan,"Chennai Super Kings, Kings XI Punjab, Mumbai Indians, Punjab Kings, Royal Challengers Bangalore, Sunrisers Hyderabad",2016-2023,34,13.0,3.0,81.0,30,8.1,77.0,105.19,0.0,0.0,1.0,3.0,3.0,34.0,111.2,1.0,1070.0,30.0,4/11,35.66,9.61,22.2,1.0,0.0,False,30.0,CJ Jordan,Right hand Bat,Right arm Fast medium, ,Christopher James Jordan,0.1461571675302245,0.35917272680385787,0.008153097044502322,18.621159565456562,0.39964788732394385,0.7983919254127106,0.13004484304932734,45.83273873726272,18.621159565456562
CJ McKay,Mumbai Indians,2012-2012,2,1.0,0.0,8.0,8,8.0,15.0,53.33,0.0,0.0,0.0,0.0,0.0,2.0,7.0,0.0,60.0,1.0,1/36,60.0,8.57,42.0,0.0,0.0,False,8.0,CJ McKay,Right hand Bat,Right arm Fast medium, ,Clinton James McKay,,,,,,,,,
CK Kapugedera,Chennai Super Kings,2008-2008,5,3.0,0.0,16.0,8,5.33,23.0,69.56,0.0,0.0,1.0,0.0,0.0,3.0,2.5,0.0,49.0,0.0,-,,17.29,,0.0,0.0,False,8.0,CK Kapugedera,Right hand Bat,Right arm Medium,Occasional Wicketkeeper,Chamara Kantha Kapugedera,,,,,,,,,
CK Langeveldt,"Kolkata Knight Riders, Royal Challengers Bangalore",2009-2011,7,2.0,0.0,8.0,8,4.0,9.0,88.88,0.0,0.0,1.0,0.0,1.0,7.0,26.0,0.0,187.0,13.0,3/15,14.38,7.19,12.0,0.0,0.0,False,8.0,CK Langeveldt,Right hand Bat,Right arm Fast medium, ,Charl Kenneth Langeveldt,,,,,,,,,
CL White,"Deccan Chargers, Royal Challengers Bangalore, Sunrisers Hyderabad",2008-2013,47,45.0,9.0,954.0,78,26.5,755.0,126.35,0.0,6.0,4.0,76.0,36.0,6.0,7.0,0.0,86.0,1.0,1/14,86.0,12.28,42.0,0.0,0.0,False,78.0,CL White,Right hand Bat,Legbreak Googly, ,Cameron Leon White,0.5433937823834197,0.4683067718809634,0.10700939870909297,40.80172327889784,,,,,
CM Gautam,"Delhi Daredevils, Mumbai Indians",2013-2015,13,13.0,3.0,169.0,33,16.9,150.0,112.66,0.0,0.0,0.0,17.0,6.0,,,,,,-,,,,,,False,33.0,CM Gautam,Right hand Bat, ,Wicketkeeper,Chidhambaram Muralidharen Gautam,0.33613989637305697,0.397699726649131,0.01811799343222738,27.81803612344754,,,,,
CPL Connolly,Punjab Kings,2026-2026,4,3.0,1.0,119.0,72*,59.5,78.0,152.56,0.0,1.0,0.0,12.0,5.0,,,,,,-,,,,,,True,72.0,,,,,,,,,,,,,,
CR Brathwaite,"Delhi Daredevils, Kolkata Knight Riders, Sunrisers Hyderabad",2016-2019,16,14.0,1.0,181.0,43*,13.92,111.0,163.06,0.0,0.0,0.0,10.0,16.0,16.0,42.2,0.0,379.0,13.0,3/47,29.15,8.95,19.5,0.0,0.0,True,43.0,CR Brathwaite,Right hand Bat,Right arm Fast medium, ,Carlos Ricardo Brathwaite,0.2718048359240069,0.6576409304244676,0.019476842939644433,34.37654707530775,0.5158450704225355,0.8540757847917202,0.053811659192825115,49.5615797082837,34.37654707530775
CR Woakes,"Delhi Capitals, Kolkata Knight Riders, Royal Challengers Bangalore",2017-2021,21,12.0,6.0,78.0,18,13.0,77.0,101.29,0.0,0.0,0.0,7.0,2.0,21.0,73.2,0.0,658.0,30.0,3/6,21.93,8.97,14.6,0.0,0.0,False,18.0,CR Woakes,Right hand Bat,Right arm Fast medium, ,Christopher Roger Woakes,0.25194300518134716,0.3390582288926712,0.007813384667648058,22.14009283518858,0.5123239436619718,0.9158326918142161,0.13004484304932734,53.88682753314639,22.14009283518858
CRD Fernando,Mumbai Indians,2008-2010,10,2.0,2.0,4.0,2*,,3.0,133.33,0.0,0.0,0.0,0.0,0.0,10.0,39.0,0.0,294.0,17.0,4/18,17.29,7.53,13.7,1.0,0.0,True,2.0,CRD Fernando,Right hand Bat,Right arm Fast medium, ,Congenige Randhi Dilhara Fernando,,,,,0.7658450704225352,0.9555213412026345,0.07174887892376682,62.40029077459395,
CV Varun,"Kings XI Punjab, Kolkata Knight Riders",2019-2026,86,14.0,9.0,26.0,10*,5.2,48.0,54.16,0.0,0.0,2.0,2.0,0.0,85.0,320.4,1.0,2464.0,100.0,5/20,24.64,7.68,19.2,1.0,1.0,True,10.0,CV Varun,Right hand Bat,Legbreak Googly, ,Varun Chakravarthy Vinod,0.08354922279792747,0.09598225798132963,0.001925036802174159,6.749473861317989,0.73943661971831,0.8926524677102045,0.4439461883408072,70.44150371022222,6.749473861317989
D Brevis,"Chennai Super Kings, Mumbai Indians",2022-2026,17,16.0,0.0,455.0,57,28.43,297.0,153.19,0.0,2.0,2.0,30.0,33.0,1.0,0.3,0.0,8.0,1.0,1/8,8.0,16.0,3.0,0.0,0.0,False,57.0,D Brevis,Right hand Bat,Legbreak, ,Dewald Brevis,0.5850604490500864,0.6067357780184641,0.05050390669233382,45.900767859958044,,,,,
D Ferreira,"Delhi Capitals, Rajasthan Royals",2024-2026,6,4.0,0.0,10.0,7,2.5,17.0,58.82,0.0,0.0,0.0,0.0,0.0,,,,,,-,,,,,,False,7.0,D Ferreira,Right hand Bat,Right arm Offbreak,Wicketkeeper,Donovan Ferreira,,,,,,,,,
D Jansen,Mumbai Indians,2023-2023,1,,,,-,,,,,,,,,1.0,4.0,0.0,53.0,1.0,1/53,53.0,13.25,24.0,0.0,0.0,False,,D Jansen,Right hand Bat,Left arm Fast,,Duan Jansen,,,,,,,,,
D Kalyankrishna,Deccan Chargers,2008-2008,3,1.0,0.0,3.0,3,3.0,8.0,37.5,0.0,0.0,0.0,0.0,0.0,3.0,8.0,0.0,87.0,2.0,1/30,43.5,10.87,24.0,0.0,0.0,False,3.0,D Kalyankrishna,Right hand Bat,Right arm Medium fast, ,Doddapaneni Kalyankrishna,,,,,,,,,
D Padikkal,"Lucknow Super Giants, Rajasthan Royals, Royal Challengers Bangalore, Royal Challengers Bengaluru",2020-2026,78,77.0,3.0,1931.0,101*,26.09,1492.0,129.42,1.0,13.0,6.0,205.0,62.0,,,,,,-,,,,,,True,101.0,D Padikkal,Left hand Bat,Right arm Offbreak, ,Devdutt Padikkal,0.5345423143350604,0.4841404920315643,0.2176423961046314,43.767669697122955,,,,,
D Pretorius,Chennai Super Kings,2022-2023,7,5.0,1.0,44.0,22,11.0,28.0,157.14,0.0,0.0,1.0,3.0,3.0,7.0,25.0,0.0,238.0,6.0,2/30,39.66,9.52,25.0,0.0,0.0,False,22.0,D Pretorius,Right hand Bat,Right arm Medium fast, ,Dwaine Pretorius,,,,,,,,,
D Salunkhe,Rajasthan Royals,2008-2008,6,3.0,1.0,33.0,26*,16.5,24.0,137.5,0.0,0.0,0.0,5.0,0.0,5.0,8.0,0.0,78.0,1.0,1/21,78.0,9.75,48.0,0.0,0.0,True,26.0,D Salunkhe,Right hand Bat,Legbreak, ,Dinesh Salunkhe,,,,,,,,,
D Wiese,"Kolkata Knight Riders, Royal Challengers Bangalore",2015-2023,18,11.0,6.0,148.0,47*,29.6,101.0,146.53,0.0,0.0,0.0,12.0,7.0,15.0,49.2,0.0,440.0,16.0,4/33,27.5,8.91,18.5,1.0,0.0,True,47.0,D Wiese,Right hand Bat,Right arm Medium fast, ,David Wiese,0.6103195164075994,0.5723864046624375,0.015740006794247537,44.83980498934548,0.522887323943662,0.8681892053716533,0.06726457399103139,50.70561574576698,44.83980498934548
D du Preez,Royal Challengers Bangalore,2009-2009,2,1.0,0.0,10.0,10,10.0,13.0,76.92,0.0,0.0,0.0,0.0,0.0,2.0,7.0,1.0,56.0,4.0,3/32,14.0,8.0,10.5,0.0,0.0,False,10.0,D du Preez,Right hand Bat,Right arm Fast medium, ,Dillon du Preez,,,,,,,,,
DA Miller,"Delhi Capitals, Gujarat Titans, Kings XI Punjab, Lucknow Super Giants, Rajasthan Royals",2012-2026,145,138.0,51.0,3156.0,101*,36.27,2272.0,138.9,1.0,13.0,4.0,228.0,142.0,,,,,,-,,,,,,True,101.0,DA Miller,Left hand Bat,Right arm Offbreak, ,David Andrew Miller,0.7543177892918826,0.5330341946464491,0.3563582833201223,57.73786546730408,,,,,
DA Payne,Sunrisers Hyderabad,2026-2026,2,1.0,1.0,6.0,6*,,5.0,120.0,0.0,0.0,0.0,0.0,0.0,2.0,5.0,0.0,70.0,2.0,2/35,35.0,14.0,15.0,0.0,0.0,True,6.0,DA Payne,Right hand Bat,Left arm Fast medium,,David Alan Payne,,,,,,,,,
DA Warner,"Delhi Capitals, Delhi Daredevils, Sunrisers Hyderabad",2009-2024,184,184.0,22.0,6565.0,126,40.52,4697.0,139.77,4.0,62.0,11.0,663.0,236.0,1.0,0.1,0.0,2.0,0.0,-,,12.0,,0.0,0.0,False,126.0,DA Warner,Left hand Bat,Legbreak, ,David Andrew Warner,0.8460708117443869,0.5375212749497139,0.742384780885517,71.21569661515339,,,,,
DAJ Bracewell,Delhi Daredevils,2012-2012,1,1.0,1.0,12.0,12*,,9.0,133.33,0.0,0.0,0.0,1.0,0.0,1.0,4.0,0.0,32.0,3.0,3/32,10.66,8.0,8.0,0.0,0.0,True,12.0,DAJ Bracewell,Right hand Bat,Right arm Fast medium, ,Douglas Andrew John Bracewell,,,,,,,,,
DB Das,Kolkata Knight Riders,2008-2013,31,22.0,8.0,304.0,35*,21.71,261.0,116.47,0.0,0.0,1.0,23.0,16.0,,,,,,-,,,,,,True,35.0,DB Das,Right hand Bat,Legbreak Googly, ,Debabrata Baidya Das,0.4399827288428325,0.41735004383929036,0.03340505039066923,33.0416869478552,,,,,
DB Ravi Teja,"Deccan Chargers, Sunrisers Hyderabad",2008-2013,32,25.0,6.0,375.0,60,19.73,317.0,118.29,0.0,1.0,1.0,35.0,9.0,2.0,3.0,0.0,28.0,1.0,1/19,28.0,9.33,18.0,0.0,0.0,False,60.0,DB Ravi Teja,Right hand Bat,Legbreak Googly, ,Dwaraka Bhamidipati Ravi Teja,0.3972366148531951,0.42673680953117754,0.041444909976220135,31.86137567712452,,,,,
DC Jurel,Rajasthan Royals,2023-2026,46,39.0,12.0,856.0,81*,31.7,539.0,158.81,0.0,6.0,3.0,68.0,46.0,,,,,,-,,,,,,True,81.0,,,,,,0.6556563039723661,0.635721285264841,0.0959121277318537,50.87430033646042,,,,,
DE Bollinger,Chennai Super Kings,2010-2012,27,4.0,3.0,21.0,16*,21.0,23.0,91.3,0.0,0.0,0.0,1.0,1.0,27.0,96.0,3.0,693.0,37.0,4/13,18.72,7.21,15.5,1.0,0.0,True,16.0,DE Bollinger,Left hand Bat,Left arm Fast medium, ,Douglas Erwin Bollinger,,,,,0.8221830985915494,0.943289710033359,0.16143497757847533,66.63459762922605,
DG Nalkande,Gujarat Titans,2022-2024,6,2.0,0.0,12.0,12,6.0,12.0,100.0,0.0,0.0,1.0,0.0,1.0,6.0,14.0,0.0,148.0,6.0,2/21,24.66,10.57,14.0,0.0,0.0,False,12.0,DG Nalkande,Right hand Bat,Right arm Fast medium, ,Darshan Girish Nalkande,,,,,,,,,
DH Yagnik,Rajasthan Royals,2011-2014,25,17.0,7.0,170.0,34,17.0,137.0,124.08,0.0,0.0,1.0,23.0,2.0,,,,,,-,,,,,,False,34.0,DH Yagnik,Left hand Bat, , ,Dishant Harendra Yagnik,0.3382987910189983,0.4565991025839394,0.018231230891178802,29.96870100347728,,,,,
DJ Bravo,"Chennai Super Kings, Gujarat Lions, Mumbai Indians",2008-2022,161,113.0,44.0,1560.0,70*,22.6,1204.0,129.56,0.0,5.0,5.0,120.0,66.0,158.0,519.5,3.0,4360.0,183.0,4/22,23.82,8.38,17.0,2.0,0.0,True,70.0,DJ Bravo,Right hand Bat,Right arm Medium, ,Dwayne John Bravo,0.4591968911917099,0.4848625509309403,0.17563129883365416,39.72884740109266,0.6161971830985915,0.8996664100590197,0.8161434977578476,77.5395306932518,39.72884740109266
DJ Harris,Deccan Chargers,2012-2012,4,4.0,0.0,111.0,47,27.75,101.0,109.9,0.0,0.0,0.0,11.0,5.0,2.0,3.0,0.0,26.0,0.0,-,,8.66,,0.0,0.0,False,47.0,DJ Harris,Right hand Bat,Right arm Medium, ,Daniel Joseph Harris,,,,,,,,,
DJ Hooda,"Chennai Super Kings, Kings XI Punjab, Lucknow Super Giants, Punjab Kings, Rajasthan Royals, Sunrisers Hyderabad",2015-2025,125,101.0,16.0,1496.0,64,17.6,1172.0,127.64,0.0,8.0,5.0,98.0,62.0,34.0,63.1,0.0,546.0,10.0,2/16,54.6,8.64,37.9,0.0,0.0,False,64.0,DJ Hooda,Right hand Bat,Right arm Offbreak, ,Deepak Jagbir Hooda,0.351252158894646,0.474960028882356,0.1683841014607632,34.88328990318738,0.5704225352112675,0.636386964331537,0.04035874439461883,43.449094815836716,34.88328990318738
DJ Hussey,"Chennai Super Kings, Kings XI Punjab, Kolkata Knight Riders",2008-2014,64,61.0,12.0,1322.0,71,26.97,1075.0,122.97,0.0,5.0,4.0,90.0,60.0,26.0,52.5,0.0,474.0,8.0,2/2,59.25,8.97,39.6,0.0,0.0,False,71.0,DJ Hussey,Right hand Bat,Right arm Offbreak, ,David John Hussey,0.5535405872193437,0.4508742070246016,0.14868078360321593,41.6392403247152,0.5123239436619718,0.596612779060816,0.03139013452914798,39.75448933117201,39.75448933117201
DJ Jacobs,Mumbai Indians,2011-2012,7,7.0,0.0,92.0,32,13.14,98.0,93.87,0.0,0.0,1.0,10.0,4.0,,,,,,-,,,,,,False,32.0,DJ Jacobs,Right hand Bat,Right arm Medium,Wicketkeeper,David Johan Jacobs,,,,,,,,,
DJ Malan,Punjab Kings,2021-2021,1,1.0,0.0,26.0,26,26.0,26.0,100.0,0.0,0.0,0.0,1.0,1.0,,,,,,-,,,,,,False,26.0,DJ Malan,Left hand Bat,Legbreak, ,Dawid Johannes Malan,,,,,,,,,
DJ Mitchell,"Chennai Super Kings, Rajasthan Royals",2022-2024,15,15.0,2.0,351.0,63,27.0,267.0,131.46,0.0,2.0,0.0,28.0,10.0,4.0,8.0,0.0,97.0,1.0,1/18,97.0,12.12,48.0,0.0,0.0,False,63.0,DJ Mitchell,Right hand Bat,Right arm Medium, ,Daryl Joseph Mitchell,0.5541882556131261,0.4946619217081851,0.038727210961386024,40.44887775834617,,,,,
DJ Muthuswami,Delhi Daredevils,2015-2015,6,2.0,1.0,1.0,1,1.0,3.0,33.33,0.0,0.0,0.0,0.0,0.0,6.0,14.0,0.0,101.0,4.0,2/18,25.25,7.21,21.0,0.0,0.0,False,1.0,DJ Muthuswami,Right hand Bat,Right arm Medium, ,Domnic Joseph Muthuswami,,,,,,,,,
DJ Thornely,Mumbai Indians,2008-2008,6,4.0,2.0,39.0,30,19.5,53.0,73.58,0.0,0.0,0.0,2.0,2.0,4.0,7.0,0.0,40.0,3.0,2/7,13.33,5.71,14.0,0.0,0.0,False,30.0,DJ Thornely,Right hand Bat,"Right arm Medium, Right arm Offbreak", ,Dominic John Thornely,,,,,,,,,
DJ Willey,"Chennai Super Kings, Royal Challengers Bangalore",2018-2023,11,5.0,3.0,53.0,20*,26.5,62.0,85.48,0.0,0.0,1.0,7.0,0.0,11.0,36.0,1.0,272.0,6.0,2/16,45.33,7.55,36.0,0.0,0.0,True,20.0,DJ Willey,Left hand Bat,Left arm Fast medium, ,David Jonathan Willey,,,,,0.762323943661972,0.7156787272260714,0.02242152466367713,52.402739220991826,
DJG Sammy,"Royal Challengers Bangalore, Sunrisers Hyderabad",2013-2015,22,20.0,5.0,295.0,60,19.66,241.0,122.4,0.0,1.0,2.0,15.0,18.0,19.0,39.2,0.0,350.0,11.0,4/22,31.81,8.89,21.4,1.0,0.0,False,60.0,DJG Sammy,Right hand Bat,Right arm Medium, ,Daren Julius Garvey Sammy,0.39572538860103623,0.4479343957914282,0.032385913260106446,32.3163672282441,0.5264084507042253,0.8313232400992216,0.04484304932735426,48.86590065794127,32.3163672282441
DJM Short,Rajasthan Royals,2018-2018,7,7.0,0.0,115.0,44,16.42,99.0,116.16,0.0,0.0,0.0,11.0,5.0,2.0,3.0,0.0,19.0,1.0,1/10,19.0,6.33,18.0,0.0,0.0,False,44.0,DJM Short,Left hand Bat,Left arm Wrist spin, ,D'Arcy John Matthew Short,,,,,,,,,
DL Chahar,"Chennai Super Kings, Mumbai Indians, Rising Pune Supergiant, Rising Pune Supergiants",2016-2026,97,18.0,10.0,123.0,39,15.37,89.0,138.2,0.0,0.0,4.0,6.0,8.0,97.0,323.1,7.0,2639.0,89.0,4/13,29.65,8.16,21.7,2.0,0.0,False,39.0,DL Chahar,Right hand Bat,Right arm Medium, ,Deepak Lokandersingh Chahar,0.3031088082901554,0.5294239001495693,0.01290907032046201,30.976915594852695,0.6549295774647887,0.8497989906765888,0.39461883408071746,64.50406490736972,30.976915594852695
DL Vettori,"Delhi Daredevils, Royal Challengers Bangalore",2008-2012,34,17.0,9.0,121.0,29,15.12,113.0,107.07,0.0,0.0,1.0,11.0,2.0,34.0,129.3,0.0,879.0,28.0,3/15,31.39,6.78,27.7,0.0,0.0,False,29.0,DL Vettori,Left hand Bat,Slow Left arm Orthodox, ,Daniel Luca Vettori,0.2977115716753022,0.36886894630976325,0.012682595402559166,25.13594087291778,0.897887323943662,0.8349157471559319,0.1210762331838565,64.28039448400148,25.13594087291778
DM Bravo,Kolkata Knight Riders,2017-2017,1,1.0,1.0,6.0,6*,,5.0,120.0,0.0,0.0,0.0,1.0,0.0,,,,,,-,,,,,,True,6.0,DM Bravo,Left hand Bat,Right arm Medium,Occasional Wicketkeeper,Darren Michael Bravo,,,,,,,,,
DNT Zoysa,Deccan Chargers,2008-2008,3,2.0,1.0,11.0,10*,11.0,9.0,122.22,0.0,0.0,0.0,1.0,0.0,3.0,11.0,0.0,99.0,2.0,1/30,49.5,9.0,33.0,0.0,0.0,True,10.0,DNT Zoysa,Left hand Bat,Left arm Fast medium, ,Demuni Nuwan Tharanga Zoysa,,,,,,,,,
DP Conway,Chennai Super Kings,2022-2025,29,28.0,3.0,1080.0,92*,43.2,773.0,139.71,0.0,11.0,3.0,116.0,34.0,,,,,,-,,,,,,True,92.0,DP Conway,Left hand Bat,Right arm Medium,Occasional Wicketkeeper,Devon Philip Conway,0.9039291882556132,0.5372118211356955,0.12127731853697203,57.99151423339818,,,,,
DP Nannes,"Chennai Super Kings, Delhi Daredevils, Royal Challengers Bangalore",2009-2013,29,3.0,2.0,4.0,3,4.0,13.0,30.76,0.0,0.0,0.0,0.0,0.0,29.0,107.3,1.0,785.0,28.0,3/27,28.03,7.3,23.0,0.0,0.0,False,3.0,DP Nannes,Right hand Bat,Left arm Fast, ,Dirk Peter Nannes,,,,,0.8063380281690142,0.8636558036096142,0.1210762331838565,62.08207110776769,
DP Vijaykumar,Deccan Chargers,2008-2008,9,2.0,2.0,1.0,1*,,1.0,100.0,0.0,0.0,0.0,0.0,0.0,9.0,25.2,0.0,199.0,4.0,1/17,49.75,7.85,38.0,0.0,0.0,True,1.0,DP Vijaykumar,Right hand Bat,Right arm Medium, ,David Paidikalva Vijaykumar,,,,,,,,,
DPMD Jayawardene,"Delhi Daredevils, Kings XI Punjab, Kochi Tuskers Kerala",2008-2013,80,78.0,15.0,1802.0,110*,28.6,1462.0,123.25,1.0,10.0,2.0,200.0,39.0,,,,,,-,,,,,,True,110.0,DPMD Jayawardene,Right hand Bat,Right arm Medium, ,Denagamage Proboth Mahela de Silva Jayawardene,0.5887305699481866,0.4523183248233535,0.20303476389989808,44.45623326424229,,,,,
DR Martyn,Rajasthan Royals,2010-2010,1,1.0,0.0,19.0,19,19.0,24.0,79.16,0.0,0.0,0.0,1.0,0.0,,,,,,-,,,,,,False,19.0,DR Martyn,Right hand Bat,Right arm Medium, ,Damien Richard Martyn,,,,,,,,,
DR Sams,"Delhi Capitals, Mumbai Indians, Royal Challengers Bangalore",2020-2022,16,13.0,4.0,44.0,15,4.88,44.0,100.0,0.0,0.0,3.0,1.0,3.0,16.0,60.0,0.0,523.0,14.0,4/30,37.35,8.71,25.7,1.0,0.0,False,15.0,DR Sams,Right hand Bat,Left arm Fast medium, ,Daniel Richard Sams,0.07664075993091536,0.3324049718912786,0.003963311063299739,14.798887190013858,0.5580985915492958,0.7839363613035668,0.05829596412556054,48.720102273617,14.798887190013858
DR Shorey,Chennai Super Kings,2018-2019,2,2.0,0.0,13.0,8,6.5,17.0,76.47,0.0,0.0,0.0,0.0,1.0,,,,,,-,,,,,,False,8.0,DR Shorey,Right hand Bat,Right arm Offbreak, ,Dhruv Ranjan Shorey,,,,,,,,,
DR Smith,"Chennai Super Kings, Deccan Chargers, Gujarat Lions, Mumbai Indians",2008-2017,91,89.0,5.0,2385.0,87*,28.39,1764.0,135.2,0.0,17.0,8.0,245.0,117.0,46.0,89.5,0.0,810.0,26.0,4/8,31.15,9.01,20.7,1.0,0.0,True,87.0,DR Smith,Right hand Bat,Right arm Medium, ,Dwayne Romel Smith,0.5841968911917099,0.5139512094486565,0.2690522024685766,48.08247304008579,0.5052816901408452,0.8369686083311949,0.11210762331838565,50.341989146072976,48.08247304008579
DS Kulkarni,"Gujarat Lions, Mumbai Indians, Rajasthan Royals",2008-2021,92,23.0,14.0,104.0,28*,11.55,108.0,96.29,0.0,0.0,0.0,7.0,2.0,92.0,297.5,8.0,2474.0,86.0,4/14,28.76,8.3,20.7,1.0,0.0,True,28.0,DS Kulkarni,Right hand Bat,Right arm Medium, ,Dhawal Sunil Kulkarni,0.22063903281519864,0.31327041105781633,0.010757558600385008,20.05896466464114,0.630281690140845,0.8574116842015225,0.3811659192825112,63.50424568045819,20.05896466464114
DS Lehmann,Rajasthan Royals,2008-2008,2,2.0,0.0,18.0,17,9.0,18.0,100.0,0.0,0.0,0.0,3.0,0.0,,,,,,-,,,,,,False,17.0,DS Lehmann,Left hand Bat,Slow Left arm Orthodox, ,Darren Scott Lehmann,,,,,,,,,
DS Rathi,Lucknow Super Giants,2025-2026,16,2.0,1.0,1.0,1,1.0,3.0,33.33,0.0,0.0,0.0,0.0,0.0,16.0,64.0,0.0,531.0,17.0,2/30,31.23,8.29,22.5,0.0,0.0,False,1.0,DS Rathi,Right hand Bat,Legbreak,,Digvesh Singh Rathi,,,,,0.632042253521127,0.836284321272774,0.07174887892376682,53.54389648549953,
DT Christian,"Deccan Chargers, Delhi Daredevils, Rising Pune Supergiant, Royal Challengers Bangalore",2011-2021,49,41.0,10.0,460.0,39,14.83,398.0,115.57,0.0,0.0,2.0,23.0,19.0,49.0,147.1,0.0,1192.0,38.0,2/10,31.36,8.09,23.2,0.0,0.0,False,39.0,DT Christian,Right hand Bat,Right arm Fast medium, ,Daniel Trevor Christian,0.2914507772020725,0.41270823662901646,0.05107009398709093,27.379571719775747,0.6672535211267607,0.8351723548028398,0.16591928251121077,57.562484132872335,27.379571719775747
DT Patil,Royal Challengers Bangalore,2008-2008,2,2.0,0.0,13.0,9,6.5,13.0,100.0,0.0,0.0,0.0,1.0,0.0,,,,,,-,,,,,,False,9.0,DT Patil,Right hand Bat, ,Wicketkeeper,Devraj Thyagaraj Patil,,,,,,,,,
DW Steyn,"Deccan Chargers, Gujarat Lions, Royal Challengers Bangalore, Sunrisers Hyderabad",2008-2020,95,37.0,15.0,167.0,19*,7.59,160.0,104.37,0.0,0.0,5.0,14.0,3.0,95.0,362.4,7.0,2508.0,97.0,3/8,25.85,6.91,22.4,0.0,0.0,True,19.0,DW Steyn,Right hand Bat,Right arm Fast, ,Dale Willem Steyn,0.135146804835924,0.35494352467894175,0.01789151851432454,18.276183520058034,0.875,0.8823026259515867,0.4304932735426009,74.42039011458357,18.276183520058034
E Lewis,"Lucknow Super Giants, Mumbai Indians, Rajasthan Royals",2018-2022,27,26.0,2.0,654.0,65,27.25,477.0,137.1,0.0,4.0,2.0,62.0,36.0,,,,,,-,,,,,,False,65.0,E Lewis,Left hand Bat, , ,Evin Lewis,0.5595854922279793,0.5237505802259013,0.07303816102366663,42.54064402261738,,,,,
E Malinga,Sunrisers Hyderabad,2025-2026,11,,,,-,,,,,,,,,11.0,37.4,0.0,363.0,16.0,3/31,22.68,9.63,14.1,0.0,0.0,False,,E Malinga,Left hand Bat,Right arm Fast medium,,Kiribathgala Kankanamalage Eshan Malinga Dharmasena,,,,,0.39612676056338025,0.9094175006415192,0.06726457399103139,47.71198636190242,
EJG Morgan,"Kings XI Punjab, Kolkata Knight Riders, Royal Challengers Bangalore, Sunrisers Hyderabad",2010-2021,83,75.0,13.0,1405.0,68*,22.66,1146.0,122.6,0.0,5.0,6.0,112.0,64.0,,,,,,-,,,,,,True,68.0,EJG Morgan,Left hand Bat,Right arm Medium,Occasional Wicketkeeper,Eoin Joseph Gerard Morgan,0.4604922279792746,0.4489659085048223,0.1580794926961839,38.08548323424436,,,,,
ER Dwivedi,Gujarat Lions,2016-2016,4,2.0,0.0,24.0,19,12.0,14.0,171.42,0.0,0.0,0.0,2.0,2.0,,,,,,-,,,,,,False,19.0,ER Dwivedi,Right hand Bat, ,Wicketkeeper,Eklavya Rakesh Dwivedi,,,,,,,,,
F Behardien,Kings XI Punjab,2016-2016,3,3.0,1.0,14.0,9*,7.0,13.0,107.69,0.0,0.0,1.0,2.0,0.0,,,,,,-,,,,,,True,9.0,F Behardien,Right hand Bat,Right arm Fast medium, ,Farhaan Behardien,,,,,,,,,
F du Plessis,"Chennai Super Kings, Delhi Capitals, Rising Pune Supergiant, Rising Pune Supergiants, Royal Challengers Bangalore, Royal Challengers Bengaluru",2012-2025,154,147.0,11.0,4773.0,96,35.09,3515.0,135.78,0.0,39.0,7.0,439.0,174.0,1.0,1.0,0.0,16.0,0.0,-,,16.0,,0.0,0.0,False,96.0,F du Plessis,Right hand Bat,Legbreak, ,Francois du Plessis,0.7288428324697755,0.5169425963174997,0.5394632544445702,60.73328553101776,,,,,
FA Allen,"Mumbai Indians, Punjab Kings",2021-2022,5,4.0,2.0,14.0,8,7.0,19.0,73.68,0.0,0.0,0.0,1.0,0.0,4.0,15.0,1.0,136.0,2.0,1/22,68.0,9.06,45.0,0.0,0.0,False,8.0,FA Allen,Right hand Bat,Slow Left arm Orthodox, ,Fabian Anthony Allen,,,,,,,,,
FH Allen,Kolkata Knight Riders,2026-2026,4,4.0,0.0,80.0,37,20.0,39.0,205.12,0.0,0.0,0.0,13.0,4.0,,,,,,-,,,,,,False,37.0,FH Allen,Right hand Bat,,,Finnley Hugh Allen,,,,,,,,,
FH Edwards,Deccan Chargers,2009-2009,6,2.0,1.0,4.0,3*,4.0,5.0,80.0,0.0,0.0,0.0,0.0,0.0,6.0,23.2,1.0,154.0,5.0,2/27,30.8,6.6,28.0,0.0,0.0,True,3.0,FH Edwards,Right hand Bat,Right arm Fast, ,Fidel Henderson Edwards,,,,,,,,,
FY Fazal,Rajasthan Royals,2010-2011,12,11.0,1.0,183.0,45,18.3,173.0,105.78,0.0,0.0,1.0,22.0,1.0,2.0,2.0,0.0,20.0,0.0,-,,10.0,,0.0,0.0,False,45.0,FY Fazal,Left hand Bat,Right arm Medium, ,Faiz Yakub Fazal,0.3663644214162349,0.3622156893083708,0.019703317857547278,27.824708928881055,,,,,
Fazalhaq Farooqi,"Rajasthan Royals, Sunrisers Hyderabad",2022-2025,12,3.0,3.0,5.0,2*,,15.0,33.33,0.0,0.0,0.0,0.0,0.0,12.0,42.2,0.0,437.0,6.0,2/32,72.83,10.32,42.3,0.0,0.0,True,2.0,Fazalhaq Farooqi,Right hand Bat,Left arm Fast medium, ,Fazalhaq Farooqi,,,,,0.27464788732394374,0.48045505089385,0.02242152466367713,27.101248577533095,
G Coetzee,"Gujarat Titans, Mumbai Indians",2024-2025,14,7.0,1.0,31.0,12,5.16,33.0,93.93,0.0,0.0,1.0,2.0,2.0,14.0,45.3,0.0,472.0,15.0,4/34,31.46,10.37,18.2,1.0,0.0,False,12.0,G Coetzee,Right hand Bat,Right arm Fast,,Gerald Coetzee,,,,,0.26584507042253547,0.8343169959798136,0.06278026905829596,40.389080395831094,
G Gambhir,"Delhi Daredevils, Kolkata Knight Riders",2008-2018,154,152.0,16.0,4217.0,93,31.0,3404.0,123.88,0.0,36.0,12.0,492.0,59.0,,,,,,-,,,,,,False,93.0,G Gambhir,Left hand Bat,Legbreak, ,Gautam Gambhir,0.6405440414507773,0.4555675898705452,0.4765032272675801,53.47920798518967,,,,,
GB Hogg,"Kolkata Knight Riders, Rajasthan Royals",2012-2016,21,6.0,3.0,22.0,13,7.33,22.0,100.0,0.0,0.0,0.0,1.0,0.0,21.0,76.2,1.0,570.0,23.0,4/29,24.78,7.46,19.9,1.0,0.0,False,13.0,GB Hogg,Left hand Bat,Left arm Wrist spin, ,George Bradley Hogg,,,,,0.7781690140845071,0.8914549653579676,0.09865470852017937,61.396480536092,
GC Smith,"Pune Warriors, Rajasthan Royals",2008-2011,29,29.0,3.0,739.0,91,28.42,668.0,110.62,0.0,4.0,3.0,94.0,9.0,,,,,,-,,,,,,False,91.0,GC Smith,Left hand Bat,Right arm Offbreak, ,Graeme Craig Smith,0.5848445595854923,0.38717829697251027,0.08266334503453743,39.01160640332099,,,,,
GC Viljoen,Kings XI Punjab,2019-2019,6,3.0,1.0,3.0,2*,1.5,7.0,42.85,0.0,0.0,1.0,0.0,0.0,6.0,23.0,0.0,222.0,7.0,2/39,31.71,9.65,19.7,0.0,0.0,True,2.0,GC Viljoen,Right hand Bat,Right arm Fast, ,GC Viljoen,,,,,,,,,
GD McGrath,Delhi Daredevils,2008-2008,14,3.0,2.0,4.0,4*,4.0,5.0,80.0,0.0,0.0,1.0,1.0,0.0,14.0,54.0,2.0,357.0,12.0,4/29,29.75,6.61,27.0,1.0,0.0,True,4.0,GD McGrath,Right hand Bat,Right arm Fast medium, ,Glenn Donald McGrath,,,,,0.9278169014084507,0.8489436318535626,0.04932735426008968,63.66643929197314,
GD Phillips,"Gujarat Titans, Rajasthan Royals, Sunrisers Hyderabad",2021-2026,12,11.0,2.0,107.0,25,11.88,85.0,125.88,0.0,0.0,1.0,5.0,8.0,4.0,5.0,0.0,40.0,2.0,1/10,20.0,8.0,15.0,0.0,0.0,False,25.0,GD Phillips,Right hand Bat,Right arm Offbreak,Wicketkeeper,Glenn Dominic Phillips,0.22776338514680486,0.4658827170044871,0.011097270977239271,25.693862275460223,,,,,
GF Linde,Lucknow Super Giants,2026-2026,1,1.0,0.0,16.0,16,16.0,10.0,160.0,0.0,0.0,0.0,3.0,0.0,1.0,3.0,0.0,28.0,0.0,-,,9.33,,0.0,0.0,False,16.0,GF Linde,Left hand Bat,Slow Left arm Orthodox,,George Fredrik Linde,,,,,,,,,
GH Vihari,"Delhi Capitals, Sunrisers Hyderabad",2013-2019,24,23.0,3.0,284.0,46,14.2,321.0,88.47,0.0,0.0,0.0,23.0,1.0,6.0,7.0,0.0,47.0,1.0,1/5,47.0,6.71,42.0,0.0,0.0,False,46.0,GH Vihari,Right hand Bat,Right arm Offbreak, ,Gade Hanuma Vihari,0.2778497409326425,0.27293826396410337,0.03114030121164081,21.445336406340335,,,,,
GHS Garton,Royal Challengers Bangalore,2021-2021,5,3.0,2.0,2.0,2*,2.0,4.0,50.0,0.0,0.0,1.0,0.0,0.0,5.0,15.0,0.0,135.0,3.0,1/27,45.0,9.0,30.0,0.0,0.0,True,2.0,GHS Garton,Left hand Bat,Left arm Fast, ,George Henry Simmons Garton,,,,,,,,,
GJ Bailey,"Chennai Super Kings, Kings XI Punjab, Rising Pune Supergiants",2009-2016,40,37.0,10.0,663.0,61*,24.55,544.0,121.87,0.0,2.0,1.0,59.0,19.0,,,,,,-,,,,,,True,61.0,GJ Bailey,Right hand Bat,Right arm Medium, ,George John Bailey,0.5012953367875648,0.4452008871009336,0.07405729815422941,37.485276973891,,,,,
GJ Maxwell,"Delhi Daredevils, Kings XI Punjab, Mumbai Indians, Punjab Kings, Royal Challengers Bangalore, Royal Challengers Bengaluru",2012-2025,141,135.0,17.0,2819.0,95,23.88,1817.0,155.14,0.0,18.0,19.0,237.0,161.0,85.0,170.2,1.0,1413.0,41.0,2/15,34.46,8.29,24.9,0.0,0.0,False,95.0,GJ Maxwell,Right hand Bat,Right arm Offbreak, ,Glenn James Maxwell,0.4868307426597581,0.6167930269740575,0.3181972596534934,49.01591714181968,0.632042253521127,0.8086562312890258,0.17937219730941703,55.80561288763786,49.01591714181968
GR Napier,Mumbai Indians,2009-2009,1,1.0,0.0,15.0,15,15.0,16.0,93.75,0.0,0.0,0.0,1.0,0.0,1.0,4.0,0.0,27.0,1.0,1/27,27.0,6.75,24.0,0.0,0.0,False,15.0,GR Napier,Right hand Bat,Right arm Medium, ,Graham Richard Napier,,,,,,,,,
GS Sandhu,Delhi Daredevils,2015-2015,3,,,,-,,,,,,,,,2.0,8.0,0.0,82.0,1.0,1/33,82.0,10.25,48.0,0.0,0.0,False,,GS Sandhu,Left hand Bat,Right arm Fast medium, ,Gurinder Singh Sandhu,,,,,,,,,
Gagandeep Singh,Kings XI Punjab,2008-2008,4,,,,-,,,,,,,,,4.0,14.0,0.0,141.0,3.0,1/33,47.0,10.07,28.0,0.0,0.0,False,,Gagandeep Singh,Right hand Bat,Right arm Medium fast, ,Gagandeep Singh,,,,,,,,,
Gulbadin Naib,Delhi Capitals,2024-2024,2,1.0,0.0,19.0,19,19.0,15.0,126.66,0.0,0.0,0.0,1.0,1.0,1.0,1.0,0.0,12.0,0.0,-,,12.0,,0.0,0.0,False,19.0,Gulbadin Naib,Right hand Bat,Right arm Medium fast,,Gulbadin Naib,,,,,,,,,
Gurjapneet Singh,Chennai Super Kings,2026-2026,1,,,,-,,,,,,,,,1.0,4.0,0.0,39.0,1.0,1/39,39.0,9.75,24.0,0.0,0.0,False,,Gurjapneet Singh,Right hand Bat,Left arm Medium fast,,Gurjapneet Singh,,,,,,,,,
Gurkeerat Singh,"Kings XI Punjab, Royal Challengers Bangalore",2012-2020,41,32.0,8.0,511.0,65,21.29,422.0,121.09,0.0,2.0,4.0,55.0,11.0,6.0,13.0,0.0,97.0,5.0,2/15,19.4,7.46,15.6,0.0,0.0,False,65.0,Gurkeerat Singh,Right hand Bat,Right arm Offbreak, ,Gurkeerat Rupinder Singh,0.4309153713298791,0.44117798751869625,0.05684520439361341,34.09897452618987,,,,,
Gurnoor Brar,Punjab Kings,2023-2023,1,,,,-,,,,,,,,,1.0,3.0,0.0,42.0,0.0,-,,14.0,,0.0,0.0,False,,Gurnoor Brar,Left hand Bat,Right arm Fast, ,Gurnoor Brar,,,,,,,,,
H Das,Deccan Chargers,2008-2008,1,1.0,0.0,2.0,2,2.0,5.0,40.0,0.0,0.0,0.0,0.0,0.0,,,,,,-,,,,,,False,2.0,H Das,Right hand Bat, ,Wicketkeeper,Halhadar Das,,,,,,,,,
H Klaasen,"Rajasthan Royals, Royal Challengers Bangalore, Sunrisers Hyderabad",2018-2026,53,49.0,8.0,1664.0,105*,40.58,1003.0,165.9,2.0,9.0,1.0,110.0,94.0,,,,,,-,,,,,,True,105.0,H Klaasen,Right hand Bat,Right arm Offbreak,Wicketkeeper,Heinrich Klaasen,0.8473661485319517,0.6722884109546652,0.18740799456460197,62.1099401888064,,,,,
H Sharma,"Royal Challengers Bangalore, Royal Challengers Bengaluru",2023-2024,2,,,,-,,,,,,,,,2.0,5.0,0.0,57.0,0.0,-,,11.4,,0.0,0.0,False,,H Sharma,Right hand Bat,Legbreak, ,Himanshu Sharma,,,,,,,,,
HC Brook,Sunrisers Hyderabad,2023-2023,11,11.0,2.0,190.0,100*,21.11,154.0,123.37,1.0,0.0,3.0,23.0,4.0,,,,,,-,,,,,,True,100.0,HC Brook,Right hand Bat,Right arm Medium, ,Harry Cherrington Brook,0.4270293609671848,0.45293723245139006,0.020495980070207226,33.44637707624123,,,,,
HE van der Dussen,Rajasthan Royals,2022-2022,3,3.0,1.0,22.0,12*,11.0,24.0,91.66,0.0,0.0,0.0,2.0,0.0,,,,,,-,,,,,,True,12.0,HE van der Dussen,Right hand Bat,Legbreak, ,Hendrik Erasmus van der Dussen,,,,,,,,,
HF Gurney,Kolkata Knight Riders,2019-2019,8,1.0,1.0,1.0,1*,,5.0,20.0,0.0,0.0,0.0,0.0,0.0,8.0,27.0,0.0,238.0,7.0,2/25,34.0,8.81,23.1,0.0,0.0,True,1.0,HF Gurney,Right hand Bat,Left arm Fast medium, ,Harry Frederick Gurney,,,,,,,,,
HH Gibbs,"Deccan Chargers, Mumbai Indians",2008-2012,36,36.0,4.0,886.0,69*,27.68,807.0,109.78,0.0,6.0,4.0,83.0,31.0,,,,,,-,,,,,,True,69.0,HH Gibbs,Right hand Bat,Right arm Bowler, ,Herschelle Herman Gibbs,0.5688687392055268,0.3828459435762546,0.09930925150039634,38.637088880899896,,,,,
HH Pandya,"Gujarat Titans, Mumbai Indians",2015-2026,155,142.0,44.0,2776.0,91,28.32,1888.0,147.03,0.0,10.0,6.0,212.0,148.0,110.0,280.2,0.0,2587.0,80.0,5/36,32.33,9.22,21.0,0.0,1.0,False,91.0,HH Pandya,Right hand Bat,Right arm Medium fast, ,Hardik Himanshu Pandya,0.582685664939551,0.574965186445923,0.3133280489185823,51.264409346153904,0.4683098591549295,0.8268753742194851,0.3542600896860987,55.959285858687466,51.264409346153904
HM Amla,Kings XI Punjab,2016-2017,16,16.0,3.0,577.0,104*,44.38,407.0,141.76,2.0,3.0,2.0,60.0,21.0,,,,,,-,,,,,,True,104.0,HM Amla,Right hand Bat,"Right arm Medium, Right arm Offbreak", ,Hashim Mahomed Amla,0.9294041450777203,0.547784826447986,0.06431887668440721,57.95660664589851,,,,,
HR Shokeen,Mumbai Indians,2022-2023,13,6.0,3.0,66.0,25,22.0,65.0,101.53,0.0,0.0,0.0,9.0,0.0,13.0,34.0,0.0,314.0,5.0,2/34,62.8,9.23,40.8,0.0,0.0,False,25.0,HR Shokeen,Right hand Bat,Right arm Offbreak, ,Hrithik Rakesh Shokeen,,,,,0.4665492957746479,0.5662475408433838,0.017937219730941704,36.68600587355936,
HS Dubey,Sunrisers Hyderabad,2025-2026,7,4.0,2.0,13.0,9*,6.5,9.0,144.44,0.0,0.0,1.0,2.0,0.0,7.0,23.0,0.0,206.0,10.0,3/34,20.6,8.95,13.8,0.0,0.0,True,9.0,,,,,,,,,,,,,,
HV Patel,"Delhi Capitals, Delhi Daredevils, Punjab Kings, Royal Challengers Bangalore, Sunrisers Hyderabad",2012-2026,122,48.0,17.0,274.0,36*,8.83,233.0,117.59,0.0,0.0,10.0,17.0,15.0,119.0,411.4,2.0,3673.0,151.0,5/27,24.32,8.92,16.3,4.0,1.0,True,36.0,HV Patel,Right hand Bat,Right arm Medium, ,Harshal Vikram Patel,0.16191709844559585,0.4231265150342979,0.0300079266221266,22.036310129577423,0.5211267605633804,0.8953896159438884,0.672645739910314,69.75744537506382,22.036310129577423
Harbhajan Singh,"Chennai Super Kings, Kolkata Knight Riders, Mumbai Indians",2008-2021,163,90.0,37.0,833.0,64,15.71,604.0,137.91,0.0,1.0,13.0,79.0,42.0,160.0,569.2,6.0,4030.0,150.0,5/18,26.86,7.07,22.7,1.0,1.0,False,64.0,Harbhajan Singh,Right hand Bat,Right arm Offbreak, ,Harbhajan Singh,0.3104490500863558,0.5279282067151478,0.09330766617597101,33.22814089288369,0.846830985915493,0.8736635018390215,0.6681614349775785,80.26215012073536,33.22814089288369
Harmeet Singh,"Deccan Chargers, Kings XI Punjab",2009-2013,27,6.0,2.0,18.0,14,4.5,12.0,150.0,0.0,0.0,2.0,3.0,0.0,27.0,87.3,0.0,697.0,26.0,3/24,26.8,7.96,20.1,0.0,0.0,False,14.0,Harmeet Singh,Right hand Bat,Right arm Medium, ,Harmeet Singh Bansal,,,,,0.6901408450704226,0.8741767171328372,0.11210762331838565,58.11434337666566,
Harmeet Singh,"Deccan Chargers, Kings XI Punjab",2009-2013,27,6.0,2.0,18.0,14,4.5,12.0,150.0,0.0,0.0,2.0,3.0,0.0,1.0,4.0,0.0,34.0,1.0,1/34,34.0,8.5,24.0,0.0,0.0,False,14.0,Harmeet Singh,Right hand Bat,Right arm Medium, ,Harmeet Singh Bansal,,,,,,,,,
Harmeet Singh,Rajasthan Royals,2013-2013,1,,,,-,,,,,,,,,27.0,87.3,0.0,697.0,26.0,3/24,26.8,7.96,20.1,0.0,0.0,False,,Harmeet Singh,Right hand Bat,Right arm Medium, ,Harmeet Singh Bansal,,,,,0.6901408450704226,0.8741767171328372,0.11210762331838565,58.11434337666566,
Harmeet Singh,Rajasthan Royals,2013-2013,1,,,,-,,,,,,,,,1.0,4.0,0.0,34.0,1.0,1/34,34.0,8.5,24.0,0.0,0.0,False,,Harmeet Singh,Right hand Bat,Right arm Medium, ,Harmeet Singh Bansal,,,,,,,,,
Harpreet Brar,"Kings XI Punjab, Punjab Kings",2019-2025,49,26.0,14.0,244.0,29,20.33,203.0,120.19,0.0,0.0,1.0,19.0,10.0,46.0,135.1,1.0,1085.0,35.0,4/30,31.0,8.02,23.1,1.0,0.0,False,29.0,Harpreet Brar,Left hand Bat,Slow Left arm Orthodox, ,Harpreet Brar,0.41018998272884283,0.43653618030842234,0.026610802853583967,32.351635691288095,0.6795774647887325,0.8382516465657344,0.15246636771300448,57.698009928796466,32.351635691288095
Harpreet Singh,"Kolkata Knight Riders, Pune Warriors, Punjab Kings",2010-2024,9,8.0,1.0,123.0,41,17.57,119.0,103.36,0.0,0.0,0.0,10.0,3.0,,,,,,-,,,,,,False,41.0,Harpreet Singh,Left hand Bat,Right arm Medium, ,Harpreet Singh Bhatia,,,,,,,,,
Harshit Rana,Kolkata Knight Riders,2022-2025,34,10.0,4.0,59.0,34,9.83,56.0,105.35,0.0,0.0,1.0,5.0,3.0,32.0,108.1,1.0,1029.0,40.0,3/24,25.72,9.51,16.2,0.0,0.0,False,34.0,Harshit Rana,Right hand Bat,Right arm Fast, ,Harshit Pradeep Rana,0.18350604490500863,0.3599979369745732,0.005661872947571056,20.081716413999683,0.41725352112676073,0.8834145924215209,0.17488789237668162,50.77002074549031,20.081716413999683
Himmat Singh,Lucknow Super Giants,2025-2025,3,,,,-,,,,,,,,,,,,,,-,,,,,,False,,Himmat Singh,Right hand Bat,Right arm Offbreak,,Himmat Singh,,,,,,,,,
I Malhotra,Deccan Chargers,2011-2011,1,1.0,1.0,7.0,7*,,4.0,175.0,0.0,0.0,0.0,1.0,0.0,1.0,1.0,0.0,23.0,0.0,-,,23.0,,0.0,0.0,True,7.0,I Malhotra,Right hand Bat,Right arm Medium fast, ,Ishan Malhotra,,,,,,,,,
I Sharma,"Deccan Chargers, Delhi Capitals, Gujarat Titans, Kings XI Punjab, Kolkata Knight Riders, Rising Pune Supergiants, Sunrisers Hyderabad",2008-2025,117,28.0,22.0,57.0,10*,9.5,69.0,82.6,0.0,0.0,1.0,4.0,2.0,117.0,403.1,6.0,3377.0,96.0,5/12,35.17,8.37,25.1,0.0,1.0,True,10.0,I Sharma,Right hand Bat,Right arm Fast medium, ,Ishant Sharma,0.17638169257340242,0.2426633658259838,0.005435398029668214,15.684370457587232,0.6179577464788735,0.8025831836455393,0.4260089686098655,62.4992016126504,15.684370457587232
I Udana,Royal Challengers Bangalore,2020-2020,10,4.0,1.0,15.0,10*,5.0,11.0,136.36,0.0,0.0,1.0,1.0,1.0,10.0,29.0,0.0,282.0,8.0,2/41,35.25,9.72,21.7,0.0,0.0,True,10.0,I Udana,Right hand Bat,Left arm Medium fast, ,Isuru Udana Tillakaratna,,,,,0.380281690140845,0.8018988965871183,0.03139013452914798,42.318024571353156,
IC Pandey,"Chennai Super Kings, Pune Warriors",2013-2015,25,1.0,0.0,0.0,0,0.0,2.0,0.0,0.0,0.0,1.0,0.0,0.0,24.0,77.0,4.0,591.0,18.0,2/23,32.83,7.67,25.6,0.0,0.0,False,0.0,IC Pandey,Right hand Bat,Right arm Medium, ,Ishwar Chand Pandey,,,,,0.7411971830985916,0.8225985801043538,0.07623318385650224,57.01984722779816,
IC Porel,Punjab Kings,2021-2021,1,,,,-,,,,,,,,,1.0,4.0,0.0,39.0,1.0,1/39,39.0,9.75,24.0,0.0,0.0,False,,IC Porel,Right hand Bat,Right arm Medium, ,Ishan Chandranath Porel,,,,,,,,,
IK Pathan,"Delhi Daredevils, Gujarat Lions, Kings XI Punjab, Rising Pune Supergiants, Sunrisers Hyderabad",2008-2017,103,82.0,29.0,1139.0,60,21.49,946.0,120.4,0.0,1.0,3.0,87.0,37.0,101.0,340.3,10.0,2649.0,80.0,3/24,33.11,7.77,25.5,0.0,0.0,False,60.0,IK Pathan,Left hand Bat,Left arm Medium fast, ,Irfan Khan Pathan,0.4352331606217616,0.4376192686574863,0.12795832861510587,35.92495904326013,0.7235915492957747,0.8202035753998802,0.3542600896860987,64.66063205493089,35.92495904326013
IR Jaggi,"Deccan Chargers, Kolkata Knight Riders",2011-2017,7,7.0,2.0,76.0,28,15.2,97.0,78.35,0.0,0.0,0.0,6.0,0.0,,,,,,-,,,,,,False,28.0,IR Jaggi,Right hand Bat,Legbreak Googly, ,Ishank Rajiv Jaggi,,,,,,,,,
IS Sodhi,Rajasthan Royals,2018-2019,8,2.0,0.0,7.0,6,3.5,17.0,41.17,0.0,0.0,0.0,0.0,0.0,8.0,30.1,1.0,202.0,9.0,3/26,22.44,6.69,20.1,0.0,0.0,False,6.0,IS Sodhi,Right hand Bat,Legbreak, ,Inderbir Singh Sodhi,,,,,,,,,
Imran Tahir,"Chennai Super Kings, Delhi Daredevils, Rising Pune Supergiant",2014-2021,59,9.0,5.0,33.0,13*,8.25,37.0,89.18,0.0,0.0,0.0,5.0,0.0,59.0,219.2,1.0,1703.0,82.0,4/12,20.76,7.76,16.0,3.0,0.0,True,13.0,Imran Tahir,Right hand Bat,Legbreak Googly, ,Mohammad Imran Tahir,,,,,0.7253521126760565,0.9258403900436233,0.3632286995515695,68.68859858173587,
Iqbal Abdulla,"Kolkata Knight Riders, Rajasthan Royals, Royal Challengers Bangalore",2008-2017,49,13.0,11.0,88.0,33*,44.0,84.0,104.76,0.0,0.0,1.0,9.0,1.0,48.0,153.2,1.0,1109.0,40.0,3/24,27.72,7.23,23.0,0.0,0.0,True,33.0,Iqbal Abdulla,Left hand Bat,Slow Left arm Orthodox, ,Sayed Iqbal Abdulla,0.9212003454231433,0.3569549744700604,0.00894575925716227,49.56508190480691,0.8186619718309859,0.8663074159609956,0.17488789237668162,64.2205653440198,49.56508190480691
Ishan Kishan,"Gujarat Lions, Mumbai Indians, Sunrisers Hyderabad",2016-2026,123,116.0,9.0,3120.0,106*,29.15,2246.0,138.91,1.0,18.0,9.0,302.0,140.0,1.0,0.1,0.0,4.0,0.0,-,,24.0,,0.0,0.0,True,106.0,Ishan Kishan,Left hand Bat, ,Wicketkeeper,Ishan Pranav Kumar Pandey Kishan,0.6006044905008635,0.5330857702821188,0.3522817347978711,51.48922494985547,,,,,
J Arunkumar,Royal Challengers Bangalore,2008-2008,3,3.0,0.0,23.0,22,7.66,23.0,100.0,0.0,0.0,1.0,5.0,0.0,,,,,,-,,,,,,False,22.0,J Arunkumar,Right hand Bat,Right arm Offbreak, ,Jagadeesh Arunkumar,,,,,,,,,
J Botha,"Delhi Daredevils, Kolkata Knight Riders, Rajasthan Royals",2009-2015,34,28.0,8.0,409.0,67*,20.45,359.0,113.92,0.0,1.0,0.0,39.0,5.0,34.0,115.4,0.0,800.0,25.0,3/6,32.0,6.91,27.7,0.0,0.0,True,67.0,J Botha,Right hand Bat,Right arm Offbreak, ,Johan Botha,0.4127806563039723,0.4041982567435144,0.04529498358056845,31.79053982769611,0.875,0.8296980583354717,0.10762331838565023,62.893131593311004,31.79053982769611
J Fraser-McGurk,Delhi Capitals,2024-2025,15,15.0,0.0,385.0,84,25.66,193.0,199.48,0.0,4.0,3.0,39.0,30.0,,,,,,-,,,,,,False,84.0,J Fraser-McGurk,Right hand Bat,Legbreak Googly,,Jake Fraser-McGurk,0.5252590673575129,0.84547939553355,0.04257728456573435,51.66657365211812,,,,,
J Overton,Chennai Super Kings,2025-2026,6,4.0,3.0,95.0,43*,95.0,59.0,161.01,0.0,0.0,0.0,7.0,5.0,6.0,14.0,0.0,157.0,5.0,4/18,31.4,11.21,16.8,1.0,0.0,True,43.0,J Overton,Right hand Bat,Right arm Fast,,Jamie Overton,,,,,,,,,
J Suchith,"Delhi Capitals, Mumbai Indians, Sunrisers Hyderabad",2015-2022,22,10.0,6.0,70.0,34*,17.5,61.0,114.75,0.0,0.0,1.0,6.0,3.0,21.0,70.0,0.0,602.0,19.0,2/12,31.68,8.6,22.1,0.0,0.0,True,34.0,J Suchith,Left hand Bat,Slow Left arm Orthodox, ,Jagadeesha Suchith,0.3490932642487047,0.4084790345041003,0.006907484996036689,28.43318390249261,0.5774647887323945,0.8324352065691558,0.08071748878923767,51.76802449923139,28.43318390249261
J Syed Mohammad,Royal Challengers Bangalore,2011-2013,11,5.0,3.0,29.0,13*,14.5,26.0,111.53,0.0,0.0,0.0,4.0,0.0,11.0,32.0,0.0,283.0,8.0,2/15,35.37,8.84,24.0,0.0,0.0,True,13.0,J Syed Mohammad,Left hand Bat,Slow Left arm Orthodox, ,Jamaluddin Syed Mohammad,,,,,0.535211267605634,0.8008724659994868,0.03139013452914798,47.70463471205367,
J Theron,"Deccan Chargers, Kings XI Punjab, Rajasthan Royals",2010-2015,10,4.0,2.0,10.0,7*,5.0,12.0,83.33,0.0,0.0,1.0,1.0,0.0,10.0,36.0,0.0,293.0,9.0,2/17,32.55,8.13,24.0,0.0,0.0,True,7.0,J Theron,Right hand Bat,Right arm Medium fast, ,Juan Theron,,,,,0.6602112676056338,0.8249935848088273,0.03587443946188341,53.05840301836263,
J Yadav,"Delhi Daredevils, Gujarat Titans, Mumbai Indians",2015-2023,20,5.0,1.0,40.0,23,10.0,36.0,111.11,0.0,0.0,0.0,2.0,1.0,20.0,65.0,0.0,445.0,8.0,1/8,55.62,6.84,48.7,0.0,0.0,False,23.0,J Yadav,Right hand Bat,Right arm Offbreak, ,Jayant Yadav,,,,,0.8873239436619719,0.6276623043366691,0.03139013452914798,53.96622271582686,
JA Duffy,Royal Challengers Bengaluru,2026-2026,3,,,,-,,,,,,,,,2.0,8.0,0.0,80.0,5.0,3/22,16.0,10.0,9.6,0.0,0.0,False,,JA Duffy,Right hand Bat,Right arm Fast medium,,Jacob Andrew Duffy,,,,,,,,,
JA Morkel,"Chennai Super Kings, Delhi Daredevils, Rising Pune Supergiants, Royal Challengers Bangalore",2008-2016,91,68.0,28.0,974.0,73*,24.35,686.0,141.98,0.0,3.0,3.0,61.0,55.0,87.0,287.1,3.0,2355.0,85.0,4/32,27.7,8.2,20.2,1.0,0.0,True,73.0,JA Morkel,Left hand Bat,Right arm Medium fast, ,Johannes Albertus Morkel,0.4969775474956823,0.5489194904327196,0.10927414788812138,41.82313776217551,0.6478873239436622,0.8664784877256009,0.37668161434977576,64.30325183891748,41.82313776217551
JA Richardson,"Delhi Capitals, Punjab Kings",2021-2024,4,3.0,0.0,17.0,15,5.66,26.0,65.38,0.0,0.0,1.0,2.0,0.0,4.0,15.0,0.0,157.0,3.0,2/41,52.33,10.46,30.0,0.0,0.0,False,15.0,JA Richardson,Right hand Bat,Right arm Fast, ,Jhye Avon Richardson,,,,,,,,,
JB Little,Gujarat Titans,2023-2024,11,,,,-,,,,,,,,,11.0,38.0,0.0,339.0,11.0,4/45,30.81,8.92,20.7,1.0,0.0,False,,,,,,,,,,,0.5211267605633804,0.8398768283294842,0.04484304932735426,48.980417091070876,
JC Archer,"Mumbai Indians, Rajasthan Royals",2018-2026,56,33.0,14.0,263.0,30,13.84,180.0,146.11,0.0,0.0,5.0,14.0,18.0,56.0,216.0,3.0,1709.0,64.0,3/15,26.7,7.91,20.2,0.0,0.0,False,30.0,JC Archer,Right hand Bat,Right arm Fast, ,Jofra Chioke Archer,0.2700777202072539,0.5702202279643098,0.028762314573660967,31.479874651382527,0.698943661971831,0.8750320759558635,0.2825112107623318,63.564487150339254,31.479874651382527
JC Buttler,"Gujarat Titans, Mumbai Indians, Rajasthan Royals",2016-2026,125,123.0,16.0,4296.0,124,40.14,2869.0,149.73,7.0,26.0,8.0,429.0,192.0,,,,,,-,,,,,,False,124.0,JC Buttler,Right hand Bat, ,Wicketkeeper,Joseph Charles Buttler,0.8378670120898101,0.5888906080767445,0.4854489865247424,66.26207642939703,,,,,
JD Ryder,"Pune Warriors, Royal Challengers Bangalore",2009-2012,29,29.0,1.0,604.0,86,21.57,458.0,131.87,0.0,4.0,4.0,69.0,19.0,16.0,39.2,1.0,303.0,8.0,2/14,37.87,7.7,29.5,0.0,0.0,False,86.0,JD Ryder,Left hand Bat,Right arm Medium, ,Jesse Daniel Ryder,0.4369602763385147,0.4967765227706432,0.06737628807609557,36.549996552415486,0.7359154929577465,0.7794884954238304,0.03139013452914798,53.980843629229625,36.549996552415486
JD Unadkat,"Delhi Daredevils, Kolkata Knight Riders, Lucknow Super Giants, Mumbai Indians, Rajasthan Royals, Rising Pune Supergiant, Royal Challengers Bangalore, Sunrisers Hyderabad",2010-2026,116,33.0,17.0,201.0,26,12.56,169.0,118.93,0.0,0.0,2.0,16.0,7.0,115.0,391.5,3.0,3504.0,114.0,5/25,30.73,8.94,20.6,0.0,2.0,False,26.0,JD Unadkat,Right hand Bat,Left arm Medium, ,Jaydev Dipakbhai Unadkat,0.24244386873920554,0.43003765021403895,0.021741592118672857,25.292612310026403,0.517605633802817,0.8405611153879052,0.5067264573991032,62.73762994364838,25.292612310026403
JDP Oram,"Chennai Super Kings, Mumbai Indians, Rajasthan Royals",2008-2013,18,12.0,4.0,106.0,41*,13.25,108.0,98.14,0.0,0.0,1.0,6.0,5.0,14.0,39.3,0.0,349.0,9.0,3/32,38.77,8.83,26.3,0.0,0.0,True,41.0,JDP Oram,Left hand Bat,Right arm Fast medium, ,Jacob David Philip Oram,0.25734024179620035,0.3228119036567126,0.010984033518287849,21.866627137790147,0.5369718309859155,0.771790266016594,0.03587443946188341,46.88290657894433,21.866627137790147
JDS Neesham,"Delhi Daredevils, Kings XI Punjab, Mumbai Indians, Rajasthan Royals",2014-2022,14,10.0,1.0,92.0,22,10.22,93.0,98.92,0.0,0.0,2.0,6.0,2.0,13.0,36.0,0.0,334.0,8.0,3/12,41.75,9.27,27.0,0.0,0.0,False,22.0,JDS Neesham,Left hand Bat,Right arm Medium fast, ,James Douglas Sheahan Neesham,0.19192573402417962,0.32683480323895,0.009398709092967954,19.351215201654632,0.45950704225352124,0.7463005730904114,0.03139013452914798,43.14497057291209,19.351215201654632
JE Root,Rajasthan Royals,2023-2023,3,1.0,0.0,10.0,10,10.0,15.0,66.66,0.0,0.0,0.0,1.0,0.0,1.0,2.0,0.0,14.0,0.0,-,,7.0,,0.0,0.0,False,10.0,JE Root,Right hand Bat,"Right arm Offbreak, Legbreak", ,Joseph Edward Root,,,,,,,,,
JE Taylor,Pune Warriors,2011-2011,5,2.0,1.0,3.0,2,3.0,3.0,100.0,0.0,0.0,0.0,0.0,0.0,5.0,19.3,0.0,157.0,6.0,3/30,26.16,8.05,19.5,0.0,0.0,False,2.0,JE Taylor,Right hand Bat,Right arm Fast, ,Jerome Everton Taylor,,,,,,,,,
JEC Franklin,Mumbai Indians,2011-2012,20,16.0,5.0,327.0,79,29.72,301.0,108.63,0.0,1.0,0.0,25.0,8.0,15.0,25.1,0.0,220.0,9.0,2/18,24.44,8.74,16.7,0.0,0.0,False,79.0,JEC Franklin,Left hand Bat,Left arm Medium, ,James Edward Charles Franklin,0.6129101899827288,0.376914745474238,0.03600951194655192,38.608661489571276,0.5528169014084507,0.8943631853562569,0.03587443946188341,51.727536220621275,38.608661489571276
JG Bethell,Royal Challengers Bengaluru,2025-2025,2,2.0,0.0,67.0,55,33.5,39.0,171.79,0.0,1.0,0.0,9.0,3.0,,,,,,-,,,,,,False,55.0,JG Bethell,Left hand Bat,Slow Left arm Orthodox,,Jacob Graham Bethell,,,,,,,,,
JH Kallis,"Kolkata Knight Riders, Royal Challengers Bangalore",2008-2014,98,96.0,11.0,2427.0,89*,28.55,2222.0,109.22,0.0,17.0,9.0,255.0,44.0,89.0,290.2,3.0,2293.0,65.0,3/13,35.27,7.89,26.8,0.0,0.0,True,89.0,JH Kallis,Right hand Bat,Right arm Fast medium, ,Jacques Henry Kallis,0.5876511226252159,0.3799577079787509,0.2738081757445363,43.649769077878325,0.7024647887323945,0.801727824822513,0.28699551569506726,61.25660694527378,43.649769077878325
JJ Bumrah,Mumbai Indians,2013-2026,149,32.0,25.0,73.0,16*,10.42,81.0,90.12,0.0,0.0,5.0,6.0,1.0,149.0,571.1,8.0,4154.0,183.0,5/10,22.69,7.27,18.7,3.0,2.0,True,16.0,JJ Bumrah,Right hand Bat,Right arm Fast, ,Jasprit Jasbirsingh Bumrah,0.19624352331606218,0.2814482438496055,0.007247197372890952,17.881609401700953,0.8116197183098592,0.9093319647592165,0.8161434977578476,84.71761384015308,17.881609401700953
JJ Roy,"Delhi Daredevils, Gujarat Lions, Kolkata Knight Riders, Sunrisers Hyderabad",2017-2023,21,21.0,2.0,614.0,91*,32.31,443.0,138.6,0.0,4.0,0.0,75.0,21.0,,,,,,-,,,,,,True,91.0,JJ Roy,Right hand Bat, , ,Jason Jonathan Roy,0.6688255613126081,0.5314869255763578,0.06850866266560979,47.06778141431708,,,,,
JJ van der Wath,Royal Challengers Bangalore,2011-2011,3,3.0,1.0,18.0,14*,9.0,16.0,112.5,0.0,0.0,1.0,1.0,1.0,3.0,12.0,0.0,129.0,3.0,2/49,43.0,10.75,24.0,0.0,0.0,True,14.0,JJ van der Wath,Right hand Bat,Right arm Medium fast, ,Johannes Jacobus van der Wath,,,,,,,,,
JL Denly,Kolkata Knight Riders,2019-2019,1,1.0,0.0,0.0,0,0.0,1.0,0.0,0.0,0.0,1.0,0.0,0.0,,,,,,-,,,,,,False,0.0,JL Denly,Right hand Bat,Legbreak, ,Joseph Liam Denly,,,,,,,,,
JL Pattinson,Mumbai Indians,2020-2020,10,2.0,1.0,15.0,11,15.0,13.0,115.38,0.0,0.0,0.0,2.0,0.0,10.0,35.3,0.0,320.0,11.0,2/19,29.09,9.01,19.3,0.0,0.0,False,11.0,JL Pattinson,Left hand Bat,Right arm Fast medium, ,James Lee Pattinson,,,,,0.5052816901408452,0.8545890000855358,0.04484304932735426,48.94076563774396,
JM Bairstow,"Mumbai Indians, Punjab Kings, Sunrisers Hyderabad",2019-2025,52,52.0,4.0,1674.0,114,34.87,1146.0,146.07,2.0,9.0,3.0,173.0,74.0,,,,,,-,,,,,,False,114.0,JM Bairstow,Right hand Bat,Right arm Medium,Wicketkeeper,Jonathan Marc Bairstow,0.7240932642487047,0.5700139254216309,0.18854036915411618,53.62772718855817,,,,,
JM Kemp,Chennai Super Kings,2010-2010,5,2.0,0.0,26.0,22,13.0,24.0,108.33,0.0,0.0,0.0,1.0,1.0,5.0,7.2,0.0,54.0,3.0,3/12,18.0,7.36,14.6,0.0,0.0,False,22.0,JM Kemp,Right hand Bat,Right arm Fast medium, ,Justin Miles Kemp,,,,,,,,,
JM Sharma,"Punjab Kings, Royal Challengers Bengaluru",2022-2026,59,50.0,8.0,1006.0,85*,23.95,649.0,155.0,0.0,1.0,3.0,78.0,62.0,,,,,,-,,,,,,True,85.0,JM Sharma,Right hand Bat, ,Wicketkeeper,Jitesh Mohan Sharma,0.48834196891191706,0.6160709680746815,0.11289774657456687,43.91860630345471,,,,,
JO Holder,"Chennai Super Kings, Kolkata Knight Riders, Lucknow Super Giants, Rajasthan Royals, Sunrisers Hyderabad",2013-2023,46,27.0,6.0,259.0,47*,12.33,211.0,122.74,0.0,0.0,2.0,13.0,18.0,46.0,165.5,0.0,1461.0,53.0,4/52,27.56,8.81,18.7,1.0,0.0,True,47.0,JO Holder,Right hand Bat,Right arm Medium fast, ,Jason Omar Holder,0.2374784110535406,0.44968796740419825,0.028309364737855284,25.945949419734948,0.5404929577464789,0.8676759900778377,0.23318385650224216,56.28142886891834,25.945949419734948
JP Behrendorff,Mumbai Indians,2019-2023,17,2.0,2.0,6.0,3*,,9.0,66.66,0.0,0.0,0.0,0.0,0.0,17.0,61.0,0.0,552.0,19.0,3/23,29.05,9.04,19.2,0.0,0.0,True,3.0,JP Behrendorff,Right hand Bat,Left arm Fast medium, ,Jason Paul Behrendorff,,,,,0.5000000000000002,0.8549311436147464,0.08071748878923767,49.844114690193265,
JP Duminy,"Deccan Chargers, Delhi Daredevils, Mumbai Indians",2009-2018,83,77.0,26.0,2029.0,78*,39.78,1636.0,124.02,0.0,14.0,1.0,126.0,79.0,49.0,113.0,0.0,834.0,23.0,4/17,36.26,7.38,29.4,1.0,0.0,True,78.0,JP Duminy,Left hand Bat,Right arm Offbreak, ,Jean-Paul Duminy,0.8300949913644214,0.4562896487699211,0.22873966708187068,54.89242903857087,0.7922535211267606,0.7932597724745531,0.09865470852017937,58.452606531651355,54.89242903857087
JP Faulkner,"Gujarat Lions, Kings XI Punjab, Pune Warriors, Rajasthan Royals",2011-2017,60,45.0,20.0,527.0,46,21.08,389.0,135.47,0.0,0.0,0.0,36.0,23.0,60.0,204.3,4.0,1778.0,59.0,5/16,30.13,8.69,20.7,0.0,2.0,False,46.0,JP Faulkner,Right hand Bat,Left arm Fast medium, ,James Peter Faulkner,0.4263816925734024,0.5153437516117386,0.05865700373683615,36.558724102767854,0.5616197183098592,0.8456932683260627,0.2600896860986547,57.05864511521691,36.558724102767854
JP Inglis,Punjab Kings,2025-2025,11,11.0,2.0,278.0,73,30.88,171.0,162.57,0.0,1.0,0.0,26.0,16.0,,,,,,-,,,,,,False,73.0,JP Inglis,Right hand Bat,,Wicketkeeper,Joshua Patrick Inglis,0.6379533678756476,0.6551137242766517,0.030460876457932284,49.208636976157024,,,,,
JPR Scantlebury-Searles,Kolkata Knight Riders,2018-2018,4,2.0,1.0,8.0,6*,8.0,6.0,133.33,0.0,0.0,0.0,0.0,1.0,3.0,7.0,0.0,89.0,2.0,1/24,44.5,12.71,21.0,0.0,0.0,True,6.0,JPR Scantlebury-Searles,Right hand Bat,Right arm Fast medium, ,Javon Philip Ramon Scantlebury-Searles,,,,,,,,,
JR Hazlewood,"Chennai Super Kings, Royal Challengers Bangalore, Royal Challengers Bengaluru",2020-2026,40,7.0,7.0,19.0,7*,,29.0,65.51,0.0,0.0,0.0,1.0,0.0,40.0,148.3,1.0,1240.0,59.0,4/25,21.01,8.35,15.1,2.0,0.0,True,7.0,JR Hazlewood,Left hand Bat,Right arm Fast medium, ,Josh Reginald Hazlewood,,,,,0.6214788732394367,0.9237019929860576,0.2600896860986547,61.884020900851944,
JR Hopes,"Delhi Daredevils, Kings XI Punjab",2008-2011,21,19.0,3.0,417.0,71,26.06,306.0,136.27,0.0,4.0,1.0,49.0,11.0,20.0,60.0,0.0,548.0,14.0,2/2,39.14,9.13,25.7,0.0,0.0,False,71.0,JR Hopes,Right hand Bat,Right arm Medium, ,James Redfern Hopes,0.533894645941278,0.5194698024653155,0.046200883252179824,40.69225100524166,0.48415492957746475,0.7686254383713969,0.05829596412556054,45.59619180197697,40.69225100524166
JR Philippe,Royal Challengers Bangalore,2020-2020,5,5.0,1.0,78.0,33,19.5,77.0,101.29,0.0,0.0,1.0,9.0,1.0,,,,,,-,,,,,,False,33.0,JR Philippe,Right hand Bat, ,Wicketkeeper,Joshua Ryan Philippe,,,,,,,,,
JW Hastings,"Chennai Super Kings, Kolkata Knight Riders",2014-2016,3,,,,-,,,,,,,,,3.0,9.4,1.0,66.0,3.0,2/6,22.0,6.82,19.3,0.0,0.0,False,,JW Hastings,Right hand Bat,Right arm Fast medium, ,John Wayne Hastings,,,,,,,,,
Jalaj S Saxena,Punjab Kings,2021-2021,1,,,,-,,,,,,,,,1.0,3.0,0.0,27.0,0.0,-,,9.0,,0.0,0.0,False,,Jalaj S Saxena,Right hand Bat,"Right arm Offbreak, Legbreak Googly", ,Jalaj Sahai Saxena,,,,,,,,,
Jaskaran Singh,Deccan Chargers,2009-2010,8,5.0,4.0,8.0,4*,8.0,11.0,72.72,0.0,0.0,0.0,0.0,0.0,7.0,17.0,0.0,171.0,6.0,2/18,28.5,10.05,17.0,0.0,0.0,True,4.0,Jaskaran Singh,Right hand Bat,Right arm Medium, ,Jaskaran Singh Buttar,,,,,,,,,
Joginder Sharma,Chennai Super Kings,2008-2011,16,6.0,2.0,36.0,16*,9.0,30.0,120.0,0.0,0.0,2.0,1.0,2.0,15.0,42.4,0.0,419.0,12.0,2/27,34.91,9.82,21.3,0.0,0.0,True,16.0,Joginder Sharma,Right hand Bat,Right arm Fast medium, ,Joginder Sharma,,,,,0.36267605633802824,0.8048071165854076,0.04932735426008968,42.34173168012295,
K Goel,Kings XI Punjab,2008-2010,22,17.0,2.0,218.0,38,14.53,231.0,94.37,0.0,0.0,2.0,17.0,9.0,6.0,11.0,0.0,93.0,0.0,-,,8.45,,0.0,0.0,False,38.0,K Goel,Left hand Bat,Right arm Offbreak, ,Karan Goel,0.28497409326424866,0.3033678890092321,0.023666628920847015,22.608505568914246,,,,,
K Gowtham,"Kings XI Punjab, Lucknow Super Giants, Rajasthan Royals",2018-2024,36,27.0,9.0,247.0,33*,13.72,148.0,166.89,0.0,0.0,2.0,15.0,17.0,35.0,98.0,1.0,808.0,21.0,2/12,38.47,8.24,28.0,0.0,0.0,True,33.0,K Gowtham,Right hand Bat,Right arm Offbreak, ,Krishnappa Gowtham,0.26748704663212436,0.6773943988859662,0.02695051523043823,35.08204870705474,0.6408450704225352,0.7743563424856728,0.08968609865470852,52.22263241142853,35.08204870705474
K Kartikeya,"Mumbai Indians, Rajasthan Royals",2022-2025,16,4.0,0.0,12.0,6,3.0,17.0,70.58,0.0,0.0,0.0,1.0,0.0,16.0,47.0,0.0,407.0,12.0,2/22,33.91,8.65,23.5,0.0,0.0,False,6.0,K Kartikeya,Right hand Bat,"Slow Left arm Orthodox, Left arm Wrist spin", ,Kumar Kartikeya Singh,,,,,0.568661971830986,0.8133607048156701,0.04932735426008968,49.85061431043565,
K Khejroliya,"Gujarat Titans, Kolkata Knight Riders, Royal Challengers Bangalore",2018-2025,8,,,,-,,,,,,,,,8.0,23.1,0.0,246.0,6.0,2/33,41.0,10.61,23.1,0.0,0.0,False,,K Khejroliya,Left hand Bat,Left arm Medium fast, ,Kulwant Khejroliya,,,,,,,,,
K Kushagra,"Delhi Capitals, Gujarat Titans",2024-2026,5,4.0,0.0,21.0,18,5.25,21.0,100.0,0.0,0.0,1.0,3.0,0.0,,,,,,-,,,,,,False,18.0,,,,,,,,,,,,,,
K Nitish Kumar Reddy,Sunrisers Hyderabad,2023-2026,32,26.0,6.0,581.0,76*,29.05,429.0,135.43,0.0,3.0,1.0,38.0,31.0,16.0,30.1,0.0,324.0,7.0,2/17,46.28,10.74,25.8,0.0,0.0,True,76.0,,,,,,0.5984455958549223,0.5151374490690599,0.06477182652021289,43.58693021461931,0.20070422535211274,0.7075528184073219,0.026905829596412557,32.59617141947258,32.59617141947258
K Rabada,"Delhi Capitals, Delhi Daredevils, Gujarat Titans, Punjab Kings",2017-2026,88,34.0,16.0,238.0,44,13.22,217.0,109.67,0.0,0.0,4.0,17.0,11.0,88.0,332.0,2.0,2894.0,123.0,4/21,23.52,8.71,16.1,6.0,0.0,False,44.0,K Rabada,Left hand Bat,Right arm Fast, ,Kagiso Rabada,0.25669257340241797,0.3822786115838878,0.02593137809987544,24.295738794029678,0.5580985915492958,0.9022324865280985,0.547085201793722,67.52414378652045,24.295738794029678
K Santokie,Mumbai Indians,2014-2014,2,,,,-,,,,,,,,,2.0,8.0,0.0,90.0,3.0,2/50,30.0,11.25,16.0,0.0,0.0,False,,K Santokie,Left hand Bat,Left arm Medium, ,Krishmar Santokie,,,,,,,,,
K Upadhyay,Pune Warriors,2012-2013,3,2.0,2.0,12.0,11*,,9.0,133.33,0.0,0.0,0.0,0.0,1.0,3.0,9.0,0.0,81.0,0.0,-,,9.0,,0.0,0.0,True,11.0,K Upadhyay,Right hand Bat,Right arm Medium, ,Krishnakant Upadhyay,,,,,,,,,
K Yadav,Rajasthan Royals,2021-2023,3,1.0,1.0,0.0,0*,,4.0,0.0,0.0,0.0,0.0,0.0,0.0,3.0,9.0,0.0,84.0,2.0,1/18,42.0,9.33,27.0,0.0,0.0,True,0.0,K Yadav,Left hand Bat,Left arm Fast medium, ,Kuldip Yadav,,,,,,,,,
KA Jamieson,"Punjab Kings, Royal Challengers Bangalore",2021-2025,13,9.0,5.0,65.0,16*,16.25,60.0,108.33,0.0,0.0,0.0,5.0,3.0,13.0,43.0,1.0,416.0,14.0,3/41,29.71,9.67,18.4,0.0,0.0,True,16.0,KA Jamieson,Right hand Bat,Right arm Fast medium, ,Kyle Alex Jamieson,,,,,0.3890845070422536,0.8492857753827731,0.05829596412556054,45.09183880864275,
KA Maharaj,Rajasthan Royals,2024-2024,2,1.0,0.0,1.0,1,1.0,2.0,50.0,0.0,0.0,0.0,0.0,0.0,2.0,6.0,0.0,39.0,2.0,2/23,19.5,6.5,18.0,0.0,0.0,False,1.0,KA Maharaj,Right hand Bat,Slow Left arm Orthodox,,Keshav Athmanand Maharaj,,,,,,,,,
KA Pollard,Mumbai Indians,2010-2022,189,171.0,52.0,3412.0,87*,28.67,2316.0,147.32,0.0,16.0,5.0,218.0,223.0,107.0,248.0,0.0,2180.0,69.0,4/44,31.59,8.79,21.5,1.0,0.0,True,87.0,KA Pollard,Right hand Bat,Right arm Medium, ,Kieron Adrian Pollard,0.5902417962003454,0.5764608798803446,0.3853470728116861,53.41947946411803,0.5440140845070425,0.8332050295098794,0.30493273542600896,57.35065105337254,53.41947946411803
KAJ Roach,Deccan Chargers,2010-2010,2,1.0,0.0,10.0,10,10.0,9.0,111.11,0.0,0.0,0.0,1.0,0.0,2.0,8.0,0.0,80.0,0.0,-,,10.0,,0.0,0.0,False,10.0,KAJ Roach,Right hand Bat,Right arm Fast medium, ,Kemar Andre Jamal Roach,,,,,,,,,
KB Arun Karthik,"Chennai Super Kings, Royal Challengers Bangalore",2010-2013,17,8.0,3.0,51.0,19*,10.2,51.0,100.0,0.0,0.0,1.0,4.0,1.0,,,,,,-,,,,,,True,19.0,KB Arun Karthik,Right hand Bat,Legbreak Googly,Occasional Wicketkeeper,Konda Bhaskir Arun Karthik,,,,,,,,,
KC Cariappa,"Kings XI Punjab, Kolkata Knight Riders",2015-2019,11,5.0,2.0,24.0,12*,8.0,21.0,114.28,0.0,0.0,0.0,0.0,2.0,11.0,36.0,0.0,348.0,8.0,2/16,43.5,9.66,27.0,0.0,0.0,True,12.0,KC Cariappa,Right hand Bat,Legbreak, ,Konganda Charamanna Cariappa,,,,,0.39084507042253525,0.7313317936874519,0.03139013452914798,40.21789427972399,
KC Sangakkara,"Deccan Chargers, Kings XI Punjab, Sunrisers Hyderabad",2008-2013,71,68.0,3.0,1687.0,94,25.95,1392.0,121.19,0.0,10.0,4.0,195.0,27.0,,,,,,-,,,,,,False,94.0,KC Sangakkara,Left hand Bat,Right arm Offbreak,Wicketkeeper,Kumar Chokshanada Sangakkara,0.5315198618307426,0.4416937438753933,0.19001245612048465,41.47038691188058,,,,,
KD Karthik,"Delhi Daredevils, Gujarat Lions, Kings XI Punjab, Kolkata Knight Riders, Mumbai Indians, Royal Challengers Bangalore, Royal Challengers Bengaluru",2008-2024,257,234.0,50.0,4842.0,97*,26.31,3577.0,135.36,0.0,22.0,18.0,466.0,161.0,,,,,,-,,,,,,True,97.0,KD Karthik,Right hand Bat,Right arm Offbreak,Wicketkeeper,Krishnakumar Dinesh Karthik,0.5392918825561311,0.5147764196193719,0.5472766391122184,53.27076596672873,,,,,
KH Devdhar,Deccan Chargers,2011-2011,1,,,,-,,,,,,,,,,,,,,-,,,,,,False,,KH Devdhar,Right hand Bat, ,Wicketkeeper,Kedar Hemant Devdhar,,,,,,,,,
KH Pandya,"Lucknow Super Giants, Mumbai Indians, Royal Challengers Bengaluru",2016-2026,146,119.0,39.0,1757.0,86,21.96,1332.0,131.9,0.0,2.0,7.0,153.0,65.0,135.0,408.4,1.0,3077.0,97.0,4/45,31.72,7.52,25.2,1.0,0.0,False,86.0,KH Pandya,Left hand Bat,Slow Left arm Orthodox, ,Krunal Himanshu Pandya,0.4453799654576857,0.49693124967765234,0.19793907824708415,40.156269313202365,0.767605633802817,0.8320930630399452,0.4304932735426009,68.90425259577471,40.156269313202365
KJ Abbott,Kings XI Punjab,2016-2016,5,3.0,2.0,13.0,12*,13.0,8.0,162.5,0.0,0.0,1.0,0.0,1.0,5.0,16.0,0.0,177.0,2.0,1/38,88.5,11.06,48.0,0.0,0.0,True,12.0,KJ Abbott,Right hand Bat,Right arm Fast medium, ,Kyle John Abbott,,,,,,,,,
KK Ahmed,"Chennai Super Kings, Delhi Capitals, Sunrisers Hyderabad",2018-2026,75,7.0,2.0,2.0,1*,0.4,9.0,22.22,0.0,0.0,4.0,0.0,0.0,75.0,272.2,4.0,2450.0,90.0,3/21,27.22,8.99,18.1,0.0,0.0,True,1.0,KK Ahmed,Right hand Bat,Left arm Medium, ,Khaleel Khursheed Ahmed,,,,,0.5088028169014085,0.870584210076127,0.3991031390134529,60.251640114617324,
KK Cooper,Rajasthan Royals,2012-2014,25,14.0,5.0,116.0,32,12.88,68.0,170.58,0.0,0.0,1.0,9.0,8.0,25.0,96.0,1.0,757.0,33.0,4/26,22.93,7.88,17.4,1.0,0.0,False,32.0,KK Cooper,Right hand Bat,Right arm Medium, ,Kevon Keston Cooper,0.24935233160621764,0.6964258084480893,0.012116408107802061,34.65190676262688,0.7042253521126761,0.9072791035839535,0.14349775784753363,60.70758868480803,34.65190676262688
KK Nair,"Delhi Capitals, Delhi Daredevils, Kings XI Punjab, Rajasthan Royals, Royal Challengers Bangalore",2013-2025,84,76.0,5.0,1694.0,89,23.85,1286.0,131.72,0.0,11.0,5.0,185.0,49.0,,,,,,-,,,,,,False,89.0,KK Nair,Right hand Bat,Right arm Offbreak, ,Karun Nair,0.4861830742659759,0.49600288823559757,0.1908051183331446,41.57755201721356,,,,,
KL Nagarkoti,"Delhi Capitals, Kolkata Knight Riders",2020-2022,12,7.0,3.0,22.0,8*,5.5,33.0,66.66,0.0,0.0,2.0,1.0,0.0,11.0,30.0,0.0,285.0,5.0,2/13,57.0,9.5,36.0,0.0,0.0,True,8.0,KL Nagarkoti,Right hand Bat,Right arm Fast, ,Kamlesh Lachham Nagarkoti,,,,,0.41901408450704236,0.6158583525789069,0.017937219730941704,36.75865188993647,
KL Rahul,"Delhi Capitals, Kings XI Punjab, Lucknow Super Giants, Punjab Kings, Royal Challengers Bangalore, Sunrisers Hyderabad",2013-2026,149,140.0,23.0,5333.0,132*,45.58,3905.0,136.56,5.0,41.0,5.0,465.0,213.0,,,,,,-,,,,,,True,132.0,KL Rahul,Right hand Bat, ,Wicketkeeper,Kannaur Lokesh Rahul,0.9553108808290155,0.5209654958997371,0.6028762314573661,71.51813337608557,,,,,
KM Asif,"Chennai Super Kings, Rajasthan Royals",2018-2023,7,1.0,0.0,0.0,0,0.0,2.0,0.0,0.0,0.0,1.0,0.0,0.0,7.0,22.1,0.0,231.0,7.0,2/42,33.0,10.42,19.0,0.0,0.0,False,0.0,KM Asif,Right hand Bat,Right arm Medium, ,KM Asif,,,,,,,,,
KM Jadhav,"Chennai Super Kings, Delhi Daredevils, Kochi Tuskers Kerala, Royal Challengers Bangalore, Sunrisers Hyderabad",2010-2023,95,81.0,27.0,1208.0,69,22.37,981.0,123.13,0.0,4.0,6.0,102.0,40.0,,,,,,-,,,,,,False,69.0,KM Jadhav,Right hand Bat,Right arm Offbreak, ,Kedar Mahadav Jadhav,0.4542314335060449,0.451699417195317,0.13577171328275395,37.37302977414674,,,,,
KMA Paul,Delhi Capitals,2019-2019,8,6.0,1.0,18.0,7,3.6,24.0,75.0,0.0,0.0,2.0,1.0,1.0,8.0,27.1,0.0,237.0,9.0,3/17,26.33,8.72,18.1,0.0,0.0,False,7.0,KMA Paul,Right hand Bat,Right arm Fast medium, ,Keemo Mandela Angus Paul,,,,,,,,,
KMDN Kulasekara,Chennai Super Kings,2011-2012,6,1.0,1.0,5.0,5*,,3.0,166.66,0.0,0.0,0.0,1.0,0.0,5.0,17.0,0.0,120.0,5.0,2/10,24.0,7.05,20.4,0.0,0.0,True,5.0,KMDN Kulasekara,Right hand Bat,Right arm Fast medium, ,Kulasekara Mudiyanselage Dinesh Nuwan Kulasekara,,,,,,,,,
KP Appanna,Royal Challengers Bangalore,2009-2012,14,3.0,2.0,2.0,1*,2.0,4.0,50.0,0.0,0.0,0.0,0.0,0.0,13.0,36.0,0.0,286.0,9.0,4/19,31.77,7.94,24.0,1.0,0.0,True,1.0,KP Appanna,Right hand Bat,Slow Left arm Orthodox, ,Kotarangada Prabhu Appanna,,,,,0.693661971830986,0.8316653836284321,0.03587443946188341,54.46269062493613,
KP Pietersen,"Delhi Daredevils, Rising Pune Supergiants, Royal Challengers Bangalore",2009-2016,36,36.0,9.0,1001.0,103*,37.07,743.0,134.72,1.0,4.0,3.0,91.0,40.0,13.0,29.0,0.0,215.0,7.0,2/31,30.71,7.41,24.8,0.0,0.0,True,103.0,KP Pietersen,Right hand Bat,Right arm Offbreak, ,Kevin Peter Pietersen,0.7715889464594128,0.5114755789365104,0.11233155927980976,51.57349210314962,0.7869718309859155,0.8407321871525104,0.026905829596412557,57.77681552273729,51.57349210314962
KR Mayers,Lucknow Super Giants,2023-2023,13,13.0,0.0,379.0,73,29.15,263.0,144.1,0.0,4.0,2.0,38.0,22.0,6.0,7.0,0.0,59.0,0.0,-,,8.42,,0.0,0.0,False,73.0,KR Mayers,Left hand Bat,Right arm Medium, ,Kyle Rico Mayers,0.6006044905008635,0.559853525194698,0.04189785981202582,44.66649949714962,,,,,
KR Sen,Rajasthan Royals,2022-2024,12,1.0,1.0,0.0,0*,,3.0,0.0,0.0,0.0,0.0,0.0,0.0,12.0,40.1,0.0,387.0,14.0,4/20,27.64,9.63,17.2,1.0,0.0,True,0.0,KR Sen,Right hand Bat,Right arm Fast, ,Kuldeep Rampal Sen,,,,,0.39612676056338025,0.8669917030194166,0.05829596412556054,45.958025149164705,
KS Bharat,"Delhi Capitals, Royal Challengers Bangalore",2021-2022,10,9.0,2.0,199.0,78*,28.42,163.0,122.08,0.0,1.0,1.0,12.0,8.0,,,,,,-,,,,,,True,78.0,KS Bharat,Right hand Bat, ,Wicketkeeper,Kona Srikar Bharat,,,,,,,,,
KS Rathore,Rajasthan Royals,2025-2025,1,1.0,0.0,0.0,0,0.0,5.0,0.0,0.0,0.0,1.0,0.0,0.0,,,,,,-,,,,,,False,0.0,KS Rathore,Left hand Bat,,Wicketkeeper,Kunal Singh Rathore,,,,,,,,,
KS Sharma,Lucknow Super Giants,2022-2023,3,3.0,0.0,16.0,9,5.33,25.0,64.0,0.0,0.0,0.0,1.0,0.0,,,,,,-,,,,,,False,9.0,KS Sharma,Right hand Bat,Right arm Offbreak, ,Karan Sunny Sharma,,,,,,,,,
KS Williamson,"Gujarat Titans, Sunrisers Hyderabad",2015-2024,79,77.0,17.0,2128.0,89,35.46,1694.0,125.61,0.0,18.0,2.0,185.0,64.0,2.0,3.0,0.0,31.0,0.0,-,,10.33,,0.0,0.0,False,89.0,KS Williamson,Right hand Bat,Right arm Offbreak, ,Kane Stuart Williamson,0.7368307426597582,0.464490174841405,0.2399501755180614,51.729140213791034,,,,,
KT Maphaka,"Mumbai Indians, Rajasthan Royals",2024-2025,4,1.0,1.0,8.0,8*,,2.0,400.0,0.0,0.0,0.0,2.0,0.0,4.0,11.0,0.0,143.0,2.0,1/23,71.5,13.0,33.0,0.0,0.0,True,8.0,KT Maphaka,Left hand Bat,Left arm Fast,,Kwena Maphaka,,,,,,,,,
KV Sharma,"Chennai Super Kings, Mumbai Indians, Royal Challengers Bangalore, Royal Challengers Bengaluru, Sunrisers Hyderabad",2009-2025,90,41.0,15.0,352.0,39*,13.53,295.0,119.32,0.0,0.0,1.0,20.0,17.0,87.0,264.1,1.0,2215.0,83.0,4/16,26.68,8.38,19.0,2.0,0.0,True,39.0,KV Sharma,Left hand Bat,Legbreak Googly, ,Karn Vinod Sharma,0.26338514680483593,0.43204910000515756,0.038840448420337445,26.62813558288239,0.6161971830985915,0.8752031477204687,0.36771300448430494,63.23040171319626,26.62813558288239
KW Richardson,"Pune Warriors, Rajasthan Royals, Royal Challengers Bangalore",2013-2021,15,4.0,1.0,36.0,26,12.0,39.0,92.3,0.0,0.0,0.0,2.0,1.0,15.0,55.5,0.0,472.0,19.0,3/13,24.84,8.45,17.6,0.0,0.0,False,26.0,KW Richardson,Right hand Bat,Right arm Fast medium, ,Kane William Richardson,,,,,0.60387323943662,0.8909417500641519,0.08071748878923767,54.74004929620414,
Kamran Akmal,Rajasthan Royals,2008-2008,6,6.0,1.0,128.0,53*,25.6,78.0,164.1,0.0,1.0,0.0,13.0,8.0,,,,,,-,,,,,,True,53.0,Kamran Akmal,Right hand Bat, ,Wicketkeeper,Kamran Akmal,,,,,,,,,
Kamran Khan,"Pune Warriors, Rajasthan Royals",2009-2011,9,2.0,1.0,3.0,3,3.0,5.0,60.0,0.0,0.0,0.0,0.0,0.0,9.0,26.4,0.0,224.0,9.0,3/18,24.88,8.4,17.7,0.0,0.0,False,3.0,Kamran Khan,Left hand Bat,Left arm Medium fast, ,Kamran Khan,,,,,,,,,
Karanveer Singh,Kings XI Punjab,2014-2015,9,4.0,3.0,12.0,5*,12.0,17.0,70.58,0.0,0.0,0.0,1.0,0.0,9.0,34.0,0.0,321.0,12.0,4/54,26.75,9.44,17.0,1.0,0.0,True,5.0,Karanveer Singh,Right hand Bat,Legbreak Googly, ,Karanveer Singh,,,,,,,,,
Karim Janat,Gujarat Titans,2025-2025,1,,,,-,,,,,,,,,1.0,1.0,0.0,30.0,0.0,-,,30.0,,0.0,0.0,False,,Karim Janat,Right hand Bat,Right arm Medium,,Karim Janat,,,,,,,,,
Kartik Sharma,Chennai Super Kings,2026-2026,3,3.0,0.0,25.0,18,8.33,21.0,119.04,0.0,0.0,0.0,0.0,2.0,,,,,,-,,,,,,False,18.0,Kartik Sharma,Right hand Bat,,Wicketkeeper Batter,Kartik Sharma,,,,,,,,,
Kartik Tyagi,"Gujarat Titans, Kolkata Knight Riders, Rajasthan Royals, Sunrisers Hyderabad",2020-2026,24,8.0,3.0,18.0,7,3.6,21.0,85.71,0.0,0.0,1.0,2.0,0.0,23.0,81.2,0.0,835.0,18.0,2/29,46.38,10.26,27.1,0.0,0.0,False,7.0,Kartik Tyagi,Right hand Bat,Right arm Fast, ,Kartik Tyagi,,,,,0.285211267605634,0.7066974595842955,0.07623318385650224,37.0038009673426,
Kuldeep Yadav,"Delhi Capitals, Kolkata Knight Riders",2016-2026,102,40.0,23.0,206.0,35*,12.11,240.0,85.83,0.0,0.0,5.0,18.0,3.0,99.0,355.0,1.0,2877.0,105.0,4/14,27.4,8.1,20.2,4.0,0.0,True,35.0,Kuldeep Yadav,Left hand Bat,Left arm Wrist spin, ,Kuldeep Yadav,0.23272884283246975,0.2593222961473,0.022307779413429964,18.943128563790037,0.665492957746479,0.8690445641946797,0.4663677130044843,67.69984465807508,18.943128563790037
L Ablish,Kings XI Punjab,2010-2011,3,1.0,1.0,0.0,0*,,2.0,0.0,0.0,0.0,0.0,0.0,0.0,3.0,7.0,0.0,75.0,3.0,2/17,25.0,10.71,14.0,0.0,0.0,True,0.0,L Ablish,Right hand Bat,Right arm Medium fast, ,Love Ablish,,,,,,,,,
L Balaji,"Chennai Super Kings, Kings XI Punjab, Kolkata Knight Riders",2008-2014,73,15.0,7.0,36.0,15,4.5,49.0,73.46,0.0,0.0,5.0,2.0,1.0,73.0,252.1,2.0,2028.0,76.0,5/24,26.68,8.04,19.9,3.0,1.0,False,15.0,L Balaji,Right hand Bat,Right arm Medium fast, ,Lakshmipathy Balaji,0.06843696027633851,0.1955232348238692,0.0030574113916883704,9.657226914681171,0.6760563380281692,0.8752031477204687,0.336322869955157,64.38376809985704,9.657226914681171
L Ngidi,"Chennai Super Kings, Delhi Capitals, Royal Challengers Bengaluru",2018-2026,20,2.0,1.0,3.0,3,3.0,7.0,42.85,0.0,0.0,0.0,0.0,0.0,20.0,77.4,2.0,655.0,34.0,4/10,19.26,8.43,13.7,1.0,0.0,False,3.0,L Ngidi,Right hand Bat,Right arm Fast medium, ,Lungisani True-man Ngidi,,,,,0.6073943661971832,0.9386707723890172,0.14798206278026907,58.55174173392508,
L Ronchi,Mumbai Indians,2008-2009,5,5.0,0.0,34.0,13,6.8,34.0,100.0,0.0,0.0,1.0,6.0,1.0,,,,,,-,,,,,,False,13.0,L Ronchi,Right hand Bat, ,Wicketkeeper,Luke Ronchi,,,,,,,,,
L Wood,Mumbai Indians,2024-2024,2,1.0,1.0,9.0,9*,,3.0,300.0,0.0,0.0,0.0,0.0,1.0,2.0,6.0,0.0,93.0,1.0,1/68,93.0,15.5,36.0,0.0,0.0,True,9.0,L Wood,Left hand Bat,Left arm Fast medium,,Luke Wood,,,,,,,,,
LA Carseldine,Rajasthan Royals,2009-2009,5,5.0,1.0,81.0,39,20.25,68.0,119.11,0.0,0.0,0.0,11.0,0.0,1.0,1.0,0.0,6.0,1.0,1/6,6.0,6.0,6.0,0.0,0.0,False,39.0,LA Carseldine,Left hand Bat,Left arm Medium, ,Lee Andrew Carseldine,,,,,,,,,
LA Pomersbach,"Kings XI Punjab, Royal Challengers Bangalore",2008-2013,17,16.0,5.0,302.0,79*,27.45,246.0,122.76,0.0,1.0,0.0,25.0,13.0,,,,,,-,,,,,,True,79.0,LA Pomersbach,Left hand Bat,Right arm Offbreak, ,Luke Anthony Pomersbach,0.5639032815198618,0.4497911186755377,0.03317857547276639,39.12828480125746,,,,,
LB Williams,Delhi Capitals,2024-2024,2,1.0,1.0,1.0,1*,,2.0,50.0,0.0,0.0,0.0,0.0,0.0,2.0,6.0,0.0,72.0,1.0,1/38,72.0,12.0,36.0,0.0,0.0,True,1.0,LB Williams,Left hand Bat,Right arm Medium fast,,Lizaad Buyron Williams,,,,,,,,,
LE Plunkett,Delhi Daredevils,2018-2018,7,2.0,1.0,1.0,1*,1.0,3.0,33.33,0.0,0.0,1.0,0.0,0.0,7.0,25.0,0.0,225.0,4.0,3/17,56.25,9.0,37.5,0.0,0.0,True,1.0,LE Plunkett,Right hand Bat,Right arm Fast, ,Liam Edward Plunkett,,,,,,,,,
LG Pretorius,Rajasthan Royals,2025-2025,1,,,,-,,,,,,,,,,,,,,-,,,,,,False,,LG Pretorius,Left hand Bat,,Wicketkeeper,Lhuan-dre Gilbert Pretorius,,,,,,,,,
LH Ferguson,"Gujarat Titans, Kolkata Knight Riders, Punjab Kings, Rising Pune Supergiant, Royal Challengers Bengaluru",2017-2025,49,11.0,8.0,72.0,24*,24.0,47.0,153.19,0.0,0.0,1.0,7.0,2.0,49.0,170.3,1.0,1530.0,51.0,4/28,30.0,8.97,20.0,1.0,0.0,True,24.0,LH Ferguson,Right hand Bat,Right arm Fast, ,Lachlan Hammond Ferguson,0.4894214162348878,0.6067357780184641,0.007133959913939531,40.990957877890246,0.5123239436619718,0.8468052347959969,0.2242152466367713,54.29597864513204,40.990957877890246
LI Meriwala,Delhi Capitals,2021-2021,1,,,,-,,,,,,,,,1.0,3.0,0.0,32.0,1.0,1/32,32.0,10.66,18.0,0.0,0.0,False,,LI Meriwala,Left hand Bat,Left arm Fast medium, ,Lukman Iqbal Meriwala,,,,,,,,,
LJ Wright,Pune Warriors,2012-2013,7,6.0,1.0,106.0,44,21.2,60.0,176.66,0.0,0.0,0.0,16.0,3.0,6.0,11.5,0.0,124.0,2.0,1/12,62.0,10.47,35.5,0.0,0.0,False,44.0,LJ Wright,Right hand Bat,Right arm Medium, ,Luke James Wright,,,,,,,,,
LMP Simmons,Mumbai Indians,2014-2017,29,29.0,2.0,1079.0,100*,39.96,852.0,126.64,1.0,11.0,2.0,109.0,44.0,1.0,3.0,0.0,34.0,1.0,1/34,34.0,11.33,18.0,0.0,0.0,True,100.0,LMP Simmons,Right hand Bat,Right arm Medium fast,Occasional Wicketkeeper,Lendl Mark Platter Simmons,0.8339810017271158,0.46980246531538505,0.12116408107802061,52.83142838207362,,,,,
LPC Silva,Deccan Chargers,2008-2008,3,3.0,1.0,40.0,23*,20.0,26.0,153.84,0.0,0.0,1.0,5.0,1.0,1.0,1.0,0.0,21.0,0.0,-,,21.0,,0.0,0.0,True,23.0,LPC Silva,Right hand Bat,Legbreak, ,Lindamlilage Prageeth Chamara Silva,,,,,,,,,
LR Shukla,"Delhi Daredevils, Kolkata Knight Riders",2008-2014,47,34.0,7.0,405.0,48*,15.0,350.0,115.71,0.0,0.0,3.0,33.0,15.0,27.0,52.2,0.0,447.0,15.0,3/6,29.8,8.54,20.9,0.0,0.0,True,48.0,LR Shukla,Right hand Bat,Right arm Medium, ,Laxmi Ratan Shukla,0.2951208981001727,0.4134302955283924,0.04484203374476277,27.39594711111971,0.5880281690140847,0.8485159524420494,0.06278026905829596,52.16245232271357,27.39594711111971
LRPL Taylor,"Delhi Daredevils, Pune Warriors, Rajasthan Royals, Royal Challengers Bangalore",2008-2014,55,54.0,14.0,1017.0,81*,25.42,822.0,123.72,0.0,3.0,3.0,66.0,46.0,2.0,2.0,0.0,24.0,0.0,-,,12.0,,0.0,0.0,True,81.0,LRPL Taylor,Right hand Bat,Right arm Offbreak, ,Luteru Ross Poutoa Lote Taylor,0.520077720207254,0.45474237969982984,0.1141433586230325,39.572676063360014,,,,,
LS Livingstone,"Punjab Kings, Rajasthan Royals, Royal Challengers Bengaluru, Sunrisers Hyderabad",2019-2026,50,48.0,7.0,1065.0,94,25.97,682.0,156.15,0.0,7.0,3.0,70.0,76.0,27.0,52.0,0.0,469.0,13.0,3/27,36.07,9.01,24.0,0.0,0.0,False,94.0,LS Livingstone,Right hand Bat,"Right arm Offbreak, Legbreak", ,Liam Stephen Livingstone,0.531951640759931,0.6220021661766982,0.11957875665270071,46.037610362899194,0.5052816901408452,0.794884954238303,0.053811659192825115,47.12018232905494,46.037610362899194
Lalit Yadav,Delhi Capitals,2021-2024,27,21.0,5.0,305.0,48*,19.06,290.0,105.17,0.0,0.0,1.0,27.0,7.0,19.0,48.0,0.0,425.0,10.0,2/11,42.5,8.85,28.8,0.0,0.0,True,48.0,Lalit Yadav,Right hand Bat,Right arm Offbreak, ,Lalit Yadav,0.3827720207253885,0.3590695755325185,0.03351828784962065,28.716273168894208,0.5334507042253522,0.7398853819177145,0.04035874439461883,45.7775253468459,28.716273168894208
Litton Das,Kolkata Knight Riders,2023-2023,1,1.0,0.0,4.0,4,4.0,4.0,100.0,0.0,0.0,0.0,1.0,0.0,,,,,,-,,,,,,False,4.0,,,,,,,,,,,,,,
M Ashwin,"Kings XI Punjab, Mumbai Indians, Punjab Kings, Rajasthan Royals, Rising Pune Supergiants, Royal Challengers Bangalore",2016-2023,44,13.0,4.0,35.0,9,3.88,50.0,70.0,0.0,0.0,2.0,2.0,1.0,44.0,145.0,0.0,1162.0,35.0,3/21,33.2,8.01,24.8,0.0,0.0,False,9.0,M Ashwin,Right hand Bat,Legbreak Googly, ,Murugan Ashwin,0.055051813471502585,0.1776780648821497,0.0029441739327369493,8.494409158053767,0.6813380281690142,0.8194337524591566,0.15246636771300448,57.101003353376115,8.494409158053767
M Jansen,"Mumbai Indians, Punjab Kings, Sunrisers Hyderabad",2021-2026,39,22.0,10.0,150.0,34*,12.5,139.0,107.91,0.0,0.0,3.0,8.0,7.0,38.0,134.1,1.0,1252.0,38.0,3/17,32.94,9.33,21.1,0.0,0.0,True,34.0,M Jansen,Right hand Bat,Left arm Medium fast, ,Marco Jansen,0.24114853195164077,0.3732012997060189,0.015966481712150378,23.107148810580053,0.4489436619718311,0.821657685399025,0.16591928251121077,49.44862563331628,23.107148810580053
M Kaif,"Kings XI Punjab, Rajasthan Royals, Royal Challengers Bangalore",2008-2012,29,22.0,4.0,259.0,34*,14.38,250.0,103.6,0.0,0.0,0.0,22.0,6.0,,,,,,-,,,,,,True,34.0,M Kaif,Right hand Bat,Right arm Offbreak, ,Mohammad Kaif,0.2817357512953368,0.35097220073237406,0.028309364737855284,24.26119119589295,,,,,
M Kartik,"Kings XI Punjab, Kolkata Knight Riders, Pune Warriors, Royal Challengers Bangalore",2008-2014,56,16.0,9.0,113.0,21,16.14,108.0,104.62,0.0,0.0,1.0,7.0,1.0,55.0,191.4,1.0,1388.0,31.0,3/17,44.77,7.24,37.0,0.0,0.0,False,21.0,M Kartik,Left hand Bat,Slow Left arm Orthodox, ,Murali Kartik,0.31973229706390327,0.3562329155706845,0.011776695730947797,25.55186132080378,0.8169014084507042,0.7204687366350183,0.13452914798206278,57.843829517462176,25.55186132080378
M Klinger,Kochi Tuskers Kerala,2011-2011,4,4.0,0.0,73.0,29,18.25,77.0,94.8,0.0,0.0,0.0,9.0,0.0,,,,,,-,,,,,,False,29.0,M Klinger,Right hand Bat, , ,Michael Klinger,,,,,,,,,
M Manhas,"Chennai Super Kings, Delhi Daredevils, Pune Warriors",2008-2014,55,38.0,15.0,514.0,42*,22.34,470.0,109.36,0.0,0.0,6.0,43.0,10.0,3.0,7.0,0.0,42.0,0.0,-,,6.0,,0.0,0.0,True,42.0,M Manhas,Right hand Bat,Right arm Offbreak,Wicketkeeper,Mithun Manhas,0.45358376511226245,0.3806797668781268,0.05718491677046767,32.89676536448663,,,,,
M Markande,"Mumbai Indians, Rajasthan Royals, Sunrisers Hyderabad",2018-2026,40,11.0,8.0,48.0,18*,16.0,42.0,114.28,0.0,0.0,0.0,5.0,1.0,40.0,125.0,0.0,1145.0,37.0,4/15,30.94,9.16,20.2,2.0,0.0,True,18.0,M Markande,Right hand Bat,Legbreak, ,Mayank Markande,0.3167098445595855,0.40605497962762394,0.004416260899105424,26.9907245918279,0.47887323943661975,0.83876486185955,0.16143497757847533,50.9603828727202,26.9907245918279
M Morkel,"Delhi Daredevils, Kolkata Knight Riders, Rajasthan Royals",2009-2016,70,23.0,12.0,126.0,23*,11.45,90.0,140.0,0.0,0.0,5.0,11.0,4.0,70.0,271.3,3.0,2089.0,77.0,4/20,27.12,7.69,21.1,1.0,0.0,True,23.0,M Morkel,Left hand Bat,Right arm Fast, ,Morne Morkel,0.21848013816925732,0.5387075145701171,0.013248782697316273,27.925188104157293,0.7376760563380282,0.8714395688991532,0.34080717488789236,66.54326212993811,27.925188104157293
M Muralidaran,"Chennai Super Kings, Kochi Tuskers Kerala, Royal Challengers Bangalore",2008-2014,66,9.0,3.0,20.0,6,3.33,30.0,66.66,0.0,0.0,2.0,1.0,0.0,66.0,254.0,1.0,1696.0,63.0,3/11,26.92,6.67,24.1,0.0,0.0,False,6.0,,,,,,,,,,0.9172535211267606,0.8731502865452057,0.27802690582959644,71.00494044340671,
M Ntini,Chennai Super Kings,2008-2008,9,2.0,1.0,11.0,11,11.0,18.0,61.11,0.0,0.0,0.0,2.0,0.0,9.0,35.0,2.0,242.0,7.0,4/21,34.57,6.91,30.0,1.0,0.0,False,11.0,M Ntini,Right hand Bat,Right arm Fast, ,Makhaya Ntini,,,,,,,,,
M Pathirana,Chennai Super Kings,2022-2025,32,,,,-,,,,,,,,,32.0,117.0,0.0,1016.0,47.0,4/28,21.61,8.68,14.9,1.0,0.0,False,,M Pathirana,Right hand Bat,Right arm Fast, ,Matheesha Pathirana,,,,,0.563380281690141,0.9185698400479001,0.2062780269058296,58.056595068006324,
M Prasidh Krishna,"Gujarat Titans, Kolkata Knight Riders, Rajasthan Royals",2018-2026,70,10.0,7.0,9.0,4*,3.0,24.0,37.5,0.0,0.0,2.0,0.0,0.0,70.0,265.5,3.0,2343.0,84.0,4/28,27.89,8.81,18.9,3.0,0.0,True,4.0,M Prasidh Krishna,Right hand Bat,Right arm Fast medium, ,Muralikrishna Prasidh Krishna,0.036053540587219345,0.010057248955593394,0.0,1.7941453369345426,0.5404929577464789,0.864853305961851,0.3721973094170404,60.35303851230276,1.7941453369345426
M Rawat,"Pune Warriors, Rajasthan Royals",2008-2013,18,12.0,7.0,55.0,23*,11.0,69.0,79.71,0.0,0.0,1.0,4.0,1.0,,,,,,-,,,,,,True,23.0,M Rawat,Right hand Bat, ,Wicketkeeper,Mahesh Rawat,0.2087651122625216,0.2277580071174377,0.005208923111765372,16.452357817405318,,,,,
M Shahrukh Khan,"Gujarat Titans, Punjab Kings",2021-2026,59,51.0,15.0,747.0,58,20.75,501.0,149.1,0.0,2.0,3.0,47.0,51.0,3.0,3.0,0.0,28.0,1.0,1/13,28.0,9.33,18.0,0.0,0.0,False,58.0,M Shahrukh Khan,Right hand Bat,Right arm Offbreak, ,Masood Shahrukh Khan,0.41925734024179623,0.5856413430295528,0.0835692447061488,39.35697173335991,,,,,
M Siddharth,Lucknow Super Giants,2024-2026,7,,,,-,,,,,,,,,7.0,24.0,0.0,201.0,5.0,2/39,40.2,8.37,28.8,0.0,0.0,False,,M Siddharth,Right hand Bat,Slow Left arm Orthodox,,Manimaran Siddharth,,,,,,,,,
M Theekshana,"Chennai Super Kings, Rajasthan Royals",2022-2025,38,6.0,3.0,17.0,7*,5.66,34.0,50.0,0.0,0.0,1.0,0.0,1.0,38.0,146.0,1.0,1207.0,36.0,4/33,33.52,8.26,24.3,1.0,0.0,True,7.0,M Theekshana,Right hand Bat,Right arm Offbreak, ,Morawakage Maheesh Theekshana,,,,,0.637323943661972,0.8166966042254725,0.15695067264573992,55.59923935543275,
M Tiwari,Delhi Capitals,2025-2025,1,1.0,0.0,3.0,3,3.0,4.0,75.0,0.0,0.0,0.0,0.0,0.0,,,,,,-,,,,,,False,3.0,M Tiwari,Right hand Bat,Right arm Medium fast,,Madhav Tiwari,,,,,,,,,
M Vijay,"Chennai Super Kings, Delhi Daredevils, Kings XI Punjab",2009-2020,106,106.0,5.0,2619.0,127,25.93,2149.0,121.87,2.0,13.0,5.0,247.0,91.0,4.0,6.0,0.0,49.0,0.0,-,,8.16,,0.0,0.0,False,127.0,M Vijay,Right hand Bat,Right arm Offbreak, ,Murali Vijay,0.5310880829015544,0.4452008871009336,0.29554976786320913,44.21429856117508,,,,,
M Vohra,"Kings XI Punjab, Lucknow Super Giants, Rajasthan Royals, Royal Challengers Bangalore",2013-2023,56,51.0,2.0,1083.0,95,22.1,829.0,130.63,0.0,3.0,3.0,104.0,43.0,,,,,,-,,,,,,False,95.0,M Vohra,Right hand Bat,Right arm Medium, ,Manan Vohra,0.44840241796200353,0.4903811439475992,0.1216170309138263,38.13986252949177,,,,,
M de Lange,"Kolkata Knight Riders, Mumbai Indians",2012-2015,5,1.0,0.0,1.0,1,1.0,2.0,50.0,0.0,0.0,0.0,0.0,0.0,5.0,18.0,1.0,169.0,5.0,3/34,33.8,9.38,21.6,0.0,0.0,False,1.0,M de Lange,Right hand Bat,Right arm Fast, ,Marchant de Lange,,,,,,,,,
MA Agarwal,"Delhi Daredevils, Kings XI Punjab, Punjab Kings, Rising Pune Supergiant, Royal Challengers Bangalore, Royal Challengers Bengaluru, Sunrisers Hyderabad",2011-2025,131,125.0,5.0,2756.0,106,22.96,2064.0,133.52,1.0,13.0,7.0,273.0,100.0,,,,,,-,,,,,,False,106.0,MA Agarwal,Right hand Bat,Right arm Offbreak, ,Mayank Anurag Agarwal,0.4669689119170985,0.5052865026561454,0.3110632997395538,44.14036656313788,,,,,
MA Khote,Mumbai Indians,2008-2008,4,3.0,1.0,24.0,9,12.0,22.0,109.09,0.0,0.0,0.0,2.0,1.0,2.0,5.0,0.0,51.0,2.0,2/29,25.5,10.2,15.0,0.0,0.0,False,9.0,MA Khote,Right hand Bat,Right arm Medium, ,Musavir Asmat Khote,,,,,,,,,
MA Starc,"Delhi Capitals, Kolkata Knight Riders, Royal Challengers Bangalore",2014-2025,52,23.0,12.0,111.0,29,10.09,119.0,93.27,0.0,0.0,3.0,11.0,0.0,49.0,174.3,1.0,1503.0,65.0,5/35,23.12,8.61,16.1,2.0,1.0,False,29.0,MA Starc,Left hand Bat,Left arm Fast, ,Mitchell Aaron Starc,0.18911917098445596,0.297694569085564,0.011550220813044956,18.272832277699102,0.5757042253521129,0.9056539218202035,0.28699551569506726,60.45740062188308,18.272832277699102
MA Wood,"Chennai Super Kings, Lucknow Super Giants",2018-2023,5,3.0,1.0,12.0,10*,6.0,8.0,150.0,0.0,0.0,0.0,1.0,1.0,5.0,20.0,1.0,179.0,11.0,5/14,16.27,8.95,10.9,0.0,1.0,True,10.0,MA Wood,Right hand Bat,Right arm Fast, ,Mark Andrew Wood,,,,,,,,,
MB Parmar,Kolkata Knight Riders,2010-2010,1,,,,-,,,,,,,,,1.0,3.0,0.0,33.0,0.0,-,,11.0,,0.0,0.0,False,,MB Parmar,Right hand Bat,Right arm Offbreak, ,Mohnish Bipinbhai Parmar,,,,,,,,,
MC Henriques,"Delhi Daredevils, Kolkata Knight Riders, Punjab Kings, Royal Challengers Bangalore, Sunrisers Hyderabad",2009-2021,62,54.0,18.0,1000.0,74*,27.77,788.0,126.9,0.0,5.0,2.0,87.0,28.0,60.0,158.2,0.0,1289.0,42.0,3/12,30.69,8.14,22.6,0.0,0.0,True,74.0,MC Henriques,Right hand Bat,Right arm Fast medium, ,Moises Constantino Henriques,0.5708117443868739,0.47114343184279756,0.11221832182085834,42.127947935494326,0.658450704225352,0.8409032589171157,0.18385650224215247,57.993083777250945,42.127947935494326
MC Juneja,Delhi Daredevils,2013-2013,7,7.0,0.0,125.0,49,17.85,128.0,97.65,0.0,0.0,0.0,11.0,1.0,,,,,,-,,,,,,False,49.0,MC Juneja,Right hand Bat,Right arm Offbreak, ,Manprit Charanjit Juneja,,,,,,,,,
MD Choudhary,Lucknow Super Giants,2026-2026,4,4.0,2.0,88.0,54*,44.0,57.0,154.38,0.0,1.0,0.0,5.0,8.0,,,,,,-,,,,,,True,54.0,MD Choudhary,Right hand Bat,,Wicketkeeper,Mukul Dalip Choudhary,,,,,,,,,
MD Mishra,"Deccan Chargers, Pune Warriors",2010-2012,18,17.0,1.0,237.0,41,14.81,208.0,113.94,0.0,0.0,1.0,24.0,8.0,,,,,,-,,,,,,False,41.0,MD Mishra,Right hand Bat,Right arm Offbreak, ,Mohnish Dinesh Mishra,0.2910189982728843,0.4043014080148538,0.02581814064092402,26.43676272745835,,,,,
MD Shanaka,Gujarat Titans,2023-2023,3,3.0,1.0,26.0,17,13.0,26.0,100.0,0.0,0.0,1.0,2.0,1.0,,,,,,-,,,,,,False,17.0,MD Shanaka,Right hand Bat,Right arm Medium, ,Madagamagamage Dasun Shanaka,,,,,,,,,
MDKJ Perera,Rajasthan Royals,2013-2013,2,2.0,0.0,14.0,14,7.0,13.0,107.69,0.0,0.0,1.0,3.0,0.0,,,,,,-,,,,,,False,14.0,MDKJ Perera,Left hand Bat, ,Wicketkeeper,Mathurage Don Kusal Janith Perera,,,,,,,,,
MEK Hussey,"Chennai Super Kings, Mumbai Indians",2008-2015,59,58.0,7.0,1977.0,116*,38.76,1612.0,122.64,1.0,15.0,1.0,198.0,52.0,,,,,,-,,,,,,True,116.0,MEK Hussey,Left hand Bat,Right arm Medium, ,Michael Edward Killeen Hussey,0.8080742659758203,0.4491722110475012,0.22285131921639678,53.61528100610528,,,,,
MF Maharoof,Delhi Daredevils,2008-2010,20,14.0,4.0,177.0,39,17.7,123.0,143.9,0.0,0.0,2.0,12.0,9.0,20.0,70.0,0.0,520.0,27.0,3/34,19.25,7.42,15.5,0.0,0.0,False,39.0,MF Maharoof,Right hand Bat,Right arm Fast medium, ,Mohamed Farveez Maharoof,0.35341105354058716,0.5588220124813039,0.01902389310383875,34.17080990606509,0.7852112676056339,0.9387563082713198,0.11659192825112108,63.83662300322701,34.17080990606509
MG Bracewell,Royal Challengers Bangalore,2023-2023,5,4.0,2.0,58.0,26,29.0,47.0,123.4,0.0,0.0,0.0,6.0,1.0,5.0,11.0,0.0,95.0,6.0,2/13,15.83,8.63,11.0,0.0,0.0,False,26.0,MG Bracewell,Left hand Bat,Right arm Offbreak,Wicketkeeper,Michael Gordon Bracewell,,,,,,,,,
MG Johnson,"Kings XI Punjab, Kolkata Knight Riders, Mumbai Indians",2013-2018,54,30.0,17.0,167.0,16*,12.84,164.0,101.82,0.0,0.0,2.0,10.0,7.0,54.0,205.2,2.0,1702.0,61.0,3/26,27.9,8.28,20.1,0.0,0.0,True,16.0,MG Johnson,Left hand Bat,Left arm Fast, ,Mitchell Guy Johnson,0.2484887737478411,0.3417917375831657,0.01789151851432454,22.34954972818256,0.6338028169014087,0.8647677700795484,0.26905829596412556,60.52171942325726,22.34954972818256
MG Neser,Kings XI Punjab,2013-2013,1,,,,-,,,,,,,,,1.0,4.0,0.0,62.0,0.0,-,,15.5,,0.0,0.0,False,,MG Neser,Right hand Bat,Right arm Medium fast, ,Michael Gertges Neser,,,,,,,,,
MJ Clarke,Pune Warriors,2012-2012,6,6.0,0.0,98.0,41,16.33,94.0,104.25,0.0,0.0,0.0,12.0,0.0,5.0,11.0,0.0,67.0,2.0,1/12,33.5,6.09,33.0,0.0,0.0,False,41.0,MJ Clarke,Right hand Bat,Slow Left arm Orthodox, ,Michael John Clarke,,,,,,,,,
MJ Dagar,"Royal Challengers Bengaluru, Sunrisers Hyderabad",2023-2024,8,1.0,0.0,0.0,0,0.0,1.0,0.0,0.0,0.0,1.0,0.0,0.0,8.0,22.5,0.0,203.0,2.0,1/23,101.5,8.89,68.5,0.0,0.0,False,0.0,,,,,,,,,,,,,,
MJ Guptill,"Kings XI Punjab, Mumbai Indians, Sunrisers Hyderabad",2016-2019,13,13.0,1.0,270.0,50*,22.5,196.0,137.75,0.0,1.0,1.0,24.0,15.0,,,,,,-,,,,,,True,50.0,MJ Guptill,Right hand Bat,Right arm Offbreak, ,Martin James Guptill,0.4570379965457686,0.5271029965444325,0.029554976786320915,37.46899916054391,,,,,
MJ Henry,"Chennai Super Kings, Kings XI Punjab, Lucknow Super Giants",2017-2026,9,2.0,0.0,7.0,5,3.5,10.0,70.0,0.0,0.0,0.0,1.0,0.0,9.0,27.0,0.0,311.0,4.0,2/54,77.75,11.51,40.5,0.0,0.0,False,5.0,MJ Henry,Right hand Bat,Right arm Fast medium, ,Matthew James Henry,,,,,,,,,
MJ Lumb,"Deccan Chargers, Rajasthan Royals",2010-2011,12,12.0,0.0,278.0,83,23.16,194.0,143.29,0.0,1.0,3.0,45.0,6.0,,,,,,-,,,,,,False,83.0,MJ Lumb,Left hand Bat,Right arm Medium, ,Michael John Lumb,0.471286701208981,0.5556758987054515,0.030460876457932284,39.061646414498355,,,,,
MJ McClenaghan,Mumbai Indians,2015-2019,56,24.0,11.0,85.0,20,6.53,70.0,121.42,0.0,0.0,6.0,5.0,7.0,56.0,212.2,1.0,1803.0,71.0,4/21,25.39,8.49,17.9,1.0,0.0,False,20.0,MJ McClenaghan,Left hand Bat,Left arm Fast medium, ,Mitchell John McClenaghan,0.11226252158894647,0.44287998349579666,0.008606046880308006,20.20645145791844,0.596830985915493,0.8862372765375075,0.31390134529147984,61.32442954459941,20.20645145791844
MJ Owen,Punjab Kings,2025-2025,1,1.0,0.0,0.0,0,0.0,2.0,0.0,0.0,0.0,1.0,0.0,0.0,,,,,,-,,,,,,False,0.0,MJ Owen,Right hand Bat,,Right arm Medium,Mitchell J Owen,,,,,,,,,
MJ Santner,"Chennai Super Kings, Mumbai Indians",2019-2026,33,20.0,12.0,128.0,22,16.0,117.0,109.4,0.0,0.0,1.0,8.0,6.0,33.0,107.3,0.0,800.0,27.0,3/11,29.62,7.44,23.8,0.0,0.0,False,22.0,MJ Santner,Left hand Bat,Slow Left arm Orthodox, ,Mitchell Josef Santner,0.3167098445595855,0.38088606942080566,0.013475257615219114,26.336287652492096,0.7816901408450704,0.8500555983234968,0.11659192825112108,60.60885871843348,26.336287652492096
MJ Suthar,Gujarat Titans,2024-2024,1,1.0,0.0,1.0,1,1.0,2.0,50.0,0.0,0.0,0.0,0.0,0.0,1.0,2.0,0.0,26.0,0.0,-,,13.0,,0.0,0.0,False,1.0,MJ Suthar,Left hand Bat,Slow Left arm Orthodox,,Manav Suthar,,,,,,,,,
MK Lomror,"Rajasthan Royals, Royal Challengers Bangalore, Royal Challengers Bengaluru",2018-2024,40,35.0,6.0,527.0,54*,18.17,373.0,141.28,0.0,1.0,3.0,33.0,30.0,11.0,15.0,0.0,127.0,1.0,1/22,127.0,8.46,90.0,0.0,0.0,True,54.0,MK Lomror,Left hand Bat,Slow Left arm Orthodox, ,Mahipal Krishan Lomror,0.3635578583765113,0.5453091959358399,0.05865700373683615,35.09456128623575,0.602112676056338,0.017107176460525175,0.0,21.67269483809021,21.67269483809021
MK Pandey,"Delhi Capitals, Kolkata Knight Riders, Lucknow Super Giants, Mumbai Indians, Pune Warriors, Royal Challengers Bangalore, Sunrisers Hyderabad",2008-2025,174,162.0,28.0,3942.0,114*,29.41,3244.0,121.51,1.0,22.0,14.0,340.0,115.0,,,,,,-,,,,,,True,114.0,MK Pandey,Right hand Bat,Right arm Medium, ,Manish Krishnanand Pandey,0.6062176165803108,0.44334416421682404,0.4453629260559393,50.89982356219976,,,,,
MK Tiwary,"Delhi Daredevils, Kings XI Punjab, Kolkata Knight Riders, Rising Pune Supergiant",2008-2018,98,85.0,26.0,1695.0,75*,28.72,1449.0,116.97,0.0,7.0,8.0,156.0,40.0,6.0,7.0,0.0,83.0,1.0,1/11,83.0,11.85,42.0,0.0,0.0,True,75.0,MK Tiwary,Right hand Bat,Legbreak Googly, ,Manoj Kumar Tiwary,0.591321243523316,0.41992882562277584,0.190918355792096,43.1233175325322,,,,,
ML Hayden,Chennai Super Kings,2008-2010,32,32.0,2.0,1107.0,93,36.9,805.0,137.51,0.0,8.0,1.0,121.0,44.0,,,,,,-,,,,,,False,93.0,ML Hayden,Left hand Bat,Right arm Medium, ,Matthew Lawrence Hayden,0.7679188255613126,0.5258651812883594,0.1243347299286604,52.2304026157616,,,,,
MM Ali,"Chennai Super Kings, Kolkata Knight Riders, Royal Challengers Bangalore",2018-2025,73,59.0,6.0,1167.0,93,22.01,835.0,139.76,0.0,6.0,6.0,95.0,67.0,57.0,142.2,1.0,1029.0,41.0,4/26,25.09,7.22,20.8,1.0,0.0,False,93.0,MM Ali,Left hand Bat,Right arm Offbreak, ,Moeen Munir Ali,0.4464594127806563,0.5374696993140441,0.13112897746574567,39.948040423861435,0.8204225352112677,0.8888033530065863,0.17937219730941703,65.2040720069074,39.948040423861435
MM Patel,"Gujarat Lions, Mumbai Indians, Rajasthan Royals",2008-2017,63,15.0,9.0,39.0,23*,6.5,41.0,95.12,0.0,0.0,5.0,5.0,0.0,63.0,225.5,5.0,1698.0,74.0,5/21,22.94,7.51,18.3,2.0,1.0,True,23.0,MM Patel,Right hand Bat,Right arm Medium fast, ,Munaf Musa Patel,0.11161485319516408,0.3072360616844603,0.0033971237685426338,15.30278438097624,0.7693661971830987,0.9071935677016508,0.3273542600896861,68.5002195736568,15.30278438097624
MM Sharma,"Chennai Super Kings, Delhi Capitals, Gujarat Titans, Kings XI Punjab",2013-2025,120,33.0,15.0,125.0,21*,6.94,136.0,91.91,0.0,0.0,5.0,8.0,4.0,119.0,400.3,0.0,3513.0,134.0,5/10,26.21,8.77,17.9,3.0,1.0,True,21.0,MM Sharma,Right hand Bat,Right arm Medium, ,Mohit Mahipal Sharma,0.1211139896373057,0.2906802826344835,0.01313554523836485,15.346758108658271,0.5475352112676057,0.8792233341886921,0.5964125560538116,67.82892577258477,15.346758108658271
MN Samuels,"Delhi Daredevils, Pune Warriors",2012-2017,15,14.0,1.0,161.0,46,12.38,172.0,93.6,0.0,0.0,1.0,9.0,7.0,11.0,35.4,0.0,284.0,9.0,3/39,31.55,7.96,23.7,0.0,0.0,False,46.0,MN Samuels,Right hand Bat,Right arm Offbreak, ,Marlon Nathaniel Samuels,0.23855785837651125,0.2993965650626644,0.017212093760616012,20.451496456269105,0.6901408450704226,0.8335471730390899,0.03587443946188341,54.405313817689425,20.451496456269105
MN van Wyk,Kolkata Knight Riders,2009-2009,5,5.0,2.0,167.0,74,55.66,132.0,126.51,0.0,1.0,1.0,19.0,1.0,,,,,,-,,,,,,False,74.0,MN van Wyk,Right hand Bat,Slow Left arm Orthodox,Wicketkeeper,Morne Nico van Wyk,,,,,,,,,
MP Breetzke,Lucknow Super Giants,2025-2025,1,1.0,0.0,14.0,14,14.0,12.0,116.66,0.0,0.0,0.0,1.0,1.0,,,,,,-,,,,,,False,14.0,MP Breetzke,Right hand Bat,,Wicketkeeper,Matthew Paul Breetzke,,,,,,,,,
MP Stoinis,"Delhi Capitals, Kings XI Punjab, Lucknow Super Giants, Punjab Kings, Royal Challengers Bangalore",2016-2026,113,101.0,28.0,2035.0,124*,27.87,1405.0,144.83,1.0,9.0,10.0,160.0,106.0,72.0,149.0,0.0,1466.0,44.0,4/15,33.31,9.83,20.3,1.0,0.0,True,124.0,MP Stoinis,Right hand Bat,Right arm Medium, ,Marcus Peter Stoinis,0.5729706390328152,0.5636185465985869,0.2294190918355792,48.38095198815263,0.3609154929577466,0.8184928577538277,0.19282511210762332,47.0640456381338,47.0640456381338
MP Yadav,Lucknow Super Giants,2024-2025,6,,,,-,,,,,,,,,6.0,20.1,0.0,185.0,9.0,3/14,20.55,9.17,13.4,0.0,0.0,False,,MP Yadav,Right hand Bat,Right arm Fast,,Mayank Yadav,,,,,,,,,
MR Marsh,"Deccan Chargers, Delhi Capitals, Lucknow Super Giants, Pune Warriors, Rising Pune Supergiants, Sunrisers Hyderabad",2010-2026,59,53.0,2.0,1367.0,117,26.8,959.0,142.54,1.0,9.0,7.0,110.0,80.0,34.0,93.2,1.0,795.0,37.0,4/25,21.48,8.51,15.1,2.0,0.0,False,117.0,MR Marsh,Right hand Bat,Right arm Medium, ,Mitchell Ross Marsh,0.5498704663212435,0.5518077260302233,0.1537764692560299,45.152500795308306,0.5933098591549297,0.9196818065178343,0.16143497757847533,57.797757625901,45.152500795308306
MS Bhandage,Royal Challengers Bengaluru,2025-2025,1,1.0,0.0,1.0,1,1.0,4.0,25.0,0.0,0.0,0.0,0.0,0.0,,,,,,-,,,,,,False,1.0,MS Bhandage,Left hand Bat,Right arm Medium fast,,Manoj Shivaramsa Bhandage,,,,,,,,,
MS Bisla,"Kings XI Punjab, Kolkata Knight Riders, Royal Challengers Bangalore",2010-2015,39,39.0,1.0,798.0,92,21.0,702.0,113.67,0.0,4.0,3.0,93.0,23.0,,,,,,-,,,,,,False,92.0,MS Bisla,Right hand Bat, ,Wicketkeeper,Manvinder Sultansingh Bisla,0.4246545768566494,0.40290886585177166,0.08934435511267128,33.321602256894764,,,,,
MS Dhoni,"Chennai Super Kings, Rising Pune Supergiant, Rising Pune Supergiants",2008-2025,278,242.0,100.0,5439.0,84*,38.3,3957.0,137.45,0.0,24.0,6.0,375.0,264.0,,,,,,-,,,,,,True,84.0,MS Dhoni,Right hand Bat,Right arm Medium,Wicketkeeper,Mahendra Singh Dhoni,0.7981433506044905,0.5255557274743411,0.6148794021062167,65.69216953843697,,,,,
MS Gony,"Chennai Super Kings, Deccan Chargers, Gujarat Lions, Kings XI Punjab",2008-2017,44,17.0,7.0,99.0,42,9.9,71.0,139.43,0.0,0.0,3.0,6.0,8.0,44.0,148.0,3.0,1287.0,37.0,3/31,34.78,8.69,24.0,0.0,0.0,False,42.0,MS Gony,Right hand Bat,Right arm Medium, ,Manpreet Singh Gony,0.18501727115716754,0.5357677033369437,0.010191371305627901,26.407344745720422,0.5616197183098592,0.8059190830553418,0.16143497757847533,52.70690737513629,26.407344745720422
MS Wade,"Delhi Daredevils, Gujarat Titans",2011-2024,15,14.0,0.0,183.0,35,13.07,177.0,103.38,0.0,0.0,0.0,23.0,2.0,,,,,,-,,,,,,False,35.0,MS Wade,Left hand Bat,Right arm Medium,Wicketkeeper,Matthew Scott Wade,0.25345423143350604,0.34983753674764045,0.019703317857547278,22.87506598994634,,,,,
MV Boucher,"Kolkata Knight Riders, Royal Challengers Bangalore",2008-2011,31,24.0,10.0,394.0,50*,28.14,309.0,127.5,0.0,1.0,0.0,32.0,13.0,,,,,,-,,,,,,True,50.0,MV Boucher,Right hand Bat,Right arm Medium,Wicketkeeper,Mark Verdon Boucher,0.5787996545768567,0.47423796998298007,0.043596421696297134,40.840225674886,,,,,
MW Short,"Chennai Super Kings, Punjab Kings",2023-2026,7,7.0,0.0,119.0,36,17.0,99.0,120.2,0.0,0.0,0.0,15.0,4.0,4.0,4.1,0.0,26.0,0.0,-,,6.24,,0.0,0.0,False,36.0,MW Short,Right hand Bat,Right arm Offbreak, ,Matthew William Short,,,,,,,,,
Mandeep Singh,"Delhi Capitals, Kings XI Punjab, Kolkata Knight Riders, Punjab Kings, Royal Challengers Bangalore",2010-2023,111,98.0,16.0,1706.0,77*,20.8,1388.0,122.91,0.0,6.0,15.0,176.0,38.0,2.0,2.0,0.0,26.0,0.0,-,,13.0,,0.0,0.0,True,77.0,Mandeep Singh,Right hand Bat,Right arm Medium, ,Mandeep Singh,0.42033678756476683,0.45056475321058337,0.19216396784056167,37.387337060975135,,,,,
Mashrafe Mortaza,Kolkata Knight Riders,2009-2009,1,1.0,1.0,2.0,2*,,2.0,100.0,0.0,0.0,0.0,0.0,0.0,1.0,4.0,0.0,58.0,0.0,-,,14.5,,0.0,0.0,True,2.0,Mashrafe Mortaza,Right hand Bat,Right arm Fast medium, ,Mashrafe Bin Mortaza,,,,,,,,,
Misbah-ul-Haq,Royal Challengers Bangalore,2008-2008,8,8.0,1.0,117.0,47*,16.71,81.0,144.44,0.0,0.0,2.0,10.0,6.0,,,,,,-,,,,,,True,47.0,Misbah-ul-Haq,Right hand Bat,Legbreak, ,Misbah-ul-Haq Khan Niazi,,,,,,,,,
Mohammad Ashraful,Mumbai Indians,2009-2009,1,1.0,0.0,2.0,2,2.0,10.0,20.0,0.0,0.0,0.0,0.0,0.0,,,,,,-,,,,,,False,2.0,Mohammad Ashraful,Right hand Bat,"Right arm Offbreak, Legbreak", ,Mohammad Ashraful,,,,,,,,,
Mohammad Asif,Delhi Daredevils,2008-2008,8,2.0,0.0,3.0,3,1.5,6.0,50.0,0.0,0.0,1.0,0.0,0.0,8.0,32.0,0.0,296.0,8.0,2/19,37.0,9.25,24.0,0.0,0.0,False,3.0,Mohammad Asif,Left hand Bat,Right arm Fast medium, ,Mohammad Asif,,,,,,,,,
Mohammad Hafeez,Kolkata Knight Riders,2008-2008,8,8.0,1.0,64.0,16,9.14,83.0,77.1,0.0,0.0,0.0,7.0,2.0,4.0,10.0,0.0,68.0,2.0,1/8,34.0,6.8,30.0,0.0,0.0,False,16.0,Mohammad Hafeez,Right hand Bat,Right arm Offbreak, ,Mohammad Hafeez,,,,,,,,,
Mohammad Nabi,"Mumbai Indians, Sunrisers Hyderabad",2017-2024,24,19.0,3.0,215.0,31,13.43,150.0,143.33,0.0,0.0,1.0,18.0,11.0,23.0,69.3,0.0,517.0,15.0,4/11,34.46,7.43,27.8,1.0,0.0,False,31.0,Mohammad Nabi,Right hand Bat,Right arm Offbreak, ,Mohammad Nabi,0.2612262521588946,0.5558822012481305,0.023326916543992753,30.488100043640166,0.7834507042253522,0.8086562312890258,0.06278026905829596,57.6071508147521,30.488100043640166
Mohammed Shami,"Delhi Daredevils, Gujarat Titans, Kings XI Punjab, Kolkata Knight Riders, Lucknow Super Giants, Punjab Kings, Sunrisers Hyderabad",2013-2026,123,32.0,16.0,98.0,21,6.12,99.0,98.98,0.0,0.0,4.0,8.0,3.0,123.0,450.2,3.0,3849.0,137.0,4/11,28.09,8.54,19.7,2.0,0.0,False,21.0,Mohammed Shami,Right hand Bat,Right arm Fast, ,Mohammed Shami Ahmed,0.10341105354058722,0.32714425705296823,0.01007813384667648,15.838444484644288,0.5880281690140847,0.8631425883157985,0.6098654708520179,69.08694063210645,15.838444484644288
Mohammed Siraj,"Gujarat Titans, Royal Challengers Bangalore, Royal Challengers Bengaluru, Sunrisers Hyderabad",2017-2026,112,26.0,16.0,112.0,14*,11.2,123.0,91.05,0.0,0.0,2.0,10.0,4.0,112.0,397.2,4.0,3483.0,112.0,4/17,31.09,8.76,21.2,3.0,0.0,True,14.0,Mohammed Siraj,Right hand Bat,Right arm Fast, ,Mohammed Siraj,0.21308290155440412,0.28624477796688846,0.011663458271996377,18.83346974781717,0.5492957746478875,0.8374818236250107,0.4977578475336323,63.469951365560405,18.83346974781717
Mohit Rathee,Punjab Kings,2023-2023,1,1.0,1.0,1.0,1*,,2.0,50.0,0.0,0.0,0.0,0.0,0.0,1.0,2.0,0.0,29.0,0.0,-,,14.5,,0.0,0.0,True,1.0,Mohit Rathee,Right hand Bat,Legbreak, ,Mohit Rathee,,,,,,,,,
Mohsin Khan,Lucknow Super Giants,2022-2026,25,6.0,2.0,25.0,13*,6.25,25.0,100.0,0.0,0.0,2.0,2.0,1.0,24.0,85.0,3.0,708.0,28.0,4/16,25.28,8.32,18.2,1.0,0.0,True,13.0,Mohsin Khan,Left hand Bat,Left arm Medium fast,,Mohsin Khan,,,,,0.6267605633802817,0.8871781712428364,0.1210762331838565,56.62014270732483,
Monu Kumar,Chennai Super Kings,2020-2020,1,,,,-,,,,,,,,,1.0,2.0,0.0,20.0,0.0,-,,10.0,,0.0,0.0,False,,Monu Kumar,Right hand Bat,Right arm Medium, ,Monu Kumar Singh,,,,,,,,,
Mujeeb Ur Rahman,"Kings XI Punjab, Mumbai Indians, Sunrisers Hyderabad",2018-2025,20,7.0,4.0,12.0,10*,4.0,15.0,80.0,0.0,0.0,2.0,2.0,0.0,20.0,74.2,0.0,620.0,20.0,3/27,31.0,8.34,22.3,0.0,0.0,True,10.0,Mujeeb Ur Rahman,Right hand Bat,Right arm Offbreak, ,Mujeeb Ur Rahman,,,,,0.6232394366197185,0.8382516465657344,0.08520179372197309,53.70824172315004,
Mukesh Choudhary,Chennai Super Kings,2022-2025,16,2.0,1.0,6.0,4,6.0,6.0,100.0,0.0,0.0,0.0,1.0,0.0,16.0,52.3,0.0,522.0,17.0,4/46,30.7,9.94,18.5,1.0,0.0,False,4.0,Mukesh Choudhary,Left hand Bat,Left arm Medium, ,Mukesh Choudhary,,,,,0.3415492957746481,0.8408177230348131,0.07174887892376682,43.53531202604414,
Mukesh Kumar,Delhi Capitals,2023-2026,36,5.0,4.0,10.0,6*,10.0,18.0,55.55,0.0,0.0,0.0,0.0,0.0,36.0,120.0,1.0,1237.0,40.0,4/33,30.92,10.3,18.0,1.0,0.0,True,6.0,Mukesh Kumar,Right hand Bat,Right arm Medium, ,Mukesh Kumar,,,,,0.278169014084507,0.8389359336241553,0.17488789237668162,44.34530994110363,
Musheer Khan,Punjab Kings,2025-2025,1,1.0,0.0,0.0,0,0.0,3.0,0.0,0.0,0.0,1.0,0.0,0.0,1.0,2.0,0.0,27.0,1.0,1/27,27.0,13.5,12.0,0.0,0.0,False,0.0,Musheer Khan,Right hand Bat,Slow Left arm Orthodox,,Musheer Khan,,,,,,,,,
Mustafizur Rahman,"Chennai Super Kings, Delhi Capitals, Mumbai Indians, Rajasthan Royals, Sunrisers Hyderabad",2016-2025,60,10.0,8.0,13.0,8*,6.5,24.0,54.16,0.0,0.0,1.0,0.0,1.0,60.0,227.2,2.0,1849.0,65.0,4/29,28.44,8.13,20.9,1.0,0.0,True,8.0,Mustafizur Rahman,Left hand Bat,Left arm Fast medium, ,Mustafizur Rahman,0.11161485319516408,0.09598225798132963,0.0004529498358056845,7.835296903048242,0.6602112676056338,0.8601488324352066,0.28699551569506726,61.82246897228143,7.835296903048242
N Burger,Rajasthan Royals,2024-2026,10,,,,-,,,,,,,,,9.0,29.0,0.0,253.0,12.0,2/21,21.08,8.72,14.5,0.0,0.0,False,,N Burger,Left hand Bat,Left arm Fast medium,,Nandre Burger,,,,,,,,,
N Jagadeesan,"Chennai Super Kings, Kolkata Knight Riders",2020-2023,13,10.0,1.0,162.0,39*,18.0,147.0,110.2,0.0,0.0,2.0,21.0,2.0,,,,,,-,,,,,,True,39.0,N Jagadeesan,Right hand Bat, ,Wicketkeeper,Narayan Jagadeesan,0.3598877374784111,0.3850121202743824,0.017325331219567433,28.304066989229014,,,,,
N Pooran,"Kings XI Punjab, Lucknow Super Giants, Punjab Kings, Sunrisers Hyderabad",2019-2026,94,91.0,20.0,2334.0,87*,32.87,1405.0,166.12,0.0,14.0,9.0,158.0,170.0,,,,,,-,,,,,,True,87.0,N Pooran,Left hand Bat,Right arm Offbreak,Wicketkeeper,Nicholas Pooran,0.6809153713298791,0.6734230749393987,0.26327709206205413,57.38834977762547,,,,,
N Rana,"Delhi Capitals, Kolkata Knight Riders, Mumbai Indians, Rajasthan Royals",2016-2026,121,115.0,10.0,2873.0,87,27.36,2112.0,136.03,0.0,20.0,8.0,264.0,142.0,26.0,32.0,0.0,270.0,10.0,2/11,27.0,8.43,19.2,0.0,0.0,False,87.0,N Rana,Left hand Bat,"Right arm Medium, Right arm Offbreak, Legbreak", ,Nitish Rana,0.5619602763385148,0.5182319872092425,0.3243120824368701,48.72433266678583,0.6073943661971832,0.8724659994867847,0.04035874439461883,53.00587513077743,48.72433266678583
N Saini,Kings XI Punjab,2012-2012,10,10.0,0.0,140.0,50,14.0,141.0,99.29,0.0,1.0,0.0,16.0,0.0,,,,,,-,,,,,,False,50.0,N Saini,Right hand Bat, ,Wicketkeeper,Nitin Saini,0.27353195164075994,0.32874310175872923,0.014834107122636168,22.818139305251826,,,,,
N Thushara,"Mumbai Indians, Royal Challengers Bengaluru",2024-2025,8,,,,-,,,,,,,,,8.0,30.0,0.0,283.0,9.0,3/28,31.44,9.43,20.0,0.0,0.0,False,,N Thushara,Right hand Bat,Right arm Medium fast,,Nuwan Thushara,,,,,,,,,
N Wadhera,"Mumbai Indians, Punjab Kings",2023-2026,40,34.0,4.0,746.0,70,24.86,532.0,140.22,0.0,4.0,1.0,60.0,41.0,2.0,2.5,0.0,22.0,0.0,-,,7.76,,0.0,0.0,False,70.0,N Wadhera,Left hand Bat,Legbreak, ,Nehal Wadhera,0.5079879101899828,0.5398421785548507,0.08345600724719737,41.30039283819903,,,,,
NA Saini,"Kolkata Knight Riders, Rajasthan Royals, Royal Challengers Bangalore",2019-2026,34,7.0,3.0,33.0,12*,8.25,37.0,89.18,0.0,0.0,0.0,3.0,0.0,33.0,112.4,1.0,1011.0,23.0,3/40,43.95,8.97,29.3,0.0,0.0,True,12.0,NA Saini,Right hand Bat,Right arm Fast, ,Navdeep Amarjeet Saini,,,,,0.5123239436619718,0.7274826789838337,0.09865470852017937,46.35287304820858,
NB Singh,Gujarat Lions,2017-2017,2,,,,-,,,,,,,,,2.0,4.0,0.0,15.0,1.0,1/7,15.0,3.75,24.0,0.0,0.0,False,,NB Singh,Right hand Bat,Right arm Medium, ,Nathu Bharat Singh,,,,,,,,,
ND Doshi,"Rajasthan Royals, Royal Challengers Bangalore",2010-2011,4,1.0,0.0,0.0,0,0.0,13.0,0.0,0.0,0.0,1.0,0.0,0.0,4.0,9.2,0.0,79.0,2.0,1/15,39.5,8.46,28.0,0.0,0.0,False,0.0,ND Doshi,Right hand Bat,Slow Left arm Orthodox, ,Nayan Dilip Doshi,,,,,,,,,
NJ Maddinson,Royal Challengers Bangalore,2014-2015,3,3.0,0.0,20.0,12,6.66,21.0,95.23,0.0,0.0,0.0,4.0,0.0,,,,,,-,,,,,,False,12.0,NJ Maddinson,Left hand Bat,Slow Left arm Orthodox, ,Nicolas James Maddinson,,,,,,,,,
NJ Rimmington,Kings XI Punjab,2011-2011,1,1.0,1.0,1.0,1*,,1.0,100.0,0.0,0.0,0.0,0.0,0.0,1.0,3.0,0.0,19.0,0.0,-,,6.33,,0.0,0.0,True,1.0,NJ Rimmington,Right hand Bat,Right arm Fast medium, ,Nathan John Rimmington,,,,,,,,,
NK Patel,Rajasthan Royals,2008-2009,9,6.0,2.0,121.0,57,30.25,119.0,101.68,0.0,1.0,0.0,14.0,1.0,,,,,,-,,,,,,False,57.0,NK Patel,Left hand Bat,,,Niraj Kanubhai Patel,,,,,,,,,
NL McCullum,Pune Warriors,2011-2011,2,2.0,1.0,26.0,15,26.0,22.0,118.18,0.0,0.0,0.0,0.0,1.0,2.0,5.0,0.0,34.0,0.0,-,,6.8,,0.0,0.0,False,15.0,NL McCullum,Right hand Bat,Right arm Offbreak, ,Nathan Leslie McCullum,,,,,,,,,
NLTC Perera,"Chennai Super Kings, Kings XI Punjab, Kochi Tuskers Kerala, Mumbai Indians, Rising Pune Supergiants, Sunrisers Hyderabad",2010-2016,37,30.0,8.0,422.0,40,19.18,307.0,137.45,0.0,0.0,1.0,23.0,26.0,36.0,116.2,0.0,1016.0,31.0,3/20,32.77,8.73,22.5,0.0,0.0,False,40.0,NLTC Perera,Left hand Bat,Right arm Medium fast, ,Narangoda Liyanaarachchilage Thisara Chirantha Perera,0.38536269430051817,0.5255557274743411,0.04676707054693693,34.97813499729609,0.5545774647887324,0.8231117953981695,0.13452914798206278,52.25499854600344,34.97813499729609
NM Coulter-Nile,"Delhi Daredevils, Kolkata Knight Riders, Mumbai Indians, Rajasthan Royals",2013-2022,39,17.0,6.0,82.0,24*,7.45,72.0,113.88,0.0,0.0,0.0,7.0,4.0,38.0,142.5,1.0,1100.0,48.0,4/14,22.91,7.7,17.8,2.0,0.0,True,24.0,NM Coulter-Nile,Right hand Bat,Right arm Fast, ,Nathan Mitchell Coulter-Nile,0.13212435233160622,0.40399195420083556,0.008266334503453742,19.631350852879837,0.7359154929577465,0.9074501753485588,0.21076233183856502,63.84066834587764,19.631350852879837
NS Naik,"Kings XI Punjab, Kolkata Knight Riders",2016-2020,4,4.0,0.0,31.0,22,7.75,50.0,62.0,0.0,0.0,0.0,2.0,0.0,,,,,,-,,,,,,False,22.0,NS Naik,Right hand Bat, ,Wicketkeeper,Nikhil Shankar Naik,,,,,,,,,
NT Ellis,"Chennai Super Kings, Punjab Kings",2021-2025,17,5.0,1.0,19.0,12,4.75,25.0,76.0,0.0,0.0,2.0,0.0,1.0,17.0,63.0,0.0,546.0,19.0,4/30,28.73,8.66,19.8,1.0,0.0,False,12.0,NT Ellis,Right hand Bat,Right arm Fast medium, ,Nathan Ellis,,,,,0.5669014084507042,0.8576682918484304,0.08071748878923767,52.28146417414684,
NT Tilak Varma,Mumbai Indians,2022-2026,58,54.0,11.0,1533.0,84*,35.65,1064.0,144.07,0.0,8.0,2.0,119.0,74.0,4.0,3.4,0.0,28.0,0.0,-,,7.63,,0.0,0.0,True,84.0,,,,,,0.7409326424870466,0.5596987982876889,0.1725738874419658,53.54111082560012,,,,,
NV Ojha,"Delhi Daredevils, Rajasthan Royals, Sunrisers Hyderabad",2009-2018,113,94.0,19.0,1554.0,94*,20.72,1313.0,118.35,0.0,6.0,8.0,121.0,79.0,,,,,,-,,,,,,True,94.0,NV Ojha,Right hand Bat, ,Wicketkeeper,Naman Vinaykumar Ojha,0.41860967184801384,0.42704626334519574,0.17495187407994564,36.06480294300105,,,,,
Naman Dhir,Mumbai Indians,2024-2026,27,22.0,6.0,450.0,62*,28.12,253.0,177.86,0.0,1.0,3.0,42.0,25.0,5.0,8.4,0.0,76.0,0.0,-,,8.76,,0.0,0.0,True,62.0,Naman Dhir,Right hand Bat,Right arm Offbreak,,Naman Dhir,0.5783678756476683,0.7339728712156378,0.04993771939757672,50.07220850339347,,,,,
Naveen-ul-Haq,Lucknow Super Giants,2023-2024,18,6.0,5.0,18.0,13,18.0,25.0,72.0,0.0,0.0,0.0,2.0,0.0,17.0,64.3,0.0,591.0,25.0,4/38,23.64,9.16,15.4,1.0,0.0,False,13.0,Naveen-ul-Haq,Right hand Bat,Right arm Medium fast, ,Naveen-ul-Haq Murid,,,,,0.47887323943661975,0.901206055940467,0.10762331838565023,51.53147488976754,
Noor Ahmad,"Chennai Super Kings, Gujarat Titans",2023-2026,41,15.0,5.0,29.0,8,2.9,52.0,55.76,0.0,0.0,2.0,2.0,1.0,41.0,145.0,0.0,1214.0,49.0,4/18,24.77,8.37,17.7,2.0,0.0,False,8.0,Noor Ahmad,Right hand Bat,Left arm Wrist spin, ,Noor Ahmad Lakanwal,0.03389464594127806,0.10423435968848317,0.0022647491790284227,5.060607156223743,0.6179577464788735,0.8915405012402703,0.21524663677130046,59.28983777330904,5.060607156223743
O Thomas,Rajasthan Royals,2019-2019,4,,,,-,,,,,,,,,4.0,10.0,0.0,79.0,5.0,2/6,15.8,7.9,12.0,0.0,0.0,False,,O Thomas,Left hand Bat,Right arm Fast, ,Oshane Romaine Thomas,,,,,,,,,
OA Shah,"Kochi Tuskers Kerala, Kolkata Knight Riders, Rajasthan Royals",2010-2013,23,22.0,7.0,506.0,76,33.73,389.0,130.07,0.0,4.0,0.0,34.0,23.0,,,,,,-,,,,,,False,76.0,OA Shah,Right hand Bat,Right arm Offbreak, ,Owais Alam Shah,0.699481865284974,0.48749290835009546,0.0562790170988563,46.448501831123714,,,,,
OC McCoy,Rajasthan Royals,2022-2023,8,1.0,0.0,8.0,8,8.0,5.0,160.0,0.0,0.0,0.0,0.0,1.0,8.0,26.5,0.0,250.0,11.0,3/23,22.72,9.31,14.6,0.0,0.0,False,8.0,OC McCoy,Left hand Bat,Left arm Fast medium, ,Obed  Christopher McCoy,,,,,,,,,
OF Smith,Punjab Kings,2022-2022,6,6.0,3.0,51.0,25*,17.0,44.0,115.9,0.0,0.0,1.0,1.0,5.0,6.0,15.0,0.0,178.0,6.0,4/30,29.66,11.86,15.0,1.0,0.0,True,25.0,OF Smith,Right hand Bat,Right arm Fast medium, ,Odean Fabian Smith,,,,,,,,,
P Amarnath,Chennai Super Kings,2008-2008,6,,,,-,,,,,,,,,6.0,22.0,0.0,236.0,7.0,2/29,33.71,10.72,18.8,0.0,0.0,False,,P Amarnath,Right hand Bat,Right arm Medium, ,Palani Amarnath,,,,,,,,,
P Arya,Punjab Kings,2025-2026,20,20.0,0.0,578.0,103,28.9,304.0,190.13,1.0,3.0,1.0,63.0,35.0,,,,,,-,,,,,,False,103.0,,,,,,0.5952072538860104,0.7972561761823714,0.06443211414335863,53.32305917540738,,,,,
P Awana,Kings XI Punjab,2012-2014,33,7.0,5.0,5.0,4*,2.5,14.0,35.71,0.0,0.0,2.0,0.0,0.0,33.0,124.3,2.0,1029.0,39.0,4/34,26.38,8.26,19.1,1.0,0.0,True,4.0,P Awana,Right hand Bat,Right arm Medium, ,Parvinder Awana,,,,,0.637323943661972,0.8777692241895475,0.17040358744394618,58.14036849812156,
P Chopra,Rajasthan Royals,2018-2019,2,1.0,0.0,8.0,8,8.0,6.0,133.33,0.0,0.0,0.0,2.0,0.0,,,,,,-,,,,,,False,8.0,P Chopra,Right hand Bat,Legbreak Googly,Occasional Wicketkeeper,Prashant Chopra,,,,,,,,,
P Dharmani,Kings XI Punjab,2008-2008,1,,,,-,,,,,,,,,,,,,,-,,,,,,False,,P Dharmani,Right hand Bat, ,Wicketkeeper,Pankaj Dharmani,,,,,,,,,
P Dogra,"Kings XI Punjab, Kolkata Knight Riders, Rajasthan Royals",2010-2013,13,12.0,1.0,127.0,41,11.54,138.0,92.02,0.0,0.0,1.0,4.0,5.0,,,,,,-,,,,,,False,41.0,P Dogra,Right hand Bat,Legbreak, ,Paras Dogra,0.22042314335060448,0.2912476146268503,0.013362020156267694,19.34464274987063,,,,,
P Dubey,"Delhi Capitals, Punjab Kings",2020-2025,5,2.0,1.0,23.0,16,23.0,33.0,69.69,0.0,0.0,0.0,2.0,0.0,5.0,13.0,0.0,111.0,2.0,1/19,55.5,8.53,39.0,0.0,0.0,False,16.0,P Dubey,Right hand Bat,Legbreak Googly, ,Praveen Dubey,,,,,,,,,
P Kumar,"Gujarat Lions, Kings XI Punjab, Mumbai Indians, Royal Challengers Bangalore, Sunrisers Hyderabad",2008-2017,119,59.0,21.0,340.0,34,8.94,314.0,108.28,0.0,0.0,9.0,22.0,17.0,119.0,420.4,14.0,3251.0,90.0,3/18,36.12,7.72,28.0,0.0,0.0,False,34.0,P Kumar,Right hand Bat,Right arm Medium, ,Praveenkumar Sakat Singh,0.16429188255613125,0.3751095982257982,0.0374815989129204,20.637551212971196,0.7323943661971832,0.7944572748267898,0.3991031390134529,65.41290160624264,20.637551212971196
P Negi,"Chennai Super Kings, Delhi Daredevils, Royal Challengers Bangalore",2012-2019,50,35.0,9.0,365.0,36,14.03,289.0,126.29,0.0,0.0,3.0,27.0,16.0,42.0,119.2,0.0,939.0,34.0,4/18,27.61,7.86,21.0,1.0,0.0,False,36.0,P Negi,Left hand Bat,Slow Left arm Orthodox, ,Pawan Negi,0.27417962003454227,0.4679973180669453,0.04031253538670592,28.35490431839242,0.7077464788732395,0.8672483106663245,0.14798206278026907,59.5642795172928,28.35490431839242
P Nissanka,Delhi Capitals,2026-2026,4,4.0,0.0,127.0,44,31.75,83.0,153.01,0.0,0.0,0.0,17.0,4.0,,,,,,-,,,,,,False,44.0,P Nissanka,Right hand Bat,,,Pathum Nissanka Silva,,,,,,,,,
P Parameswaran,"Kochi Tuskers Kerala, Royal Challengers Bangalore",2011-2012,8,2.0,2.0,1.0,1*,,2.0,50.0,0.0,0.0,0.0,0.0,0.0,8.0,25.4,0.0,224.0,9.0,3/30,24.88,8.72,17.1,0.0,0.0,True,1.0,P Parameswaran,Right hand Bat,Left arm Medium, ,Prasanth Parameswaran,,,,,,,,,
P Prasanth,Kochi Tuskers Kerala,2011-2011,1,,,,-,,,,,,,,,1.0,1.0,0.0,18.0,0.0,-,,18.0,,0.0,0.0,False,,P Prasanth,Left hand Bat,Slow Left arm Orthodox, ,Padmanabhan Prasanth,,,,,,,,,
P Ray Barman,Royal Challengers Bangalore,2019-2019,1,1.0,0.0,19.0,19,19.0,24.0,79.16,0.0,0.0,0.0,2.0,0.0,1.0,4.0,0.0,56.0,0.0,-,,14.0,,0.0,0.0,False,19.0,P Ray Barman,Right hand Bat,Legbreak Googly, ,Prayas Ray Barman,,,,,,,,,
P Sahu,Kings XI Punjab,2016-2016,5,2.0,1.0,19.0,18*,19.0,13.0,146.15,0.0,0.0,0.0,1.0,1.0,5.0,17.3,0.0,146.0,3.0,2/18,48.66,8.34,35.0,0.0,0.0,True,18.0,P Sahu,Right hand Bat,Legbreak Googly, ,Pardeep Sahu,,,,,,,,,
P Suyal,Mumbai Indians,2013-2015,5,,,,-,,,,,,,,,5.0,16.0,0.0,151.0,2.0,1/21,75.5,9.43,48.0,0.0,0.0,False,,P Suyal,Right hand Bat,Left arm Medium, ,Pawan Shakland Suyal,,,,,,,,,
PA Patel,"Chennai Super Kings, Deccan Chargers, Kochi Tuskers Kerala, Mumbai Indians, Royal Challengers Bangalore, Sunrisers Hyderabad",2008-2019,139,137.0,11.0,2848.0,81,22.6,2358.0,120.78,0.0,13.0,13.0,365.0,49.0,,,,,,-,,,,,,False,81.0,PA Patel,Left hand Bat,Right arm Offbreak,Wicketkeeper,Parthiv Ajay Patel,0.4591968911917099,0.4395791428129352,0.3214811459630846,41.79017429519825,,,,,
PA Reddy,"Deccan Chargers, Sunrisers Hyderabad",2012-2013,12,11.0,1.0,164.0,42,16.4,160.0,102.5,0.0,0.0,0.0,15.0,2.0,,,,,,-,,,,,,False,42.0,PA Reddy,Right hand Bat,Legbreak, ,Produturi Akshath Reddy,0.3253454231433506,0.345298880808706,0.017551806137470274,25.538072907475488,,,,,
PBB Rajapaksa,Punjab Kings,2022-2023,13,13.0,1.0,277.0,50,23.08,191.0,145.02,0.0,1.0,1.0,22.0,15.0,,,,,,-,,,,,,False,50.0,PBB Rajapaksa,Left hand Bat,Right arm Medium, ,Pramod Bhanuka Bandara Rajapaksa,0.469559585492228,0.5645984836763114,0.030347638998980863,39.30202132333454,,,,,
PC Valthaty,"Kings XI Punjab, Rajasthan Royals",2009-2013,23,23.0,1.0,505.0,120*,22.95,418.0,120.81,1.0,2.0,1.0,60.0,20.0,10.0,25.1,0.0,205.0,7.0,4/29,29.28,8.14,21.5,1.0,0.0,True,120.0,PC Valthaty,Right hand Bat,Right arm Medium, ,Paul Chandrashekar Valthaty,0.4667530224525043,0.4397338697199444,0.05616577963990488,35.464950829295844,0.658450704225352,0.852963818321786,0.026905829596412557,53.7066831770422,35.464950829295844
PD Collingwood,Delhi Daredevils,2010-2010,8,7.0,2.0,203.0,75*,40.6,156.0,130.12,0.0,3.0,0.0,9.0,13.0,6.0,14.5,0.0,101.0,5.0,2/19,20.2,6.8,17.8,0.0,0.0,True,75.0,PD Collingwood,Right hand Bat,Right arm Medium, ,Paul David Collingwood,,,,,,,,,
PD Salt,"Delhi Capitals, Kolkata Knight Riders, Royal Challengers Bengaluru",2023-2026,38,38.0,3.0,1188.0,89*,33.94,675.0,176.0,0.0,11.0,4.0,133.0,64.0,,,,,,-,,,,,,True,89.0,PD Salt,Right hand Bat,Right arm Offbreak,Wicketkeeper,Philip Dean Salt,0.7040155440414507,0.7243798029810717,0.1335069641037255,56.85158896858867,,,,,
PH Solanki,Chennai Super Kings,2022-2022,2,,,,-,,,,,,,,,2.0,6.0,0.0,38.0,2.0,2/20,19.0,6.33,18.0,0.0,0.0,False,,PH Solanki,Right hand Bat,Legbreak, ,Prashant Hitesh Solanki,,,,,,,,,
PHKD Mendis,Sunrisers Hyderabad,2025-2025,5,5.0,2.0,92.0,32*,30.66,69.0,133.33,0.0,0.0,1.0,7.0,2.0,4.0,7.0,0.0,60.0,2.0,1/4,30.0,8.57,21.0,0.0,0.0,True,32.0,PHKD Mendis,Left hand Bat,"Right arm Offbreak, Slow Left arm Orthodox",,Kamindu Mendis,,,,,,,,,
PJ Cummins,"Delhi Daredevils, Kolkata Knight Riders, Sunrisers Hyderabad",2014-2025,72,50.0,20.0,612.0,66*,20.4,402.0,152.23,0.0,3.0,4.0,39.0,41.0,72.0,269.3,2.0,2373.0,79.0,4/34,30.03,8.8,20.4,1.0,0.0,True,66.0,PJ Cummins,Right hand Bat,Right arm Fast, ,Patrick James Cummins,0.4117012089810017,0.6017845169941719,0.06828218774770695,39.237561147728755,0.5422535211267605,0.846548627149089,0.34977578475336324,59.10134873225562,39.237561147728755
PJ Sangwan,"Delhi Daredevils, Gujarat Lions, Gujarat Titans, Kolkata Knight Riders, Mumbai Indians",2008-2022,42,15.0,7.0,26.0,6*,3.25,44.0,59.09,0.0,0.0,4.0,1.0,0.0,42.0,142.4,1.0,1240.0,38.0,3/18,32.63,8.69,22.5,0.0,0.0,True,6.0,PJ Sangwan,Right hand Bat,Left arm Medium, ,Pradeep Jaibeer Sangwan,0.04145077720207254,0.1214090463664965,0.001925036802174159,5.955473630964633,0.5616197183098592,0.8243092977504063,0.16591928251121077,53.48509403744561,5.955473630964633
PK Garg,"Delhi Capitals, Sunrisers Hyderabad",2020-2023,23,19.0,1.0,273.0,51*,15.16,241.0,113.27,0.0,1.0,2.0,16.0,9.0,,,,,,-,,,,,,True,51.0,PK Garg,Right hand Bat,Right arm Medium, ,Priyam K Garg,0.29857512953367876,0.4008458404249833,0.029894689163175177,26.719976825300947,,,,,
PM Sarvesh Kumar,Deccan Chargers,2008-2008,2,1.0,1.0,1.0,1*,,2.0,50.0,0.0,0.0,0.0,0.0,0.0,2.0,5.0,0.0,42.0,1.0,1/18,42.0,8.4,30.0,0.0,0.0,True,1.0,PM Sarvesh Kumar,Right hand Bat,Right arm Medium, ,PM Sarvesh Kumar,,,,,,,,,
PN Mankad,"Lucknow Super Giants, Punjab Kings",2022-2023,6,6.0,3.0,97.0,64*,32.33,73.0,132.87,0.0,1.0,1.0,13.0,2.0,,,,,,-,,,,,,True,64.0,PN Mankad,Right hand Bat,Right arm Medium, ,Prerak Nileshkumar Mankad,,,,,,,,,
PP Chawla,"Chennai Super Kings, Kings XI Punjab, Kolkata Knight Riders, Mumbai Indians",2008-2024,192,92.0,36.0,624.0,24*,11.14,563.0,110.83,0.0,0.0,16.0,56.0,20.0,191.0,641.4,2.0,5108.0,192.0,4/17,26.6,7.96,20.0,2.0,0.0,True,24.0,PP Chawla,Left hand Bat,Legbreak, ,Piyush Pramod Chawla,0.21178756476683938,0.3882613853215741,0.069641037255124,23.801677008306765,0.6901408450704226,0.8758874347788898,0.8565022421524664,80.50605705929992,23.801677008306765
PP Ojha,"Deccan Chargers, Mumbai Indians",2008-2015,92,23.0,11.0,16.0,3,1.33,45.0,35.55,0.0,0.0,6.0,0.0,0.0,90.0,316.3,1.0,2332.0,89.0,3/11,26.2,7.36,21.3,0.0,0.0,False,3.0,PP Ojha,Left hand Bat,Slow Left arm Orthodox, ,Pragyan Prayash Ojha,0.0,0.0,0.0007926622126599479,0.0198165553164987,0.795774647887324,0.8793088700709948,0.39461883408071746,70.46648815096268,0.0198165553164987
PP Shaw,"Delhi Capitals, Delhi Daredevils",2018-2024,79,79.0,0.0,1892.0,99,23.94,1283.0,147.46,0.0,14.0,7.0,238.0,61.0,,,,,,-,,,,,,False,99.0,PP Shaw,Right hand Bat,Right arm Offbreak, ,Prithvi Pankaj Shaw,0.48812607944732295,0.5771829387797206,0.213226135205526,45.05709941532129,,,,,
PR Shah,"Mumbai Indians, Rajasthan Royals",2008-2011,16,10.0,2.0,92.0,29,11.5,91.0,101.09,0.0,0.0,1.0,9.0,2.0,,,,,,-,,,,,,False,29.0,PR Shah,Right hand Bat, ,Wicketkeeper,Pinal Rohitbhai Shah,0.21955958549222798,0.338026716179277,0.009398709092967954,20.848286213288013,,,,,
PR Veer,Chennai Super Kings,2026-2026,2,2.0,1.0,49.0,43,49.0,36.0,136.11,0.0,0.0,0.0,7.0,1.0,,,,,,-,,,,,,False,43.0,PR Veer,Left hand Bat,Slow Left arm Orthodox,,Prashant Ramendra Veer,,,,,,,,,
PSP Handscomb,Rising Pune Supergiants,2016-2016,2,1.0,0.0,6.0,6,6.0,12.0,50.0,0.0,0.0,0.0,0.0,0.0,,,,,,-,,,,,,False,6.0,PSP Handscomb,Right hand Bat, ,Wicketkeeper,Peter Stephen Patrick Handscomb,,,,,,,,,
PV Tambe,"Gujarat Lions, Rajasthan Royals",2013-2016,33,6.0,4.0,18.0,7*,9.0,39.0,46.15,0.0,0.0,0.0,1.0,0.0,33.0,110.0,0.0,853.0,28.0,4/20,30.46,7.75,23.5,1.0,0.0,True,7.0,PV Tambe,Right hand Bat,Legbreak, ,Pravin Vijay Tambe,,,,,0.7271126760563381,0.8428705842100761,0.1210762331838565,58.5817011048402,
PVD Chameera,"Delhi Capitals, Kolkata Knight Riders, Lucknow Super Giants",2022-2025,19,11.0,7.0,53.0,17,13.25,42.0,126.19,0.0,0.0,2.0,3.0,3.0,18.0,62.0,0.0,603.0,13.0,2/17,46.38,9.72,28.6,0.0,0.0,False,17.0,PVD Chameera,Right hand Bat,Right arm Fast, ,Pathira Vasan Dushmantha Chameera,0.25734024179620035,0.46748156171024813,0.00498244819386253,26.78002553655326,0.380281690140845,0.7066974595842955,0.053811659192825115,39.65862001616467,26.78002553655326
PVSN Raju,Mumbai Indians,2025-2025,2,1.0,1.0,1.0,1*,,1.0,100.0,0.0,0.0,0.0,0.0,0.0,2.0,4.0,0.0,53.0,1.0,1/40,53.0,13.25,24.0,0.0,0.0,True,1.0,PVSN Raju,Left hand Bat,Right arm Medium fast,,Penumatsa Venkata Satyanarayana Raju,,,,,,,,,
PW Hasaranga,"Rajasthan Royals, Royal Challengers Bangalore",2021-2025,37,19.0,4.0,81.0,18,5.4,88.0,92.04,0.0,0.0,5.0,7.0,1.0,37.0,133.0,1.0,1119.0,46.0,5/18,24.32,8.41,17.3,2.0,1.0,False,18.0,,,,,,0.08786701208981003,0.29135076589818976,0.008153097044502322,13.9157847161416,0.6109154929577465,0.8953896159438884,0.20179372197309417,58.77449047075004,13.9157847161416
PWA Mulder,Sunrisers Hyderabad,2025-2025,1,1.0,0.0,9.0,9,9.0,11.0,81.81,0.0,0.0,0.0,1.0,0.0,1.0,1.0,0.0,16.0,0.0,-,,16.0,,0.0,0.0,False,9.0,PWA Mulder,Right hand Bat,Right arm Medium,,Wiaan Mulder,,,,,,,,,
Pankaj Singh,"Rajasthan Royals, Royal Challengers Bangalore",2008-2012,17,5.0,3.0,7.0,4*,3.5,12.0,58.33,0.0,0.0,1.0,0.0,0.0,17.0,50.0,1.0,468.0,11.0,2/18,42.54,9.36,27.2,0.0,0.0,True,4.0,Pankaj Singh,Right hand Bat,Right arm Medium fast, ,Pankaj Singh,,,,,0.4436619718309861,0.739543238388504,0.04484304932735426,42.75747383750277,
Parvez Rasool,"Pune Warriors, Royal Challengers Bangalore, Sunrisers Hyderabad",2013-2016,11,5.0,3.0,17.0,10,8.5,20.0,85.0,0.0,0.0,0.0,1.0,0.0,11.0,33.0,0.0,271.0,4.0,1/20,67.75,8.21,49.5,0.0,0.0,False,10.0,Parvez Rasool,Right hand Bat,Right arm Offbreak, ,Parvez Ghulam Rasool Zargar,,,,,0.6461267605633803,0.5239072791035839,0.013452914798206279,41.35477883228994,
Prabhsimran Singh,"Kings XI Punjab, Punjab Kings",2019-2026,55,54.0,0.0,1436.0,103,26.59,942.0,152.44,1.0,8.0,4.0,145.0,80.0,,,,,,-,,,,,,False,103.0,,,,,,0.5453367875647668,0.6028676053432359,0.16158985392367795,46.953584037695876,,,,,
Prince Yadav,Lucknow Super Giants,2025-2026,10,2.0,2.0,5.0,4*,,10.0,50.0,0.0,0.0,0.0,0.0,0.0,10.0,37.5,0.0,357.0,9.0,2/20,39.66,9.43,25.2,0.0,0.0,True,4.0,Prince Yadav,Right hand Bat,Right arm Fast,,Prince Yadav,,,,,0.43133802816901423,0.7641775724916603,0.03587443946188341,42.91927920698011,
Q de Kock,"Delhi Daredevils, Kolkata Knight Riders, Lucknow Super Giants, Mumbai Indians, Royal Challengers Bangalore, Sunrisers Hyderabad",2013-2025,115,115.0,7.0,3309.0,140*,30.63,2469.0,134.02,2.0,24.0,4.0,325.0,134.0,,,,,,-,,,,,,True,140.0,Q de Kock,Left hand Bat, ,Wicketkeeper,Quinton de Kock,0.6325561312607945,0.5078652844396309,0.37368361453968973,52.4196205693111,,,,,
R Ashwin,"Chennai Super Kings, Delhi Capitals, Kings XI Punjab, Rajasthan Royals, Rising Pune Supergiants",2009-2025,221,98.0,34.0,833.0,50,13.01,705.0,118.15,0.0,1.0,12.0,64.0,29.0,217.0,785.0,4.0,5652.0,187.0,4/34,30.22,7.2,25.1,1.0,0.0,False,50.0,R Ashwin,Right hand Bat,Right arm Offbreak, ,Ravichandran Ashwin,0.25215889464594127,0.4260147506318016,0.09330766617597101,27.329563712349987,0.823943661971831,0.8449234453853391,0.8340807174887892,83.43277028216463,27.329563712349987
R Bhatia,"Delhi Daredevils, Kolkata Knight Riders, Rajasthan Royals, Rising Pune Supergiant, Rising Pune Supergiants",2008-2017,95,49.0,19.0,342.0,26*,11.4,284.0,120.42,0.0,0.0,3.0,24.0,13.0,91.0,272.4,1.0,2020.0,71.0,4/15,28.45,7.4,23.0,1.0,0.0,True,26.0,R Bhatia,Right hand Bat,Right arm Medium fast, ,Rajat Bhatia,0.21740069084628671,0.43772241992882566,0.03770807383082324,24.959014177130946,0.7887323943661972,0.8600632965529039,0.31390134529147984,67.12488954091293,24.959014177130946
R Bishnoi,Royal Challengers Bangalore,2009-2009,3,3.0,0.0,19.0,18,6.33,17.0,111.76,0.0,0.0,1.0,1.0,2.0,,,,,,-,,,,,,False,18.0,R Bishnoi,Right hand Bat,Right arm Medium fast, ,Rajesh Bishnoi,,,,,,,,,
R Dhawan,"Kings XI Punjab, Mumbai Indians, Punjab Kings",2013-2024,39,24.0,13.0,210.0,25*,19.09,187.0,112.29,0.0,0.0,1.0,18.0,7.0,36.0,110.2,1.0,891.0,25.0,2/14,35.64,8.07,26.4,0.0,0.0,True,25.0,R Dhawan,Right hand Bat,Right arm Medium fast, ,Rishi Dhawan,0.38341968911917096,0.39579142812935175,0.022760729249235646,29.75850578052504,0.670774647887324,0.7985629971773158,0.10762331838565023,54.655517128831896,29.75850578052504
R Dravid,"Rajasthan Royals, Royal Challengers Bangalore",2008-2013,89,82.0,5.0,2174.0,75*,28.23,1882.0,115.51,0.0,11.0,3.0,268.0,28.0,,,,,,-,,,,,,True,75.0,R Dravid,Right hand Bat,Right arm Offbreak,Occasional Wicketkeeper,Rahul Sharad Dravid,0.5807426597582037,0.41239878281499825,0.24515909862982674,43.79264125459875,,,,,
R Goyal,Mumbai Indians,2023-2023,1,,,,-,,,,,,,,,1.0,4.0,0.0,33.0,0.0,-,,8.25,,0.0,0.0,False,,R Goyal,Left hand Bat,Left arm Wrist spin, ,Raghav Goyal,,,,,,,,,
R McLaren,"Kings XI Punjab, Kolkata Knight Riders, Mumbai Indians",2010-2013,18,13.0,5.0,159.0,51*,19.87,171.0,92.98,0.0,1.0,1.0,14.0,1.0,18.0,59.0,0.0,542.0,12.0,2/28,45.16,9.18,29.5,0.0,0.0,True,51.0,R McLaren,Left hand Bat,Right arm Medium fast, ,Ryan McLaren,0.40025906735751293,0.29619887565114245,0.01698561884271317,26.80196381315833,0.4753521126760565,0.717132837225216,0.04932735426008968,43.216793874347225,26.80196381315833
R Minz,Mumbai Indians,2025-2025,2,2.0,0.0,6.0,3,3.0,15.0,40.0,0.0,0.0,0.0,0.0,0.0,,,,,,-,,,,,,False,3.0,R Minz,Left hand Bat,,Slow Left arm Orthodox,Robin Minz,,,,,,,,,
R Ninan,Royal Challengers Bangalore,2011-2011,2,1.0,0.0,3.0,3,3.0,6.0,50.0,0.0,0.0,0.0,0.0,0.0,2.0,6.0,0.0,65.0,3.0,2/31,21.66,10.83,12.0,0.0,0.0,False,3.0,R Ninan,Right hand Bat,Right arm Offbreak, ,Ryan Ninan,,,,,,,,,
R Parag,Rajasthan Royals,2019-2026,88,76.0,13.0,1611.0,95,25.57,1134.0,142.06,0.0,7.0,3.0,113.0,91.0,31.0,50.1,0.0,488.0,8.0,1/7,61.0,9.72,37.6,0.0,0.0,False,95.0,R Parag,Right hand Bat,Legbreak, ,Riyan Parag,0.5233160621761659,0.5493320955180774,0.18140640924017665,44.69442606118376,0.380281690140845,0.5816439996578565,0.03139013452914798,34.609103178828995,34.609103178828995
R Powell,"Delhi Capitals, Kolkata Knight Riders, Rajasthan Royals",2022-2026,31,24.0,4.0,404.0,67*,20.2,273.0,147.98,0.0,1.0,2.0,26.0,30.0,2.0,3.0,0.0,35.0,1.0,1/18,35.0,11.66,18.0,0.0,0.0,True,67.0,R Powell,Right hand Bat,Right arm Medium fast, ,Rovman Powell,0.4073834196891191,0.5798648718345454,0.04472879628581135,37.70882720891914,,,,,
R Rampaul,Royal Challengers Bangalore,2013-2014,12,7.0,2.0,51.0,23*,10.2,50.0,102.0,0.0,0.0,3.0,3.0,2.0,12.0,43.4,4.0,298.0,14.0,3/31,21.28,6.82,18.7,0.0,0.0,True,23.0,R Rampaul,Left hand Bat,Right arm Fast medium, ,Ravindranath Rampaul,,,,,0.8908450704225352,0.9213925241638867,0.05829596412556054,65.17719473429159,
R Ravindra,Chennai Super Kings,2024-2025,18,18.0,1.0,413.0,65*,24.29,287.0,143.9,0.0,2.0,2.0,40.0,16.0,2.0,2.0,0.0,7.0,0.0,-,,3.5,,0.0,0.0,True,65.0,R Ravindra,Left hand Bat,Slow Left arm Orthodox,,Rachin Ravindra,0.49568221070811747,0.5588220124813039,0.045747933416374134,40.52975720057969,,,,,
R Sai Kishore,Gujarat Titans,2022-2025,25,5.0,1.0,18.0,13,4.5,16.0,112.5,0.0,0.0,0.0,0.0,2.0,25.0,73.3,0.0,651.0,32.0,4/33,20.34,8.85,13.7,1.0,0.0,False,13.0,R Sai Kishore,Left hand Bat,Slow Left arm Orthodox, ,Ravisrinivasan Sai Kishore,,,,,0.5334507042253522,0.9294328971003336,0.13901345291479822,55.37132963384296,
R Sanjay Yadav,Mumbai Indians,2022-2022,1,1.0,0.0,0.0,0,0.0,2.0,0.0,0.0,0.0,1.0,0.0,0.0,1.0,2.0,0.0,23.0,0.0,-,,11.5,,0.0,0.0,False,0.0,R Sanjay Yadav,Left hand Bat,Slow Left arm Orthodox, ,Ramsingh  Sanjay Yadav,,,,,,,,,
R Sathish,"Kings XI Punjab, Kolkata Knight Riders, Mumbai Indians",2010-2016,34,25.0,8.0,270.0,27*,15.88,231.0,116.88,0.0,0.0,2.0,22.0,6.0,14.0,23.1,0.0,232.0,3.0,1/11,77.33,10.01,46.3,0.0,0.0,True,27.0,R Sathish,Right hand Bat,Right arm Medium, ,Rajagopal Sathish,0.31411917098445596,0.41946464490174845,0.029554976786320915,27.984903830597457,0.32922535211267623,0.44196390385766837,0.008968609865470852,27.260682254926188,27.260682254926188
R Sharma,"Deccan Chargers, Delhi Daredevils, Pune Warriors",2010-2014,44,20.0,6.0,66.0,14*,4.71,75.0,88.0,0.0,0.0,8.0,5.0,3.0,44.0,154.4,1.0,1086.0,40.0,3/13,27.15,7.02,23.2,0.0,0.0,True,14.0,R Sharma,Right hand Bat,Legbreak Googly, ,Rahul Sharma,0.0729706390328152,0.270514209087627,0.006454535160231005,12.548186258385327,0.8556338028169015,0.8711829612522453,0.17488789237668162,65.68522351372059,12.548186258385327
R Shepherd,"Lucknow Super Giants, Mumbai Indians, Royal Challengers Bengaluru, Sunrisers Hyderabad",2022-2026,22,14.0,6.0,209.0,53*,26.12,100.0,209.0,0.0,1.0,2.0,14.0,18.0,18.0,42.0,0.0,499.0,13.0,3/54,38.38,11.88,19.3,0.0,0.0,True,53.0,R Shepherd,Right hand Bat,Right arm Fast medium, ,Romario Shepherd,0.5351899827288428,0.8945794006911135,0.022647491790284226,53.28406562809979,0.0,0.7751261654263963,0.053811659192825115,28.743765565708625,28.743765565708625
R Shukla,"Delhi Daredevils, Mumbai Indians, Rajasthan Royals",2012-2014,7,4.0,3.0,19.0,14,19.0,23.0,82.6,0.0,0.0,0.0,2.0,0.0,7.0,20.0,0.0,208.0,5.0,2/28,41.6,10.4,24.0,0.0,0.0,False,14.0,R Shukla,Right hand Bat,Right arm Medium, ,Rahul Shukla,,,,,,,,,
R Tewatia,"Delhi Capitals, Delhi Daredevils, Gujarat Titans, Kings XI Punjab, Rajasthan Royals",2014-2026,112,81.0,32.0,1146.0,53,23.38,836.0,137.08,0.0,1.0,3.0,93.0,55.0,52.0,140.3,0.0,1111.0,32.0,3/18,34.71,7.9,26.3,0.0,0.0,False,53.0,R Tewatia,Left hand Bat,Legbreak, ,Rahul Tewatia,0.47603626943005173,0.523647428954562,0.12875099082776584,40.58788556130588,0.7007042253521127,0.8065178342314601,0.13901345291479822,56.923175672869,40.58788556130588
R Vinay Kumar,"Kochi Tuskers Kerala, Kolkata Knight Riders, Mumbai Indians, Royal Challengers Bangalore",2008-2018,105,46.0,18.0,310.0,26*,11.07,274.0,113.13,0.0,0.0,4.0,21.0,9.0,104.0,353.4,1.0,2966.0,105.0,4/40,28.24,8.38,20.2,1.0,0.0,True,26.0,R Vinay Kumar,Right hand Bat,Right arm Medium, ,Ranganath Vinay Kumar,0.2102763385146805,0.40012378152560735,0.03408447514437776,23.26749777259292,0.6161971830985915,0.8618595500812591,0.4663677130044843,65.7230170514293,23.26749777259292
RA Bawa,"Mumbai Indians, Punjab Kings",2022-2025,5,3.0,1.0,19.0,11,9.5,18.0,105.55,0.0,0.0,1.0,1.0,0.0,,,,,,-,,,,,,False,11.0,RA Bawa,Left hand Bat,Right arm Medium fast, ,Raj Angad Bawa,,,,,,,,,
RA Jadeja,"Chennai Super Kings, Gujarat Lions, Kochi Tuskers Kerala, Rajasthan Royals",2008-2026,258,200.0,83.0,3291.0,77*,28.12,2534.0,129.87,0.0,5.0,9.0,242.0,117.0,228.0,683.0,2.0,5245.0,173.0,5/16,30.31,7.67,23.6,3.0,1.0,True,77.0,RA Jadeja,Left hand Bat,Slow Left arm Orthodox, ,Ravindrasinh Anirudhsinh Jadeja,0.5783678756476683,0.4864613956367013,0.37164534027856416,49.45199738015538,0.7411971830985916,0.8441536224446156,0.7713004484304933,78.62629164692704,49.45199738015538
RA Shaikh,Mumbai Indians,2009-2009,1,,,,-,,,,,,,,,1.0,1.0,0.0,11.0,0.0,-,,11.0,,0.0,0.0,False,,RA Shaikh,Left hand Bat,Left arm Medium, ,Rahil Akhil Ahmed Shaikh,,,,,,,,,
RA Tripathi,"Chennai Super Kings, Kolkata Knight Riders, Rajasthan Royals, Rising Pune Supergiant, Sunrisers Hyderabad",2017-2025,100,98.0,11.0,2291.0,93,26.33,1662.0,137.84,0.0,12.0,4.0,229.0,85.0,1.0,1.0,0.0,12.0,0.0,-,,12.0,,0.0,0.0,False,93.0,RA Tripathi,Right hand Bat,Right arm Medium, ,Rahul Ajay Tripathi,0.5397236614853195,0.5275671772654599,0.25840788132714304,46.51399469688245,,,,,
RD Chahar,"Chennai Super Kings, Mumbai Indians, Punjab Kings, Rising Pune Supergiant, Sunrisers Hyderabad",2017-2026,80,24.0,8.0,129.0,25*,8.06,124.0,104.03,0.0,0.0,8.0,13.0,5.0,79.0,282.2,1.0,2196.0,75.0,4/27,29.28,7.77,22.5,1.0,0.0,True,25.0,RD Chahar,Right hand Bat,Legbreak Googly, ,Rahul Desraj Chahar,0.145293609671848,0.35318995306617157,0.013588495074170535,18.513105121044187,0.7235915492957747,0.852963818321786,0.33183856502242154,65.13459481728728,18.513105121044187
RD Gaikwad,Chennai Super Kings,2020-2026,75,74.0,8.0,2558.0,108*,38.75,1874.0,136.49,2.0,20.0,7.0,235.0,96.0,,,,,,-,,,,,,True,108.0,RD Gaikwad,Right hand Bat,Right arm Offbreak, ,Ruturaj Dashrat Gaikwad,0.8078583765112263,0.5206044664500491,0.2886422828671725,57.751548457880084,,,,,
RD Rickelton,Mumbai Indians,2025-2026,18,17.0,1.0,486.0,81,30.37,315.0,154.28,0.0,4.0,0.0,53.0,26.0,,,,,,-,,,,,,False,81.0,RD Rickelton,Left hand Bat,,Wicketkeeper,Ryan Rickelton,0.6269430051813472,0.6123575223064625,0.05401426791982788,47.860590185975774,,,,,
RE Levi,Mumbai Indians,2012-2012,6,6.0,0.0,83.0,50,13.83,73.0,113.69,0.0,1.0,2.0,10.0,4.0,,,,,,-,,,,,,False,50.0,RE Levi,Right hand Bat,Right arm Medium, ,Richard Ernst Levi,,,,,,,,,
RE van der Merwe,"Delhi Daredevils, Royal Challengers Bangalore",2009-2013,21,15.0,4.0,159.0,35,14.45,141.0,112.76,0.0,0.0,0.0,11.0,8.0,21.0,73.5,1.0,498.0,21.0,3/20,23.71,6.74,21.0,0.0,0.0,False,35.0,RE van der Merwe,Right hand Bat,Slow Left arm Orthodox, ,Roelof Erasmus van der Merwe,0.28324697754749567,0.3982154830058281,0.01698561884271317,25.692061478171635,0.9049295774647887,0.9006073047643486,0.08968609865470852,65.88437383766104,25.692061478171635
RG More,Chennai Super Kings,2015-2015,2,1.0,1.0,2.0,2*,,2.0,100.0,0.0,0.0,0.0,0.0,0.0,2.0,5.5,0.0,59.0,1.0,1/31,59.0,10.11,35.0,0.0,0.0,True,2.0,RG More,Right hand Bat,Right arm Medium, ,Ronit Gajanan More,,,,,,,,,
RG Sharma,"Deccan Chargers, Mumbai Indians",2008-2026,276,270.0,30.0,7164.0,109*,29.85,5404.0,132.56,2.0,48.0,18.0,651.0,309.0,32.0,56.3,0.0,453.0,15.0,4/6,30.2,8.01,22.6,1.0,0.0,True,109.0,RG Sharma,Right hand Bat,Right arm Offbreak, ,Rohit Gurunath Sharma,0.6157167530224525,0.5003352416318532,0.8102140187974182,62.395754047948415,0.6813380281690142,0.8450945171499444,0.06278026905829596,55.308547157912436,55.308547157912436
RJ Gleeson,"Chennai Super Kings, Mumbai Indians",2024-2025,3,1.0,1.0,2.0,2*,,2.0,100.0,0.0,0.0,0.0,0.0,0.0,3.0,11.2,0.0,110.0,2.0,1/30,55.0,9.7,34.0,0.0,0.0,True,2.0,RJ Gleeson,Right hand Bat,Right arm Fast Medium,,Richard Gleeson,,,,,,,,,
RJ Harris,"Deccan Chargers, Kings XI Punjab",2009-2013,37,21.0,9.0,117.0,17,9.75,112.0,104.46,0.0,0.0,2.0,6.0,3.0,37.0,138.4,3.0,1047.0,45.0,4/34,23.26,7.55,18.4,1.0,0.0,False,17.0,RJ Harris,Right hand Bat,Right arm Fast, ,Ryan James Harris,0.1817789291882556,0.3554077053999691,0.012229645566753482,20.016167995697977,0.762323943661972,0.9044564194679667,0.19730941704035873,64.25659522075861,20.016167995697977
RJ Peterson,Mumbai Indians,2012-2012,5,5.0,2.0,32.0,16*,10.66,30.0,106.66,0.0,0.0,1.0,3.0,1.0,4.0,8.0,0.0,70.0,3.0,3/37,23.33,8.75,16.0,0.0,0.0,True,16.0,RJ Peterson,Left hand Bat,Slow Left arm Orthodox, ,Robin John Peterson,,,,,,,,,
RJ Quiney,Rajasthan Royals,2009-2009,7,7.0,0.0,103.0,51,14.71,102.0,100.98,0.0,1.0,0.0,12.0,3.0,,,,,,-,,,,,,False,51.0,RJ Quiney,Left hand Bat,Right arm Medium, ,Robert John Quiney,,,,,,,,,
RJW Topley,"Mumbai Indians, Royal Challengers Bangalore, Royal Challengers Bengaluru",2023-2025,6,1.0,1.0,3.0,3*,,6.0,50.0,0.0,0.0,0.0,0.0,0.0,6.0,20.0,0.0,222.0,5.0,2/27,44.4,11.1,24.0,0.0,0.0,True,3.0,RJW Topley,Right hand Bat,Left arm Fast medium, ,Reece James William Topley,,,,,,,,,
RK Bhui,"Delhi Capitals, Sunrisers Hyderabad",2018-2024,4,4.0,0.0,10.0,7,2.5,26.0,38.46,0.0,0.0,2.0,0.0,0.0,,,,,,-,,,,,,False,7.0,RK Bhui,Right hand Bat,Legbreak Googly, ,Ricky Kannakumar Bhui,,,,,,,,,
RK Singh,Kolkata Knight Riders,2018-2026,63,54.0,16.0,1171.0,67*,30.81,810.0,144.56,0.0,4.0,0.0,95.0,57.0,,,,,,-,,,,,,True,67.0,RK Singh,Left hand Bat,Right arm Offbreak, ,Rinku Khanchand Singh,0.6364421416234887,0.5622260044355047,0.13158192730155135,48.425144002721,,,,,
RM Patidar,"Royal Challengers Bangalore, Royal Challengers Bengaluru",2021-2026,46,42.0,3.0,1306.0,112*,33.48,811.0,161.03,1.0,11.0,1.0,87.0,86.0,,,,,,-,,,,,,True,112.0,RM Patidar,Right hand Bat,Right arm Offbreak, ,Rajat Manohar Patidar,0.6940846286701209,0.6471710763835165,0.1468689842599932,54.08609742672774,,,,,
RN ten Doeschate,Kolkata Knight Riders,2011-2015,29,22.0,8.0,326.0,70*,23.28,235.0,138.72,0.0,1.0,3.0,26.0,15.0,10.0,13.0,0.0,94.0,2.0,1/7,47.0,7.23,39.0,0.0,0.0,True,70.0,RN ten Doeschate,Right hand Bat,Right arm Medium fast, ,Ryan Neil ten Doeschate,0.47387737478411057,0.5321058332043943,0.0358962744876005,38.47620601570824,0.8186619718309859,0.7013942348815327,0.004484304932735426,53.33649638292022,38.47620601570824
RP Meredith,"Mumbai Indians, Punjab Kings",2021-2023,18,3.0,3.0,0.0,0*,,3.0,0.0,0.0,0.0,0.0,0.0,0.0,18.0,64.4,0.0,612.0,19.0,2/24,32.21,9.46,20.4,0.0,0.0,True,0.0,RP Meredith,Right hand Bat,Right arm Fast, ,Riley Patrick Meredith,,,,,0.426056338028169,0.8279018048071165,0.08071748878923767,46.31005966291212,
RP Singh,"Deccan Chargers, Kochi Tuskers Kerala, Mumbai Indians, Rising Pune Supergiants, Royal Challengers Bangalore",2008-2016,82,30.0,15.0,52.0,10,3.46,76.0,68.42,0.0,0.0,5.0,2.0,1.0,82.0,295.5,2.0,2338.0,90.0,4/22,25.97,7.9,19.7,2.0,0.0,False,10.0,RP Singh,Right hand Bat,Left arm Fast medium, ,Rudra Pratap Singh,0.04598445595854922,0.1695291144463356,0.004869210734911108,7.894627512336491,0.7007042253521127,0.8812761953639552,0.3991031390134529,67.34240889546595,7.894627512336491
RR Bhatkal,Royal Challengers Bangalore,2012-2012,1,1.0,0.0,0.0,0,0.0,2.0,0.0,0.0,0.0,1.0,0.0,0.0,1.0,2.0,0.0,35.0,0.0,-,,17.5,,0.0,0.0,False,0.0,RR Bhatkal,Right hand Bat,Right arm Medium, ,Raju Ravi Bhatkal,,,,,,,,,
RR Bose,Kings XI Punjab,2009-2009,1,,,,-,,,,,,,,,1.0,2.0,0.0,24.0,0.0,-,,12.0,,0.0,0.0,False,,RR Bose,Right hand Bat,Right arm Fast medium, ,Ranadeb Ranjit Bose,,,,,,,,,
RR Pant,"Delhi Capitals, Delhi Daredevils, Lucknow Super Giants",2016-2026,129,127.0,20.0,3656.0,128*,34.16,2486.0,147.06,2.0,20.0,6.0,332.0,171.0,,,,,,-,,,,,,True,128.0,RR Pant,Left hand Bat, ,Wicketkeeper,Rishabh Rajendra Pant,0.7087651122625216,0.5751199133529321,0.4129770127958329,58.804226777749314,,,,,
RR Powar,"Kings XI Punjab, Kochi Tuskers Kerala",2008-2012,27,10.0,7.0,67.0,28*,22.33,64.0,104.68,0.0,0.0,1.0,6.0,1.0,26.0,71.0,0.0,527.0,13.0,2/11,40.53,7.42,32.7,0.0,0.0,True,28.0,RR Powar,Right hand Bat,Right arm Offbreak, ,Ramesh Rajaram Powar,0.4533678756476684,0.35654236938470274,0.006567772619182425,30.77789226985089,0.7852112676056339,0.7567359507313318,0.053811659192825115,55.58250241757855,30.77789226985089
RR Raje,Mumbai Indians,2008-2009,10,5.0,4.0,20.0,11*,20.0,18.0,111.11,0.0,0.0,0.0,1.0,1.0,10.0,23.1,0.0,209.0,6.0,2/16,34.83,9.02,23.1,0.0,0.0,True,11.0,RR Raje,Right hand Bat,Right arm Fast medium, ,Rohan Ravindra Raje,,,,,0.5035211267605635,0.8054914036438285,0.02242152466367713,46.48808430406403,
RR Rossouw,"Delhi Capitals, Punjab Kings, Royal Challengers Bangalore",2014-2024,22,22.0,2.0,473.0,82*,23.65,308.0,153.57,0.0,2.0,4.0,45.0,25.0,,,,,,-,,,,,,True,82.0,RR Rossouw,Left hand Bat,Right arm Offbreak, ,Rilee Roscoe Rossouw,0.48186528497409326,0.6086956521739131,0.0525421809534594,41.892513748887175,,,,,
RR Sarwan,Kings XI Punjab,2008-2008,4,4.0,0.0,73.0,31,18.25,75.0,97.33,0.0,0.0,0.0,6.0,1.0,,,,,,-,,,,,,False,31.0,RR Sarwan,Right hand Bat,Legbreak, ,Ramnaresh Ronnie Sarwan,,,,,,,,,
RS Bopara,"Kings XI Punjab, Sunrisers Hyderabad",2009-2015,24,22.0,4.0,531.0,84,29.5,453.0,117.21,0.0,3.0,2.0,39.0,16.0,14.0,34.2,0.0,292.0,11.0,3/31,26.54,8.5,18.7,0.0,0.0,False,84.0,RS Bopara,Right hand Bat,Right arm Medium, ,Ravinder Singh Bopara,0.6081606217616581,0.42116664087884886,0.05910995357264183,40.54500614054208,0.5950704225352114,0.8764006500727055,0.04484304932735426,52.84677902109771,40.54500614054208
RS Gavaskar,Kolkata Knight Riders,2010-2010,2,1.0,0.0,2.0,2,2.0,8.0,25.0,0.0,0.0,0.0,0.0,0.0,1.0,1.0,0.0,8.0,0.0,-,,8.0,,0.0,0.0,False,2.0,RS Gavaskar,Left hand Bat,Slow Left arm Orthodox, ,Rohan Sunil Gavaskar,,,,,,,,,
RS Hangargekar,Chennai Super Kings,2023-2023,2,,,,-,,,,,,,,,2.0,6.0,0.0,60.0,3.0,3/36,20.0,10.0,12.0,0.0,0.0,False,,RS Hangargekar,Right hand Bat,Right arm Fast medium, ,Rajvardhan S Hangargekar,,,,,,,,,
RS Sodhi,Kings XI Punjab,2010-2010,3,1.0,1.0,4.0,4*,,2.0,200.0,0.0,0.0,0.0,1.0,0.0,,,,,,-,,,,,,True,4.0,RS Sodhi,Right hand Bat,Right arm Medium, ,Reetinder Singh Sodhi,,,,,,,,,
RT Ponting,"Kolkata Knight Riders, Mumbai Indians",2008-2013,10,9.0,0.0,91.0,28,10.11,128.0,71.09,0.0,0.0,3.0,5.0,2.0,,,,,,-,,,,,,False,28.0,RT Ponting,Right hand Bat,Right arm Medium, ,Ricky Thomas Ponting,,,,,,,,,
RV Gomez,"Kochi Tuskers Kerala, Pune Warriors",2011-2013,13,9.0,4.0,50.0,26*,10.0,51.0,98.03,0.0,0.0,3.0,5.0,1.0,9.0,16.0,1.0,129.0,5.0,2/14,25.8,8.06,19.2,0.0,0.0,True,26.0,RV Gomez,Right hand Bat,Right arm Medium, ,Raiphi Vincent Gomez,,,,,,,,,
RV Patel,Delhi Capitals,2021-2023,9,7.0,2.0,80.0,23,16.0,73.0,109.58,0.0,0.0,0.0,6.0,2.0,1.0,3.0,0.0,22.0,0.0,-,,7.33,,0.0,0.0,False,23.0,RV Patel,Right hand Bat,Right arm Medium fast, ,Ripal Vinubhai Patel,,,,,,,,,
RV Pawar,Mumbai Indians,2008-2008,1,,,,-,,,,,,,,,,,,,,-,,,,,,False,,RV Pawar,Left hand Bat,Slow Left arm Orthodox, ,Rajesh Vithal Pawar,,,,,,,,,
RV Uthappa,"Chennai Super Kings, Kolkata Knight Riders, Mumbai Indians, Pune Warriors, Rajasthan Royals, Royal Challengers Bangalore",2008-2022,205,197.0,17.0,4952.0,88,27.51,3799.0,130.35,0.0,27.0,8.0,481.0,182.0,,,,,,-,,,,,,False,88.0,RV Uthappa,Right hand Bat,Right arm Medium,Occasional Wicketkeeper,Robin Venu Uthappa,0.5651986183074266,0.4889370261488473,0.5597327595968746,53.71405963742859,,,,,
RW Price,Mumbai Indians,2011-2011,1,,,,-,,,,,,,,,1.0,3.0,0.0,33.0,0.0,-,,11.0,,0.0,0.0,False,,RW Price,Right hand Bat,Slow Left arm Orthodox, ,Raymond William Price,,,,,,,,,
Rahmanullah Gurbaz,Kolkata Knight Riders,2023-2025,19,18.0,1.0,363.0,81,21.35,269.0,134.94,0.0,2.0,2.0,34.0,22.0,,,,,,-,,,,,,False,81.0,Rahmanullah Gurbaz,Right hand Bat, ,Wicketkeeper,Rahmanullah Gurbaz,0.43221070811744394,0.512610242921244,0.04008606046880308,36.23193833866138,,,,,
Ramandeep Singh,"Kolkata Knight Riders, Mumbai Indians",2022-2026,35,22.0,10.0,231.0,35,19.25,150.0,154.0,0.0,0.0,1.0,10.0,17.0,4.0,6.4,0.0,63.0,6.0,3/20,10.5,9.45,6.6,0.0,0.0,False,35.0,Ramandeep Singh,Right hand Bat,Right arm Medium, ,Ramandeep Singh,0.38687392055267705,0.6109134045077106,0.02513871588721549,37.48539387705734,,,,,
Rashid Khan,"Gujarat Titans, Sunrisers Hyderabad",2017-2026,140,70.0,27.0,609.0,79*,14.16,382.0,159.42,0.0,1.0,16.0,44.0,41.0,140.0,547.3,4.0,3876.0,163.0,4/24,23.77,7.07,20.1,2.0,0.0,True,79.0,Rashid Khan,Right hand Bat,Legbreak Googly, ,Rashid Khan Arman,0.276986183074266,0.6388673990406931,0.06794247537085268,35.138368173666215,0.846830985915493,0.9000940894705329,0.726457399103139,82.93609961160507,35.138368173666215
Rasikh Salam,"Delhi Capitals, Kolkata Knight Riders, Mumbai Indians, Royal Challengers Bengaluru",2019-2025,13,6.0,1.0,40.0,10,8.0,40.0,100.0,0.0,0.0,0.0,5.0,0.0,13.0,38.3,0.0,409.0,10.0,3/34,40.9,10.62,23.1,0.0,0.0,False,10.0,Rasikh Salam,Right hand Bat,Right arm Medium, ,Rasikh Salam Dar,,,,,0.22183098591549322,0.7535711230861346,0.04035874439461883,35.349836146895534,
Ravi Bishnoi,"Kings XI Punjab, Lucknow Super Giants, Punjab Kings, Rajasthan Royals",2020-2026,81,18.0,8.0,45.0,13,4.5,66.0,68.18,0.0,0.0,2.0,2.0,2.0,80.0,285.1,1.0,2351.0,81.0,4/41,29.02,8.24,21.1,1.0,0.0,False,13.0,Ravi Bishnoi,Right hand Bat,Legbreak Googly, ,Ravi Bishnoi,0.06843696027633851,0.1682912991902626,0.004076548522251161,8.72958759576901,0.6408450704225352,0.8551877512616542,0.35874439461883406,63.12348059751165,8.72958759576901
S Anirudha,"Chennai Super Kings, Sunrisers Hyderabad",2008-2014,20,13.0,5.0,136.0,64,17.0,113.0,120.35,0.0,1.0,2.0,9.0,7.0,,,,,,-,,,,,,False,64.0,S Anirudha,Right hand Bat, , ,Srikkanth Anirudha,0.3382987910189983,0.4373613904791377,0.014381157286830483,29.19912923970051,,,,,
S Aravind,Royal Challengers Bangalore,2011-2017,38,12.0,8.0,59.0,14*,14.75,57.0,103.5,0.0,0.0,2.0,7.0,0.0,38.0,126.4,0.0,1039.0,45.0,4/14,23.08,8.2,16.8,2.0,0.0,True,14.0,S Aravind,Left hand Bat,Left arm Medium fast, ,Sreenath Aravind,0.28972366148531953,0.35045644437567697,0.005661872947571056,23.99646883625075,0.6478873239436622,0.9059960653494141,0.19730941704035873,60.30520113646843,23.99646883625075
S Arora,Sunrisers Hyderabad,2026-2026,3,3.0,0.0,18.0,9,6.0,15.0,120.0,0.0,0.0,1.0,0.0,2.0,,,,,,-,,,,,,False,9.0,S Arora,Right hand Bat,,Wicketkeeper,Salil Arora,,,,,,,,,
S Badree,"Chennai Super Kings, Rajasthan Royals, Royal Challengers Bangalore",2013-2017,12,5.0,0.0,13.0,8,2.6,23.0,56.52,0.0,0.0,2.0,0.0,0.0,12.0,43.0,1.0,319.0,11.0,4/9,29.0,7.41,23.4,1.0,0.0,False,8.0,S Badree,Right hand Bat,Legbreak, ,Samuel Badree,,,,,0.7869718309859155,0.8553588230262595,0.04484304932735426,58.82686437024675,
S Badrinath,Chennai Super Kings,2008-2013,95,67.0,20.0,1441.0,71*,30.65,1212.0,118.89,0.0,11.0,6.0,154.0,28.0,,,,,,-,,,,,,True,71.0,S Badrinath,Right hand Bat,Right arm Offbreak, ,Subramaniam Badrinath,0.6329879101899827,0.4298313476713601,0.16215604121843505,44.41751460655779,,,,,
S Chanderpaul,Royal Challengers Bangalore,2008-2008,3,3.0,0.0,25.0,16,8.33,31.0,80.64,0.0,0.0,0.0,4.0,0.0,,,,,,-,,,,,,False,16.0,S Chanderpaul,Left hand Bat,Legbreak, ,Shivnarine Chanderpaul,,,,,,,,,
S Dhawan,"Deccan Chargers, Delhi Capitals, Delhi Daredevils, Mumbai Indians, Punjab Kings, Sunrisers Hyderabad",2008-2024,222,221.0,29.0,6769.0,106*,35.25,5324.0,127.14,2.0,51.0,11.0,768.0,152.0,6.0,8.0,0.0,66.0,4.0,1/7,16.5,8.25,12.0,0.0,0.0,True,106.0,S Dhawan,Left hand Bat,Right arm Offbreak, ,Shikhar Dhawan,0.7322970639032815,0.4723812470988705,0.7654852225116069,64.9623567673819,,,,,
S Dube,"Chennai Super Kings, Rajasthan Royals, Royal Challengers Bangalore",2019-2026,83,79.0,16.0,1948.0,95*,30.92,1348.0,144.51,0.0,10.0,3.0,117.0,126.0,16.0,22.4,0.0,243.0,6.0,2/15,40.5,10.72,22.6,0.0,0.0,True,95.0,S Dube,Left hand Bat,Right arm Medium, ,Shivam Dube,0.6388169257340243,0.5619681262571561,0.21956743290680558,50.71074727103158,0.204225352112676,0.7569925583782396,0.02242152466367713,34.31527260709236,34.31527260709236
S Gopal,"Mumbai Indians, Rajasthan Royals, Sunrisers Hyderabad",2014-2024,52,22.0,8.0,180.0,24,12.85,169.0,106.5,0.0,0.0,4.0,19.0,2.0,51.0,165.1,1.0,1349.0,52.0,4/16,25.94,8.16,19.0,1.0,0.0,False,24.0,S Gopal,Right hand Bat,Legbreak, ,Shreyas Gopal,0.24870466321243523,0.36592913507658986,0.019363605480693012,23.23979639319538,0.6549295774647887,0.881532803010863,0.22869955156950672,60.63716986373301,23.23979639319538
S Joseph,Lucknow Super Giants,2024-2024,1,,,,-,,,,,,,,,1.0,4.0,0.0,47.0,0.0,-,,11.75,,0.0,0.0,False,,S Joseph,Left hand Bat,Right arm Fast,,Shamar Joseph,,,,,,,,,
S Kaul,"Delhi Daredevils, Royal Challengers Bangalore, Sunrisers Hyderabad",2013-2022,55,12.0,8.0,20.0,7*,5.0,36.0,55.55,0.0,0.0,2.0,1.0,0.0,55.0,201.3,3.0,1739.0,58.0,4/29,29.98,8.63,20.8,1.0,0.0,True,7.0,S Kaul,Right hand Bat,Right arm Medium, ,Siddarth Kaul,0.0792314335060449,0.10315127133941926,0.0012456120484656324,6.810692138333111,0.5721830985915493,0.8469763065606022,0.2556053811659193,57.338740615302875,6.810692138333111
S Kaushik,Gujarat Lions,2016-2017,10,2.0,1.0,0.0,0*,0.0,1.0,0.0,0.0,0.0,1.0,0.0,0.0,10.0,34.0,0.0,297.0,6.0,3/20,49.5,8.73,34.0,0.0,0.0,True,0.0,S Kaushik,Right hand Bat,Left arm Wrist spin, ,Shivil Kaushik,,,,,0.5545774647887324,0.6800102643058763,0.02242152466367713,43.883216258221616,
S Ladda,"Delhi Daredevils, Gujarat Lions, Kolkata Knight Riders",2010-2016,9,2.0,1.0,0.0,0*,0.0,9.0,0.0,0.0,0.0,1.0,0.0,0.0,9.0,23.0,0.0,224.0,5.0,2/44,44.8,9.73,27.6,0.0,0.0,True,0.0,S Ladda,Right hand Bat,Legbreak, ,Sarabjit Ladda,,,,,,,,,
S Lamichhane,"Delhi Capitals, Delhi Daredevils",2018-2019,9,1.0,0.0,0.0,0,0.0,1.0,0.0,0.0,0.0,1.0,0.0,0.0,9.0,35.0,0.0,292.0,13.0,3/36,22.46,8.34,16.1,0.0,0.0,False,0.0,S Lamichhane,Right hand Bat,Legbreak Googly, ,Sandeep Lamichhane,,,,,,,,,
S Midhun,Rajasthan Royals,2019-2019,1,,,,-,,,,,,,,,1.0,2.0,0.0,27.0,0.0,-,,13.5,,0.0,0.0,False,,S Midhun,Right hand Bat,Legbreak Googly, ,Sudhesan Midhun,,,,,,,,,
S Nadeem,"Delhi Daredevils, Sunrisers Hyderabad",2011-2021,72,22.0,8.0,39.0,6*,2.78,87.0,44.82,0.0,0.0,6.0,2.0,0.0,70.0,235.5,2.0,1784.0,48.0,3/16,37.16,7.56,29.4,0.0,0.0,True,6.0,S Nadeem,Right hand Bat,Slow Left arm Orthodox, ,Shahbaz Nadeem,0.03130397236614853,0.047810614265820846,0.0033971237685426338,3.0104584881632364,0.7605633802816902,0.7855615430673167,0.21076233183856502,60.437242272372195,3.0104584881632364
S Narwal,"Kolkata Knight Riders, Rajasthan Royals",2010-2013,7,4.0,1.0,37.0,23,12.33,27.0,137.03,0.0,0.0,1.0,6.0,0.0,6.0,17.4,0.0,202.0,5.0,3/36,40.4,11.43,21.2,0.0,0.0,False,23.0,S Narwal,Left hand Bat,Right arm Medium, ,Sumit Narwal,,,,,,,,,
S Rana,"Pune Warriors, Royal Challengers Bangalore",2011-2014,11,8.0,4.0,91.0,19*,22.75,81.0,112.34,0.0,0.0,0.0,9.0,1.0,3.0,2.4,0.0,18.0,0.0,-,,6.75,,0.0,0.0,True,19.0,S Rana,Right hand Bat,Right arm Medium fast, ,Sachin Rana,,,,,,,,,
S Randiv,Chennai Super Kings,2011-2011,8,1.0,0.0,2.0,2,2.0,4.0,50.0,0.0,0.0,0.0,0.0,0.0,8.0,29.0,0.0,223.0,6.0,2/24,37.16,7.68,29.0,0.0,0.0,False,2.0,S Randiv,Right hand Bat,Right arm Offbreak, ,Hewa Kaluhalamullage Suraj Randiv Kaluhalamulla,,,,,,,,,
S Sandeep Warrier,"Gujarat Titans, Kolkata Knight Riders",2019-2024,10,,,,-,,,,,,,,,10.0,28.0,0.0,253.0,8.0,3/15,31.62,9.03,21.0,0.0,0.0,False,,S Sandeep Warrier,Right hand Bat,Right arm Medium, ,Sankarankutty Sandeep Warrier,,,,,0.501760563380282,0.8329484218629715,0.03139013452914798,47.65651851938831,
S Sohal,"Deccan Chargers, Kings XI Punjab",2008-2011,22,20.0,0.0,368.0,62,18.4,292.0,126.02,0.0,2.0,3.0,34.0,18.0,,,,,,-,,,,,,False,62.0,S Sohal,Right hand Bat,Legbreak, ,Sunny Sohal,0.36852331606217614,0.46660477590386307,0.04065224776356018,32.08840599321126,,,,,
S Sreesanth,"Kings XI Punjab, Kochi Tuskers Kerala, Rajasthan Royals",2008-2013,44,14.0,10.0,34.0,15*,8.5,55.0,61.81,0.0,0.0,3.0,6.0,0.0,44.0,146.4,4.0,1190.0,40.0,3/29,29.75,8.11,22.0,0.0,0.0,True,15.0,S Sreesanth,Right hand Bat,Right arm Fast medium, ,Shanthakumaran Sreesanth,0.15479274611398963,0.13543761926865752,0.002830936473785528,11.002799930807235,0.6637323943661974,0.8489436318535626,0.17488789237668162,58.19029768899205,11.002799930807235
S Sriram,"Delhi Daredevils, Royal Challengers Bangalore",2010-2011,2,2.0,0.0,31.0,27,15.5,36.0,86.11,0.0,0.0,0.0,3.0,0.0,2.0,3.0,0.0,49.0,0.0,-,,16.33,,0.0,0.0,False,27.0,S Sriram,Left hand Bat,Slow Left arm Orthodox, ,Sridharan Sriram,,,,,,,,,
S Tyagi,Chennai Super Kings,2009-2010,14,3.0,2.0,3.0,3*,3.0,4.0,75.0,0.0,0.0,1.0,0.0,0.0,14.0,34.5,0.0,295.0,6.0,2/18,49.16,8.46,34.8,0.0,0.0,True,3.0,S Tyagi,Right hand Bat,Right arm Medium, ,Sudeep Tyagi,,,,,0.602112676056338,0.6829184843041656,0.02242152466367713,45.64873635252794,
S Vidyut,Chennai Super Kings,2008-2008,9,8.0,0.0,145.0,54,18.12,109.0,133.02,0.0,1.0,1.0,21.0,3.0,1.0,2.0,0.0,22.0,1.0,1/22,22.0,11.0,12.0,0.0,0.0,False,54.0,S Vidyut,Left hand Bat,Slow Left arm Orthodox, ,Vidyut Sivaramakrishnan,,,,,,,,,
SA Abbott,"Royal Challengers Bangalore, Sunrisers Hyderabad",2015-2022,3,3.0,0.0,22.0,14,7.33,18.0,122.22,0.0,0.0,0.0,1.0,2.0,3.0,9.0,0.0,104.0,1.0,1/47,104.0,11.55,54.0,0.0,0.0,False,14.0,SA Abbott,Right hand Bat,Right arm Fast medium, ,Sean Anthony Abbott,,,,,,,,,
SA Asnodkar,Rajasthan Royals,2008-2011,20,20.0,0.0,423.0,60,21.15,339.0,124.77,0.0,2.0,3.0,56.0,10.0,,,,,,-,,,,,,False,60.0,SA Asnodkar,Right hand Bat,Right arm Offbreak, ,Swapnil Ashok Asnodkar,0.4278929188255613,0.46015782144514933,0.04688030800588835,34.393248203749884,,,,,
SA Yadav,"Kolkata Knight Riders, Mumbai Indians",2012-2026,170,154.0,28.0,4384.0,103*,34.79,2947.0,148.76,2.0,30.0,10.0,460.0,171.0,1.0,1.0,0.0,8.0,0.0,-,,8.0,,0.0,0.0,True,103.0,SA Yadav,Right hand Bat,"Right arm Medium, Right arm Offbreak", ,Suryakumar Ashok Yadav,0.7223661485319517,0.5838877714167827,0.49541388291246746,61.716065013677145,,,,,
SB Bangar,"Deccan Chargers, Kolkata Knight Riders",2008-2009,12,8.0,1.0,49.0,17*,7.0,58.0,84.48,0.0,0.0,1.0,1.0,3.0,9.0,25.0,0.0,219.0,4.0,2/34,54.75,8.76,37.5,0.0,0.0,True,17.0,SB Bangar,Right hand Bat,Right arm Medium fast, ,Sanjay Bapusaheb Bangar,,,,,,,,,
SB Dubey,Rajasthan Royals,2024-2025,13,11.0,5.0,139.0,34*,23.16,85.0,163.52,0.0,0.0,1.0,9.0,10.0,,,,,,-,,,,,,True,34.0,SB Dubey,Left hand Bat,Right arm Offbreak,,Shubham Badriprasad Dubey,0.471286701208981,0.6600134096652742,0.014720869663684747,42.31995912823595,,,,,
SB Jakati,"Chennai Super Kings, Gujarat Lions, Royal Challengers Bangalore",2009-2017,59,8.0,7.0,28.0,13,28.0,29.0,96.55,0.0,0.0,0.0,3.0,0.0,57.0,180.5,1.0,1451.0,47.0,4/22,30.87,8.02,23.0,2.0,0.0,False,13.0,SB Jakati,Left hand Bat,Slow Left arm Orthodox, ,Shadab Bashir Jakati,,,,,0.6795774647887325,0.8393636130356684,0.2062780269058296,59.35127853102892,
SB Joshi,Royal Challengers Bangalore,2008-2008,4,2.0,0.0,6.0,3,3.0,14.0,42.85,0.0,0.0,0.0,0.0,0.0,4.0,9.1,0.0,82.0,1.0,1/27,82.0,8.94,55.0,0.0,0.0,False,3.0,SB Joshi,Left hand Bat,Slow Left arm Orthodox, ,Sunil Bandacharya Joshi,,,,,,,,,
SB Styris,"Chennai Super Kings, Deccan Chargers",2008-2011,12,10.0,3.0,131.0,36*,18.71,133.0,98.49,0.0,0.0,0.0,10.0,3.0,11.0,36.0,0.0,276.0,8.0,3/32,34.5,7.66,27.0,0.0,0.0,True,36.0,SB Styris,Right hand Bat,Right arm Medium, ,Scott Bernard Styris,0.37521588946459417,0.3246170509051524,0.013814969992073378,26.715606610065933,0.7429577464788732,0.8083140877598152,0.03139013452914798,55.23621823422853,26.715606610065933
SB Wagh,"Pune Warriors, Rajasthan Royals",2010-2011,8,2.0,0.0,2.0,2,1.0,3.0,66.66,0.0,0.0,1.0,0.0,0.0,8.0,17.0,0.0,137.0,5.0,3/16,27.4,8.05,20.4,0.0,0.0,False,2.0,SB Wagh,Left hand Bat,Left arm Medium fast, ,Shrikant Bhaskar Wagh,,,,,,,,,
SC Ganguly,"Kolkata Knight Riders, Pune Warriors",2008-2012,59,56.0,3.0,1349.0,91,25.45,1263.0,106.8,0.0,7.0,4.0,137.0,42.0,20.0,46.0,0.0,363.0,10.0,2/21,36.3,7.89,27.6,0.0,0.0,False,91.0,SC Ganguly,Left hand Bat,Right arm Medium, ,Sourav Chandidas Ganguly,0.5207253886010362,0.36747640414668115,0.15173819499490432,37.4841445640479,0.7024647887323945,0.7929176289453426,0.04035874439461883,53.549146950559354,37.4841445640479
SC Kuggeleijn,Chennai Super Kings,2019-2019,2,,,,-,,,,,,,,,2.0,8.0,0.0,71.0,2.0,2/37,35.5,8.87,24.0,0.0,0.0,False,,SC Kuggeleijn,Right hand Bat,Right arm Fast medium, ,Scott Christopher Kuggeleijn,,,,,,,,,
SD Chauhan,Royal Challengers Bengaluru,2024-2024,3,3.0,0.0,18.0,9,6.0,15.0,120.0,0.0,0.0,1.0,1.0,1.0,,,,,,-,,,,,,False,9.0,,,,,,,,,,,,,,
SD Chitnis,"Kings XI Punjab, Mumbai Indians, Rajasthan Royals",2008-2012,11,8.0,1.0,99.0,38,14.14,89.0,111.23,0.0,0.0,0.0,10.0,2.0,2.0,6.0,0.0,60.0,2.0,2/40,30.0,10.0,18.0,0.0,0.0,False,38.0,SD Chitnis,Right hand Bat,Right arm Offbreak, ,Siddharth Dilip Chitnis,,,,,,,,,
SD Hope,Delhi Capitals,2024-2024,9,9.0,1.0,183.0,41,22.87,122.0,150.0,0.0,0.0,0.0,12.0,12.0,,,,,,-,,,,,,False,41.0,SD Hope,Right hand Bat,,Wicketkeeper,Shai Diego Hope,,,,,,,,,
SD Lad,Mumbai Indians,2019-2019,1,1.0,0.0,15.0,15,15.0,13.0,115.38,0.0,0.0,0.0,1.0,1.0,,,,,,-,,,,,,False,15.0,SD Lad,Right hand Bat,Right arm Offbreak, ,Siddhesh Dinesh Lad,,,,,,,,,
SE Bond,Kolkata Knight Riders,2010-2010,8,1.0,0.0,1.0,1,1.0,2.0,50.0,0.0,0.0,0.0,0.0,0.0,8.0,31.0,1.0,224.0,9.0,2/24,24.88,7.22,20.6,0.0,0.0,False,1.0,SE Bond,Right hand Bat,Right arm Fast, ,Shane Edward Bond,,,,,,,,,
SE Marsh,Kings XI Punjab,2008-2017,71,69.0,7.0,2477.0,115,39.95,1866.0,132.74,1.0,20.0,1.0,266.0,78.0,,,,,,-,,,,,,False,115.0,SE Marsh,Left hand Bat,Slow Left arm Orthodox, ,Shaun Edward Marsh,0.8337651122625217,0.5012636030739079,0.27947004869210734,57.881581815390334,,,,,
SE Rutherford,"Delhi Capitals, Gujarat Titans, Mumbai Indians, Royal Challengers Bangalore",2019-2026,26,22.0,4.0,427.0,46,23.72,304.0,140.46,0.0,0.0,1.0,28.0,28.0,6.0,6.5,0.0,59.0,1.0,1/6,59.0,8.63,41.0,0.0,0.0,False,46.0,SE Rutherford,Left hand Bat,Right arm Fast medium, ,Sherfane Eviston Rutherford,0.4833765112262522,0.5410799938109239,0.04733325784169403,39.45619167847478,,,,,
SH Johnson,"Gujarat Titans, Kolkata Knight Riders",2024-2025,9,5.0,5.0,8.0,5*,,11.0,72.72,0.0,0.0,0.0,1.0,0.0,9.0,27.2,0.0,284.0,5.0,2/25,56.8,10.39,32.8,0.0,0.0,True,5.0,SH Johnson,Left hand Bat,Left arm Fast,,Spencer Johnson,,,,,,,,,
SJ Srivastava,Kings XI Punjab,2010-2011,14,4.0,3.0,5.0,3*,5.0,5.0,100.0,0.0,0.0,1.0,0.0,0.0,14.0,47.0,0.0,441.0,14.0,2/20,31.5,9.38,20.1,0.0,0.0,True,3.0,SJ Srivastava,Right hand Bat,Left arm Fast medium, ,Shalabh Jagdishprasad Srivastava,,,,,0.4401408450704225,0.833974852450603,0.05829596412556054,46.34292833700271,
SK Raina,"Chennai Super Kings, Gujarat Lions",2008-2021,205,200.0,30.0,5528.0,100*,32.51,4043.0,136.73,1.0,39.0,8.0,506.0,203.0,69.0,151.2,0.0,1118.0,25.0,2/0,44.72,7.38,36.3,0.0,0.0,True,100.0,SK Raina,Left hand Bat,Right arm Offbreak, ,Suresh Kumar Raina,0.6731433506044905,0.521842281706122,0.6249575359528932,60.81415228271623,0.7922535211267606,0.7208964160465315,0.10762331838565023,56.18894735263472,56.18894735263472
SK Rasheed,Chennai Super Kings,2025-2025,5,5.0,0.0,71.0,27,14.2,63.0,112.69,0.0,0.0,1.0,9.0,2.0,,,,,,-,,,,,,False,27.0,SK Rasheed,Right hand Bat,Legbreak,,Shaik Rasheed,,,,,,,,,
SK Trivedi,Rajasthan Royals,2008-2013,76,15.0,8.0,42.0,9,6.0,59.0,71.18,0.0,0.0,1.0,3.0,1.0,75.0,251.0,2.0,1904.0,65.0,4/25,29.29,7.58,23.1,1.0,0.0,False,9.0,SK Trivedi,Right hand Bat,Right arm Medium, ,Siddharth Kishorkumar Trivedi,0.10082037996545769,0.18376398989117548,0.003736836145396897,10.55797574844437,0.7570422535211268,0.8528782824394834,0.28699551569506726,64.95708422947337,10.55797574844437
SK Warne,Rajasthan Royals,2008-2011,55,29.0,9.0,198.0,34*,9.9,214.0,92.52,0.0,0.0,7.0,14.0,6.0,54.0,199.0,1.0,1447.0,57.0,4/21,25.38,7.27,20.9,1.0,0.0,True,34.0,SK Warne,Right hand Bat,Legbreak Googly, ,Shane Keith Warne,0.18501727115716754,0.29382639641033576,0.021401879741818595,18.21966171419392,0.8116197183098592,0.8863228124198101,0.25112107623318386,66.96162086253393,18.21966171419392
SL Malinga,Mumbai Indians,2009-2019,122,25.0,9.0,88.0,17,5.5,99.0,88.88,0.0,0.0,6.0,6.0,5.0,122.0,471.1,8.0,3365.0,170.0,5/13,19.79,7.14,16.6,6.0,1.0,False,17.0,SL Malinga,Right hand Bat,Right arm Fast, ,Separamadu Lasith Malinga,0.0900259067357513,0.27505286502656145,0.00894575925716227,13.451530526788758,0.8345070422535212,0.934137370626978,0.757847533632287,84.63798045978608,13.451530526788758
SM Boland,Rising Pune Supergiants,2016-2016,2,,,,-,,,,,,,,,2.0,7.0,0.0,54.0,2.0,2/31,27.0,7.71,21.0,0.0,0.0,False,,SM Boland,Right hand Bat,Right arm Fast medium, ,Scott Michael Boland,,,,,,,,,
SM Curran,"Chennai Super Kings, Kings XI Punjab, Punjab Kings",2019-2025,64,53.0,13.0,997.0,88,24.92,731.0,136.38,0.0,6.0,4.0,85.0,41.0,63.0,208.5,0.0,2033.0,59.0,4/11,34.45,9.73,21.2,1.0,0.0,False,88.0,SM Curran,Left hand Bat,Left arm Medium fast, ,Samuel Matthew Curran,0.5092832469775476,0.5200371344576822,0.11187860944400407,41.36959482122088,0.3785211267605634,0.8087417671713284,0.2600896860986547,49.35689187057585,41.36959482122088
SM Harwood,Rajasthan Royals,2009-2009,3,2.0,2.0,9.0,6*,,14.0,64.28,0.0,0.0,0.0,0.0,0.0,3.0,10.0,0.0,73.0,3.0,2/25,24.33,7.3,20.0,0.0,0.0,True,6.0,SM Harwood,Right hand Bat,Right arm Fast medium, ,Shane Michael Harwood,,,,,,,,,
SM Katich,Kings XI Punjab,2008-2009,11,11.0,1.0,241.0,75,24.1,186.0,129.56,0.0,2.0,1.0,25.0,8.0,,,,,,-,,,,,,False,75.0,SM Katich,Left hand Bat,Left arm Wrist spin, ,Simon Mathew Katich,0.4915803108808291,0.4848625509309403,0.0262710904767297,37.290178979734314,,,,,
SM Pollock,Mumbai Indians,2008-2008,13,8.0,0.0,147.0,33,18.37,111.0,132.43,0.0,0.0,2.0,12.0,8.0,13.0,46.0,1.0,301.0,11.0,3/12,27.36,6.54,25.0,0.0,0.0,False,33.0,SM Pollock,Right hand Bat,Right arm Fast medium, ,Shaun Maclean Pollock,,,,,0.9401408450704226,0.8693867077238902,0.04484304932735426,64.67875582762157,
SMSM Senanayake,Kolkata Knight Riders,2013-2013,8,4.0,3.0,10.0,7*,10.0,17.0,58.82,0.0,0.0,0.0,0.0,0.0,8.0,32.0,1.0,209.0,9.0,2/26,23.22,6.53,21.3,0.0,0.0,True,7.0,SMSM Senanayake,Right hand Bat,Right arm Offbreak, ,Senanayake Mudiyanselage Sachithra Madhushanka Senanayake,,,,,,,,,
SN Khan,"Chennai Super Kings, Delhi Capitals, Kings XI Punjab, Punjab Kings, Royal Challengers Bangalore",2015-2026,54,40.0,11.0,684.0,67,23.58,497.0,137.62,0.0,2.0,3.0,79.0,18.0,1.0,0.2,0.0,6.0,0.0,-,,18.0,,0.0,0.0,False,67.0,SN Khan,Right hand Bat,Legbreak, ,Sarfaraz Naushad Khan,0.4803540587219344,0.5264325132807263,0.07643528479220926,39.55018243350803,,,,,
SN Thakur,"Chennai Super Kings, Delhi Capitals, Kings XI Punjab, Kolkata Knight Riders, Lucknow Super Giants, Mumbai Indians, Rising Pune Supergiant",2015-2026,109,43.0,14.0,333.0,68,11.48,240.0,138.75,0.0,1.0,8.0,31.0,13.0,106.0,356.0,3.0,3392.0,112.0,4/34,30.28,9.52,19.0,2.0,0.0,False,68.0,SN Thakur,Right hand Bat,Right arm Medium, ,Shardul Narendra Thakur,0.21912780656303973,0.5322605601114034,0.036688936700260445,28.311455283927224,0.4154929577464791,0.8444102300915234,0.4977578475336323,59.02934700033905,28.311455283927224
SO Hetmyer,"Delhi Capitals, Rajasthan Royals, Royal Challengers Bangalore",2019-2026,90,82.0,29.0,1506.0,75,28.41,992.0,151.81,0.0,5.0,4.0,94.0,95.0,,,,,,-,,,,,,False,75.0,SO Hetmyer,Left hand Bat, , ,Shimron Odilon Hetmyer,0.584628670120898,0.5996183402960442,0.16951647605027742,48.609700616454404,,,,,
SP Fleming,Chennai Super Kings,2008-2008,10,10.0,1.0,196.0,45,21.77,165.0,118.78,0.0,0.0,1.0,27.0,3.0,,,,,,-,,,,,,False,45.0,SP Fleming,Left hand Bat, , ,Stephen Paul Fleming,0.4412780656303972,0.4292640156789933,0.02117540482391575,33.20474829457854,,,,,
SP Goswami,"Kolkata Knight Riders, Rajasthan Royals, Royal Challengers Bangalore, Sunrisers Hyderabad",2008-2020,31,21.0,1.0,293.0,52,14.65,295.0,99.32,0.0,1.0,4.0,32.0,3.0,,,,,,-,,,,,,False,52.0,SP Goswami,Left hand Bat, ,Wicketkeeper,Shreevats Pratyush Goswami,0.28756476683937826,0.3288978286657383,0.032159438342203604,23.818000635431062,,,,,
SP Jackson,Kolkata Knight Riders,2017-2022,9,8.0,2.0,61.0,16,10.16,57.0,107.01,0.0,0.0,1.0,5.0,1.0,,,,,,-,,,,,,False,16.0,SP Jackson,Right hand Bat, ,Wicketkeeper,Sheldon Philip Jackson,,,,,,,,,
SP Narine,Kolkata Knight Riders,2012-2026,192,123.0,21.0,1792.0,109,17.56,1073.0,167.0,1.0,7.0,17.0,189.0,118.0,190.0,735.1,3.0,5004.0,194.0,5/19,25.79,6.8,22.7,7.0,1.0,False,109.0,SP Narine,Left hand Bat,Right arm Offbreak, ,Sunil Philip Narine,0.35038860103626934,0.6779617308783331,0.20190238931038387,42.791764354952036,0.8943661971830986,0.8828158412454025,0.8654708520179372,88.16549690553563,42.791764354952036
SPD Smith,"Delhi Capitals, Pune Warriors, Rajasthan Royals, Rising Pune Supergiant, Rising Pune Supergiants",2012-2021,103,93.0,21.0,2485.0,101,34.51,1940.0,128.09,1.0,11.0,1.0,225.0,60.0,1.0,0.2,0.0,5.0,0.0,-,,15.0,,0.0,0.0,False,101.0,SPD Smith,Right hand Bat,Legbreak Googly, ,Steven Peter Devereux Smith,0.716321243523316,0.477280932487493,0.2803759483637187,52.367081087087875,,,,,
SR Tendulkar,Mumbai Indians,2008-2013,78,78.0,11.0,2334.0,100*,34.83,1948.0,119.81,1.0,13.0,4.0,295.0,29.0,4.0,6.0,0.0,58.0,0.0,-,,9.66,,0.0,0.0,True,100.0,SR Tendulkar,Right hand Bat,"Right arm Offbreak, Legbreak Googly", ,Sachin Ramesh Tendulkar,0.7232297063903281,0.4345763061529734,0.26327709206205413,50.72128627251854,,,,,
SR Watson,"Chennai Super Kings, Rajasthan Royals, Royal Challengers Bangalore",2008-2020,145,141.0,16.0,3874.0,117*,30.99,2809.0,137.91,4.0,21.0,7.0,375.0,190.0,105.0,338.1,3.0,2682.0,92.0,4/29,29.15,7.93,22.0,1.0,0.0,True,117.0,SR Watson,Right hand Bat,Right arm Fast medium, ,Shane Robert Watson,0.640328151986183,0.5279282067151478,0.4376627788472427,55.032182785658556,0.6954225352112677,0.8540757847917202,0.4080717488789238,66.47459366647229,55.032182785658556
SS Agarwal,Gujarat Lions,2017-2017,1,,,,-,,,,,,,,,1.0,4.0,0.0,42.0,1.0,1/42,42.0,10.5,24.0,0.0,0.0,False,,SS Agarwal,Right hand Bat,Legbreak Googly, ,Shubham Sanjay Agarwal,,,,,,,,,
SS Cottrell,Kings XI Punjab,2020-2020,6,1.0,0.0,0.0,0,0.0,2.0,0.0,0.0,0.0,1.0,0.0,0.0,6.0,20.0,1.0,176.0,6.0,2/17,29.33,8.8,20.0,0.0,0.0,False,0.0,SS Cottrell,Right hand Bat,Left arm Fast medium, ,Sheldon Shane Cottrell,,,,,,,,,
SS Iyer,"Delhi Capitals, Delhi Daredevils, Kolkata Knight Riders, Punjab Kings",2015-2026,137,135.0,24.0,3868.0,97*,34.84,2871.0,134.72,0.0,29.0,7.0,323.0,162.0,1.0,1.0,0.0,7.0,0.0,-,,7.0,,0.0,0.0,True,97.0,SS Iyer,Right hand Bat,"Right arm Offbreak, Legbreak Googly", ,Shreyas Santosh Iyer,0.7234455958549224,0.5114755789365104,0.4369833540935341,57.76405294931312,,,,,
SS Mundhe,Pune Warriors,2011-2011,1,,,,-,,,,,,,,,1.0,1.0,0.0,6.0,1.0,1/6,6.0,6.0,6.0,0.0,0.0,False,,SS Mundhe,Right hand Bat,Right arm Medium, ,Shrikant Shrihari Mundhe,,,,,,,,,
SS Prabhudessai,"Royal Challengers Bangalore, Royal Challengers Bengaluru",2022-2024,11,10.0,0.0,126.0,34,12.6,106.0,118.86,0.0,0.0,1.0,11.0,4.0,,,,,,-,,,,,,False,34.0,SS Prabhudessai,Right hand Bat,Right arm Medium, ,Suyash S Prabhudessai,0.24330742659758203,0.429676620764351,0.013248782697316273,25.102198358088472,,,,,
SS Sarkar,Kolkata Knight Riders,2009-2009,2,,,,-,,,,,,,,,2.0,4.1,0.0,34.0,1.0,1/15,34.0,8.16,25.0,0.0,0.0,False,,SS Sarkar,Right hand Bat,Right arm Medium, ,Sourav Subrata Sarkar,,,,,,,,,
SS Shaikh,Kolkata Knight Riders,2009-2009,2,1.0,0.0,6.0,6,6.0,7.0,85.71,0.0,0.0,0.0,1.0,0.0,,,,,,-,,,,,,False,6.0,SS Shaikh,Right hand Bat,Right arm Medium, ,Shoaib Shabbir Shaikh,,,,,,,,,
SS Tiwary,"Delhi Daredevils, Mumbai Indians, Rising Pune Supergiants, Royal Challengers Bangalore",2008-2021,93,74.0,22.0,1494.0,61,28.73,1244.0,120.09,0.0,8.0,1.0,111.0,50.0,,,,,,-,,,,,,False,61.0,SS Tiwary,Left hand Bat, , ,Saurabh Sunil Tiwary,0.5915371329879101,0.43602042395172524,0.16815762654286037,43.1261408213983,,,,,
SSB Magala,Chennai Super Kings,2023-2023,2,,,,-,,,,,,,,,2.0,6.0,0.0,51.0,1.0,1/37,51.0,8.5,36.0,0.0,0.0,False,,SSB Magala,Right hand Bat,Right arm Fast medium, ,Sisanda Somila Bruce Magala,,,,,,,,,
ST Jayasuriya,Mumbai Indians,2008-2010,30,30.0,2.0,768.0,114*,27.42,532.0,144.36,1.0,4.0,2.0,84.0,39.0,21.0,49.0,1.0,390.0,13.0,3/14,30.0,7.95,22.6,0.0,0.0,True,114.0,ST Jayasuriya,Left hand Bat,Slow Left arm Orthodox, ,Sanath Teran Jayasuriya,0.5632556131260795,0.5611944917221106,0.08594723134412864,44.32071251892027,0.6919014084507042,0.8468052347959969,0.053811659192825115,55.46908228941928,44.32071251892027
STR Binny,"Mumbai Indians, Rajasthan Royals, Royal Challengers Bangalore",2010-2019,95,68.0,22.0,880.0,48*,19.13,683.0,128.84,0.0,0.0,7.0,66.0,35.0,63.0,99.0,0.0,758.0,22.0,2/14,34.45,7.65,27.0,0.0,0.0,True,48.0,STR Binny,Right hand Bat,Right arm Medium, ,Stuart Terence Roger Binny,0.38428324697754745,0.4811491051627212,0.0986298267466878,34.67729422846434,0.744718309859155,0.8087417671713284,0.09417040358744394,57.196214803690225,34.67729422846434
SV Samson,"Chennai Super Kings, Delhi Daredevils, Rajasthan Royals",2013-2026,181,176.0,21.0,4841.0,119,31.23,3458.0,139.99,4.0,26.0,11.0,396.0,224.0,,,,,,-,,,,,,False,119.0,SV Samson,Right hand Bat, ,Wicketkeeper,Sanju Viswanath Samson,0.6455094991364421,0.5386559389344475,0.5471634016532669,58.35242286949502,,,,,
SW Billings,"Chennai Super Kings, Delhi Daredevils, Kolkata Knight Riders",2016-2022,30,27.0,1.0,503.0,56,19.34,388.0,129.63,0.0,3.0,3.0,40.0,20.0,,,,,,-,,,,,,False,56.0,SW Billings,Right hand Bat, ,Wicketkeeper,Samuel William Billings,0.38881692573402415,0.48522358038062824,0.05593930472200204,33.93398496073301,,,,,
SW Tait,Rajasthan Royals,2010-2013,21,5.0,2.0,23.0,11,7.66,26.0,88.46,0.0,0.0,1.0,1.0,1.0,21.0,78.5,1.0,635.0,23.0,3/13,27.6,8.05,20.5,0.0,0.0,False,11.0,SW Tait,Right hand Bat,Right arm Fast, ,Shaun William Tait,,,,,0.6742957746478873,0.8673338465486271,0.09865470852017937,56.916677997483376,
SZ Mulani,Mumbai Indians,2024-2024,2,1.0,1.0,1.0,1*,,1.0,100.0,0.0,0.0,0.0,0.0,0.0,2.0,5.0,0.0,57.0,0.0,-,,11.4,,0.0,0.0,True,1.0,SZ Mulani,Left hand Bat,Slow Left arm Orthodox,,Shams Mulani,,,,,,,,,
Sachin Baby,"Rajasthan Royals, Royal Challengers Bangalore, Sunrisers Hyderabad",2013-2025,20,11.0,2.0,144.0,33,16.0,118.0,122.03,0.0,0.0,1.0,11.0,5.0,2.0,1.4,0.0,8.0,2.0,2/4,4.0,4.8,5.0,0.0,0.0,False,33.0,Sachin Baby,Left hand Bat,Right arm Offbreak, ,Sachin Baby,0.3167098445595855,0.44602609727164894,0.015287056958441852,28.66148361085218,,,,,
Salman Butt,Kolkata Knight Riders,2008-2008,7,7.0,0.0,193.0,73,27.57,161.0,119.87,0.0,1.0,0.0,30.0,2.0,,,,,,-,,,,,,False,73.0,Salman Butt,Left hand Bat,Right arm Offbreak, ,Salman Butt,,,,,,,,,
Sameer Rizvi,"Chennai Super Kings, Delhi Capitals",2024-2026,17,13.0,3.0,338.0,90,33.8,230.0,146.95,0.0,3.0,2.0,28.0,20.0,,,,,,-,,,,,,False,90.0,Sameer Rizvi,Right hand Bat,Right arm Offbreak,,Sameer Rizvi,0.700993091537133,0.5745525813605653,0.03725512399501755,49.08044210898054,,,,,
Sandeep Sharma,"Kings XI Punjab, Punjab Kings, Rajasthan Royals, Sunrisers Hyderabad",2013-2026,141,28.0,22.0,60.0,9,10.0,75.0,80.0,0.0,0.0,4.0,4.0,0.0,140.0,519.3,8.0,4199.0,150.0,5/18,27.99,8.08,20.7,2.0,1.0,False,9.0,Sandeep Sharma,Right hand Bat,Right arm Medium, ,Sandeep Sharma,0.1871761658031088,0.22925370055185934,0.005775110406522478,15.655303911602491,0.6690140845070423,0.8639979471388247,0.6681614349775785,73.70026415693269,15.655303911602491
Sanvir Singh,Sunrisers Hyderabad,2023-2024,6,5.0,3.0,25.0,8*,12.5,21.0,119.04,0.0,0.0,1.0,2.0,1.0,,,,,,-,,,,,,True,8.0,Sanvir Singh,Right hand Bat,Right arm Medium, ,Sanvir Singh,,,,,,,,,
Sediqullah Atal,Delhi Capitals,2025-2025,1,1.0,0.0,22.0,22,22.0,16.0,137.5,0.0,0.0,0.0,0.0,2.0,,,,,,-,,,,,,False,22.0,Sediqullah Atal,Left hand Bat,,,Sediqullah Atal,,,,,,,,,
Shahbaz Ahmed,"Lucknow Super Giants, Royal Challengers Bangalore, Sunrisers Hyderabad",2020-2026,59,39.0,10.0,560.0,59*,19.31,464.0,120.68,0.0,1.0,1.0,30.0,25.0,46.0,99.0,0.0,955.0,22.0,3/7,43.4,9.64,27.0,0.0,0.0,True,59.0,Shahbaz Ahmed,Left hand Bat,Slow Left arm Orthodox, ,Shahbaz Ahmed,0.3881692573402417,0.43906338645623816,0.06239383988223304,32.45383481663383,0.3943661971830986,0.7321871525104782,0.09417040358744394,42.2544793468985,32.45383481663383
Shahid Afridi,Deccan Chargers,2008-2008,10,9.0,1.0,81.0,33,10.12,46.0,176.08,0.0,0.0,1.0,7.0,6.0,10.0,30.0,0.0,225.0,9.0,3/28,25.0,7.5,20.0,0.0,0.0,False,33.0,Shahid Afridi,Right hand Bat,Legbreak Googly, ,Sahibzada Mohammad Shahid Khan Afridi,,,,,0.7711267605633804,0.8895731759473099,0.03587443946188341,59.20073096173066,
Shakib Al Hasan,"Kolkata Knight Riders, Sunrisers Hyderabad",2011-2021,71,52.0,12.0,793.0,66*,19.82,637.0,124.48,0.0,2.0,4.0,73.0,21.0,70.0,247.2,1.0,1839.0,63.0,3/17,29.19,7.43,23.5,0.0,0.0,True,66.0,Shakib Al Hasan,Left hand Bat,Slow Left arm Orthodox, ,Shakib Al Hasan,0.3991796200345424,0.4586621280107278,0.08877816781791417,34.239813477205026,0.7834507042253522,0.8537336412625096,0.27802690582959644,65.64225926696305,34.239813477205026
Shashank Singh,"Punjab Kings, Sunrisers Hyderabad",2022-2026,45,36.0,16.0,807.0,68*,40.35,510.0,158.23,0.0,5.0,2.0,59.0,44.0,5.0,8.0,0.0,72.0,3.0,2/20,24.0,9.0,16.0,0.0,0.0,True,68.0,Shashank Singh,Right hand Bat,"Right arm Medium, Right arm Offbreak", ,Shashank Singh,0.8424006908462868,0.6327298983959977,0.09036349224323406,58.10066138379224,,,,,
Shivam Mavi,Kolkata Knight Riders,2018-2022,32,12.0,3.0,51.0,20,5.66,56.0,91.07,0.0,0.0,3.0,4.0,2.0,32.0,108.1,2.0,942.0,30.0,4/21,31.4,8.7,21.6,1.0,0.0,False,20.0,Shivam Mavi,Right hand Bat,Right arm Fast medium, ,Shivam Pankaj Mavi,0.09348013816925733,0.2863479292382279,0.0047559732759596875,13.88028238200726,0.5598591549295777,0.8348302112736293,0.13004484304932734,52.71547310859206,13.88028238200726
Shivam Sharma,Kings XI Punjab,2014-2015,5,2.0,1.0,5.0,4,5.0,3.0,166.66,0.0,0.0,0.0,1.0,0.0,5.0,19.0,0.0,165.0,4.0,2/26,41.25,8.68,28.5,0.0,0.0,False,4.0,Shivam Sharma,Right hand Bat,Right arm Offbreak, ,Shivam Sharma,,,,,,,,,
Shivam Singh,Punjab Kings,2024-2024,1,1.0,1.0,2.0,2*,,3.0,66.66,0.0,0.0,0.0,0.0,0.0,,,,,,-,,,,,,True,2.0,Shivam Singh,Right hand Bat,Right arm Offbreak,,Shivam Singh,,,,,,,,,
Shivang Kumar,Sunrisers Hyderabad,2026-2026,3,2.0,0.0,9.0,5,4.5,6.0,150.0,0.0,0.0,0.0,2.0,0.0,3.0,12.0,0.0,104.0,4.0,3/33,26.0,8.66,18.0,0.0,0.0,False,5.0,Shivang Kumar,Right hand Bat,Left arm Wrist spin,,Shivang Kumar,,,,,,,,,
Shoaib Ahmed,Deccan Chargers,2009-2009,8,3.0,1.0,1.0,1*,0.5,6.0,16.66,0.0,0.0,2.0,0.0,0.0,7.0,17.0,0.0,152.0,5.0,2/20,30.4,8.94,20.4,0.0,0.0,True,1.0,Shoaib Ahmed,Right hand Bat,Right arm Fast medium, ,Syed Mohammad Shoaib Ahmed,,,,,,,,,
Shoaib Akhtar,Kolkata Knight Riders,2008-2008,3,1.0,0.0,2.0,2,2.0,7.0,28.57,0.0,0.0,0.0,0.0,0.0,3.0,7.0,0.0,54.0,5.0,4/11,10.8,7.71,8.4,1.0,0.0,False,2.0,Shoaib Akhtar,Right hand Bat,Right arm Fast, ,Shoaib Akhtar,,,,,,,,,
Shoaib Malik,Delhi Daredevils,2008-2008,7,5.0,1.0,52.0,24,13.0,47.0,110.63,0.0,0.0,0.0,5.0,0.0,5.0,8.3,0.0,85.0,2.0,1/6,42.5,10.0,25.5,0.0,0.0,False,24.0,Shoaib Malik,Right hand Bat,Right arm Offbreak, ,Shoaib Malik,,,,,,,,,
Shubman Gill,"Gujarat Titans, Kolkata Knight Riders",2018-2026,121,118.0,17.0,4031.0,129,39.91,2899.0,139.04,4.0,28.0,4.0,388.0,125.0,,,,,,-,,,,,,False,129.0,Shubman Gill,Right hand Bat,Right arm Offbreak, ,Shubman Gill,0.832901554404145,0.533756253545825,0.4554410599026158,63.38355754783507,,,,,
Sikandar Raza,Punjab Kings,2023-2024,9,9.0,2.0,182.0,57,26.0,136.0,133.82,0.0,1.0,0.0,12.0,8.0,7.0,14.0,0.0,141.0,3.0,1/19,47.0,10.07,28.0,0.0,0.0,False,57.0,Sikandar Raza,Right hand Bat,Right arm Offbreak, ,Sikandar Raza Butt,,,,,,,,,
Simarjeet Singh,"Chennai Super Kings, Sunrisers Hyderabad",2022-2025,14,6.0,3.0,10.0,3*,3.33,15.0,66.66,0.0,0.0,2.0,0.0,0.0,14.0,40.0,0.0,400.0,11.0,3/26,36.36,10.0,21.8,0.0,0.0,True,3.0,Simarjeet Singh,Right hand Bat,Right arm Medium fast, ,Simarjeet Singh,,,,,0.33098591549295786,0.7924044136515268,0.04484304932735426,40.66395299987759,
Sohail Tanvir,Rajasthan Royals,2008-2008,11,5.0,2.0,36.0,13,12.0,29.0,124.13,0.0,0.0,0.0,3.0,1.0,11.0,41.1,0.0,266.0,22.0,6/14,12.09,6.46,11.2,1.0,1.0,False,13.0,Sohail Tanvir,Left hand Bat,Left arm Medium fast, ,Sohail Tanvir,,,,,0.9542253521126761,1.0,0.09417040358744394,71.22299943156698,
Sumit Kumar,Delhi Capitals,2024-2024,4,3.0,1.0,18.0,9*,9.0,24.0,75.0,0.0,0.0,0.0,2.0,1.0,2.0,3.2,0.0,38.0,0.0,-,,11.4,,0.0,0.0,True,9.0,Sumit Kumar,Right hand Bat,Right arm Medium fast,,Sumit Kumar,,,,,,,,,
Sunny Gupta,Delhi Daredevils,2012-2012,1,1.0,0.0,0.0,0,0.0,1.0,0.0,0.0,0.0,1.0,0.0,0.0,1.0,3.0,0.0,47.0,0.0,-,,15.66,,0.0,0.0,False,0.0,Sunny Gupta,Right hand Bat,Right arm Offbreak, ,Sunny Gupta,,,,,,,,,
Sunny Singh,Kings XI Punjab,2011-2011,6,5.0,1.0,43.0,20,10.75,31.0,138.7,0.0,0.0,0.0,6.0,1.0,,,,,,-,,,,,,False,20.0,Sunny Singh,Right hand Bat,Right arm Medium fast, ,Sunny Singh,,,,,,,,,
Suryansh Shedge,Punjab Kings,2025-2025,5,3.0,0.0,7.0,4,2.33,11.0,63.63,0.0,0.0,0.0,0.0,0.0,1.0,3.0,0.0,40.0,0.0,-,,13.33,,0.0,0.0,False,4.0,Suryansh Shedge,Right hand Bat,Right arm Medium fast,,Suryansh Shedge,,,,,,,,,
Suyash Sharma,"Kolkata Knight Riders, Royal Challengers Bengaluru",2023-2026,30,,,,-,,,,,,,,,29.0,100.0,0.0,863.0,20.0,3/17,43.15,8.63,30.0,0.0,0.0,False,,Suyash Sharma,Right hand Bat,Legbreak Googly, ,Suyash Sharma,,,,,0.5721830985915493,0.7343255495680439,0.08520179372197309,48.283856497244955,
Swapnil Singh,"Kings XI Punjab, Lucknow Super Giants, Royal Challengers Bengaluru",2016-2024,14,9.0,4.0,51.0,15*,10.2,45.0,113.33,0.0,0.0,2.0,3.0,3.0,14.0,27.0,0.0,241.0,7.0,2/28,34.42,8.92,23.1,0.0,0.0,True,15.0,Swapnil Singh,Right hand Bat,Slow Left arm Orthodox, ,Swapnil Singh,,,,,0.5211267605633804,0.8089983748182362,0.026905829596412557,47.36155462624895,
T Banton,Kolkata Knight Riders,2020-2020,2,2.0,0.0,18.0,10,9.0,20.0,90.0,0.0,0.0,0.0,1.0,1.0,,,,,,-,,,,,,False,10.0,T Banton,Right hand Bat, ,Wicketkeeper,Tom Banton,,,,,,,,,
T Henderson,Rajasthan Royals,2009-2009,2,2.0,0.0,11.0,11,5.5,16.0,68.75,0.0,0.0,1.0,0.0,1.0,2.0,6.0,0.0,40.0,1.0,1/30,40.0,6.66,36.0,0.0,0.0,False,11.0,T Henderson,Right hand Bat,Right arm Fast medium, ,Tyron Henderson,,,,,,,,,
T Kohler-Cadmore,Rajasthan Royals,2024-2024,4,3.0,0.0,48.0,20,16.0,54.0,88.88,0.0,0.0,0.0,7.0,1.0,,,,,,-,,,,,,False,20.0,T Kohler-Cadmore,Right hand Bat,Right arm Offbreak,Wicketkeeper,Tom Kohler-Cadmore,,,,,,,,,
T Kohli,"Kings XI Punjab, Rajasthan Royals",2008-2009,4,4.0,1.0,11.0,7,3.66,19.0,57.89,0.0,0.0,0.0,0.0,1.0,,,,,,-,,,,,,False,7.0,T Kohli,Right hand Bat,Right arm Medium, ,Taruwar Sushil Kohli,,,,,,,,,
T Mishra,Deccan Chargers,2012-2012,1,,,,-,,,,,,,,,,,,,,-,,,,,,False,,T Mishra,Right hand Bat,Right arm Fast medium, ,Tanmay Mishra,,,,,,,,,
T Natarajan,"Delhi Capitals, Kings XI Punjab, Sunrisers Hyderabad",2017-2026,67,5.0,5.0,4.0,3*,,7.0,57.14,0.0,0.0,0.0,0.0,0.0,66.0,240.5,2.0,2159.0,71.0,4/19,30.4,8.96,20.3,1.0,0.0,True,3.0,T Natarajan,Left hand Bat,Left arm Medium, ,Thangarasu Natarajan,,,,,0.5140845070422535,0.8433837995038919,0.31390134529147984,56.92843108785948,
T Shamsi,"Rajasthan Royals, Royal Challengers Bangalore",2016-2021,5,1.0,1.0,2.0,2*,,4.0,50.0,0.0,0.0,0.0,0.0,0.0,5.0,20.0,0.0,181.0,3.0,1/21,60.33,9.05,40.0,0.0,0.0,True,2.0,T Shamsi,Right hand Bat,Left arm Wrist spin, ,Tabraiz Shamsi,,,,,,,,,
T Stubbs,"Delhi Capitals, Mumbai Indians",2022-2026,36,34.0,15.0,814.0,71*,42.84,512.0,158.98,0.0,4.0,2.0,58.0,41.0,5.0,6.0,0.0,69.0,4.0,2/11,17.25,11.5,9.0,0.0,0.0,True,71.0,T Stubbs,Right hand Bat,Right arm Offbreak,Wicketkeeper,Tristan Stubbs,0.8961571675302247,0.636598071071226,0.091156154455894,60.40612305009925,,,,,
T Taibu,Kolkata Knight Riders,2008-2008,3,3.0,0.0,31.0,15,10.33,26.0,119.23,0.0,0.0,0.0,3.0,0.0,,,,,,-,,,,,,False,15.0,T Taibu,Right hand Bat,Right arm Medium,Wicketkeeper,Tatenda Taibu,,,,,,,,,
T Thushara,Chennai Super Kings,2009-2010,6,4.0,2.0,12.0,8,6.0,18.0,66.66,0.0,0.0,0.0,0.0,0.0,6.0,22.3,0.0,161.0,8.0,2/16,20.12,7.15,16.8,0.0,0.0,False,8.0,T Thushara,Left hand Bat,Left arm Fast medium, ,Magina Thilan Thushara Mirando,,,,,,,,,
TA Boult,"Delhi Capitals, Delhi Daredevils, Kolkata Knight Riders, Mumbai Indians, Rajasthan Royals, Sunrisers Hyderabad",2015-2026,123,30.0,20.0,86.0,17*,8.6,83.0,103.61,0.0,0.0,3.0,5.0,3.0,122.0,456.1,11.0,3857.0,144.0,4/18,26.78,8.45,19.0,2.0,0.0,True,17.0,TA Boult,Right hand Bat,Left arm Fast medium, ,Trent Alexander Boult,0.1569516407599309,0.35102377636804377,0.008719284339259427,18.781879911760253,0.60387323943662,0.8743477888974425,0.6412556053811659,70.97540415312716,18.781879911760253
TD Paine,Pune Warriors,2011-2011,2,2.0,0.0,10.0,8,5.0,26.0,38.46,0.0,0.0,0.0,0.0,0.0,,,,,,-,,,,,,False,8.0,TD Paine,Right hand Bat,Right arm Medium,Wicketkeeper,Timothy David Paine,,,,,,,,,
TG Southee,"Chennai Super Kings, Kolkata Knight Riders, Mumbai Indians, Rajasthan Royals, Royal Challengers Bangalore",2011-2023,54,20.0,7.0,120.0,36*,9.23,107.0,112.14,0.0,0.0,3.0,8.0,4.0,54.0,201.0,2.0,1742.0,47.0,3/20,37.06,8.66,25.6,0.0,0.0,True,36.0,TG Southee,Right hand Bat,Right arm Medium fast, ,Timothy Grant Southee,0.17055267702936097,0.3950177935943061,0.012569357943607746,20.961963805565347,0.5669014084507042,0.786416901890343,0.2062780269058296,53.55448166911154,20.961963805565347
TH David,"Mumbai Indians, Royal Challengers Bangalore, Royal Challengers Bengaluru",2021-2026,54,48.0,21.0,979.0,70*,36.25,548.0,178.64,0.0,2.0,3.0,62.0,72.0,1.0,1.0,0.0,18.0,0.0,-,,18.0,,0.0,0.0,True,70.0,TH David,Right hand Bat,Right arm Offbreak, ,Timothy Hays David,0.7538860103626943,0.737995770797875,0.1098403351828785,58.731300772005355,,,,,
TK Curran,"Delhi Capitals, Kolkata Knight Riders, Rajasthan Royals",2018-2021,13,10.0,5.0,127.0,54*,25.4,107.0,118.69,0.0,1.0,0.0,10.0,3.0,13.0,39.4,0.0,430.0,13.0,3/29,33.07,10.84,18.3,0.0,0.0,True,54.0,TK Curran,Right hand Bat,Right arm Fast medium, ,Thomas Kevin Curran,0.5196459412780656,0.42879983495796586,0.013362020156267694,36.12788237855812,0.18309859154929586,0.8205457189290908,0.053811659192825115,36.74190064252828,36.12788237855812
TK Kotian,Rajasthan Royals,2024-2024,1,1.0,0.0,24.0,24,24.0,31.0,77.41,0.0,0.0,0.0,3.0,0.0,,,,,,-,,,,,,False,24.0,,,,,,,,,,,,,,
TL Seifert,"Delhi Capitals, Kolkata Knight Riders",2021-2022,3,3.0,0.0,26.0,21,8.66,23.0,113.04,0.0,0.0,0.0,4.0,0.0,,,,,,-,,,,,,False,21.0,TL Seifert,Right hand Bat, ,Wicketkeeper,Tim Louis Seifert,,,,,,,,,
TL Suman,"Deccan Chargers, Mumbai Indians, Pune Warriors",2009-2013,43,40.0,8.0,676.0,78*,21.12,575.0,117.56,0.0,2.0,3.0,55.0,26.0,11.0,25.0,0.0,197.0,6.0,2/14,32.83,7.88,25.0,0.0,0.0,True,78.0,TL Suman,Right hand Bat,Right arm Offbreak, ,Tirumalasetti Laxminarayana Suman,0.4272452504317789,0.42297178812728875,0.0755293851205979,33.782057229741206,0.7042253521126761,0.8225985801043538,0.02242152466367713,54.11148336750637,33.782057229741206
TM Dilshan,"Delhi Daredevils, Royal Challengers Bangalore",2008-2013,52,50.0,7.0,1153.0,76*,26.81,1007.0,114.49,0.0,9.0,6.0,140.0,24.0,25.0,45.1,0.0,366.0,5.0,1/3,73.2,8.1,54.2,0.0,0.0,True,76.0,TM Dilshan,Right hand Bat,Right arm Offbreak,Wicketkeeper,Tillakaratne Mudiyanselage Dilshan,0.5500863557858375,0.40713806797668783,0.12954365304042578,39.491877936628214,0.665492957746479,0.4772902232486528,0.017937219730941704,40.53552792675786,39.491877936628214
TM Head,"Royal Challengers Bangalore, Sunrisers Hyderabad",2016-2026,42,41.0,4.0,1248.0,102,33.72,735.0,169.79,1.0,8.0,5.0,140.0,59.0,6.0,9.4,0.0,113.0,2.0,2/30,56.5,11.68,29.0,0.0,0.0,False,102.0,TM Head,Left hand Bat,Right arm Offbreak,Wicketkeeper,Travis Michael Head,0.69926597582038,0.6923513332301822,0.14030121164081077,55.71046598689185,,,,,
TM Srivastava,Kings XI Punjab,2008-2009,7,3.0,2.0,8.0,7,8.0,11.0,72.72,0.0,0.0,0.0,0.0,0.0,,,,,,-,,,,,,False,7.0,TM Srivastava,Left hand Bat,Right arm Medium, ,Tanmay Manoj Srivastava,,,,,,,,,
TP Sudhindra,Deccan Chargers,2012-2012,3,1.0,1.0,0.0,0*,,0.0,,0.0,0.0,0.0,0.0,0.0,3.0,11.4,0.0,136.0,1.0,1/46,136.0,11.65,70.0,0.0,0.0,True,0.0,TP Sudhindra,Left hand Bat,Right arm Fast, ,Taduri Prakash Chandra Sudhindra,,,,,,,,,
TR Birt,Delhi Daredevils,2011-2011,5,5.0,0.0,75.0,27,15.0,58.0,129.31,0.0,0.0,0.0,9.0,2.0,,,,,,-,,,,,,False,27.0,TR Birt,Left hand Bat,Right arm Medium,Occasional Wicketkeeper,Travis Rodney Birt,,,,,,,,,
TS Mills,"Mumbai Indians, Royal Challengers Bangalore",2017-2022,10,5.0,1.0,8.0,6,2.0,14.0,57.14,0.0,0.0,2.0,0.0,1.0,10.0,34.5,0.0,343.0,11.0,3/35,31.18,9.84,19.0,0.0,0.0,False,6.0,TS Mills,Right hand Bat,Left arm Fast, ,Tymal Solomon Mills,,,,,0.35915492957746487,0.8367120006842871,0.04484304932735426,43.20063403898194,
TU Deshpande,"Chennai Super Kings, Delhi Capitals, Rajasthan Royals",2020-2026,48,8.0,6.0,28.0,20*,14.0,22.0,127.27,0.0,0.0,0.0,2.0,1.0,48.0,165.5,0.0,1636.0,53.0,4/27,30.86,9.86,18.7,1.0,0.0,True,20.0,TU Deshpande,Left hand Bat,Right arm Medium, ,Tushar Uday Deshpande,,,,,0.3556338028169016,0.8394491489179711,0.23318385650224216,48.823419005787805,
Tejas Baroka,Gujarat Lions,2017-2017,1,,,,-,,,,,,,,,1.0,3.3,0.0,33.0,0.0,-,,9.42,,0.0,0.0,False,,Tejas Baroka,Right hand Bat,Legbreak Googly, ,Tejas Baroka,,,,,,,,,
U Kaul,Kings XI Punjab,2008-2008,5,1.0,1.0,0.0,0*,,1.0,0.0,0.0,0.0,0.0,0.0,0.0,,,,,,-,,,,,,True,0.0,U Kaul,Left hand Bat, ,Wicketkeeper,Uday Kaul,,,,,,,,,
UA Birla,Pune Warriors,2013-2013,2,1.0,0.0,7.0,7,7.0,14.0,50.0,0.0,0.0,0.0,1.0,0.0,,,,,,-,,,,,,False,7.0,UA Birla,Right hand Bat,Right arm Medium, ,Udit Alok Birla,,,,,,,,,
UBT Chand,"Delhi Daredevils, Mumbai Indians, Rajasthan Royals",2011-2016,21,20.0,0.0,300.0,58,15.0,300.0,100.0,0.0,1.0,4.0,32.0,9.0,,,,,,-,,,,,,False,58.0,UBT Chand,Right hand Bat,Right arm Offbreak, ,Unmukt Bharat Thakur Chand,0.2951208981001727,0.3324049718912786,0.03295210055486355,24.26281245407325,,,,,
UM Patel,Chennai Super Kings,2025-2025,3,3.0,0.0,68.0,37,22.66,32.0,212.5,0.0,0.0,1.0,5.0,6.0,,,,,,-,,,,,,False,37.0,,,,,,,,,,,,,,
UT Khawaja,Rising Pune Supergiants,2016-2016,6,6.0,0.0,127.0,30,21.16,100.0,127.0,0.0,0.0,0.0,14.0,3.0,,,,,,-,,,,,,False,30.0,UT Khawaja,Left hand Bat,Right arm Medium, ,Usman Tariq Khawaja,,,,,,,,,
UT Yadav,"Delhi Daredevils, Gujarat Titans, Kolkata Knight Riders, Royal Challengers Bangalore",2010-2024,148,52.0,31.0,208.0,24*,9.9,201.0,103.48,0.0,0.0,8.0,16.0,9.0,147.0,508.2,5.0,4317.0,144.0,4/23,29.97,8.49,21.1,3.0,0.0,True,24.0,UT Yadav,Right hand Bat,Right arm Fast, ,Umeshkumar Tilak Yadav,0.18501727115716754,0.35035329310433755,0.022534254331332805,20.226412463221834,0.596830985915493,0.8470618424429048,0.6412556053811659,69.77391715397889,20.226412463221834
Umar Gul,Kolkata Knight Riders,2008-2008,6,4.0,1.0,39.0,24,13.0,19.0,205.26,0.0,0.0,0.0,1.0,5.0,6.0,22.3,1.0,184.0,12.0,4/23,15.33,8.17,11.2,1.0,0.0,False,24.0,Umar Gul,Right hand Bat,Right arm Fast medium, ,Umar Gul,,,,,,,,,
Umran Malik,Sunrisers Hyderabad,2021-2024,26,6.0,4.0,23.0,19*,11.5,16.0,143.75,0.0,0.0,2.0,1.0,2.0,26.0,82.1,1.0,772.0,29.0,5/25,26.62,9.39,17.0,1.0,1.0,True,19.0,Umran Malik,Right hand Bat,Right arm Fast, ,Umran Malik,,,,,0.43838028169014087,0.8757163630142845,0.12556053811659193,49.76019870815264,
V Kaverappa,Punjab Kings,2024-2024,1,,,,-,,,,,,,,,1.0,4.0,0.0,36.0,2.0,2/36,18.0,9.0,12.0,0.0,0.0,False,,V Kaverappa,Right hand Bat,Right arm Fast medium,,Vidhwath Kaverappa,,,,,,,,,
V Kohli,"Royal Challengers Bangalore, Royal Challengers Bengaluru",2008-2026,271,263.0,41.0,8840.0,113*,39.81,6629.0,133.35,8.0,65.0,10.0,790.0,298.0,26.0,41.5,0.0,368.0,4.0,2/25,92.0,8.79,62.7,0.0,0.0,True,113.0,V Kohli,Right hand Bat,Right arm Medium, ,Virat Kohli,0.8307426597582038,0.5044097168497602,1.0,75.88404648006977,0.5440140845070425,0.316482764519716,0.013452914798206279,30.520977159882733,30.520977159882733
V Nigam,Delhi Capitals,2025-2026,17,9.0,1.0,154.0,39,19.25,86.0,179.06,0.0,0.0,1.0,17.0,8.0,16.0,44.0,0.0,411.0,12.0,2/18,34.25,9.34,22.0,0.0,0.0,False,39.0,V Nigam,Right hand Bat,Legbreak,,Vipraj Nigam,,,,,0.44718309859154937,0.8104524848173809,0.04932735426008968,45.49706604711525,
V Pratap Singh,Deccan Chargers,2012-2012,9,1.0,0.0,0.0,0,0.0,1.0,0.0,0.0,0.0,1.0,0.0,0.0,9.0,34.0,0.0,296.0,10.0,2/31,29.6,8.7,20.4,0.0,0.0,False,0.0,V Pratap Singh,Right hand Bat,Right arm Medium, ,Veer Pratap Singh,,,,,,,,,
V Puthur,Mumbai Indians,2025-2025,5,,,,-,,,,,,,,,5.0,12.0,0.0,109.0,6.0,3/32,18.16,9.08,12.0,0.0,0.0,False,,V Puthur,Right hand Bat,Left arm Wrist spin,,Vignesh Puthur,,,,,,,,,
V Sehwag,"Delhi Daredevils, Kings XI Punjab",2008-2015,104,104.0,5.0,2728.0,122,27.55,1755.0,155.44,2.0,16.0,7.0,334.0,106.0,15.0,22.4,0.0,235.0,6.0,2/18,39.16,10.36,22.6,0.0,0.0,False,122.0,V Sehwag,Right hand Bat,Right arm Offbreak, ,Virender Sehwag,0.5660621761658031,0.6183402960441488,0.30789265088891404,51.98171368040019,0.2676056338028171,0.7684543666067916,0.02242152466367713,36.93474575424661,36.93474575424661
V Shankar,"Chennai Super Kings, Delhi Daredevils, Gujarat Titans, Sunrisers Hyderabad",2014-2025,78,65.0,18.0,1233.0,69*,26.23,950.0,129.78,0.0,7.0,2.0,88.0,48.0,22.0,39.4,0.0,344.0,9.0,2/19,38.22,8.67,26.4,0.0,0.0,True,69.0,V Shankar,Right hand Bat,Right arm Medium, ,Vijay Shankar,0.5375647668393781,0.4859972149156739,0.13860264975653946,41.977559439537195,0.5651408450704226,0.7764947395432384,0.03587443946188341,48.03347864533464,41.977559439537195
V Sooryavanshi,Rajasthan Royals,2025-2026,11,11.0,0.0,452.0,101,41.09,197.0,229.44,1.0,3.0,1.0,36.0,42.0,,,,,,-,,,,,,False,101.0,,,,,,0.8583765112262522,1.0,0.05016419431547956,70.58916530693708,,,,,
V Viyaskanth,Sunrisers Hyderabad,2024-2024,3,1.0,1.0,7.0,7*,,5.0,140.0,0.0,0.0,0.0,0.0,0.0,3.0,10.0,0.0,86.0,1.0,1/37,86.0,8.6,60.0,0.0,0.0,True,7.0,V Viyaskanth,Right hand Bat,Legbreak,,Vijayakanth Viyaskanth,,,,,,,,,
V Vyshak,"Punjab Kings, Royal Challengers Bangalore, Royal Challengers Bengaluru",2023-2026,20,4.0,2.0,14.0,13*,7.0,12.0,116.66,0.0,0.0,2.0,0.0,1.0,19.0,65.3,0.0,681.0,22.0,3/20,30.95,10.39,17.8,0.0,0.0,True,13.0,,,,,,,,,,0.26232394366197187,0.8386793259772475,0.09417040358744394,41.360226544995996,
VG Arora,"Kolkata Knight Riders, Punjab Kings",2022-2026,36,11.0,7.0,10.0,2*,2.5,26.0,38.46,0.0,0.0,3.0,0.0,0.0,35.0,118.2,1.0,1153.0,41.0,3/27,28.12,9.74,17.3,0.0,0.0,True,2.0,VG Arora,Right hand Bat,Right arm Fast medium, ,Vaibhav Gopal Arora,0.025259067357512953,0.015008509979885521,0.00011323745895142112,1.538491480070297,0.37676056338028174,0.8628859806688906,0.17937219730941703,48.768794961003536,1.538491480070297
VH Zol,Royal Challengers Bangalore,2014-2014,3,2.0,0.0,29.0,16,14.5,26.0,111.53,0.0,0.0,0.0,3.0,1.0,,,,,,-,,,,,,False,16.0,VH Zol,Left hand Bat,Right arm Offbreak, ,Vijay Hari Zol,,,,,,,,,
VR Aaron,"Delhi Daredevils, Gujarat Titans, Kings XI Punjab, Rajasthan Royals, Royal Challengers Bangalore",2011-2022,52,13.0,8.0,50.0,17*,10.0,72.0,69.44,0.0,0.0,1.0,2.0,2.0,50.0,165.4,2.0,1481.0,44.0,3/16,33.65,8.93,22.5,0.0,0.0,True,17.0,VR Aaron,Right hand Bat,Right arm Fast, ,Varun Raymond Aaron,0.1871761658031088,0.17478982928464595,0.004642735817008266,13.720759052512166,0.5193661971830987,0.8155846377555385,0.19282511210762332,52.508032586081,13.720759052512166
VR Iyer,"Kolkata Knight Riders, Royal Challengers Bengaluru",2021-2026,63,57.0,8.0,1497.0,104,30.55,1084.0,138.09,1.0,12.0,2.0,137.0,67.0,9.0,13.3,0.0,143.0,3.0,2/29,47.66,10.59,27.0,0.0,0.0,False,104.0,VR Iyer,Left hand Bat,Right arm Medium, ,Venkatesh Rajasekaran Iyer,0.6308290155440415,0.5288565681572026,0.16849733891971463,47.95557398025661,,,,,
VRV Singh,Kings XI Punjab,2008-2010,19,2.0,0.0,4.0,4,2.0,3.0,133.33,0.0,0.0,1.0,1.0,0.0,18.0,60.0,0.0,542.0,12.0,3/29,45.16,9.03,30.0,0.0,0.0,False,4.0,VRV Singh,Right hand Bat,Right arm Medium fast, ,Vikram Raj Vir Singh,,,,,0.501760563380282,0.717132837225216,0.04932735426008968,44.14108964899512,
VS Malik,"Kings XI Punjab, Rajasthan Royals",2009-2014,13,2.0,1.0,7.0,6,7.0,7.0,100.0,0.0,0.0,0.0,1.0,0.0,13.0,34.1,0.0,261.0,6.0,2/14,43.5,7.63,34.1,0.0,0.0,False,6.0,VS Malik,Right hand Bat,Right arm Medium, ,Vikramjeet Singh Malik,,,,,0.7482394366197184,0.7313317936874519,0.02242152466367713,52.45763880066128,
VS Yeligati,Mumbai Indians,2008-2008,2,1.0,0.0,2.0,2,2.0,2.0,100.0,0.0,0.0,0.0,0.0,0.0,2.0,5.0,0.0,59.0,0.0,-,,11.8,,0.0,0.0,False,2.0,VS Yeligati,Right hand Bat,Right arm Offbreak, ,Vikrant Shyam Yeligati,,,,,,,,,
VVS Laxman,"Deccan Chargers, Kochi Tuskers Kerala",2008-2011,20,20.0,2.0,282.0,52,15.66,267.0,105.61,0.0,1.0,4.0,33.0,5.0,,,,,,-,,,,,,False,52.0,VVS Laxman,Right hand Bat,Right arm Offbreak, ,Vangipurappu Venkata Sai Laxman,0.30936960276338515,0.3613389035019857,0.03091382629373797,25.79449139044836,,,,,
VY Mahesh,"Chennai Super Kings, Delhi Daredevils",2008-2012,18,5.0,3.0,15.0,6*,7.5,27.0,55.55,0.0,0.0,0.0,0.0,0.0,17.0,56.3,0.0,499.0,21.0,4/36,23.76,8.83,16.1,1.0,0.0,True,6.0,VY Mahesh,Right hand Bat,Right arm Medium fast, ,Vijaykumar Yo Mahesh,,,,,0.5369718309859155,0.9001796253528355,0.08968609865470852,52.990883931497535,
Virat Singh,Sunrisers Hyderabad,2021-2021,3,2.0,0.0,15.0,11,7.5,26.0,57.69,0.0,0.0,0.0,1.0,0.0,,,,,,-,,,,,,False,11.0,Virat Singh,Left hand Bat,Legbreak Googly, ,Virat Binod Singh,,,,,,,,,
Vishnu Vinod,"Mumbai Indians, Royal Challengers Bangalore",2017-2023,6,6.0,0.0,56.0,30,9.33,57.0,98.24,0.0,0.0,0.0,3.0,3.0,,,,,,-,,,,,,False,30.0,Vishnu Vinod,Right hand Bat, ,Wicketkeeper,Vishnu Vinod,,,,,,,,,
Vivrant Sharma,Sunrisers Hyderabad,2023-2023,3,1.0,0.0,69.0,69,69.0,47.0,146.8,0.0,1.0,0.0,9.0,2.0,2.0,3.0,0.0,37.0,0.0,-,,12.33,,0.0,0.0,False,69.0,Vivrant Sharma,Left hand Bat,Legbreak Googly, ,Vivrant Sharma,,,,,,,,,
W Jaffer,Royal Challengers Bangalore,2008-2009,8,8.0,0.0,130.0,50,16.25,121.0,107.43,0.0,1.0,1.0,14.0,3.0,,,,,,-,,,,,,False,50.0,W Jaffer,Right hand Bat,Right arm Offbreak, ,Wasim Jaffer,,,,,,,,,
W O'Rourke,Lucknow Super Giants,2025-2025,3,,,,-,,,,,,,,,3.0,10.2,0.0,132.0,6.0,3/27,22.0,12.77,10.3,0.0,0.0,False,,W O'Rourke,Right hand Bat,Right arm Fast,Right arm Fast,William Peter O'Rourke,,,,,,,,,
WA Mota,Kings XI Punjab,2008-2009,12,8.0,2.0,56.0,25,9.33,75.0,74.66,0.0,0.0,0.0,2.0,0.0,7.0,12.0,0.0,97.0,4.0,1/6,24.25,8.08,18.0,0.0,0.0,False,25.0,WA Mota,Right hand Bat,Right arm Medium, ,Wilkin Arvind Mota,,,,,,,,,
WD Parnell,"Delhi Daredevils, Pune Warriors, Royal Challengers Bangalore",2011-2023,33,14.0,4.0,65.0,16,6.5,80.0,81.25,0.0,0.0,0.0,4.0,1.0,33.0,120.3,1.0,937.0,35.0,3/10,26.77,7.77,20.6,0.0,0.0,False,16.0,WD Parnell,Left hand Bat,Left arm Medium fast, ,Wayne Dillon Parnell,0.11161485319516408,0.23570065501057302,0.006341297701279583,12.872649495708608,0.7235915492957747,0.8744333247797451,0.15246636771300448,60.504861624033325,12.872649495708608
WG Jacks,"Mumbai Indians, Royal Challengers Bengaluru",2024-2025,21,19.0,2.0,463.0,100*,27.23,303.0,152.8,1.0,2.0,0.0,38.0,29.0,13.0,23.0,0.0,220.0,8.0,2/14,27.5,9.56,17.2,0.0,0.0,True,100.0,WG Jacks,Right hand Bat,Right arm Offbreak,,William George Jacks,0.5591537132987909,0.6047243282273456,0.051409806363945196,44.81674517900736,0.4084507042253521,0.8681892053716533,0.03139013452914798,45.62410087176963,44.81674517900736
WP Saha,"Chennai Super Kings, Gujarat Titans, Kings XI Punjab, Kolkata Knight Riders, Sunrisers Hyderabad",2008-2024,170,145.0,24.0,2934.0,115*,24.24,2300.0,127.56,1.0,13.0,7.0,296.0,87.0,,,,,,-,,,,,,True,115.0,WP Saha,Right hand Bat, ,Wicketkeeper,Wriddhiman Prasanta Saha,0.49460276338514675,0.4745474237969984,0.3312195674329068,44.673759554123485,,,,,
WPUJC Vaas,Deccan Chargers,2008-2010,13,11.0,3.0,81.0,20,10.12,73.0,110.95,0.0,0.0,3.0,2.0,3.0,13.0,47.0,2.0,355.0,18.0,3/21,19.72,7.55,15.6,0.0,0.0,False,20.0,WPUJC Vaas,Left hand Bat,Left arm Fast medium, ,Warnakulasuriya Patabendige Ushantha Joseph Chaminda Vaas,0.18976683937823832,0.3888802929496107,0.008153097044502322,21.405311254478463,0.762323943661972,0.9347361218030964,0.07623318385650224,61.68409780697246,21.405311254478463
Washington Sundar,"Gujarat Titans, Rising Pune Supergiant, Royal Challengers Bangalore, Sunrisers Hyderabad",2017-2026,70,49.0,13.0,609.0,55,16.91,468.0,130.12,0.0,1.0,3.0,53.0,19.0,65.0,190.4,1.0,1474.0,40.0,3/16,36.85,7.73,28.6,0.0,0.0,False,55.0,Washington Sundar,Left hand Bat,Right arm Offbreak, ,Washington Sundar,0.33635578583765113,0.48775078652844406,0.06794247537085268,32.2240708462729,0.7306338028169014,0.7882131554186982,0.17488789237668162,58.40628030954643,32.2240708462729
X Thalaivan Sargunam,Sunrisers Hyderabad,2013-2013,1,1.0,0.0,10.0,10,10.0,17.0,58.82,0.0,0.0,0.0,0.0,0.0,,,,,,-,,,,,,False,10.0,X Thalaivan Sargunam,Right hand Bat,Right arm Offbreak, ,Xavier Thalaivan Sargunam,,,,,,,,,
XC Bartlett,Punjab Kings,2025-2026,8,2.0,1.0,22.0,11*,22.0,20.0,110.0,0.0,0.0,0.0,1.0,1.0,8.0,23.4,0.0,231.0,6.0,2/9,38.5,9.76,23.6,0.0,0.0,True,11.0,XC Bartlett,Right hand Bat,Right arm Fast medium,,Xavier Colin Bartlett,,,,,,,,,
Y Gnaneswara Rao,Kochi Tuskers Kerala,2011-2011,2,1.0,0.0,19.0,19,19.0,17.0,111.76,0.0,0.0,0.0,3.0,0.0,1.0,1.0,0.0,7.0,0.0,-,,7.0,,0.0,0.0,False,19.0,Y Gnaneswara Rao,Right hand Bat,Right arm Medium, ,Yalaka Gnaneswara Rao,,,,,,,,,
Y Nagar,Delhi Daredevils,2009-2012,26,20.0,6.0,285.0,44*,20.35,259.0,110.03,0.0,0.0,2.0,20.0,9.0,8.0,11.0,0.0,125.0,4.0,2/20,31.25,11.36,16.5,0.0,0.0,True,44.0,Y Nagar,Right hand Bat,Right arm Offbreak, ,Yogesh Nagar,0.41062176165803116,0.38413533446799736,0.03125353867059223,30.65094563946596,,,,,
Y Prithvi Raj,Kolkata Knight Riders,2019-2019,2,1.0,1.0,0.0,0*,,1.0,0.0,0.0,0.0,0.0,0.0,0.0,2.0,5.0,0.0,57.0,1.0,1/29,57.0,11.4,30.0,0.0,0.0,True,0.0,Y Prithvi Raj,Left hand Bat,Left arm Medium, ,Prithvi Raj Yarra,,,,,,,,,
Y Venugopal Rao,"Deccan Chargers, Delhi Daredevils, Sunrisers Hyderabad",2008-2014,65,54.0,10.0,985.0,71*,22.38,836.0,117.82,0.0,3.0,2.0,77.0,37.0,20.0,36.0,0.0,337.0,6.0,2/23,56.16,9.36,36.0,0.0,0.0,True,71.0,Y Venugopal Rao,Right hand Bat,Right arm Offbreak, ,Yalaka Venugopal Rao,0.45444732297063894,0.42431275465470114,0.11051975993658703,35.79183333015477,0.4436619718309861,0.6230433666923274,0.02242152466367713,38.007332588226284,35.79183333015477
YA Abdulla,Kings XI Punjab,2009-2010,11,1.0,1.0,0.0,0*,,1.0,0.0,0.0,0.0,0.0,0.0,0.0,11.0,34.5,1.0,307.0,15.0,4/31,20.46,8.81,13.9,2.0,0.0,True,0.0,YA Abdulla,Left hand Bat,Left arm Fast medium, ,Yusuf Adam Abdulla,,,,,0.5404929577464789,0.9284064665127021,0.06278026905829596,53.29488792082021,
YBK Jaiswal,Rajasthan Royals,2020-2026,71,70.0,5.0,2349.0,124,36.13,1529.0,153.62,2.0,17.0,4.0,277.0,102.0,1.0,0.1,0.0,6.0,0.0,-,,36.0,,0.0,0.0,False,124.0,YBK Jaiswal,Left hand Bat,Legbreak, ,Yashasvi Bhupendra Kumar Jaiswal,0.7512953367875649,0.6089535303522616,0.26497565394632544,57.98957838248988,,,,,
YK Pathan,"Kolkata Knight Riders, Rajasthan Royals, Sunrisers Hyderabad",2008-2019,174,154.0,44.0,3204.0,100,29.12,2241.0,142.97,1.0,13.0,9.0,262.0,158.0,82.0,191.1,1.0,1415.0,42.0,3/20,33.69,7.4,27.3,0.0,0.0,False,100.0,YK Pathan,Right hand Bat,Right arm Offbreak, ,Yusuf Khan Pathan,0.5999568221070811,0.5540254783640208,0.3617936813497905,52.43400666076874,0.7887323943661972,0.815242494226328,0.18385650224215247,61.654816168002945,52.43400666076874
YS Chahal,"Mumbai Indians, Punjab Kings, Rajasthan Royals, Royal Challengers Bangalore",2013-2026,178,20.0,13.0,37.0,8*,5.28,86.0,43.02,0.0,0.0,1.0,0.0,0.0,175.0,641.5,4.0,5114.0,224.0,5/40,22.83,7.96,17.1,8.0,1.0,True,8.0,YS Chahal,Right hand Bat,Legbreak Googly, ,Yuzvendra Singh Chahal,0.08527633851468049,0.03852699984527313,0.0031706488506397915,4.838764756437773,0.6901408450704226,0.9081344624069797,1.0,85.93963576170908,4.838764756437773
YV Dhull,Delhi Capitals,2023-2023,4,3.0,0.0,16.0,13,5.33,23.0,69.56,0.0,0.0,0.0,1.0,0.0,,,,,,-,,,,,,False,13.0,YV Dhull,Right hand Bat,Right arm Offbreak, ,Yash Vijay Dhull,,,,,,,,,
YV Takawale,"Mumbai Indians, Royal Challengers Bangalore",2008-2014,16,10.0,2.0,192.0,45,24.0,178.0,107.86,0.0,0.0,2.0,26.0,3.0,,,,,,-,,,,,,False,45.0,YV Takawale,Right hand Bat, ,Wicketkeeper,Yogesh Vijay Takawale,0.4894214162348878,0.37294342152767035,0.020722454988110067,33.147937777566725,,,,,
Yash Dayal,"Gujarat Titans, Royal Challengers Bengaluru",2022-2025,43,4.0,1.0,4.0,3,1.33,9.0,44.44,0.0,0.0,2.0,0.0,0.0,43.0,145.1,0.0,1390.0,41.0,3/20,33.9,9.57,21.2,0.0,0.0,False,3.0,Yash Dayal,Right hand Bat,Left arm Medium fast, ,Yash Dayal,,,,,0.4066901408450705,0.8134462406979728,0.17937219730941703,48.08593927328902,
Yash Thakur,"Lucknow Super Giants, Punjab Kings",2023-2025,21,,,,-,,,,,,,,,21.0,73.5,1.0,770.0,25.0,5/30,30.8,10.42,17.7,1.0,1.0,False,,Yash Thakur,Right hand Bat,Right arm Fast medium, ,Yash Ravisingh Thakur,,,,,0.25704225352112686,0.8399623642117868,0.10762331838565023,41.62386117222148,
Yashpal Singh,Kolkata Knight Riders,2009-2009,8,4.0,0.0,47.0,20,11.75,66.0,71.21,0.0,0.0,0.0,5.0,0.0,,,,,,-,,,,,,False,20.0,Yashpal Singh,Right hand Bat,Right arm Medium, ,Yashpal Singh,,,,,,,,,
Younis Khan,Rajasthan Royals,2008-2008,1,1.0,0.0,3.0,3,3.0,7.0,42.85,0.0,0.0,0.0,0.0,0.0,,,,,,-,,,,,,False,3.0,Younis Khan,Right hand Bat,"Right arm Medium, Legbreak", ,Mohammad Younis Khan,,,,,,,,,
Yudhvir Singh,"Lucknow Super Giants, Rajasthan Royals",2023-2025,9,4.0,0.0,22.0,14,5.5,16.0,137.5,0.0,0.0,1.0,1.0,2.0,9.0,23.0,0.0,253.0,8.0,3/47,31.62,11.0,17.2,0.0,0.0,False,14.0,Yudhvir Singh,Right hand Bat,Right arm Medium fast, ,Yudhvir Singh Charak,,,,,,,,,
Yuvraj Singh,"Delhi Daredevils, Kings XI Punjab, Mumbai Indians, Pune Warriors, Royal Challengers Bangalore, Sunrisers Hyderabad",2008-2019,132,126.0,15.0,2750.0,83,24.77,2120.0,129.71,0.0,13.0,4.0,217.0,149.0,73.0,144.5,0.0,1077.0,36.0,4/29,29.91,7.43,24.1,2.0,0.0,False,83.0,Yuvraj Singh,Left hand Bat,Slow Left arm Orthodox, ,Yuvraj Singh,0.5060449050086355,0.48563618546598597,0.3103838749858453,44.99865956630106,0.7834507042253522,0.8475750577367205,0.15695067264573992,61.794421848044735,44.99865956630106
Z Khan,"Delhi Daredevils, Mumbai Indians, Royal Challengers Bangalore",2008-2017,100,32.0,18.0,117.0,23*,8.35,141.0,82.97,0.0,0.0,5.0,11.0,2.0,99.0,366.4,5.0,2782.0,102.0,4/17,27.27,7.58,21.5,1.0,0.0,True,23.0,Z Khan,Right hand Bat,Left arm Fast medium, ,Zaheer Khan,0.1515544041450777,0.24457166434576308,0.012229645566753482,14.927925557073651,0.7570422535211268,0.8701565306646137,0.452914798206278,70.53940139268924,14.927925557073651
Zeeshan Ansari,Sunrisers Hyderabad,2025-2025,10,,,,-,,,,,,,,,10.0,33.5,0.0,333.0,6.0,3/42,55.5,9.84,33.8,0.0,0.0,False,,Zeeshan Ansari,Right hand Bat,Legbreak Googly,,Zeeshan Ansari,,,,,0.35915492957746487,0.6286887349243008,0.02242152466367713,35.24717399747212,
